{"texture_size":[128,128],"textures":{"0":"custom/furniture/vending/gachapon","particle":"custom/furniture/vending/gachapon"},"elements":[{"from":[0,0,2],"to":[16,17,16],"faces":{"north":{"uv":[0,2,2,4.125],"texture":"#0"},"east":{"uv":[6,1.5,7.75,3.625],"texture":"#0"},"south":{"uv":[2,2,4,4.125],"texture":"#0"},"west":{"uv":[7.75,1.5,6,3.625],"texture":"#0"},"up":{"uv":[2,5.875,0,4.125],"texture":"#0"},"down":{"uv":[4,4.125,2,5.875],"texture":"#0"}}},{"from":[5.5,10,1],"to":[10.5,15,2],"faces":{"north":{"uv":[4,5.25,4.625,5.875],"texture":"#0"},"east":{"uv":[4.625,5.125,4.75,5.75],"texture":"#0"},"west":{"uv":[4.625,5.125,4.75,5.75],"texture":"#0"},"up":{"uv":[4.625,5.25,4,5.125],"texture":"#0"},"down":{"uv":[4.625,5.125,4,5.25],"texture":"#0"}}},{"from":[0,17,0],"to":[16,30,12],"faces":{"north":{"uv":[4,0,6,1.625],"texture":"#0"},"east":{"uv":[2,5.875,3.5,7.5],"texture":"#0"},"south":{"uv":[4,1.625,6,3.25],"texture":"#0"},"west":{"uv":[2,5.875,3.5,7.5],"texture":"#0"},"up":{"uv":[2,7.375,0,5.875],"texture":"#0"},"down":{"uv":[8,0,6,1.5],"texture":"#0"}}},{"from":[0,17,12],"to":[16,30,16],"faces":{"north":{"uv":[2,7.5,4,9.125],"texture":"#0"},"east":{"uv":[5.5,3.25,6,4.875],"texture":"#0"},"south":{"uv":[0,7.375,2,9],"texture":"#0"},"west":{"uv":[6,3.25,5.5,4.875],"texture":"#0"}}},{"from":[0,30,2],"to":[16,32,16],"faces":{"north":{"uv":[2,1.75,4,2],"texture":"#0"},"east":{"uv":[4,4.875,5.75,5.125],"texture":"#0"},"south":{"uv":[0,1.75,2,2],"texture":"#0"},"west":{"uv":[5.75,4.875,4,5.125],"texture":"#0"},"up":{"uv":[4,1.75,2,0],"texture":"#0"},"down":{"uv":[2,0,0,1.75],"texture":"#0"}}},{"from":[6,12,0.5],"to":[10,13,1.5],"faces":{"north":{"uv":[4.75,5.125,5.25,5.25],"texture":"#0"},"east":{"uv":[5.25,5.125,5.375,5.25],"texture":"#0"},"south":{"uv":[4.75,5.125,5.25,5.25],"texture":"#0"},"west":{"uv":[5.25,5.125,5.375,5.25],"texture":"#0"},"up":{"uv":[4.75,5.125,5.25,5.25],"texture":"#0"},"down":{"uv":[4.75,5.125,5.25,5.25],"texture":"#0"}}},{"from":[2,17,4.5],"to":[5,20,7.5],"rotation":{"angle":22.5,"axis":"y","origin":[3.5,18.5,5.5]},"faces":{"north":{"uv":[6.1875,3.6875,6.5625,4.0625],"texture":"#0"},"east":{"uv":[6.1875,3.6875,6.5625,4.0625],"texture":"#0"},"south":{"uv":[6.1875,3.6875,6.5625,4.0625],"texture":"#0"},"west":{"uv":[6.1875,3.6875,6.5625,4.0625],"texture":"#0"},"up":{"uv":[6.1875,4.0625,6.5625,4.4375],"texture":"#0"},"down":{"uv":[6.1875,4.0625,6.5625,4.4375],"texture":"#0"}}},{"from":[0.5,17,8],"to":[3.5,20,11],"faces":{"north":{"uv":[7.1875,3.6875,7.5625,4.0625],"texture":"#0"},"east":{"uv":[7.1875,3.6875,7.5625,4.0625],"texture":"#0"},"south":{"uv":[7.1875,3.6875,7.5625,4.0625],"texture":"#0"},"west":{"uv":[7.1875,3.6875,7.5625,4.0625],"texture":"#0"},"up":{"uv":[7.1875,4.0625,7.5625,4.4375],"texture":"#0"},"down":{"uv":[7.1875,4.0625,7.5625,4.4375],"texture":"#0"}}},{"from":[4,20,8],"to":[7,23,11],"faces":{"north":{"uv":[6.6875,3.6875,7.0625,4.0625],"texture":"#0"},"east":{"uv":[6.6875,3.6875,7.0625,4.0625],"texture":"#0"},"south":{"uv":[6.6875,3.6875,7.0625,4.0625],"texture":"#0"},"west":{"uv":[6.6875,3.6875,7.0625,4.0625],"texture":"#0"},"up":{"uv":[6.6875,4.0625,7.0625,4.4375],"texture":"#0"},"down":{"uv":[6.6875,4.0625,7.0625,4.4375],"texture":"#0"}}},{"from":[6,17,6],"to":[9,20,9],"faces":{"north":{"uv":[7.1875,3.6875,7.5625,4.0625],"texture":"#0"},"east":{"uv":[7.1875,3.6875,7.5625,4.0625],"texture":"#0"},"south":{"uv":[7.1875,3.6875,7.5625,4.0625],"texture":"#0"},"west":{"uv":[7.1875,3.6875,7.5625,4.0625],"texture":"#0"},"up":{"uv":[7.1875,4.0625,7.5625,4.4375],"texture":"#0"},"down":{"uv":[7.1875,4.0625,7.5625,4.4375],"texture":"#0"}}},{"from":[5.23463,17,1.15224],"to":[8.23463,20,4.15224],"rotation":{"angle":22.5,"axis":"y","origin":[6.73463,18.5,2.65224]},"faces":{"north":{"uv":[6.6875,3.6875,7.0625,4.0625],"texture":"#0"},"east":{"uv":[6.6875,3.6875,7.0625,4.0625],"texture":"#0"},"south":{"uv":[6.6875,3.6875,7.0625,4.0625],"texture":"#0"},"west":{"uv":[6.6875,3.6875,7.0625,4.0625],"texture":"#0"},"up":{"uv":[6.6875,4.0625,7.0625,4.4375],"rotation":90,"texture":"#0"},"down":{"uv":[6.6875,4.0625,7.0625,4.4375],"rotation":270,"texture":"#0"}}},{"from":[7.98463,20,2.15224],"to":[10.98463,23,5.15224],"rotation":{"angle":22.5,"axis":"y","origin":[6.73463,18.5,2.65224]},"faces":{"north":{"uv":[6.6875,3.6875,7.0625,4.0625],"texture":"#0"},"east":{"uv":[6.6875,3.6875,7.0625,4.0625],"texture":"#0"},"south":{"uv":[6.6875,3.6875,7.0625,4.0625],"texture":"#0"},"west":{"uv":[6.6875,3.6875,7.0625,4.0625],"texture":"#0"},"up":{"uv":[6.6875,4.0625,7.0625,4.4375],"rotation":90,"texture":"#0"},"down":{"uv":[6.6875,4.0625,7.0625,4.4375],"rotation":270,"texture":"#0"}}},{"from":[6.98463,23,6.15224],"to":[9.98463,26,9.15224],"rotation":{"angle":22.5,"axis":"y","origin":[6.73463,18.5,2.65224]},"faces":{"north":{"uv":[6.6875,3.6875,7.0625,4.0625],"texture":"#0"},"east":{"uv":[6.6875,3.6875,7.0625,4.0625],"texture":"#0"},"south":{"uv":[6.6875,3.6875,7.0625,4.0625],"texture":"#0"},"west":{"uv":[6.6875,3.6875,7.0625,4.0625],"texture":"#0"},"up":{"uv":[6.6875,4.0625,7.0625,4.4375],"rotation":90,"texture":"#0"},"down":{"uv":[6.6875,4.0625,7.0625,4.4375],"rotation":270,"texture":"#0"}}},{"from":[8.19834,17,9.05864],"to":[11.19834,20,12.05864],"rotation":{"angle":22.5,"axis":"y","origin":[9.69834,18.5,10.55864]},"faces":{"north":{"uv":[6.6875,3.6875,7.0625,4.0625],"texture":"#0"},"east":{"uv":[6.6875,3.6875,7.0625,4.0625],"texture":"#0"},"south":{"uv":[6.6875,3.6875,7.0625,4.0625],"texture":"#0"},"west":{"uv":[6.6875,3.6875,7.0625,4.0625],"texture":"#0"},"up":{"uv":[6.6875,4.0625,7.0625,4.4375],"rotation":90,"texture":"#0"},"down":{"uv":[6.6875,4.0625,7.0625,4.4375],"rotation":270,"texture":"#0"}}},{"from":[9,17,3],"to":[12,20,6],"rotation":{"angle":45,"axis":"y","origin":[10.5,18.5,5.5]},"faces":{"north":{"uv":[6.1875,3.6875,6.5625,4.0625],"texture":"#0"},"east":{"uv":[6.1875,3.6875,6.5625,4.0625],"texture":"#0"},"south":{"uv":[6.1875,3.6875,6.5625,4.0625],"texture":"#0"},"west":{"uv":[6.1875,3.6875,6.5625,4.0625],"texture":"#0"},"up":{"uv":[6.1875,4.0625,6.5625,4.4375],"texture":"#0"},"down":{"uv":[6.1875,4.0625,6.5625,4.4375],"texture":"#0"}}},{"from":[8,17,9.75],"to":[11,20,12.75],"rotation":{"angle":45,"axis":"y","origin":[10.5,18.5,5.5]},"faces":{"north":{"uv":[6.1875,3.6875,6.5625,4.0625],"texture":"#0"},"east":{"uv":[6.1875,3.6875,6.5625,4.0625],"texture":"#0"},"south":{"uv":[6.1875,3.6875,6.5625,4.0625],"texture":"#0"},"west":{"uv":[6.1875,3.6875,6.5625,4.0625],"texture":"#0"},"up":{"uv":[6.1875,4.0625,6.5625,4.4375],"texture":"#0"},"down":{"uv":[6.1875,4.0625,6.5625,4.4375],"texture":"#0"}}},{"from":[12,17,5.5],"to":[15,20,8.5],"rotation":{"angle":22.5,"axis":"y","origin":[12.5,18.5,7]},"faces":{"north":{"uv":[6.6875,3.6875,7.0625,4.0625],"texture":"#0"},"east":{"uv":[6.6875,3.6875,7.0625,4.0625],"texture":"#0"},"south":{"uv":[6.6875,3.6875,7.0625,4.0625],"texture":"#0"},"west":{"uv":[6.6875,3.6875,7.0625,4.0625],"texture":"#0"},"up":{"uv":[6.6875,4.0625,7.0625,4.4375],"texture":"#0"},"down":{"uv":[6.6875,4.0625,7.0625,4.4375],"texture":"#0"}}},{"from":[11,17,1.5],"to":[14,20,4.5],"rotation":{"angle":-22.5,"axis":"y","origin":[13.5,18.5,3.5]},"faces":{"north":{"uv":[7.1875,3.6875,7.5625,4.0625],"texture":"#0"},"east":{"uv":[7.1875,3.6875,7.5625,4.0625],"texture":"#0"},"south":{"uv":[7.1875,3.6875,7.5625,4.0625],"texture":"#0"},"west":{"uv":[7.1875,3.6875,7.5625,4.0625],"texture":"#0"},"up":{"uv":[7.1875,4.0625,7.5625,4.4375],"texture":"#0"},"down":{"uv":[7.1875,4.0625,7.5625,4.4375],"texture":"#0"}}},{"from":[0.74793,17,0.77406],"to":[3.74793,20,3.77406],"rotation":{"angle":-45,"axis":"y","origin":[1.99793,18.5,2.52406]},"faces":{"north":{"uv":[7.1875,3.6875,7.5625,4.0625],"texture":"#0"},"east":{"uv":[7.1875,3.6875,7.5625,4.0625],"texture":"#0"},"south":{"uv":[7.1875,3.6875,7.5625,4.0625],"texture":"#0"},"west":{"uv":[7.1875,3.6875,7.5625,4.0625],"texture":"#0"},"up":{"uv":[7.1875,4.0625,7.5625,4.4375],"rotation":90,"texture":"#0"},"down":{"uv":[7.1875,4.0625,7.5625,4.4375],"rotation":270,"texture":"#0"}}},{"from":[6.74793,23,1.77406],"to":[9.74793,26,4.77406],"rotation":{"angle":-45,"axis":"y","origin":[1.99793,18.5,2.52406]},"faces":{"north":{"uv":[7.1875,3.6875,7.5625,4.0625],"texture":"#0"},"east":{"uv":[7.1875,3.6875,7.5625,4.0625],"texture":"#0"},"south":{"uv":[7.1875,3.6875,7.5625,4.0625],"texture":"#0"},"west":{"uv":[7.1875,3.6875,7.5625,4.0625],"texture":"#0"},"up":{"uv":[7.1875,4.0625,7.5625,4.4375],"rotation":90,"texture":"#0"},"down":{"uv":[7.1875,4.0625,7.5625,4.4375],"rotation":270,"texture":"#0"}}},{"from":[5.5836,20,6.78703],"to":[8.5836,23,9.78703],"rotation":{"angle":-45,"axis":"y","origin":[10.2967,22.5,6.46261]},"faces":{"north":{"uv":[6.1875,3.6875,6.5625,4.0625],"texture":"#0"},"east":{"uv":[6.1875,3.6875,6.5625,4.0625],"texture":"#0"},"south":{"uv":[6.1875,3.6875,6.5625,4.0625],"texture":"#0"},"west":{"uv":[6.1875,3.6875,6.5625,4.0625],"texture":"#0"},"up":{"uv":[6.1875,4.0625,6.5625,4.4375],"rotation":90,"texture":"#0"},"down":{"uv":[6.1875,4.0625,6.5625,4.4375],"rotation":270,"texture":"#0"}}},{"from":[12.5836,23,6.78703],"to":[15.5836,26,9.78703],"rotation":{"angle":-45,"axis":"y","origin":[10.2967,22.5,6.46261]},"faces":{"north":{"uv":[6.1875,3.6875,6.5625,4.0625],"texture":"#0"},"east":{"uv":[6.1875,3.6875,6.5625,4.0625],"texture":"#0"},"south":{"uv":[6.1875,3.6875,6.5625,4.0625],"texture":"#0"},"west":{"uv":[6.1875,3.6875,6.5625,4.0625],"texture":"#0"},"up":{"uv":[6.1875,4.0625,6.5625,4.4375],"rotation":90,"texture":"#0"},"down":{"uv":[6.1875,4.0625,6.5625,4.4375],"rotation":270,"texture":"#0"}}},{"from":[3.9336,20,10.93703],"to":[6.9336,23,13.93703],"rotation":{"angle":-45,"axis":"y","origin":[10.2967,22.5,6.46261]},"faces":{"north":{"uv":[6.1875,3.6875,6.5625,4.0625],"texture":"#0"},"east":{"uv":[6.1875,3.6875,6.5625,4.0625],"texture":"#0"},"south":{"uv":[6.1875,3.6875,6.5625,4.0625],"texture":"#0"},"west":{"uv":[6.1875,3.6875,6.5625,4.0625],"texture":"#0"},"up":{"uv":[6.1875,4.0625,6.5625,4.4375],"rotation":90,"texture":"#0"},"down":{"uv":[6.1875,4.0625,6.5625,4.4375],"rotation":270,"texture":"#0"}}},{"from":[10.59339,20,3.92521],"to":[13.59339,23,6.92521],"rotation":{"angle":0,"axis":"y","origin":[10.2967,22.5,6.46261]},"faces":{"north":{"uv":[7.1875,3.6875,7.5625,4.0625],"texture":"#0"},"east":{"uv":[7.1875,3.6875,7.5625,4.0625],"texture":"#0"},"south":{"uv":[7.1875,3.6875,7.5625,4.0625],"texture":"#0"},"west":{"uv":[7.1875,3.6875,7.5625,4.0625],"texture":"#0"},"up":{"uv":[7.1875,4.0625,7.5625,4.4375],"rotation":180,"texture":"#0"},"down":{"uv":[7.1875,4.0625,7.5625,4.4375],"rotation":180,"texture":"#0"}}},{"from":[10.62945,20,9.84607],"to":[13.62945,23,12.84607],"rotation":{"angle":22.5,"axis":"y","origin":[10.2967,22.5,6.46261]},"faces":{"north":{"uv":[6.6875,3.6875,7.0625,4.0625],"texture":"#0"},"east":{"uv":[6.6875,3.6875,7.0625,4.0625],"texture":"#0"},"south":{"uv":[6.6875,3.6875,7.0625,4.0625],"texture":"#0"},"west":{"uv":[6.6875,3.6875,7.0625,4.0625],"texture":"#0"},"up":{"uv":[6.6875,4.0625,7.0625,4.4375],"rotation":270,"texture":"#0"},"down":{"uv":[6.6875,4.0625,7.0625,4.4375],"rotation":90,"texture":"#0"}}},{"from":[0.90625,20,2.4434],"to":[3.90625,23,5.4434],"rotation":{"angle":-22.5,"axis":"y","origin":[3.40625,21.5,5.9434]},"faces":{"north":{"uv":[6.6875,3.6875,7.0625,4.0625],"texture":"#0"},"east":{"uv":[6.6875,3.6875,7.0625,4.0625],"texture":"#0"},"south":{"uv":[6.6875,3.6875,7.0625,4.0625],"texture":"#0"},"west":{"uv":[6.6875,3.6875,7.0625,4.0625],"texture":"#0"},"up":{"uv":[6.6875,4.0625,7.0625,4.4375],"rotation":270,"texture":"#0"},"down":{"uv":[6.6875,4.0625,7.0625,4.4375],"rotation":90,"texture":"#0"}}},{"from":[8.97097,20,7.42555],"to":[11.97097,23,10.42555],"rotation":{"angle":-22.5,"axis":"y","origin":[10.2967,22.5,6.46261]},"faces":{"north":{"uv":[7.1875,3.6875,7.5625,4.0625],"texture":"#0"},"east":{"uv":[7.1875,3.6875,7.5625,4.0625],"texture":"#0"},"south":{"uv":[7.1875,3.6875,7.5625,4.0625],"texture":"#0"},"west":{"uv":[7.1875,3.6875,7.5625,4.0625],"texture":"#0"},"up":{"uv":[7.1875,4.0625,7.5625,4.4375],"rotation":180,"texture":"#0"},"down":{"uv":[7.1875,4.0625,7.5625,4.4375],"rotation":180,"texture":"#0"}}}],"gui_light":"front","display":{"thirdperson_righthand":{"rotation":[67.5,0,0],"translation":[0,1,-0.5],"scale":[0.15273,0.15273,0.15273]},"thirdperson_lefthand":{"rotation":[67.5,0,0],"translation":[0,1,-0.5],"scale":[0.15273,0.15273,0.15273]},"firstperson_righthand":{"rotation":[0,-180,0],"translation":[0.25,0.75,0],"scale":[0.34023,0.34023,0.34023]},"firstperson_lefthand":{"rotation":[0,-180,0],"translation":[0.25,0.75,0],"scale":[0.34023,0.34023,0.34023]},"ground":{"translation":[-0.5,0,0],"scale":[0.32,0.32,0.32]},"gui":{"rotation":[30,225,0],"translation":[0.25,-2.75,0],"scale":[0.36227,0.36227,0.36227]},"head":{"rotation":[0,-180,0],"translation":[0,-30.25,1.5],"scale":[0,0,0]},"fixed":{"rotation":[-90,0,0],"translation":[0,0,-16],"scale":[2,2,2]}},"groups":[0,1,2,3,4,5,{"name":"group","origin":[0,0,0],"color":0,"children":[6,7,8,9,10,11,12,13,14,15,16,17,18,19,20,21,22,23,24,25,26]}]}