{"textures":{"0":"modelengine:entity/nm_giraffe_texture","particle":"#0"},"elements":[{"from":[6.75,-7.0,6.75],"to":[9.25,8.0,9.25],"faces":{"east":{"uv":[6.75,7.25,7.375,11.0],"tintindex":0,"rotation":0,"texture":"#0"},"south":{"uv":[7.5,7.25,8.125,11.0],"tintindex":0,"rotation":0,"texture":"#0"},"north":{"uv":[6.0,7.25,6.625,11.0],"tintindex":0,"rotation":0,"texture":"#0"},"west":{"uv":[7.875,2.375,8.5,6.125],"tintindex":0,"rotation":0,"texture":"#0"},"up":{"uv":[7.75,3.0,7.125,2.375],"tintindex":0,"rotation":0,"texture":"#0"},"down":{"uv":[7.75,3.125,7.125,3.75],"tintindex":0,"rotation":0,"texture":"#0"}}}],"display":{"head":{"rotation":[0.0,0.0,0.0]},"firstperson_righthand":{"rotation":[0.0,0.0,0.0]},"thirdperson_lefthand":{"rotation":[0.0,-0.0,-0.0]},"firstperson_lefthand":{"rotation":[0.0,-0.0,-0.0]},"fixed":{"rotation":[0.0,0.0,0.0]},"ground":{"rotation":[0.0,0.0,0.0]},"thirdperson_righthand":{"rotation":[0.0,0.0,0.0]},"gui":{"rotation":[-150.0,-45.0,180.0]}}}