{"textures":{"0":"modelengine:entity/nm_giraffe_texture","particle":"#0"},"elements":[{"from":[8.0,-2.0,5.000001],"to":[8.0,8.0,11.0],"faces":{"east":{"uv":[10.25,8.25,11.0,9.5],"tintindex":0,"rotation":0,"texture":"#0"},"west":{"uv":[11.0,8.25,10.25,9.5],"tintindex":0,"rotation":0,"texture":"#0"}}}],"display":{"head":{"rotation":[0.0,0.0,0.0]},"firstperson_righthand":{"rotation":[0.0,0.0,0.0]},"thirdperson_lefthand":{"rotation":[0.0,-0.0,-0.0]},"firstperson_lefthand":{"rotation":[0.0,-0.0,-0.0]},"fixed":{"rotation":[0.0,0.0,0.0]},"ground":{"rotation":[0.0,0.0,0.0]},"thirdperson_righthand":{"rotation":[0.0,0.0,0.0]},"gui":{"rotation":[-150.0,-45.0,180.0]}}}