{"textures":{"0":"modelengine:entity/nm_giraffe_texture","particle":"#0"},"elements":[{"from":[7.5,-7.0,8.0],"to":[8.5,8.0,9.0],"faces":{"east":{"uv":[3.0,9.625,3.25,13.375],"tintindex":0,"rotation":0,"texture":"#0"},"south":{"uv":[3.375,9.625,3.625,13.375],"tintindex":0,"rotation":0,"texture":"#0"},"north":{"uv":[2.625,9.625,2.875,13.375],"tintindex":0,"rotation":0,"texture":"#0"},"west":{"uv":[9.875,8.25,10.125,12.0],"tintindex":0,"rotation":0,"texture":"#0"},"up":{"uv":[8.875,11.125,8.625,10.875],"tintindex":0,"rotation":0,"texture":"#0"},"down":{"uv":[11.25,6.25,11.0,6.5],"tintindex":0,"rotation":0,"texture":"#0"}}}],"display":{"head":{"rotation":[0.0,0.0,0.0]},"firstperson_righthand":{"rotation":[0.0,0.0,0.0]},"thirdperson_lefthand":{"rotation":[0.0,-0.0,-0.0]},"firstperson_lefthand":{"rotation":[0.0,-0.0,-0.0]},"fixed":{"rotation":[0.0,0.0,0.0]},"ground":{"rotation":[0.0,0.0,0.0]},"thirdperson_righthand":{"rotation":[0.0,0.0,0.0]},"gui":{"rotation":[-150.0,-45.0,180.0]}}}