{"texture_size":[128, 128],"textures":{"0":"custom/furniture/juicebar/juicebar_texture_01","1":"custom/furniture/juicebar/juicebar_texture_02","particle":"custom/furniture/juicebar/juicebar_texture_01"},"elements":[{"from":[-11, 0, 4],"to":[11, 2, 15],"rotation":{"angle":0,"axis":"y","origin":[0, 16, 0]},"faces":{"north":{"uv":[2.75, 5.125, 5.5, 5.375],"texture":"#1"},"east":{"uv":[5.5, 3.75, 6.875, 4],"texture":"#1"},"south":{"uv":[2.75, 5.125, 5.5, 5.375],"texture":"#1"},"west":{"uv":[5.5, 3.75, 6.875, 4],"texture":"#1"},"up":{"uv":[2.75, 3.75, 5.5, 5.125],"texture":"#1"},"down":{"uv":[2.75, 3.75, 5.5, 5.125],"texture":"#1"}}},{"from":[1.5, 22.8, 2.8],"to":[6.5, 27.8, 2.8],"rotation":{"angle":-22.5,"axis":"z","origin":[0, 13.4, 0]},"faces":{"north":{"uv":[9.3125, 4.4375, 8.6875, 5.0625],"texture":"#0"},"east":{"uv":[0, 0, 0, 0.625],"texture":"#missing"},"south":{"uv":[8.6875, 4.4375, 9.3125, 5.0625],"texture":"#0"},"west":{"uv":[0, 0, 0, 0.625],"texture":"#missing"},"up":{"uv":[0, 0.0625, 0.625, 0.0625],"texture":"#0"},"down":{"uv":[0, 0, 0.625, 0],"texture":"#missing"}}},{"from":[-5, 8.2, 2.5],"to":[0, 14.2, 2.5],"rotation":{"angle":-22.5,"axis":"z","origin":[0, 11.1, 0]},"faces":{"north":{"uv":[8.6875, 3.625, 9.3125, 4.375],"texture":"#0"},"east":{"uv":[0, 0, 0, 0.625],"texture":"#missing"},"south":{"uv":[9.3125, 3.625, 8.6875, 4.375],"texture":"#0"},"west":{"uv":[0, 0, 0, 0.625],"texture":"#missing"},"up":{"uv":[0, 0.0625, 0.625, 0.0625],"texture":"#0"},"down":{"uv":[0, 0, 0.625, 0],"texture":"#missing"}}},{"from":[6.5, 26.2, 2.8],"to":[11.5, 31.2, 2.8],"rotation":{"angle":-22.5,"axis":"z","origin":[9, 30.7, 2.7]},"faces":{"north":{"uv":[8, 3.6875, 8.625, 4.3125],"texture":"#0"},"east":{"uv":[0, 0, 0, 0.625],"texture":"#missing"},"south":{"uv":[8.625, 3.6875, 8, 4.3125],"texture":"#0"},"west":{"uv":[0, 0, 0, 0.625],"texture":"#missing"},"up":{"uv":[0, 0.0625, 0.625, 0.0625],"texture":"#0"},"down":{"uv":[0, 0, 0.625, 0],"texture":"#missing"}}},{"from":[-6.5, 25.5, 2.8],"to":[-1.5, 30.5, 2.8],"rotation":{"angle":22.5,"axis":"z","origin":[9, 30, 2.7]},"faces":{"north":{"uv":[8, 3.6875, 8.625, 4.3125],"texture":"#0"},"east":{"uv":[0, 0, 0, 0.625],"texture":"#missing"},"south":{"uv":[8.625, 3.6875, 8, 4.3125],"texture":"#0"},"west":{"uv":[0, 0, 0, 0.625],"texture":"#missing"},"up":{"uv":[0, 0.0625, 0.625, 0.0625],"texture":"#0"},"down":{"uv":[0, 0, 0.625, 0],"texture":"#missing"}}},{"from":[5.2, 21.66744, 2.78985],"to":[9.2, 26.66744, 2.78985],"rotation":{"angle":22.5,"axis":"z","origin":[0.7, 17.06744, 3.18985]},"faces":{"north":{"uv":[7.875, 9.0625, 8.375, 9.6875],"texture":"#0"},"east":{"uv":[0, 0, 0, 0.625],"texture":"#missing"},"south":{"uv":[8.375, 9.0625, 7.875, 9.6875],"texture":"#0"},"west":{"uv":[0, 0, 0, 0.625],"texture":"#missing"},"up":{"uv":[0, 0.0625, 0.625, 0.0625],"texture":"#0"},"down":{"uv":[0, 0, 0.625, 0],"texture":"#missing"}}},{"from":[-10, 15.16744, 2.88985],"to":[-5, 20.16744, 2.88985],"rotation":{"angle":0,"axis":"y","origin":[6.5, 23.66744, 5.18985]},"faces":{"north":{"uv":[9.1875, 8.5625, 9.8125, 9.1875],"texture":"#0"},"east":{"uv":[0, 0, 0, 0.625],"texture":"#missing"},"south":{"uv":[9.8125, 8.5625, 9.1875, 9.1875],"texture":"#0"},"west":{"uv":[0, 0, 0, 0.625],"texture":"#missing"},"up":{"uv":[0, 0.0625, 0.625, 0.0625],"texture":"#0"},"down":{"uv":[0, 0, 0.625, 0],"texture":"#missing"}}},{"from":[-9, 26.56744, 2.98985],"to":[-4, 31.56744, 2.98985],"rotation":{"angle":-22.5,"axis":"z","origin":[-7.5, 31.06744, 5.18985]},"faces":{"north":{"uv":[8.5, 8.5625, 9.125, 9.1875],"texture":"#0"},"east":{"uv":[0, 0, 0, 0.625],"texture":"#missing"},"south":{"uv":[9.125, 8.5625, 8.5, 9.1875],"texture":"#0"},"west":{"uv":[0, 0, 0, 0.625],"texture":"#missing"},"up":{"uv":[0, 0.0625, 0.625, 0.0625],"texture":"#0"},"down":{"uv":[0, 0, 0.625, 0],"texture":"#missing"}}},{"from":[-11, 2, 3],"to":[11, 32, 16],"rotation":{"angle":0,"axis":"y","origin":[0, 16, 0]},"faces":{"north":{"uv":[0, 0, 2.75, 3.75],"texture":"#1"},"east":{"uv":[7.125, 0, 5.5, 3.75],"texture":"#1"},"south":{"uv":[2.75, 0, 5.5, 3.75],"texture":"#1"},"west":{"uv":[5.5, 0, 7.125, 3.75],"texture":"#1"},"up":{"uv":[0, 3.75, 2.75, 5.375],"texture":"#1"},"down":{"uv":[0, 5.375, 2.75, 3.75],"texture":"#1"}}}],"gui_light":"front","display":{"thirdperson_righthand":{"rotation":[67.5, 0, 0],"translation":[1.75, 2.75, 2],"scale":[0.2207, 0.2207, 0.2207]},"thirdperson_lefthand":{"rotation":[67.5, 0, 0],"translation":[-1.75, 2.75, 2],"scale":[0.2207, 0.2207, 0.2207]},"firstperson_righthand":{"translation":[3.75, 5.75, 0],"scale":[0.23203, 0.23203, 0.23203]},"firstperson_lefthand":{"translation":[0, 5.75, 0],"scale":[0.23203, 0.23203, 0.23203]},"ground":{"translation":[3, 13, -0.75],"scale":[0.4, 0.4, 0.4]},"gui":{"rotation":[30, -135, 0],"translation":[-1.75, -3.75, 0],"scale":[0.35156, 0.35156, 0.35156]},"head":{"rotation":[0, 180, 0],"translation":[0, -4.8, 0],"scale":[1.6, 1.6, 1.6]},"fixed":{"rotation":[-90, 0, 0],"translation":[0, 0, -16],"scale":[2, 2, 2]}}}