{"texture_size":[128,128],"textures":{"0":"custom/furniture/juicebar/juicebar_texture_01","particle":"custom/furniture/juicebar/juicebar_texture_01"},"elements":[{"from":[8,0,3],"to":[12,7,3],"rotation":{"angle":-22.5,"axis":"y","origin":[10.10676,5.13203,5]},"faces":{"north":{"uv":[7.625,10.75,8.125,11.625],"texture":"#0"},"east":{"uv":[10.9375,11,10.9375,11.875],"texture":"#0"},"south":{"uv":[8.125,10.75,7.625,11.625],"texture":"#0"},"west":{"uv":[10.9375,11,10.9375,11.875],"texture":"#0"},"up":{"uv":[10.9375,11,11.4375,11],"texture":"#0"},"down":{"uv":[10.9375,11,11.4375,11],"texture":"#0"}}},{"from":[10.04591,5.36993,4.8],"to":[14.04591,9.36993,4.8],"rotation":{"angle":-22.5,"axis":"y","origin":[10.10676,5.13203,5]},"faces":{"north":{"uv":[8,3.6875,8.625,4.3125],"texture":"#0"},"east":{"uv":[0,0,0,0.625],"texture":"#missing"},"south":{"uv":[8.625,3.6875,8,4.3125],"texture":"#0"},"west":{"uv":[0,0,0,0.625],"texture":"#missing"},"up":{"uv":[0,0,0.625,0],"texture":"#0"},"down":{"uv":[0,0,0.625,0],"texture":"#missing"}}},{"from":[8,0,7],"to":[12,7,7],"rotation":{"angle":-22.5,"axis":"y","origin":[10.10676,5.13203,5]},"faces":{"north":{"uv":[7.625,10.75,8.125,11.625],"texture":"#0"},"east":{"uv":[10.9375,11,10.9375,11.875],"texture":"#0"},"south":{"uv":[8.125,10.75,7.625,11.625],"texture":"#0"},"west":{"uv":[10.9375,11,10.9375,11.875],"texture":"#0"},"up":{"uv":[10.9375,11,11.4375,11],"texture":"#0"},"down":{"uv":[10.9375,11,11.4375,11],"texture":"#0"}}},{"from":[8,0,3],"to":[8,7,7],"rotation":{"angle":-22.5,"axis":"y","origin":[10.10676,5.13203,5]},"faces":{"north":{"uv":[10.9375,11,10.9375,11.875],"texture":"#0"},"east":{"uv":[7.625,10.75,8.125,11.625],"texture":"#0"},"south":{"uv":[10.9375,11,10.9375,11.875],"texture":"#0"},"west":{"uv":[7.625,10.75,8.125,11.625],"texture":"#0"},"up":{"uv":[10.9375,11,11.4375,11],"rotation":90,"texture":"#0"},"down":{"uv":[10.9375,11,11.4375,11],"rotation":270,"texture":"#0"}}},{"from":[12,0,3],"to":[12,7,7],"rotation":{"angle":-22.5,"axis":"y","origin":[10.10676,5.13203,5]},"faces":{"north":{"uv":[10.9375,11,10.9375,11.875],"texture":"#0"},"east":{"uv":[7.625,10.75,8.125,11.625],"texture":"#0"},"south":{"uv":[10.9375,11,10.9375,11.875],"texture":"#0"},"west":{"uv":[7.625,10.75,8.125,11.625],"texture":"#0"},"up":{"uv":[10.9375,11,11.4375,11],"rotation":90,"texture":"#0"},"down":{"uv":[10.9375,11,11.4375,11],"rotation":270,"texture":"#0"}}},{"from":[8.1,0,3.1],"to":[11.9,5,6.9],"rotation":{"angle":-22.5,"axis":"y","origin":[10.10676,5.13203,5]},"faces":{"north":{"uv":[8.125,11,8.625,11.625],"texture":"#0"},"east":{"uv":[8.125,11,8.625,11.625],"texture":"#0"},"south":{"uv":[8.125,11,8.625,11.625],"texture":"#0"},"west":{"uv":[8.125,11,8.625,11.625],"texture":"#0"},"up":{"uv":[8.625,11.125,9.125,11.625],"texture":"#0"},"down":{"uv":[8.625,11.125,9.125,11.625],"texture":"#0"}}},{"from":[6.6,4,5],"to":[9.6,10,5],"rotation":{"angle":-22.5,"axis":"y","origin":[10.10676,5.13203,5]},"faces":{"north":{"uv":[5.625,9.1875,6,9.9375],"texture":"#0"},"east":{"uv":[8.9375,9.75,8.9375,10.5],"texture":"#0"},"south":{"uv":[6,9.1875,5.625,9.9375],"texture":"#0"},"west":{"uv":[8.9375,9.75,8.9375,10.5],"texture":"#0"},"up":{"uv":[8.9375,9.75,9.1875,9.75],"texture":"#0"},"down":{"uv":[8.9375,9.75,9.1875,9.75],"texture":"#0"}}},{"from":[5.36569,5.50498,9.5],"to":[7.86569,8.00498,9.5],"rotation":{"angle":22.5,"axis":"z","origin":[4.2227,5.1106,9]},"faces":{"north":{"uv":[8.6875,3.625,9.3125,4.375],"texture":"#0"},"east":{"uv":[0,0,0,0.625],"texture":"#missing"},"south":{"uv":[9.3125,3.625,8.6875,4.375],"texture":"#0"},"west":{"uv":[0,0,0,0.625],"texture":"#missing"},"up":{"uv":[0,0,0.625,0],"texture":"#0"},"down":{"uv":[0,0,0.625,0],"texture":"#missing"}}},{"from":[3.77717,6.87306,8.5],"to":[6.77717,9.87306,8.5],"rotation":{"angle":-22.5,"axis":"z","origin":[4.2227,5.1106,9]},"faces":{"north":{"uv":[8.6875,3.625,9.3125,4.375],"texture":"#0"},"east":{"uv":[0,0,0,0.625],"texture":"#missing"},"south":{"uv":[9.3125,3.625,8.6875,4.375],"texture":"#0"},"west":{"uv":[0,0,0,0.625],"texture":"#missing"},"up":{"uv":[0,0,0.625,0],"texture":"#0"},"down":{"uv":[0,0,0.625,0],"texture":"#missing"}}},{"from":[2,0,7],"to":[6,7,7],"rotation":{"angle":0,"axis":"y","origin":[4.2227,5.1106,9]},"faces":{"north":{"uv":[7.625,10.75,8.125,11.625],"texture":"#0"},"east":{"uv":[10.9375,11,10.9375,11.875],"texture":"#0"},"south":{"uv":[8.125,10.75,7.625,11.625],"texture":"#0"},"west":{"uv":[10.9375,11,10.9375,11.875],"texture":"#0"},"up":{"uv":[10.9375,11,11.4375,11],"texture":"#0"},"down":{"uv":[10.9375,11,11.4375,11],"texture":"#0"}}},{"from":[2,0,7],"to":[2,7,11],"rotation":{"angle":0,"axis":"y","origin":[4.2227,5.1106,9]},"faces":{"north":{"uv":[10.9375,11,10.9375,11.875],"texture":"#0"},"east":{"uv":[7.625,10.75,8.125,11.625],"texture":"#0"},"south":{"uv":[10.9375,11,10.9375,11.875],"texture":"#0"},"west":{"uv":[7.625,10.75,8.125,11.625],"texture":"#0"},"up":{"uv":[10.9375,11,11.4375,11],"rotation":90,"texture":"#0"},"down":{"uv":[10.9375,11,11.4375,11],"rotation":270,"texture":"#0"}}},{"from":[1.6,4,9],"to":[4.6,10,9],"rotation":{"angle":22.5,"axis":"z","origin":[4.2227,5.1106,9]},"faces":{"north":{"uv":[5.1875,9.1875,5.5625,9.9375],"texture":"#0"},"east":{"uv":[8.9375,9.75,8.9375,10.5],"texture":"#0"},"south":{"uv":[5.5625,9.1875,5.1875,9.9375],"texture":"#0"},"west":{"uv":[8.9375,9.75,8.9375,10.5],"texture":"#0"},"up":{"uv":[8.9375,9.75,9.1875,9.75],"texture":"#0"},"down":{"uv":[8.9375,9.75,9.1875,9.75],"texture":"#0"}}},{"from":[2.1,0,7.1],"to":[5.9,5,10.9],"rotation":{"angle":0,"axis":"y","origin":[4.2227,5.1106,9]},"faces":{"north":{"uv":[9.125,11,9.625,11.625],"texture":"#0"},"east":{"uv":[9.125,11,9.625,11.625],"texture":"#0"},"south":{"uv":[9.125,11,9.625,11.625],"texture":"#0"},"west":{"uv":[9.125,11,9.625,11.625],"texture":"#0"},"up":{"uv":[9.625,11.125,10.125,11.625],"texture":"#0"},"down":{"uv":[9.625,11.125,10.125,11.625],"texture":"#0"}}},{"from":[2,0,11],"to":[6,7,11],"rotation":{"angle":0,"axis":"y","origin":[4.2227,5.1106,9]},"faces":{"north":{"uv":[7.625,10.75,8.125,11.625],"texture":"#0"},"east":{"uv":[10.9375,11,10.9375,11.875],"texture":"#0"},"south":{"uv":[8.125,10.75,7.625,11.625],"texture":"#0"},"west":{"uv":[10.9375,11,10.9375,11.875],"texture":"#0"},"up":{"uv":[10.9375,11,11.4375,11],"texture":"#0"},"down":{"uv":[10.9375,11,11.4375,11],"texture":"#0"}}},{"from":[6,0,7],"to":[6,7,11],"rotation":{"angle":0,"axis":"y","origin":[4.2227,5.1106,9]},"faces":{"north":{"uv":[10.9375,11,10.9375,11.875],"texture":"#0"},"east":{"uv":[7.625,10.75,8.125,11.625],"texture":"#0"},"south":{"uv":[10.9375,11,10.9375,11.875],"texture":"#0"},"west":{"uv":[7.625,10.75,8.125,11.625],"texture":"#0"},"up":{"uv":[10.9375,11,11.4375,11],"rotation":90,"texture":"#0"},"down":{"uv":[10.9375,11,11.4375,11],"rotation":270,"texture":"#0"}}},{"from":[10,0,9],"to":[14,7,9],"rotation":{"angle":22.5,"axis":"y","origin":[11.89222,4.88971,11]},"faces":{"north":{"uv":[7.625,10.75,8.125,11.625],"texture":"#0"},"east":{"uv":[10.9375,11,10.9375,11.875],"texture":"#0"},"south":{"uv":[8.125,10.75,7.625,11.625],"texture":"#0"},"west":{"uv":[10.9375,11,10.9375,11.875],"texture":"#0"},"up":{"uv":[10.9375,11,11.4375,11],"texture":"#0"},"down":{"uv":[10.9375,11,11.4375,11],"texture":"#0"}}},{"from":[10,0,9],"to":[10,7,13],"rotation":{"angle":22.5,"axis":"y","origin":[11.89222,4.88971,11]},"faces":{"north":{"uv":[10.9375,11,10.9375,11.875],"texture":"#0"},"east":{"uv":[7.625,10.75,8.125,11.625],"texture":"#0"},"south":{"uv":[10.9375,11,10.9375,11.875],"texture":"#0"},"west":{"uv":[7.625,10.75,8.125,11.625],"texture":"#0"},"up":{"uv":[10.9375,11,11.4375,11],"rotation":90,"texture":"#0"},"down":{"uv":[10.9375,11,11.4375,11],"rotation":270,"texture":"#0"}}},{"from":[11.82422,3.93921,11],"to":[14.82422,9.93921,11],"rotation":{"angle":22.5,"axis":"y","origin":[11.89222,4.88971,11]},"faces":{"north":{"uv":[5.0625,9.1875,4.6875,9.9375],"texture":"#0"},"east":{"uv":[8.9375,9.75,8.9375,10.5],"texture":"#0"},"south":{"uv":[4.6875,9.1875,5.0625,9.9375],"texture":"#0"},"west":{"uv":[8.9375,9.75,8.9375,10.5],"texture":"#0"},"up":{"uv":[9.1875,9.75,8.9375,9.75],"texture":"#0"},"down":{"uv":[9.1875,9.75,8.9375,9.75],"texture":"#0"}}},{"from":[10.1,0,9.1],"to":[13.9,5,12.9],"rotation":{"angle":22.5,"axis":"y","origin":[11.89222,4.88971,11]},"faces":{"north":{"uv":[10.125,11,10.625,11.625],"texture":"#0"},"east":{"uv":[10.125,11,10.625,11.625],"texture":"#0"},"south":{"uv":[10.125,11,10.625,11.625],"texture":"#0"},"west":{"uv":[10.125,11,10.625,11.625],"texture":"#0"},"up":{"uv":[10.625,11.125,11.125,11.625],"texture":"#0"},"down":{"uv":[10.625,11.125,11.125,11.625],"texture":"#0"}}},{"from":[10,0,13],"to":[14,7,13],"rotation":{"angle":22.5,"axis":"y","origin":[11.89222,4.88971,11]},"faces":{"north":{"uv":[7.625,10.75,8.125,11.625],"texture":"#0"},"east":{"uv":[10.9375,11,10.9375,11.875],"texture":"#0"},"south":{"uv":[8.125,10.75,7.625,11.625],"texture":"#0"},"west":{"uv":[10.9375,11,10.9375,11.875],"texture":"#0"},"up":{"uv":[10.9375,11,11.4375,11],"texture":"#0"},"down":{"uv":[10.9375,11,11.4375,11],"texture":"#0"}}},{"from":[14,0,9],"to":[14,7,13],"rotation":{"angle":22.5,"axis":"y","origin":[11.89222,4.88971,11]},"faces":{"north":{"uv":[10.9375,11,10.9375,11.875],"texture":"#0"},"east":{"uv":[7.625,10.75,8.125,11.625],"texture":"#0"},"south":{"uv":[10.9375,11,10.9375,11.875],"texture":"#0"},"west":{"uv":[7.625,10.75,8.125,11.625],"texture":"#0"},"up":{"uv":[10.9375,11,11.4375,11],"rotation":90,"texture":"#0"},"down":{"uv":[10.9375,11,11.4375,11],"rotation":270,"texture":"#0"}}},{"from":[7.85938,5.90413,10.8],"to":[11.85938,9.90413,10.8],"rotation":{"angle":22.5,"axis":"y","origin":[11.89222,4.88971,11]},"faces":{"north":{"uv":[8.6875,4.4375,9.3125,5.0625],"texture":"#0"},"east":{"uv":[0,0,0,0.625],"texture":"#missing"},"south":{"uv":[9.3125,4.4375,8.6875,5.0625],"texture":"#0"},"west":{"uv":[0,0,0,0.625],"texture":"#missing"},"up":{"uv":[0.625,0,0,0],"texture":"#0"},"down":{"uv":[0.625,0,0,0],"texture":"#missing"}}}],"gui_light":"front","display":{"thirdperson_righthand":{"rotation":[67.5,0,0],"translation":[0,2.5,1],"scale":[0.38086,0.38086,0.38086]},"thirdperson_lefthand":{"rotation":[67.5,0,0],"translation":[0,2.5,1],"scale":[0.38086,0.38086,0.38086]},"firstperson_righthand":{"translation":[1.25,4.25,0],"scale":[0.4707,0.4707,0.4707]},"firstperson_lefthand":{"rotation":[0,180,0],"translation":[1.25,4.25,0],"scale":[0.4707,0.4707,0.4707]},"ground":{"translation":[0,6,0],"scale":[0.7,0.7,0.7]},"gui":{"rotation":[30,135,0],"translation":[0,2,0],"scale":[0.93359,0.93359,0.93359]},"head":{"rotation":[0,180,0],"translation":[0,-30.4,0],"scale":[1.6,1.6,1.6]},"fixed":{"rotation":[-90,0,0],"translation":[0,0,-16],"scale":[2,2,2]}},"groups":[{"name":"group","origin":[0,0,3],"color":0,"children":[0,1,2,3,4,5,6]},{"name":"group","origin":[-4,0,9],"color":0,"children":[7,8,9,10,11,12,13,14]},{"name":"group","origin":[-4,0,9],"color":0,"children":[]},{"name":"group","origin":[20,0,0],"color":0,"children":[15,16,17,18,19,20,21]}]}