{"texture_size":[128, 128],"textures":{"0":"custom/furniture/modern/bed","particle":"custom/furniture/modern/bed"},"elements":[{"from":[-15, 6, -6],"to":[15, 10, 26],"rotation":{"angle":0,"axis":"y","origin":[-9, 0, 0]},"faces":{"north":{"uv":[7.75, 7.125, 11.5, 7.625],"texture":"#0"},"east":{"uv":[7.75, 6.625, 11.75, 7.125],"texture":"#0"},"south":{"uv":[7.75, 7.125, 11.5, 7.625],"texture":"#0"},"west":{"uv":[7.75, 6.625, 11.75, 7.125],"texture":"#0"},"up":{"uv":[7.75, 8.25, 4, 4.25],"texture":"#0"},"down":{"uv":[7.75, 8.25, 4, 4.25],"texture":"#0"}}},{"from":[-16, 3, -16],"to":[16, 6, 32],"rotation":{"angle":0,"axis":"y","origin":[-9, 0, 0]},"faces":{"north":{"uv":[7.75, 7.625, 11.75, 8],"texture":"#0"},"east":{"uv":[7.75, 6.25, 13.75, 6.625],"texture":"#0"},"south":{"uv":[7.75, 7.625, 11.75, 8],"texture":"#0"},"west":{"uv":[13.75, 6.25, 7.75, 6.625],"texture":"#0"},"up":{"uv":[4, 6, 0, 0],"texture":"#0"},"down":{"uv":[4, 6, 0, 0],"texture":"#0"}}},{"from":[-16, 6, 26],"to":[16, 16, 32],"rotation":{"angle":0,"axis":"y","origin":[-9, 0, 0]},"faces":{"north":{"uv":[0, 6, 4, 7.25],"texture":"#0"},"east":{"uv":[8.625, 0.875, 7.875, 2.125],"texture":"#0"},"south":{"uv":[0, 7.25, 4, 8.5],"texture":"#0"},"west":{"uv":[7.875, 0.875, 8.625, 2.125],"texture":"#0"},"up":{"uv":[11.75, 5, 7.75, 4.25],"texture":"#0"},"down":{"uv":[11.75, 5, 7.75, 4.25],"texture":"#0"}}},{"from":[-16, 0, -14],"to":[-14, 4, -12],"rotation":{"angle":-22.5,"axis":"z","origin":[-15, 0, 24]},"faces":{"north":{"uv":[8.125, 2.875, 7.875, 3.375],"texture":"#0"},"east":{"uv":[8.125, 3.375, 7.875, 3.875],"texture":"#0"},"south":{"uv":[8.125, 2.875, 7.875, 3.375],"texture":"#0"},"west":{"uv":[8.125, 3.375, 7.875, 3.875],"texture":"#0"},"up":{"uv":[7.875, 4.125, 8.125, 3.875],"texture":"#0"},"down":{"uv":[7.875, 4.125, 8.125, 3.875],"texture":"#0"}}},{"from":[-16, 0, 28],"to":[-14, 4, 30],"rotation":{"angle":-22.5,"axis":"z","origin":[-15, 0, -8]},"faces":{"north":{"uv":[7.875, 2.875, 8.125, 3.375],"texture":"#0"},"east":{"uv":[7.875, 3.375, 8.125, 3.875],"texture":"#0"},"south":{"uv":[7.875, 2.875, 8.125, 3.375],"texture":"#0"},"west":{"uv":[7.875, 3.375, 8.125, 3.875],"texture":"#0"},"up":{"uv":[7.875, 3.875, 8.125, 4.125],"texture":"#0"},"down":{"uv":[7.875, 3.875, 8.125, 4.125],"texture":"#0"}}},{"from":[14, 0, 28],"to":[16, 4, 30],"rotation":{"angle":22.5,"axis":"z","origin":[15, 0, -8]},"faces":{"north":{"uv":[8.125, 2.875, 7.875, 3.375],"texture":"#0"},"east":{"uv":[8.125, 3.375, 7.875, 3.875],"texture":"#0"},"south":{"uv":[8.125, 2.875, 7.875, 3.375],"texture":"#0"},"west":{"uv":[8.125, 3.375, 7.875, 3.875],"texture":"#0"},"up":{"uv":[8.125, 3.875, 7.875, 4.125],"texture":"#0"},"down":{"uv":[8.125, 3.875, 7.875, 4.125],"texture":"#0"}}},{"from":[14, 0, -14],"to":[16, 4, -12],"rotation":{"angle":22.5,"axis":"z","origin":[15, 0, 24]},"faces":{"north":{"uv":[7.875, 2.875, 8.125, 3.375],"texture":"#0"},"east":{"uv":[7.875, 3.375, 8.125, 3.875],"texture":"#0"},"south":{"uv":[7.875, 2.875, 8.125, 3.375],"texture":"#0"},"west":{"uv":[7.875, 3.375, 8.125, 3.875],"texture":"#0"},"up":{"uv":[8.125, 4.125, 7.875, 3.875],"texture":"#0"},"down":{"uv":[8.125, 4.125, 7.875, 3.875],"texture":"#0"}}},{"from":[-15.5, 6, -15],"to":[15.5, 11, 19],"rotation":{"angle":0,"axis":"y","origin":[-9, 0, 0]},"faces":{"north":{"uv":[7.75, 5.625, 11.625, 6.25],"texture":"#0"},"east":{"uv":[7.75, 5, 12, 5.625],"texture":"#0"},"south":{"uv":[7.75, 5.625, 11.625, 6.25],"texture":"#0"},"west":{"uv":[12, 5, 7.75, 5.625],"texture":"#0"},"up":{"uv":[7.875, 4.25, 4, 0],"texture":"#0"},"down":{"uv":[7.875, 4.25, 4, 0],"texture":"#0"}}},{"from":[1, 9, 20],"to":[13, 12, 27],"rotation":{"angle":-22.5,"axis":"x","origin":[10, 9, 21]},"faces":{"north":{"uv":[7.875, 2.125, 9.375, 2.5],"texture":"#0"},"east":{"uv":[7.875, 2.5, 8.75, 2.875],"texture":"#0"},"south":{"uv":[7.875, 2.125, 9.375, 2.5],"texture":"#0"},"west":{"uv":[7.875, 2.5, 8.75, 2.875],"texture":"#0"},"up":{"uv":[9.375, 0.875, 7.875, 0],"texture":"#0"},"down":{"uv":[9.375, 0.875, 7.875, 0],"texture":"#0"}}},{"from":[-13, 9, 20],"to":[-1, 12, 27],"rotation":{"angle":-22.5,"axis":"x","origin":[10, 9, 21]},"faces":{"north":{"uv":[7.875, 2.125, 9.375, 2.5],"texture":"#0"},"east":{"uv":[7.875, 2.5, 8.75, 2.875],"texture":"#0"},"south":{"uv":[7.875, 2.125, 9.375, 2.5],"texture":"#0"},"west":{"uv":[7.875, 2.5, 8.75, 2.875],"texture":"#0"},"up":{"uv":[7.875, 0.875, 9.375, 0],"texture":"#0"},"down":{"uv":[9.375, 0.875, 7.875, 0],"texture":"#0"}}}],"gui_light":"front","display":{"thirdperson_righthand":{"rotation":[-89.74, 0.24, 179.28],"translation":[-1.25, 1.75, 1.25],"scale":[0.15, 0.15, 0.15]},"thirdperson_lefthand":{"rotation":[-89.74, 0.24, 179.28],"translation":[1.25, 1.75, 1.25],"scale":[0.15, 0.15, 0.15]},"firstperson_righthand":{"rotation":[-142.49, 0.24, 179.28],"translation":[-1.25, 1.75, 1.25],"scale":[0.15, 0.15, 0.15]},"firstperson_lefthand":{"rotation":[-142.49, 0.24, 179.28],"translation":[0, 1.75, 1.25],"scale":[0.15, 0.15, 0.15]},"ground":{"translation":[2.25, 1.5, 0],"scale":[0.27, 0.27, 0.27]},"gui":{"rotation":[30, -135, 0],"translation":[-1.5, 0, 1.25],"scale":[0.25734, 0.25734, 0.25734]},"head":{"scale":[0, 0, 0]},"fixed":{"rotation":[-90, 0, 0],"translation":[0, 32, -16.75],"scale":[2, 2, 2]}}}