{"texture_size":[128, 128],"textures":{"1":"custom/furniture/modern/bookcase"},"elements":[{"from":[11, 0, 4],"to":[12, 4, 5],"rotation":{"angle":22.5,"axis":"z","origin":[12, 3, 0]},"faces":{"north":{"uv":[6.375, 2.75, 6.5, 3.25],"texture":"#1"},"east":{"uv":[2.875, 7.875, 3, 8.375],"texture":"#1"},"south":{"uv":[7.875, 2.875, 8, 3.375],"texture":"#1"},"west":{"uv":[3, 7.875, 3.125, 8.375],"texture":"#1"},"up":{"uv":[7, 6, 6.875, 5.875],"texture":"#1"},"down":{"uv":[7, 6, 6.875, 6.125],"texture":"#1"}}},{"from":[11, 0, 13],"to":[12, 4, 14],"rotation":{"angle":22.5,"axis":"z","origin":[12, 3, 16]},"faces":{"north":{"uv":[3.125, 7.875, 3.25, 8.375],"texture":"#1"},"east":{"uv":[3.25, 7.875, 3.375, 8.375],"texture":"#1"},"south":{"uv":[3.375, 7.875, 3.5, 8.375],"texture":"#1"},"west":{"uv":[3.5, 7.875, 3.625, 8.375],"texture":"#1"},"up":{"uv":[7, 6.25, 6.875, 6.125],"texture":"#1"},"down":{"uv":[7.125, 5.875, 7, 6],"texture":"#1"}}},{"from":[-12, 0, 13],"to":[-11, 4, 14],"rotation":{"angle":-22.5,"axis":"z","origin":[-12, 3, 16]},"faces":{"north":{"uv":[7.875, 4.625, 8, 5.125],"texture":"#1"},"east":{"uv":[7.875, 5.125, 8, 5.625],"texture":"#1"},"south":{"uv":[7.875, 5.625, 8, 6.125],"texture":"#1"},"west":{"uv":[7.875, 6.125, 8, 6.625],"texture":"#1"},"up":{"uv":[7.25, 6, 7.125, 5.875],"texture":"#1"},"down":{"uv":[7.25, 6, 7.125, 6.125],"texture":"#1"}}},{"from":[-12, 0, 4],"to":[-11, 4, 5],"rotation":{"angle":-22.5,"axis":"z","origin":[-12, 3, 0]},"faces":{"north":{"uv":[3.625, 7.875, 3.75, 8.375],"texture":"#1"},"east":{"uv":[3.75, 7.875, 3.875, 8.375],"texture":"#1"},"south":{"uv":[3.875, 7.875, 4, 8.375],"texture":"#1"},"west":{"uv":[4, 7.875, 4.125, 8.375],"texture":"#1"},"up":{"uv":[7.125, 6.125, 7, 6],"texture":"#1"},"down":{"uv":[7.125, 6.125, 7, 6.25],"texture":"#1"}}},{"from":[2.5, 9, 5],"to":[3.5, 14, 9],"rotation":{"angle":0,"axis":"y","origin":[-9.5, -1, 0]},"faces":{"north":{"uv":[7.375, 5.25, 7.5, 5.875],"texture":"#1"},"east":{"uv":[6.75, 6.25, 7.25, 6.875],"texture":"#1"},"south":{"uv":[7.5, 5.25, 7.625, 5.875],"texture":"#1"},"west":{"uv":[6.875, 4.625, 7.375, 5.25],"texture":"#1"},"up":{"uv":[6.25, 3.25, 6.125, 2.75],"texture":"#1"},"down":{"uv":[6.375, 2.75, 6.25, 3.25],"texture":"#1"}}},{"from":[-2.5, 9, 5],"to":[-1.5, 14, 9],"rotation":{"angle":-22.5,"axis":"z","origin":[-1.5, 9, 5]},"faces":{"north":{"uv":[2.25, 7.875, 2.375, 8.5],"texture":"#1"},"east":{"uv":[7.375, 2.875, 7.875, 3.5],"texture":"#1"},"south":{"uv":[7.875, 2.25, 8, 2.875],"texture":"#1"},"west":{"uv":[7.375, 4.625, 7.875, 5.25],"texture":"#1"},"up":{"uv":[0.375, 8.5, 0.25, 8],"texture":"#1"},"down":{"uv":[0.5, 8, 0.375, 8.5],"texture":"#1"}}},{"from":[13, 3, 3],"to":[14, 16, 14],"rotation":{"angle":0,"axis":"y","origin":[15, 5, 1]},"faces":{"north":{"uv":[5.875, 7.375, 6, 9],"texture":"#1"},"east":{"uv":[0, 4.625, 1.375, 6.25],"texture":"#1"},"south":{"uv":[6, 7.375, 6.125, 9],"texture":"#1"},"west":{"uv":[1.375, 4.625, 2.75, 6.25],"texture":"#1"},"up":{"uv":[4.625, 8.875, 4.5, 7.5],"texture":"#1"},"down":{"uv":[4.75, 7.5, 4.625, 8.875],"texture":"#1"}}},{"from":[-14, 3, 3],"to":[-13, 16, 14],"rotation":{"angle":0,"axis":"y","origin":[15, 5, 1]},"faces":{"north":{"uv":[6.375, 7.375, 6.5, 9],"texture":"#1"},"east":{"uv":[2.75, 4.625, 4.125, 6.25],"texture":"#1"},"south":{"uv":[6.5, 7.375, 6.625, 9],"texture":"#1"},"west":{"uv":[4.125, 4.625, 5.5, 6.25],"texture":"#1"},"up":{"uv":[4.875, 8.875, 4.75, 7.5],"texture":"#1"},"down":{"uv":[5, 7.5, 4.875, 8.875],"texture":"#1"}}},{"from":[3.5, 2.5, 2.5],"to":[4.5, 15.5, 13.5],"rotation":{"angle":0,"axis":"y","origin":[15, 5, 1]},"faces":{"north":{"uv":[6.625, 7.375, 6.75, 9],"texture":"#1"},"east":{"uv":[5.5, 4.625, 6.875, 6.25],"texture":"#1"},"south":{"uv":[4.125, 7.5, 4.25, 9.125],"texture":"#1"},"west":{"uv":[0, 6.25, 1.375, 7.875],"texture":"#1"},"up":{"uv":[5.125, 8.875, 5, 7.5],"texture":"#1"},"down":{"uv":[5.25, 7.5, 5.125, 8.875],"texture":"#1"}}},{"from":[4.5, 4, 3.5],"to":[5.5, 15, 4.5],"rotation":{"angle":0,"axis":"y","origin":[15, 5, 1]},"faces":{"north":{"uv":[5.5, 7.5, 5.625, 8.875],"texture":"#1"},"east":{"uv":[5.625, 7.5, 5.75, 8.875],"texture":"#1"},"south":{"uv":[5.75, 7.5, 5.875, 8.875],"texture":"#1"},"west":{"uv":[6.75, 7.5, 6.875, 8.875],"texture":"#1"},"up":{"uv":[7.25, 6.25, 7.125, 6.125],"texture":"#1"},"down":{"uv":[8, 3.375, 7.875, 3.5],"texture":"#1"}}},{"from":[12, 4, 3.5],"to":[13, 15, 4.5],"rotation":{"angle":0,"axis":"y","origin":[1, 5, 1]},"faces":{"north":{"uv":[6.875, 7.5, 7, 8.875],"texture":"#1"},"east":{"uv":[7, 7.5, 7.125, 8.875],"texture":"#1"},"south":{"uv":[7.125, 7.5, 7.25, 8.875],"texture":"#1"},"west":{"uv":[7.625, 0, 7.75, 1.375],"texture":"#1"},"up":{"uv":[1.125, 8.125, 1, 8],"texture":"#1"},"down":{"uv":[1.25, 8, 1.125, 8.125],"texture":"#1"}}},{"from":[5.5, 5, 4],"to":[12, 14, 4],"rotation":{"angle":0,"axis":"y","origin":[15, 5, 1]},"faces":{"north":{"uv":[5.875, 6.25, 6.6875, 7.375],"texture":"#1"},"east":{"uv":[0, 0, 0, 1.125],"texture":"#1"},"south":{"uv":[6.5, 2.75, 7.3125, 3.875],"texture":"#1"},"west":{"uv":[0, 0, 0, 1.125],"texture":"#1"},"up":{"uv":[0.8125, 0, 0, 0],"texture":"#1"},"down":{"uv":[0.8125, 0, 0, 0],"texture":"#1"}}},{"from":[5.5, 4, 3.5],"to":[12, 5, 4.5],"rotation":{"angle":0,"axis":"y","origin":[15, 5, 1]},"faces":{"north":{"uv":[7.625, 1.5, 8.4375, 1.625],"texture":"#1"},"east":{"uv":[0.5, 8, 0.625, 8.125],"texture":"#1"},"south":{"uv":[7.625, 1.625, 8.4375, 1.75],"texture":"#1"},"west":{"uv":[0.625, 8, 0.75, 8.125],"texture":"#1"},"up":{"uv":[8.4375, 1.875, 7.625, 1.75],"texture":"#1"},"down":{"uv":[8.4375, 1.875, 7.625, 2],"texture":"#1"}}},{"from":[5.5, 14, 3.5],"to":[12, 15, 4.5],"rotation":{"angle":0,"axis":"y","origin":[15, 5, 1]},"faces":{"north":{"uv":[7.625, 2, 8.4375, 2.125],"texture":"#1"},"east":{"uv":[1.25, 8, 1.375, 8.125],"texture":"#1"},"south":{"uv":[7.625, 2.125, 8.4375, 2.25],"texture":"#1"},"west":{"uv":[1.375, 8, 1.5, 8.125],"texture":"#1"},"up":{"uv":[8.6875, 0.125, 7.875, 0],"texture":"#1"},"down":{"uv":[0.9375, 7.875, 0.125, 8],"texture":"#1"}}},{"from":[6, 9, 3.5],"to":[7, 10, 4],"rotation":{"angle":0,"axis":"y","origin":[15, 5, 1]},"faces":{"north":{"uv":[0.75, 8, 0.875, 8.125],"texture":"#1"},"east":{"uv":[2.75, 8, 2.8125, 8.125],"texture":"#1"},"south":{"uv":[0.875, 8, 1, 8.125],"texture":"#1"},"west":{"uv":[8, 2.75, 8.0625, 2.875],"texture":"#1"},"up":{"uv":[8.125, 2.9375, 8, 2.875],"texture":"#1"},"down":{"uv":[8.125, 3, 8, 3.0625],"texture":"#1"}}},{"from":[-12, 4, 3.5],"to":[-5.5, 5, 4.5],"rotation":{"angle":0,"axis":"y","origin":[1, 5, 1]},"faces":{"north":{"uv":[7.875, 0.625, 8.6875, 0.75],"texture":"#1"},"east":{"uv":[2.625, 8, 2.75, 8.125],"texture":"#1"},"south":{"uv":[7.875, 0.75, 8.6875, 0.875],"texture":"#1"},"west":{"uv":[8, 2.625, 8.125, 2.75],"texture":"#1"},"up":{"uv":[8.6875, 1, 7.875, 0.875],"texture":"#1"},"down":{"uv":[1.8125, 7.875, 1, 8],"texture":"#1"}}},{"from":[-5.5, 4, 3.5],"to":[-4.5, 15, 4.5],"rotation":{"angle":0,"axis":"y","origin":[1, 5, 1]},"faces":{"north":{"uv":[7.375, 7.75, 7.5, 9.125],"texture":"#1"},"east":{"uv":[7.5, 7.75, 7.625, 9.125],"texture":"#1"},"south":{"uv":[7.625, 7.75, 7.75, 9.125],"texture":"#1"},"west":{"uv":[0, 7.875, 0.125, 9.25],"texture":"#1"},"up":{"uv":[2.625, 8.125, 2.5, 8],"texture":"#1"},"down":{"uv":[8.125, 2.5, 8, 2.625],"texture":"#1"}}},{"from":[-7, 9, 3.5],"to":[-6, 10, 4],"rotation":{"angle":0,"axis":"y","origin":[1, 5, 1]},"faces":{"north":{"uv":[2.375, 8, 2.5, 8.125],"texture":"#1"},"east":{"uv":[8, 3.125, 8.0625, 3.25],"texture":"#1"},"south":{"uv":[8, 2.375, 8.125, 2.5],"texture":"#1"},"west":{"uv":[8, 3.25, 8.0625, 3.375],"texture":"#1"},"up":{"uv":[8.125, 3.4375, 8, 3.375],"texture":"#1"},"down":{"uv":[8.125, 4.625, 8, 4.6875],"texture":"#1"}}},{"from":[-12, 5, 4],"to":[-5.5, 14, 4],"rotation":{"angle":0,"axis":"y","origin":[1, 5, 1]},"faces":{"north":{"uv":[6.75, 0, 7.5625, 1.125],"texture":"#1"},"east":{"uv":[0, 0, 0, 1.125],"texture":"#1"},"south":{"uv":[6.75, 1.125, 7.5625, 2.25],"texture":"#1"},"west":{"uv":[0, 0, 0, 1.125],"texture":"#1"},"up":{"uv":[0.8125, 0, 0, 0],"texture":"#1"},"down":{"uv":[0.8125, 0, 0, 0],"texture":"#1"}}},{"from":[-12, 14, 3.5],"to":[-5.5, 15, 4.5],"rotation":{"angle":0,"axis":"y","origin":[1, 5, 1]},"faces":{"north":{"uv":[7.875, 0.125, 8.6875, 0.25],"texture":"#1"},"east":{"uv":[1.75, 8, 1.875, 8.125],"texture":"#1"},"south":{"uv":[7.875, 0.25, 8.6875, 0.375],"texture":"#1"},"west":{"uv":[8, 2.25, 8.125, 2.375],"texture":"#1"},"up":{"uv":[8.6875, 0.5, 7.875, 0.375],"texture":"#1"},"down":{"uv":[8.6875, 0.5, 7.875, 0.625],"texture":"#1"}}},{"from":[-13, 4, 3.5],"to":[-12, 15, 4.5],"rotation":{"angle":0,"axis":"y","origin":[15, 5, 1]},"faces":{"north":{"uv":[7.75, 0, 7.875, 1.375],"texture":"#1"},"east":{"uv":[7.75, 5.25, 7.875, 6.625],"texture":"#1"},"south":{"uv":[7.75, 6.625, 7.875, 8],"texture":"#1"},"west":{"uv":[7.25, 7.75, 7.375, 9.125],"texture":"#1"},"up":{"uv":[1.625, 8.125, 1.5, 8],"texture":"#1"},"down":{"uv":[1.75, 8, 1.625, 8.125],"texture":"#1"}}},{"from":[-4.5, 2.5, 2.5],"to":[-3.5, 15.5, 13.5],"rotation":{"angle":0,"axis":"y","origin":[15, 5, 1]},"faces":{"north":{"uv":[4.25, 7.5, 4.375, 9.125],"texture":"#1"},"east":{"uv":[1.375, 6.25, 2.75, 7.875],"texture":"#1"},"south":{"uv":[4.375, 7.5, 4.5, 9.125],"texture":"#1"},"west":{"uv":[2.75, 6.25, 4.125, 7.875],"texture":"#1"},"up":{"uv":[5.375, 8.875, 5.25, 7.5],"texture":"#1"},"down":{"uv":[5.5, 7.5, 5.375, 8.875],"texture":"#1"}}},{"from":[-13, 3, 3],"to":[13, 4, 14],"rotation":{"angle":0,"axis":"y","origin":[-1, 0, 1]},"faces":{"north":{"uv":[6.5, 4.375, 9.75, 4.5],"texture":"#1"},"east":{"uv":[4.75, 3, 6.125, 3.125],"texture":"#1"},"south":{"uv":[6.5, 4.5, 9.75, 4.625],"texture":"#1"},"west":{"uv":[4.75, 3.125, 6.125, 3.25],"texture":"#1"},"up":{"uv":[6.75, 1.375, 3.5, 0],"texture":"#1"},"down":{"uv":[6.75, 1.375, 3.5, 2.75],"texture":"#1"}}},{"from":[-3.5, 8, 2.5],"to":[3.5, 9, 12],"rotation":{"angle":0,"axis":"y","origin":[-1, 0, 1]},"faces":{"north":{"uv":[7.375, 3.75, 8.25, 3.875],"texture":"#1"},"east":{"uv":[7.375, 3.5, 8.5625, 3.625],"texture":"#1"},"south":{"uv":[7.625, 1.375, 8.5, 1.5],"texture":"#1"},"west":{"uv":[7.375, 3.625, 8.5625, 3.75],"texture":"#1"},"up":{"uv":[5, 7.4375, 4.125, 6.25],"texture":"#1"},"down":{"uv":[5.875, 6.25, 5, 7.4375],"texture":"#1"}}},{"from":[-10.25, 4, 6.75],"to":[-5.25, 5, 10.75],"rotation":{"angle":45,"axis":"y","origin":[-5.25, 0, -1.25]},"faces":{"north":{"uv":[6.75, 2.5, 7.375, 2.625],"texture":"#1"},"east":{"uv":[7.875, 1.25, 8.375, 1.375],"texture":"#1"},"south":{"uv":[6.75, 2.625, 7.375, 2.75],"texture":"#1"},"west":{"uv":[2.375, 7.875, 2.875, 8],"texture":"#1"},"up":{"uv":[4.125, 3.25, 3.5, 2.75],"texture":"#1"},"down":{"uv":[4.75, 2.75, 4.125, 3.25],"texture":"#1"}}},{"from":[0.5, 9, 6],"to":[1.5, 14, 10],"rotation":{"angle":0,"axis":"y","origin":[4.5, 5, 0]},"faces":{"north":{"uv":[2, 7.875, 2.125, 8.5],"texture":"#1"},"east":{"uv":[7.25, 7.125, 7.75, 7.75],"texture":"#1"},"south":{"uv":[2.125, 7.875, 2.25, 8.5],"texture":"#1"},"west":{"uv":[7.375, 2.25, 7.875, 2.875],"texture":"#1"},"up":{"uv":[8, 8.125, 7.875, 7.625],"texture":"#1"},"down":{"uv":[0.25, 8, 0.125, 8.5],"texture":"#1"}}},{"from":[-13, 15, 3],"to":[13, 16, 14],"rotation":{"angle":0,"axis":"y","origin":[-1, 0, 1]},"faces":{"north":{"uv":[6.5, 4.125, 9.75, 4.25],"texture":"#1"},"east":{"uv":[4.75, 2.75, 6.125, 2.875],"texture":"#1"},"south":{"uv":[6.5, 4.25, 9.75, 4.375],"texture":"#1"},"west":{"uv":[4.75, 2.875, 6.125, 3],"texture":"#1"},"up":{"uv":[3.25, 4.625, 0, 3.25],"texture":"#1"},"down":{"uv":[6.5, 3.25, 3.25, 4.625],"texture":"#1"}}},{"from":[-6.25, 5, 5.75],"to":[-2.25, 6, 10.75],"rotation":{"angle":22.5,"axis":"y","origin":[-5.25, 0, -1.25]},"faces":{"north":{"uv":[7.875, 1, 8.375, 1.125],"texture":"#1"},"east":{"uv":[6.75, 2.25, 7.375, 2.375],"texture":"#1"},"south":{"uv":[7.875, 1.125, 8.375, 1.25],"texture":"#1"},"west":{"uv":[6.75, 2.375, 7.375, 2.5],"texture":"#1"},"up":{"uv":[7.375, 5.875, 6.875, 5.25],"texture":"#1"},"down":{"uv":[7.25, 6.875, 6.75, 7.5],"texture":"#1"}}},{"from":[1.5, 9, 7],"to":[2.5, 14, 11],"rotation":{"angle":0,"axis":"y","origin":[4.5, 5, 0]},"faces":{"north":{"uv":[7.625, 5.25, 7.75, 5.875],"texture":"#1"},"east":{"uv":[7.25, 5.875, 7.75, 6.5],"texture":"#1"},"south":{"uv":[1.875, 7.875, 2, 8.5],"texture":"#1"},"west":{"uv":[7.25, 6.5, 7.75, 7.125],"texture":"#1"},"up":{"uv":[8, 7.125, 7.875, 6.625],"texture":"#1"},"down":{"uv":[8, 7.125, 7.875, 7.625],"texture":"#1"}}},{"from":[-14, 3, 14],"to":[14, 16, 15],"rotation":{"angle":0,"axis":"y","origin":[-8, 0, 1]},"faces":{"north":{"uv":[0, 0, 3.5, 1.625],"texture":"#1"},"east":{"uv":[6.125, 7.375, 6.25, 9],"texture":"#1"},"south":{"uv":[0, 1.625, 3.5, 3.25],"texture":"#1"},"west":{"uv":[6.25, 7.375, 6.375, 9],"texture":"#1"},"up":{"uv":[10, 4, 6.5, 3.875],"texture":"#1"},"down":{"uv":[10, 4, 6.5, 4.125],"texture":"#1"}}},{"from":[-3, 16, 7],"to":[3, 18, 11],"faces":{"north":{"uv":[8.125, 2.25, 8.875, 2.5],"texture":"#1"},"east":{"uv":[2.375, 8.125, 2.875, 8.375],"texture":"#1"},"south":{"uv":[8.125, 2.25, 8.875, 2.5],"texture":"#1"},"west":{"uv":[2.375, 8.125, 2.875, 8.375],"texture":"#1"},"up":{"uv":[8.75, 8.5, 8, 8],"texture":"#1"},"down":{"uv":[1.25, 8.125, 0.5, 8.625],"texture":"#1"}}},{"from":[-1.702, 17.56335, 8.5],"to":[-0.702, 23.31335, 9.5],"rotation":{"angle":22.5,"axis":"z","origin":[-0.452, 21.31335, 9]},"faces":{"north":{"uv":[8.125, 2.75, 8.25, 3.5],"texture":"#1"},"east":{"uv":[8.125, 2.75, 8.25, 3.5],"texture":"#1"},"south":{"uv":[8.125, 2.75, 8.25, 3.5],"texture":"#1"},"west":{"uv":[8.125, 2.75, 8.25, 3.5],"texture":"#1"},"up":{"uv":[8.625, 1.5, 8.5, 1.375],"texture":"#1"},"down":{"uv":[8.625, 1.5, 8.5, 1.625],"texture":"#1"}}},{"from":[-2.36049, 22.65526, 8.5],"to":[-1.36049, 28.40526, 9.5],"rotation":{"angle":0,"axis":"y","origin":[-3.01049, 25.53026, 9]},"faces":{"north":{"uv":[8.25, 2.75, 8.375, 3.5],"texture":"#1"},"east":{"uv":[8.25, 2.75, 8.375, 3.5],"texture":"#1"},"south":{"uv":[8.25, 2.75, 8.375, 3.5],"texture":"#1"},"west":{"uv":[8.25, 2.75, 8.375, 3.5],"texture":"#1"},"up":{"uv":[8.625, 1.75, 8.5, 1.625],"texture":"#1"},"down":{"uv":[8.625, 1.75, 8.5, 1.875],"texture":"#1"}}},{"from":[-5.36049, 17.65526, 9],"to":[4.63951, 30.40526, 9],"rotation":{"angle":0,"axis":"y","origin":[-0.36049, 24.03026, 9]},"faces":{"north":{"uv":[9.25, 6.375, 8, 8],"texture":"#1"},"east":{"uv":[0, 0, 0, 1.625],"texture":"#1"},"south":{"uv":[8, 6.375, 9.25, 8],"texture":"#1"},"west":{"uv":[0, 0, 0, 1.625],"texture":"#1"},"up":{"uv":[1.25, 0, 0, 0],"texture":"#1"},"down":{"uv":[1.25, 0, 0, 0],"texture":"#1"}}},{"from":[-3, 18, 7],"to":[3, 18.5, 7.5],"faces":{"north":{"uv":[8.125, 4.625, 8.875, 4.6875],"texture":"#1"},"east":{"uv":[1.875, 8.5, 1.9375, 8.5625],"texture":"#1"},"south":{"uv":[8.25, 3.75, 9, 3.8125],"texture":"#1"},"west":{"uv":[8.5, 1.875, 8.5625, 1.9375],"texture":"#1"},"up":{"uv":[9.125, 1.0625, 8.375, 1],"texture":"#1"},"down":{"uv":[9.125, 1.125, 8.375, 1.1875],"texture":"#1"}}},{"from":[-3, 18, 10.5],"to":[3, 18.5, 11],"faces":{"north":{"uv":[8.375, 1.25, 9.125, 1.3125],"texture":"#1"},"east":{"uv":[2.125, 8.5, 2.1875, 8.5625],"texture":"#1"},"south":{"uv":[8.125, 4.625, 8.875, 4.6875],"texture":"#1"},"west":{"uv":[8.5, 2.125, 8.5625, 2.1875],"texture":"#1"},"up":{"uv":[9.125, 2.8125, 8.375, 2.75],"texture":"#1"},"down":{"uv":[9.125, 2.875, 8.375, 2.9375],"texture":"#1"}}},{"from":[-3, 18, 7.5],"to":[-2.5, 18.5, 10.5],"faces":{"north":{"uv":[2, 8.5, 2.0625, 8.5625],"texture":"#1"},"east":{"uv":[8.375, 3, 8.75, 3.0625],"texture":"#1"},"south":{"uv":[8.5, 2, 8.5625, 2.0625],"texture":"#1"},"west":{"uv":[3.125, 8.375, 3.5, 8.4375],"texture":"#1"},"up":{"uv":[1.6875, 8.75, 1.625, 8.375],"texture":"#1"},"down":{"uv":[8.4375, 3.125, 8.375, 3.5],"texture":"#1"}}},{"from":[2.5, 18, 7.5],"to":[3, 18.5, 10.5],"faces":{"north":{"uv":[2.25, 8.5, 2.3125, 8.5625],"texture":"#1"},"east":{"uv":[3.5, 8.375, 3.875, 8.4375],"texture":"#1"},"south":{"uv":[2.375, 8.5, 2.4375, 8.5625],"texture":"#1"},"west":{"uv":[0.125, 8.5, 0.5, 8.5625],"texture":"#1"},"up":{"uv":[3.9375, 8.75, 3.875, 8.375],"texture":"#1"},"down":{"uv":[4.0625, 8.375, 4, 8.75],"texture":"#1"}}}],"gui_light":"front","display":{"thirdperson_righthand":{"rotation":[66.75, -90, 0],"translation":[0, 1.5, 1],"scale":[0.19, 0.19, 0.19]},"thirdperson_lefthand":{"rotation":[67.5, 90, 0.75],"translation":[0, 1.5, 1],"scale":[0.19, 0.19, 0.19]},"firstperson_righthand":{"rotation":[180, -90, 180],"translation":[0.25, 2.5, 0],"scale":[0.295, 0.295, 0.295]},"firstperson_lefthand":{"rotation":[180, 90, 180],"translation":[0.25, 2.5, 0],"scale":[0.295, 0.295, 0.295]},"ground":{"translation":[0, 2.5, 0],"scale":[0.29, 0.29, 0.29]},"gui":{"rotation":[30, -135, 0],"translation":[-2.75, -3, 0],"scale":[0.46, 0.46, 0.46]},"head":{"scale":[0, 0, 0]},"fixed":{"rotation":[-90, 0, 0],"translation":[0.25, 0, -16],"scale":[1.99656, 1.99656, 1.99656]}},"groups":[0,1,2,3,{"name":"group","origin":[0, 5, 0],"color":0,"children":[4, 5, 6, 7, 8, 9, 10, 11, 12, 13, 14, 15, 16, 17, 18, 19, 20, 21, 22, 23, 24, 25, 26, 27, 28]},29,30,31,32,33,34,35,36,37]}