{"texture_size":[128, 128],"textures":{"0":"custom/furniture/modern/hanging_sofa","particle":"custom/furniture/modern/hanging_sofa"},"elements":[{"from":[-7.5, -11.5, 12],"to":[23.5, -1.5, 15],"rotation":{"angle":22.5,"axis":"x","origin":[0, -6.5, 15]},"faces":{"north":{"uv":[0, 6.25, 3.875, 7.5],"texture":"#0"},"east":{"uv":[7.25, 1.875, 7.625, 3.125],"texture":"#0"},"south":{"uv":[3.875, 6.25, 0, 7.5],"texture":"#0"},"west":{"uv":[7.25, 1.875, 7.625, 3.125],"texture":"#0"},"up":{"uv":[10.875, 6.125, 7, 5.75],"texture":"#0"},"down":{"uv":[11.125, 0, 7.25, 0.375],"texture":"#0"}}},{"from":[-8, -15.5, 0.75],"to":[24, -13.5, 13.25],"rotation":{"angle":0,"axis":"y","origin":[0, -16.5, 0]},"faces":{"north":{"uv":[7.25, 1.375, 11.25, 1.625],"texture":"#0"},"east":{"uv":[8.625, 1.375, 10.1875, 1.625],"texture":"#0"},"south":{"uv":[7.25, 1.375, 11.25, 1.625],"texture":"#0"},"west":{"uv":[8.625, 1.375, 10.1875, 1.625],"texture":"#0"},"up":{"uv":[7.25, 1.5625, 3.25, 0],"texture":"#0"},"down":{"uv":[7.25, 1.625, 3.25, 3.1875],"texture":"#0"}}},{"from":[-9.83207, -7.26225, 0.75],"to":[-9.83207, 31.5, 13.25],"rotation":{"angle":0,"axis":"y","origin":[-10.33207, -6.26225, 2.75]},"faces":{"north":{"uv":[0, 0, 0, 4.875],"texture":"#0"},"east":{"uv":[3.1875, 0, 1.625, 4.875],"texture":"#0"},"south":{"uv":[0, 0, 0, 4.875],"texture":"#0"},"west":{"uv":[1.625, 0, 3.1875, 4.875],"texture":"#0"},"up":{"uv":[0, 1.5625, 0, 0],"texture":"#0"},"down":{"uv":[0, 0, 0, 1.5625],"texture":"#0"}}},{"from":[25.83207, -7.26225, 0.75],"to":[25.83207, 31.5, 13.25],"rotation":{"angle":0,"axis":"y","origin":[26.33207, -6.26225, 2.75]},"faces":{"north":{"uv":[0, 0, 0, 4.875],"texture":"#0"},"east":{"uv":[3.1875, 0, 1.625, 4.875],"texture":"#0"},"south":{"uv":[0, 0, 0, 4.875],"texture":"#0"},"west":{"uv":[1.625, 0, 3.1875, 4.875],"texture":"#0"},"up":{"uv":[0, 1.5625, 0, 0],"texture":"#0"},"down":{"uv":[0, 0, 0, 1.5625],"texture":"#0"}}},{"from":[23.83207, -8.26225, 0.75],"to":[26.83207, -7.26225, 13.25],"rotation":{"angle":0,"axis":"y","origin":[26.33207, -6.26225, 2.75]},"faces":{"north":{"uv":[7.625, 2.5, 8, 2.625],"texture":"#0"},"east":{"uv":[0, 6.125, 1.5625, 6.25],"texture":"#0"},"south":{"uv":[7.625, 2.5, 8, 2.625],"texture":"#0"},"west":{"uv":[0, 6.125, 1.5625, 6.25],"texture":"#0"},"up":{"uv":[1.125, 9.0625, 0.75, 7.5],"texture":"#0"},"down":{"uv":[1.125, 9.0625, 0.75, 7.5],"texture":"#0"}}},{"from":[23, -13, 2.25],"to":[24, -7, 3.25],"rotation":{"angle":-22.5,"axis":"z","origin":[23, -13, 2.75]},"faces":{"north":{"uv":[6.5, 7.5, 6.625, 8.25],"texture":"#0"},"east":{"uv":[6.5, 7.5, 6.625, 8.25],"texture":"#0"},"south":{"uv":[6.5, 7.5, 6.625, 8.25],"texture":"#0"},"west":{"uv":[6.5, 7.5, 6.625, 8.25],"texture":"#0"},"up":{"uv":[7.75, 3.125, 7.625, 3],"texture":"#0"},"down":{"uv":[7.75, 7.5, 7.625, 7.625],"texture":"#0"}}},{"from":[23, -13, 10.75],"to":[24, -7, 11.75],"rotation":{"angle":-22.5,"axis":"z","origin":[23, -13, 2.75]},"faces":{"north":{"uv":[6.5, 7.5, 6.625, 8.25],"texture":"#0"},"east":{"uv":[6.5, 7.5, 6.625, 8.25],"texture":"#0"},"south":{"uv":[6.5, 7.5, 6.625, 8.25],"texture":"#0"},"west":{"uv":[6.5, 7.5, 6.625, 8.25],"texture":"#0"},"up":{"uv":[7.75, 3.125, 7.625, 3],"texture":"#0"},"down":{"uv":[7.75, 7.5, 7.625, 7.625],"texture":"#0"}}},{"from":[-10.83207, -8.26225, 0.75],"to":[-7.83207, -7.26225, 13.25],"rotation":{"angle":0,"axis":"y","origin":[-10.33207, -6.26225, 2.75]},"faces":{"north":{"uv":[8, 2.5, 7.625, 2.625],"texture":"#0"},"east":{"uv":[1.5625, 6.125, 0, 6.25],"texture":"#0"},"south":{"uv":[8, 2.5, 7.625, 2.625],"texture":"#0"},"west":{"uv":[1.5625, 6.125, 0, 6.25],"texture":"#0"},"up":{"uv":[0.75, 9.0625, 1.125, 7.5],"texture":"#0"},"down":{"uv":[0.75, 9.0625, 1.125, 7.5],"texture":"#0"}}},{"from":[-8, -13, 10.75],"to":[-7, -7, 11.75],"rotation":{"angle":22.5,"axis":"z","origin":[-7, -13, 2.75]},"faces":{"north":{"uv":[6.625, 7.5, 6.5, 8.25],"texture":"#0"},"east":{"uv":[6.625, 7.5, 6.5, 8.25],"texture":"#0"},"south":{"uv":[6.625, 7.5, 6.5, 8.25],"texture":"#0"},"west":{"uv":[6.625, 7.5, 6.5, 8.25],"texture":"#0"},"up":{"uv":[7.625, 3.125, 7.75, 3],"texture":"#0"},"down":{"uv":[7.625, 7.5, 7.75, 7.625],"texture":"#0"}}},{"from":[-8, -13, 2.25],"to":[-7, -7, 3.25],"rotation":{"angle":22.5,"axis":"z","origin":[-7, -13, 2.75]},"faces":{"north":{"uv":[6.625, 7.5, 6.5, 8.25],"texture":"#0"},"east":{"uv":[6.625, 7.5, 6.5, 8.25],"texture":"#0"},"south":{"uv":[6.625, 7.5, 6.5, 8.25],"texture":"#0"},"west":{"uv":[6.625, 7.5, 6.5, 8.25],"texture":"#0"},"up":{"uv":[7.625, 3.125, 7.75, 3],"texture":"#0"},"down":{"uv":[7.625, 7.5, 7.75, 7.625],"texture":"#0"}}},{"from":[-9, -16, 10.25],"to":[25, -13, 12.25],"rotation":{"angle":0,"axis":"y","origin":[0, -16.5, 0]},"faces":{"north":{"uv":[7, 5.375, 11.25, 5.75],"texture":"#0"},"east":{"uv":[5.125, 7.5, 5.375, 7.875],"texture":"#0"},"south":{"uv":[7, 5.375, 11.25, 5.75],"texture":"#0"},"west":{"uv":[5.125, 7.5, 5.375, 7.875],"texture":"#0"},"up":{"uv":[11.5, 1.125, 7.25, 0.875],"texture":"#0"},"down":{"uv":[11.5, 1.125, 7.25, 0.875],"texture":"#0"}}},{"from":[-9, -16, 1.75],"to":[25, -13, 3.75],"rotation":{"angle":0,"axis":"y","origin":[0, -16.5, 0]},"faces":{"north":{"uv":[7, 5.375, 11.25, 5.75],"texture":"#0"},"east":{"uv":[5.125, 7.5, 5.375, 7.875],"texture":"#0"},"south":{"uv":[7, 5.375, 11.25, 5.75],"texture":"#0"},"west":{"uv":[5.125, 7.5, 5.375, 7.875],"texture":"#0"},"up":{"uv":[11.5, 1.125, 7.25, 0.875],"texture":"#0"},"down":{"uv":[11.5, 1.125, 7.25, 0.875],"texture":"#0"}}},{"from":[-12, 28.5, 6],"to":[28, 31.5, 8],"rotation":{"angle":0,"axis":"y","origin":[0, -16, 0]},"faces":{"north":{"uv":[3.875, 6.25, 8.875, 6.625],"texture":"#0"},"east":{"uv":[0, 0, 0.25, 0.375],"texture":"#0"},"south":{"uv":[3.875, 6.25, 8.875, 6.625],"texture":"#0"},"west":{"uv":[0.25, 0, 0.5, 0.375],"texture":"#0"},"up":{"uv":[12, 3.5, 7, 3.25],"texture":"#0"},"down":{"uv":[12, 3.5, 7, 3.75],"texture":"#0"}}},{"from":[-7, -13.5, 1],"to":[23, -9.5, 13],"rotation":{"angle":0,"axis":"y","origin":[0, -13.5, 15]},"faces":{"north":{"uv":[7, 3.75, 10.75, 4.25],"texture":"#0"},"east":{"uv":[0, 4.875, 1.5, 5.375],"texture":"#0"},"south":{"uv":[7, 3.75, 10.75, 4.25],"texture":"#0"},"west":{"uv":[0, 4.875, 1.5, 5.375],"texture":"#0"},"up":{"uv":[7, 4.75, 3.25, 3.25],"texture":"#0"},"down":{"uv":[7, 4.75, 3.25, 6.25],"texture":"#0"}}}],"gui_light":"front","display":{"thirdperson_righthand":{"rotation":[66.5, 0, 0],"translation":[0, -3.75, -2.5],"scale":[0.17, 0.17, 0.17]},"thirdperson_lefthand":{"rotation":[66.5, 0, 0],"translation":[0, -3.75, -2.5],"scale":[0.17, 0.17, 0.17]},"firstperson_righthand":{"translation":[-0.25, 5, 0],"scale":[0.22523, 0.22523, 0.22523]},"firstperson_lefthand":{"translation":[-0.25, 5, 0],"scale":[0.22523, 0.22523, 0.22523]},"ground":{"translation":[0, 3.25, 0],"scale":[0.23, 0.23, 0.23]},"gui":{"rotation":[30, -135, 0],"scale":[0.27, 0.27, 0.27]},"head":{"scale":[0, 0, 0]},"fixed":{"rotation":[-90, 0, 0],"translation":[0, -1.25, 24],"scale":[2.4, 2.4, 2.4]}}}