{"texture_size":[64, 64],"textures":{"0":"custom/furniture/modern/plantpot_1","particle":"custom/furniture/modern/plantpot_1"},"elements":[{"from":[12, 0, 2],"to":[14, 8, 4],"faces":{"north":{"uv":[5.5, 7, 6, 9],"texture":"#0"},"east":{"uv":[6, 7, 5.5, 9],"texture":"#0"},"south":{"uv":[6, 7, 6.5, 9],"texture":"#0"},"west":{"uv":[6, 7, 6.5, 9],"texture":"#0"},"up":{"uv":[8, 3, 7.5, 2.5],"texture":"#0"},"down":{"uv":[8, 3, 7.5, 2.5],"texture":"#0"}}},{"from":[2, 0, 2],"to":[4, 8, 4],"rotation":{"angle":0,"axis":"y","origin":[16, 0, 0]},"faces":{"north":{"uv":[6, 7, 5.5, 9],"texture":"#0"},"east":{"uv":[6.5, 7, 6, 9],"texture":"#0"},"south":{"uv":[6.5, 7, 6, 9],"texture":"#0"},"west":{"uv":[5.5, 7, 6, 9],"texture":"#0"},"up":{"uv":[7.5, 3, 8, 2.5],"texture":"#0"},"down":{"uv":[7.5, 3, 8, 2.5],"texture":"#0"}}},{"from":[2, 0, 12],"to":[4, 8, 14],"rotation":{"angle":0,"axis":"y","origin":[16, 0, 16]},"faces":{"north":{"uv":[6, 7, 6.5, 9],"texture":"#0"},"east":{"uv":[6, 7, 6.5, 9],"texture":"#0"},"south":{"uv":[5.5, 7, 6, 9],"texture":"#0"},"west":{"uv":[6, 7, 5.5, 9],"texture":"#0"},"up":{"uv":[7.5, 2.5, 8, 3],"texture":"#0"},"down":{"uv":[7.5, 2.5, 8, 3],"texture":"#0"}}},{"from":[12, 0, 12],"to":[14, 8, 14],"rotation":{"angle":0,"axis":"y","origin":[0, 0, 16]},"faces":{"north":{"uv":[6.5, 7, 6, 9],"texture":"#0"},"east":{"uv":[5.5, 7, 6, 9],"texture":"#0"},"south":{"uv":[6, 7, 5.5, 9],"texture":"#0"},"west":{"uv":[6.5, 7, 6, 9],"texture":"#0"},"up":{"uv":[8, 2.5, 7.5, 3],"texture":"#0"},"down":{"uv":[8, 2.5, 7.5, 3],"texture":"#0"}}},{"from":[3, 4, 3],"to":[13, 8, 13],"faces":{"north":{"uv":[7, 0, 9.5, 1],"texture":"#0"},"east":{"uv":[7, 1, 9.5, 2],"texture":"#0"},"south":{"uv":[7, 0, 9.5, 1],"texture":"#0"},"west":{"uv":[7, 1, 9.5, 2],"texture":"#0"},"up":{"uv":[5.5, 7.5, 3, 5],"texture":"#0"},"down":{"uv":[5.5, 7.5, 3, 5],"texture":"#0"}}},{"from":[2, 8, 2],"to":[14, 12, 14],"faces":{"north":{"uv":[5.5, 5, 8.5, 6],"texture":"#0"},"east":{"uv":[5.5, 6, 8.5, 7],"texture":"#0"},"south":{"uv":[5.5, 5, 8.5, 6],"texture":"#0"},"west":{"uv":[5.5, 6, 8.5, 7],"texture":"#0"},"up":{"uv":[3, 8, 0, 5],"texture":"#0"},"down":{"uv":[3, 8, 0, 5],"texture":"#0"}}},{"from":[11, 12, 3],"to":[13, 13, 13],"faces":{"north":{"uv":[3, 7.5, 3.5, 7.75],"texture":"#0"},"east":{"uv":[6.5, 7, 9, 7.25],"texture":"#0"},"south":{"uv":[3, 7.5, 3.5, 7.75],"texture":"#0"},"west":{"uv":[6.5, 7, 9, 7.25],"texture":"#0"},"up":{"uv":[7.5, 4.5, 7, 2],"texture":"#0"},"down":{"uv":[7.5, 4.5, 7, 2],"texture":"#0"}}},{"from":[3, 12, 3],"to":[5, 13, 13],"rotation":{"angle":0,"axis":"y","origin":[16, 0, 0]},"faces":{"north":{"uv":[3.5, 7.5, 3, 7.75],"texture":"#0"},"east":{"uv":[9, 7, 6.5, 7.25],"texture":"#0"},"south":{"uv":[3.5, 7.5, 3, 7.75],"texture":"#0"},"west":{"uv":[9, 7, 6.5, 7.25],"texture":"#0"},"up":{"uv":[7, 4.5, 7.5, 2],"texture":"#0"},"down":{"uv":[7, 4.5, 7.5, 2],"texture":"#0"}}},{"from":[5, 12, 3],"to":[11, 13, 5],"faces":{"north":{"uv":[7.5, 2.25, 9, 2.5],"texture":"#0"},"east":{"uv":[7.5, 3, 8, 3.25],"texture":"#0"},"south":{"uv":[7.5, 2.25, 9, 2.5],"texture":"#0"},"west":{"uv":[7.5, 3, 8, 3.25],"texture":"#0"},"up":{"uv":[8.5, 5, 7, 4.5],"texture":"#0"},"down":{"uv":[8.5, 5, 7, 4.5],"texture":"#0"}}},{"from":[5, 12, 11],"to":[11, 13, 13],"rotation":{"angle":0,"axis":"y","origin":[0, 0, 16]},"faces":{"north":{"uv":[9, 2.25, 7.5, 2.5],"texture":"#0"},"east":{"uv":[8, 3, 7.5, 3.25],"texture":"#0"},"south":{"uv":[9, 2.25, 7.5, 2.5],"texture":"#0"},"west":{"uv":[8, 3, 7.5, 3.25],"texture":"#0"},"up":{"uv":[8.5, 4.5, 7, 5],"texture":"#0"},"down":{"uv":[8.5, 4.5, 7, 5],"texture":"#0"}}},{"from":[4, 2, 3],"to":[12, 3, 4],"faces":{"north":{"uv":[6.5, 7.25, 8.5, 7.5],"texture":"#0"},"east":{"uv":[7.5, 3.25, 7.75, 3.5],"texture":"#0"},"south":{"uv":[6.5, 7.25, 8.5, 7.5],"texture":"#0"},"west":{"uv":[7.5, 3.25, 7.75, 3.5],"texture":"#0"},"up":{"uv":[9.5, 2.25, 7.5, 2],"texture":"#0"},"down":{"uv":[9.5, 2.25, 7.5, 2],"texture":"#0"}}},{"from":[4, 2, 12],"to":[12, 3, 13],"rotation":{"angle":0,"axis":"y","origin":[0, 0, 16]},"faces":{"north":{"uv":[8.5, 7.25, 6.5, 7.5],"texture":"#0"},"east":{"uv":[7.75, 3.25, 7.5, 3.5],"texture":"#0"},"south":{"uv":[8.5, 7.25, 6.5, 7.5],"texture":"#0"},"west":{"uv":[7.75, 3.25, 7.5, 3.5],"texture":"#0"},"up":{"uv":[9.5, 2, 7.5, 2.25],"texture":"#0"},"down":{"uv":[9.5, 2, 7.5, 2.25],"texture":"#0"}}},{"from":[12, 2, 4],"to":[13, 3, 12],"rotation":{"angle":0,"axis":"y","origin":[0, 0, 16]},"faces":{"north":{"uv":[7.75, 3.25, 7.5, 3.5],"texture":"#0"},"east":{"uv":[8.5, 7.25, 6.5, 7.5],"texture":"#0"},"south":{"uv":[7.75, 3.25, 7.5, 3.5],"texture":"#0"},"west":{"uv":[8.5, 7.25, 6.5, 7.5],"texture":"#0"},"up":{"uv":[9.5, 2, 7.5, 2.25],"rotation":270,"texture":"#0"},"down":{"uv":[9.5, 2, 7.5, 2.25],"rotation":90,"texture":"#0"}}},{"from":[3, 2, 4],"to":[4, 3, 12],"rotation":{"angle":0,"axis":"y","origin":[16, 0, 16]},"faces":{"north":{"uv":[7.5, 3.25, 7.75, 3.5],"texture":"#0"},"east":{"uv":[6.5, 7.25, 8.5, 7.5],"texture":"#0"},"south":{"uv":[7.5, 3.25, 7.75, 3.5],"texture":"#0"},"west":{"uv":[6.5, 7.25, 8.5, 7.5],"texture":"#0"},"up":{"uv":[9.5, 2.25, 7.5, 2],"rotation":270,"texture":"#0"},"down":{"uv":[9.5, 2.25, 7.5, 2],"rotation":90,"texture":"#0"}}},{"from":[3, 12, 3],"to":[17, 32, 3],"rotation":{"angle":-45,"axis":"y","origin":[3, 13, 3]},"faces":{"north":{"uv":[0, 0, 3.5, 5],"texture":"#0"},"south":{"uv":[3.5, 0, 0, 5],"texture":"#0"}}},{"from":[0.94975, 12, 7.94975],"to":[14.94975, 32, 7.94975],"rotation":{"angle":45,"axis":"y","origin":[7.94975, 22, 7.94975]},"faces":{"north":{"uv":[0, 0, 3.5, 5],"texture":"#0"},"south":{"uv":[3.5, 0, 0, 5],"texture":"#0"}}},{"from":[13, 12, 3],"to":[13, 32, 17],"rotation":{"angle":-45,"axis":"y","origin":[13, 13, 3]},"faces":{"east":{"uv":[0, 0, 3.5, 5],"texture":"#0"},"west":{"uv":[0, 0, 3.5, 5],"texture":"#0"}}}],"gui_light":"front","display":{"thirdperson_righthand":{"translation":[0, 0, 0.5],"scale":[0.24, 0.24, 0.24]},"thirdperson_lefthand":{"translation":[0, 0, 0.5],"scale":[0.24, 0.24, 0.24]},"firstperson_righthand":{"translation":[0, 0, 0.5],"scale":[0.24, 0.24, 0.24]},"firstperson_lefthand":{"translation":[0, 0, 0.5],"scale":[0.24, 0.24, 0.24]},"ground":{"translation":[0, 0.5, 0],"scale":[0.58, 0.58, 0.58]},"gui":{"rotation":[30, -135, 0],"translation":[0, -2.5, 0],"scale":[0.43758, 0.43758, 0.43758]},"head":{"scale":[0, 0, 0]},"fixed":{"rotation":[-90, 0, 0],"translation":[0, -0.5, -15.75],"scale":[2, 2, 2]}}}