{"textures":{"0":"modelengine:entity/rabbit_infected","particle":"#0"},"elements":[{"from":[7.65,7.7477603,5.93372],"to":[9.35,9.44776,7.63372],"faces":{"east":{"uv":[7.0,0.75,7.5,1.25],"tintindex":0,"rotation":0,"texture":"#0"},"south":{"uv":[8.5,0.75,9.0,1.25],"tintindex":0,"rotation":0,"texture":"#0"},"north":{"uv":[7.5,0.75,8.0,1.25],"tintindex":0,"rotation":0,"texture":"#0"},"west":{"uv":[8.0,0.75,8.5,1.25],"tintindex":0,"rotation":0,"texture":"#0"},"up":{"uv":[8.0,0.75,7.5,0.25],"tintindex":0,"rotation":0,"texture":"#0"},"down":{"uv":[8.5,0.25,8.0,0.75],"tintindex":0,"rotation":0,"texture":"#0"}}},{"from":[7.0,6.34776,6.03372],"to":[10.0,9.347759,9.03372],"faces":{"east":{"uv":[6.25,2.25,7.0,3.0],"tintindex":0,"rotation":0,"texture":"#0"},"south":{"uv":[8.5,2.25,9.25,3.0],"tintindex":0,"rotation":0,"texture":"#0"},"north":{"uv":[7.0,2.25,7.75,3.0],"tintindex":0,"rotation":0,"texture":"#0"},"west":{"uv":[7.75,2.25,8.5,3.0],"tintindex":0,"rotation":0,"texture":"#0"},"up":{"uv":[7.75,2.25,7.0,1.5],"tintindex":0,"rotation":0,"texture":"#0"},"down":{"uv":[8.5,1.5,7.75,2.25],"tintindex":0,"rotation":0,"texture":"#0"}}}],"display":{"head":{"rotation":[0.0,0.0,0.0]},"firstperson_righthand":{"rotation":[0.0,0.0,0.0]},"thirdperson_lefthand":{"rotation":[0.0,-0.0,-0.0]},"firstperson_lefthand":{"rotation":[0.0,-0.0,-0.0]},"fixed":{"rotation":[0.0,0.0,0.0]},"ground":{"rotation":[0.0,0.0,0.0]},"thirdperson_righthand":{"rotation":[0.0,0.0,0.0]},"gui":{"rotation":[-150.0,-45.0,180.0]}}}