{"overrides":[{"predicate":{"custom_model_data":1},"model":"modelengine:turkey/head"},{"predicate":{"custom_model_data":3},"model":"modelengine:turkey/rightleg"},{"predicate":{"custom_model_data":5},"model":"modelengine:turkey/torso"},{"predicate":{"custom_model_data":6},"model":"modelengine:turkey/leftleg"},{"predicate":{"custom_model_data":7},"model":"modelengine:turkey/tail_feathers_upper"},{"predicate":{"custom_model_data":8},"model":"modelengine:turkey/neck"},{"predicate":{"custom_model_data":11},"model":"modelengine:turkey/tail_feathers_lower"},{"predicate":{"custom_model_data":12},"model":"modelengine:turkey/leftwing"},{"predicate":{"custom_model_data":13},"model":"modelengine:turkey/rightwing"},{"predicate":{"custom_model_data":16},"model":"modelengine:turkey/gobblebit"}],"parent":"minecraft:item/generated","textures":{"layer0":"minecraft:item/leather_horse_armor"}}