{"texture_size":[128,128],"textures":{"0":"custom/furniture/office/office_01"},"elements":[{"from":[-10,5,15],"to":[26,27,16],"rotation":{"angle":0,"axis":"y","origin":[16,0,0]},"faces":{"north":{"uv":[10.4375,5.25,5.9375,8],"texture":"#0"},"east":{"uv":[5.8125,2.5,5.9375,5.25],"texture":"#0"},"south":{"uv":[10.4375,2.5,5.9375,5.25],"texture":"#0"},"west":{"uv":[5.8125,2.5,5.9375,5.25],"texture":"#0"},"up":{"uv":[10.4375,8,5.9375,8.125],"texture":"#0"},"down":{"uv":[10.4375,8,5.9375,8.125],"texture":"#0"}}},{"from":[-10,25.5,14.5],"to":[26,27,15],"rotation":{"angle":0,"axis":"y","origin":[16,0,0]},"faces":{"north":{"uv":[10.375,2,5.875,2.1875],"texture":"#0"},"east":{"uv":[10.375,2,10.4375,2.1875],"texture":"#0"},"south":{"uv":[10.375,2,5.875,2.1875],"texture":"#0"},"west":{"uv":[10.375,2,10.4375,2.1875],"texture":"#0"},"up":{"uv":[10.375,2.1875,5.875,2.25],"texture":"#0"},"down":{"uv":[10.375,2.1875,5.875,2.25],"texture":"#0"}}},{"from":[-10,5,14.5],"to":[26,6.5,15],"rotation":{"angle":0,"axis":"y","origin":[16,16,0]},"faces":{"north":{"uv":[10.375,2.1875,5.875,2],"texture":"#0"},"east":{"uv":[10.375,2.1875,10.4375,2],"texture":"#0"},"south":{"uv":[10.375,2.1875,5.875,2],"texture":"#0"},"west":{"uv":[10.375,2.1875,10.4375,2],"texture":"#0"},"up":{"uv":[10.375,2.25,5.875,2.1875],"texture":"#0"},"down":{"uv":[10.375,2.25,5.875,2.1875],"texture":"#0"}}},{"from":[24.5,6.5,14.5],"to":[26,25.5,15],"rotation":{"angle":0,"axis":"y","origin":[16,0,0]},"faces":{"north":{"uv":[6.5625,13.625,6.375,16],"texture":"#0"},"east":{"uv":[6.3125,13.625,6.375,16],"texture":"#0"},"south":{"uv":[6.5625,13.625,6.375,16],"texture":"#0"},"west":{"uv":[6.3125,13.625,6.375,16],"texture":"#0"}}},{"from":[-10,6.5,14.5],"to":[-8.5,25.5,15],"faces":{"north":{"uv":[6.375,13.625,6.5625,16],"texture":"#0"},"east":{"uv":[6.375,13.625,6.3125,16],"texture":"#0"},"south":{"uv":[6.375,13.625,6.5625,16],"texture":"#0"},"west":{"uv":[6.375,13.625,6.3125,16],"texture":"#0"}}}],"gui_light":"front","display":{"thirdperson_righthand":{"rotation":[67.5,0,0],"translation":[0,1.25,-1],"scale":[0.20898,0.20898,0.20898]},"thirdperson_lefthand":{"rotation":[67.5,0,0],"translation":[0,1.25,-1],"scale":[0.20898,0.20898,0.20898]},"firstperson_righthand":{"translation":[0.25,1,0],"scale":[0.28867,0.28867,0.28867]},"firstperson_lefthand":{"translation":[0.25,1,0],"scale":[0.28867,0.28867,0.28867]},"ground":{"translation":[0,3,0],"scale":[0.35469,0.35469,0.35469]},"gui":{"rotation":[30,225,0],"translation":[2.5,-4.5,0],"scale":[0.46875,0.46875,0.46875]},"head":{"rotation":[0,-180,0],"translation":[0,-3.5,10.75],"scale":[0.5,0.5,0.5]},"fixed":{"translation":[0,-16,-16],"scale":[2,2,2]}}}