{"texture_size":[128,128],"textures":{"0":"custom/furniture/office/office_01","particle":"custom/furniture/office/office_01"},"elements":[{"from":[29,0,0],"to":[31,16,15],"faces":{"north":{"uv":[7.125,0,7.375,2],"texture":"#0"},"east":{"uv":[5.25,0,7.125,2],"texture":"#0"},"south":{"uv":[7.375,0,7.125,2],"texture":"#0"},"west":{"uv":[5.25,0,7.125,2],"texture":"#0"},"up":{"uv":[7.375,0,7.625,1.875],"texture":"#0"},"down":{"uv":[7.375,0,7.625,1.875],"texture":"#0"}}},{"from":[-13,14,0],"to":[29,16,15],"faces":{"north":{"uv":[0,1.875,5.25,2.125],"texture":"#0"},"east":{"uv":[0,2.125,1.875,2.375],"texture":"#0"},"south":{"uv":[5.25,1.875,0,2.125],"texture":"#0"},"west":{"uv":[0,2.125,1.875,2.375],"texture":"#0"},"up":{"uv":[0,0,5.25,1.875],"texture":"#0"},"down":{"uv":[0,0,5.25,1.875],"texture":"#0"}}},{"from":[-7,0,2],"to":[23,14,4],"faces":{"north":{"uv":[7.625,0,11.375,1.75],"texture":"#0"},"east":{"uv":[11.625,0,11.375,1.75],"texture":"#0"},"south":{"uv":[7.625,0,11.375,1.75],"texture":"#0"},"west":{"uv":[11.375,0,11.625,1.75],"texture":"#0"},"up":{"uv":[7.625,1.75,11.375,2],"texture":"#0"},"down":{"uv":[7.625,1.75,11.375,2],"texture":"#0"}}},{"from":[-7,0,4],"to":[-5,14,14],"faces":{"north":{"uv":[1.25,2.375,1.5,4.125],"texture":"#0"},"east":{"uv":[1.25,2.375,0,4.125],"texture":"#0"},"south":{"uv":[1.25,2.375,1.5,4.125],"texture":"#0"},"west":{"uv":[0,2.375,1.25,4.125],"texture":"#0"},"up":{"uv":[1.5,2.375,1.75,3.625],"texture":"#0"},"down":{"uv":[1.5,2.375,1.75,3.625],"texture":"#0"}}},{"from":[21,0,4],"to":[23,14,14],"rotation":{"angle":0,"axis":"y","origin":[16,0,0]},"faces":{"north":{"uv":[1.5,2.375,1.25,4.125],"texture":"#0"},"east":{"uv":[1.25,2.375,0,4.125],"texture":"#0"},"south":{"uv":[1.5,2.375,1.25,4.125],"texture":"#0"},"west":{"uv":[0,2.375,1.25,4.125],"texture":"#0"},"up":{"uv":[1.75,2.375,1.5,3.625],"texture":"#0"},"down":{"uv":[1.75,2.375,1.5,3.625],"texture":"#0"}}}],"gui_light":"front","display":{"thirdperson_righthand":{"rotation":[67.5,0,0],"translation":[-0.25,1,0],"scale":[0.16211,0.16211,0.16211]},"thirdperson_lefthand":{"rotation":[67.5,0,0],"translation":[-0.25,1,0],"scale":[0.16211,0.16211,0.16211]},"firstperson_righthand":{"translation":[2,2.5,0],"scale":[0.35117,0.35117,0.35117]},"firstperson_lefthand":{"translation":[2,2.5,0],"scale":[0.35117,0.35117,0.35117]},"ground":{"translation":[0,3,0],"scale":[0.3,0.3,0.3]},"gui":{"rotation":[30,225,0],"translation":[0.25,0,0],"scale":[0.36328,0.36328,0.36328]},"head":{"rotation":[49.05,0,-90],"translation":[6,1.25,3],"scale":[0.6,0.6,0.6]},"fixed":{"rotation":[-90,0,0],"translation":[-30,1,-16],"scale":[2,2,2]}}}