{"texture_size":[128,128],"textures":{"0":"custom/furniture/office/office_01","particle":"custom/furniture/office/office_01"},"elements":[{"from":[-15.3,2,3],"to":[-5.8,6,4],"faces":{"north":{"uv":[2.625,3,3.8125,3.5],"texture":"#0"},"east":{"uv":[3.8125,3,3.9375,3.5],"texture":"#0"},"south":{"uv":[2.625,3,3.8125,3.5],"texture":"#0"},"west":{"uv":[3.8125,3,3.9375,3.5],"texture":"#0"},"up":{"uv":[2.625,3.5,3.8125,3.625],"texture":"#0"},"down":{"uv":[2.625,3.5,3.8125,3.625],"texture":"#0"}}},{"from":[-4.8,2,3],"to":[4.7,6,4],"faces":{"north":{"uv":[2.625,3,3.8125,3.5],"texture":"#0"},"east":{"uv":[3.8125,3,3.9375,3.5],"texture":"#0"},"south":{"uv":[2.625,3,3.8125,3.5],"texture":"#0"},"west":{"uv":[3.8125,3,3.9375,3.5],"texture":"#0"},"up":{"uv":[2.625,3.5,3.8125,3.625],"texture":"#0"},"down":{"uv":[2.625,3.5,3.8125,3.625],"texture":"#0"}}},{"from":[5.7,2,3],"to":[15.2,6,4],"faces":{"north":{"uv":[2.625,3,3.8125,3.5],"texture":"#0"},"east":{"uv":[3.8125,3,3.9375,3.5],"texture":"#0"},"south":{"uv":[2.625,3,3.8125,3.5],"texture":"#0"},"west":{"uv":[3.8125,3,3.9375,3.5],"texture":"#0"},"up":{"uv":[2.625,3.5,3.8125,3.625],"texture":"#0"},"down":{"uv":[2.625,3.5,3.8125,3.625],"texture":"#0"}}},{"from":[5.7,7,3],"to":[15.2,11,4],"faces":{"north":{"uv":[2.625,3,3.8125,3.5],"texture":"#0"},"east":{"uv":[3.8125,3,3.9375,3.5],"texture":"#0"},"south":{"uv":[2.625,3,3.8125,3.5],"texture":"#0"},"west":{"uv":[3.8125,3,3.9375,3.5],"texture":"#0"},"up":{"uv":[2.625,3.5,3.8125,3.625],"texture":"#0"},"down":{"uv":[2.625,3.5,3.8125,3.625],"texture":"#0"}}},{"from":[-4.8,7,3],"to":[4.7,11,4],"faces":{"north":{"uv":[2.625,3,3.8125,3.5],"texture":"#0"},"east":{"uv":[3.8125,3,3.9375,3.5],"texture":"#0"},"south":{"uv":[2.625,3,3.8125,3.5],"texture":"#0"},"west":{"uv":[3.8125,3,3.9375,3.5],"texture":"#0"},"up":{"uv":[2.625,3.5,3.8125,3.625],"texture":"#0"},"down":{"uv":[2.625,3.5,3.8125,3.625],"texture":"#0"}}},{"from":[-15.3,7,3],"to":[-5.8,11,4],"faces":{"north":{"uv":[2.625,3,3.8125,3.5],"texture":"#0"},"east":{"uv":[3.8125,3,3.9375,3.5],"texture":"#0"},"south":{"uv":[2.625,3,3.8125,3.5],"texture":"#0"},"west":{"uv":[3.8125,3,3.9375,3.5],"texture":"#0"},"up":{"uv":[2.625,3.5,3.8125,3.625],"texture":"#0"},"down":{"uv":[2.625,3.5,3.8125,3.625],"texture":"#0"}}},{"from":[5.7,12,3],"to":[15.2,16,4],"faces":{"north":{"uv":[2.625,3,3.8125,3.5],"texture":"#0"},"east":{"uv":[3.8125,3,3.9375,3.5],"texture":"#0"},"south":{"uv":[2.625,3,3.8125,3.5],"texture":"#0"},"west":{"uv":[3.8125,3,3.9375,3.5],"texture":"#0"},"up":{"uv":[2.625,3.5,3.8125,3.625],"texture":"#0"},"down":{"uv":[2.625,3.5,3.8125,3.625],"texture":"#0"}}},{"from":[-4.8,12,3],"to":[4.7,16,4],"faces":{"north":{"uv":[2.625,3,3.8125,3.5],"texture":"#0"},"east":{"uv":[3.8125,3,3.9375,3.5],"texture":"#0"},"south":{"uv":[2.625,3,3.8125,3.5],"texture":"#0"},"west":{"uv":[3.8125,3,3.9375,3.5],"texture":"#0"},"up":{"uv":[2.625,3.5,3.8125,3.625],"texture":"#0"},"down":{"uv":[2.625,3.5,3.8125,3.625],"texture":"#0"}}},{"from":[-15.3,12,3],"to":[-5.8,16,4],"faces":{"north":{"uv":[2.625,3,3.8125,3.5],"texture":"#0"},"east":{"uv":[3.8125,3,3.9375,3.5],"texture":"#0"},"south":{"uv":[2.625,3,3.8125,3.5],"texture":"#0"},"west":{"uv":[3.8125,3,3.9375,3.5],"texture":"#0"},"up":{"uv":[2.625,3.5,3.8125,3.625],"texture":"#0"},"down":{"uv":[2.625,3.5,3.8125,3.625],"texture":"#0"}}},{"from":[5.7,17,3],"to":[15.2,21,4],"faces":{"north":{"uv":[2.625,3,3.8125,3.5],"texture":"#0"},"east":{"uv":[3.8125,3,3.9375,3.5],"texture":"#0"},"south":{"uv":[2.625,3,3.8125,3.5],"texture":"#0"},"west":{"uv":[3.8125,3,3.9375,3.5],"texture":"#0"},"up":{"uv":[2.625,3.5,3.8125,3.625],"texture":"#0"},"down":{"uv":[2.625,3.5,3.8125,3.625],"texture":"#0"}}},{"from":[-4.8,17,3],"to":[4.7,21,4],"faces":{"north":{"uv":[2.625,3,3.8125,3.5],"texture":"#0"},"east":{"uv":[3.8125,3,3.9375,3.5],"texture":"#0"},"south":{"uv":[2.625,3,3.8125,3.5],"texture":"#0"},"west":{"uv":[3.8125,3,3.9375,3.5],"texture":"#0"},"up":{"uv":[2.625,3.5,3.8125,3.625],"texture":"#0"},"down":{"uv":[2.625,3.5,3.8125,3.625],"texture":"#0"}}},{"from":[-15.3,17,3],"to":[-5.8,21,4],"faces":{"north":{"uv":[2.625,3,3.8125,3.5],"texture":"#0"},"east":{"uv":[3.8125,3,3.9375,3.5],"texture":"#0"},"south":{"uv":[2.625,3,3.8125,3.5],"texture":"#0"},"west":{"uv":[3.8125,3,3.9375,3.5],"texture":"#0"},"up":{"uv":[2.625,3.5,3.8125,3.625],"texture":"#0"},"down":{"uv":[2.625,3.5,3.8125,3.625],"texture":"#0"}}},{"from":[5.7,22,3],"to":[15.2,26,4],"faces":{"north":{"uv":[2.625,3,3.8125,3.5],"texture":"#0"},"east":{"uv":[3.8125,3,3.9375,3.5],"texture":"#0"},"south":{"uv":[2.625,3,3.8125,3.5],"texture":"#0"},"west":{"uv":[3.8125,3,3.9375,3.5],"texture":"#0"},"up":{"uv":[2.625,3.5,3.8125,3.625],"texture":"#0"},"down":{"uv":[2.625,3.5,3.8125,3.625],"texture":"#0"}}},{"from":[-4.8,22,3],"to":[4.7,26,4],"faces":{"north":{"uv":[2.625,3,3.8125,3.5],"texture":"#0"},"east":{"uv":[3.8125,3,3.9375,3.5],"texture":"#0"},"south":{"uv":[2.625,3,3.8125,3.5],"texture":"#0"},"west":{"uv":[3.8125,3,3.9375,3.5],"texture":"#0"},"up":{"uv":[2.625,3.5,3.8125,3.625],"texture":"#0"},"down":{"uv":[2.625,3.5,3.8125,3.625],"texture":"#0"}}},{"from":[-15.3,22,3],"to":[-5.8,26,4],"faces":{"north":{"uv":[2.625,3,3.8125,3.5],"texture":"#0"},"east":{"uv":[3.8125,3,3.9375,3.5],"texture":"#0"},"south":{"uv":[2.625,3,3.8125,3.5],"texture":"#0"},"west":{"uv":[3.8125,3,3.9375,3.5],"texture":"#0"},"up":{"uv":[2.625,3.5,3.8125,3.625],"texture":"#0"},"down":{"uv":[2.625,3.5,3.8125,3.625],"texture":"#0"}}},{"from":[5.7,27,3],"to":[15.2,31,4],"faces":{"north":{"uv":[2.625,3,3.8125,3.5],"texture":"#0"},"east":{"uv":[3.8125,3,3.9375,3.5],"texture":"#0"},"south":{"uv":[2.625,3,3.8125,3.5],"texture":"#0"},"west":{"uv":[3.8125,3,3.9375,3.5],"texture":"#0"},"up":{"uv":[2.625,3.5,3.8125,3.625],"texture":"#0"},"down":{"uv":[2.625,3.5,3.8125,3.625],"texture":"#0"}}},{"from":[-4.8,27,3],"to":[4.7,31,4],"faces":{"north":{"uv":[2.625,3,3.8125,3.5],"texture":"#0"},"east":{"uv":[3.8125,3,3.9375,3.5],"texture":"#0"},"south":{"uv":[2.625,3,3.8125,3.5],"texture":"#0"},"west":{"uv":[3.8125,3,3.9375,3.5],"texture":"#0"},"up":{"uv":[2.625,3.5,3.8125,3.625],"texture":"#0"},"down":{"uv":[2.625,3.5,3.8125,3.625],"texture":"#0"}}},{"from":[-15.3,27,3],"to":[-5.8,31,4],"faces":{"north":{"uv":[2.625,3,3.8125,3.5],"texture":"#0"},"east":{"uv":[3.8125,3,3.9375,3.5],"texture":"#0"},"south":{"uv":[2.625,3,3.8125,3.5],"texture":"#0"},"west":{"uv":[3.8125,3,3.9375,3.5],"texture":"#0"},"up":{"uv":[2.625,3.5,3.8125,3.625],"texture":"#0"},"down":{"uv":[2.625,3.5,3.8125,3.625],"texture":"#0"}}},{"from":[-16,0,3.5],"to":[16,32,16],"rotation":{"angle":0,"axis":"y","origin":[16,0,0]},"faces":{"north":{"uv":[16,4,12,8],"texture":"#0"},"east":{"uv":[10.4375,2,12,6],"texture":"#0"},"south":{"uv":[16,0,12,4],"texture":"#0"},"west":{"uv":[10.4375,2,12,6],"texture":"#0"},"up":{"uv":[16,8,12,9.5625],"texture":"#0"},"down":{"uv":[16,8,12,9.5625],"texture":"#0"}}}],"gui_light":"front","display":{"thirdperson_righthand":{"rotation":[67.5,0,0],"translation":[1.25,1,-0.25],"scale":[0.1582,0.1582,0.1582]},"thirdperson_lefthand":{"rotation":[67.5,0,0],"translation":[-1.25,1,-0.25],"scale":[0.1582,0.1582,0.1582]},"firstperson_righthand":{"translation":[2.5,1.75,0],"scale":[0.29258,0.29258,0.29258]},"firstperson_lefthand":{"translation":[-0.25,1.75,0],"scale":[0.29258,0.29258,0.29258]},"ground":{"translation":[0,3,0],"scale":[0.3918,0.3918,0.3918]},"gui":{"rotation":[30,225,0],"translation":[-1.5,-3.75,0],"scale":[0.35938,0.35938,0.35938]},"head":{"rotation":[90,0,0],"translation":[4,8.5,-4],"scale":[0.5,0.5,0.5]},"fixed":{"rotation":[-90,0,0],"translation":[0,0,-16],"scale":[2,2,2]}}}