{"texture_size":[128,128],"textures":{"0":"custom/furniture/office/office_01","1":"custom/furniture/office/office_02","particle":"custom/furniture/office/office_01"},"elements":[{"from":[1,0,2],"to":[15,1,14],"rotation":{"angle":0,"axis":"y","origin":[16,0,0]},"faces":{"north":{"uv":[3.75,1.875,2,2],"texture":"#1"},"south":{"uv":[3.75,1.875,2,2],"texture":"#1"},"up":{"uv":[3.75,2,2,3.5],"texture":"#1"},"down":{"uv":[3.75,2.125,2,3.625],"texture":"#1"}}},{"from":[1,7,2],"to":[15,8,15],"rotation":{"angle":0,"axis":"y","origin":[16,0,0]},"faces":{"north":{"uv":[3.75,3.625,2,3.75],"texture":"#1"},"south":{"uv":[3.75,3.625,2,3.75],"texture":"#1"},"up":{"uv":[3.75,2,2,3.625],"texture":"#1"},"down":{"uv":[3.75,2,2,3.625],"texture":"#1"}}},{"from":[1,14,2],"to":[15,15,15],"rotation":{"angle":0,"axis":"y","origin":[16,0,0]},"faces":{"north":{"uv":[3.75,3.875,2,3.75],"texture":"#1"},"south":{"uv":[3.75,3.875,2,3.75],"texture":"#1"},"up":{"uv":[3.75,2,2,3.625],"texture":"#1"},"down":{"uv":[3.75,2,2,3.625],"texture":"#1"}}},{"from":[-16,15,1],"to":[16,16,14],"faces":{"north":{"uv":[12,1.625,16,1.75],"texture":"#1"},"east":{"uv":[2.125,3.875,3.75,4],"texture":"#1"},"south":{"uv":[12,1.625,16,1.75],"texture":"#1"},"west":{"uv":[2.125,3.875,3.75,4],"texture":"#1"},"up":{"uv":[12,0,16,1.625],"texture":"#1"},"down":{"uv":[12,0,16,1.625],"texture":"#1"}}},{"from":[-16,15,14],"to":[16,27,16],"rotation":{"angle":0,"axis":"y","origin":[16,0,0]},"faces":{"north":{"uv":[7.5,14.5,3.5,16],"texture":"#1"},"east":{"uv":[7.75,14.5,7.5,16],"texture":"#1"},"south":{"uv":[7.5,14.5,3.5,16],"texture":"#1"},"west":{"uv":[7.75,14.5,7.5,16],"texture":"#1"},"up":{"uv":[7.5,14.25,3.5,14.5],"texture":"#1"},"down":{"uv":[7.5,14.25,3.5,14.5],"texture":"#1"}}},{"from":[15,0,2],"to":[16,15,16],"rotation":{"angle":0,"axis":"y","origin":[16,0,0]},"faces":{"north":{"uv":[0.125,0,0,1.875],"texture":"#1"},"east":{"uv":[2,0,3.75,1.875],"texture":"#1"},"south":{"uv":[0.125,1.875,0,3.75],"texture":"#1"},"west":{"uv":[0,1.875,1.75,3.75],"texture":"#1"},"up":{"uv":[0.125,3.75,0,5.5],"texture":"#1"},"down":{"uv":[0.125,3.75,0,5.5],"texture":"#1"}}},{"from":[-16,0,2],"to":[1,15,16],"rotation":{"angle":0,"axis":"y","origin":[16,0,0]},"faces":{"north":{"uv":[2.125,0,0,1.875],"texture":"#1"},"east":{"uv":[0,1.875,1.75,3.75],"texture":"#1"},"south":{"uv":[2.125,1.875,0,3.75],"texture":"#1"},"west":{"uv":[2,0,3.75,1.875],"texture":"#1"},"up":{"uv":[2.125,3.75,0,5.5],"texture":"#1"},"down":{"uv":[2.125,3.6875,0,5.4375],"texture":"#1"}}},{"from":[-16,22,6],"to":[16,23,14],"faces":{"north":{"uv":[8,1,12,1.125],"texture":"#1"},"east":{"uv":[2.125,4,3.125,4.125],"texture":"#1"},"south":{"uv":[8,1,12,1.125],"texture":"#1"},"west":{"uv":[2.125,4,3.125,4.125],"texture":"#1"},"up":{"uv":[8,0,12,1],"texture":"#1"},"down":{"uv":[8,0,12,1],"texture":"#1"}}},{"from":[1,0,14],"to":[15,15,16],"rotation":{"angle":0,"axis":"y","origin":[16,0,0]},"faces":{"north":{"uv":[1.75,1.875,0,3.75],"texture":"#1"},"east":{"uv":[2,0,2.25,1.875],"texture":"#1"},"south":{"uv":[1.75,1.875,0,3.75],"texture":"#1"},"west":{"uv":[2,0,2.25,1.875],"texture":"#1"},"up":{"uv":[1.75,3.75,0,4],"texture":"#1"},"down":{"uv":[1.9375,5.4375,0.1875,5.1875],"texture":"#1"}}},{"from":[-15.3,10.5,1.5],"to":[-0.8,14.5,2.5],"faces":{"north":{"uv":[9.5,12.125,11.3125,12.625],"texture":"#0"},"east":{"uv":[3.8125,3,3.9375,3.5],"texture":"#0"},"south":{"uv":[9.5,12.125,11.3125,12.625],"texture":"#0"},"west":{"uv":[3.8125,3,3.9375,3.5],"texture":"#0"},"up":{"uv":[9.5,12,11.3125,12.125],"texture":"#0"},"down":{"uv":[9.5,12,11.3125,12.125],"texture":"#0"}}},{"from":[-15.3,6,1.5],"to":[-0.8,10,2.5],"faces":{"north":{"uv":[9.5,12.125,11.3125,12.625],"texture":"#0"},"east":{"uv":[3.8125,3,3.9375,3.5],"texture":"#0"},"south":{"uv":[9.5,12.125,11.3125,12.625],"texture":"#0"},"west":{"uv":[3.8125,3,3.9375,3.5],"texture":"#0"},"up":{"uv":[9.5,12,11.3125,12.125],"texture":"#0"},"down":{"uv":[9.5,12,11.3125,12.125],"texture":"#0"}}},{"from":[-15.3,1.5,1.5],"to":[-0.8,5.5,2.5],"faces":{"north":{"uv":[9.5,12.125,11.3125,12.625],"texture":"#0"},"east":{"uv":[3.8125,3,3.9375,3.5],"texture":"#0"},"south":{"uv":[9.5,12.125,11.3125,12.625],"texture":"#0"},"west":{"uv":[3.8125,3,3.9375,3.5],"texture":"#0"},"up":{"uv":[9.5,12,11.3125,12.125],"texture":"#0"},"down":{"uv":[9.5,12,11.3125,12.125],"texture":"#0"}}},{"from":[4.5,23,7.5],"to":[6.5,30,12.5],"faces":{"north":{"uv":[1.625,6.25,1.875,7.125],"texture":"#1"},"east":{"uv":[1.625,6.25,1,7.125],"texture":"#1"},"south":{"uv":[1.875,6.25,2.125,7.125],"texture":"#1"},"west":{"uv":[1,6.25,1.625,7.125],"texture":"#1"},"up":{"uv":[3.125,4.6875,3.375,5.3125],"texture":"#1"},"down":{"uv":[3.125,4.6875,3.375,5.3125],"texture":"#1"}}},{"from":[6,7.5,5.5],"to":[13,9.5,10.5],"faces":{"north":{"uv":[1.625,6.25,1.875,7.125],"rotation":90,"texture":"#1"},"east":{"uv":[3.125,4.6875,3.375,5.3125],"rotation":270,"texture":"#1"},"south":{"uv":[1.875,6.25,2.125,7.125],"rotation":270,"texture":"#1"},"west":{"uv":[3.125,4.6875,3.375,5.3125],"rotation":270,"texture":"#1"},"up":{"uv":[1.625,6.25,1,7.125],"rotation":270,"texture":"#1"},"down":{"uv":[1,6.25,1.625,7.125],"rotation":270,"texture":"#1"}}},{"from":[7,9.5,7.5],"to":[14,11.5,12.5],"faces":{"north":{"uv":[1,7.125,1.25,8],"rotation":90,"texture":"#1"},"east":{"uv":[3.125,4.6875,3.375,5.3125],"rotation":270,"texture":"#1"},"south":{"uv":[1.875,6.25,2.125,7.125],"rotation":270,"texture":"#1"},"west":{"uv":[3.125,4.6875,3.375,5.3125],"rotation":270,"texture":"#1"},"up":{"uv":[1.875,7.125,1.25,8],"rotation":270,"texture":"#1"},"down":{"uv":[1.25,7.125,1.875,8],"rotation":270,"texture":"#1"}}},{"from":[4,23,7],"to":[13,26,7.5],"faces":{"north":{"uv":[2.125,5.3125,3.25,5.6875],"texture":"#1"},"south":{"uv":[2.125,5.3125,3.25,5.6875],"texture":"#1"},"up":{"uv":[2.125,5.6875,3.25,5.75],"texture":"#1"},"down":{"uv":[2.125,5.6875,3.25,5.75],"texture":"#1"}}},{"from":[4,23,7],"to":[4,30,13],"faces":{"north":{"uv":[3.25,5.625,3.25,6.5],"texture":"#1"},"east":{"uv":[4,5.625,3.25,6.5],"texture":"#1"},"south":{"uv":[3.25,5.625,3.25,6.5],"texture":"#1"},"west":{"uv":[3.25,5.625,4,6.5],"texture":"#1"},"up":{"uv":[3.25,5.625,3.25,6.375],"texture":"#1"},"down":{"uv":[3.25,5.625,3.25,6.375],"texture":"#1"}}},{"from":[7,23,7],"to":[7,30,13],"faces":{"north":{"uv":[3.25,5.625,3.25,6.5],"texture":"#1"},"east":{"uv":[4,5.625,3.25,6.5],"texture":"#1"},"south":{"uv":[3.25,5.625,3.25,6.5],"texture":"#1"},"west":{"uv":[3.25,5.625,4,6.5],"texture":"#1"},"up":{"uv":[3.25,5.625,3.25,6.375],"texture":"#1"},"down":{"uv":[3.25,5.625,3.25,6.375],"texture":"#1"}}},{"from":[10,23,7],"to":[10,30,13],"faces":{"north":{"uv":[3.25,5.625,3.25,6.5],"texture":"#1"},"east":{"uv":[4,5.625,3.25,6.5],"texture":"#1"},"south":{"uv":[3.25,5.625,3.25,6.5],"texture":"#1"},"west":{"uv":[3.25,5.625,4,6.5],"texture":"#1"},"up":{"uv":[3.25,5.625,3.25,6.375],"texture":"#1"},"down":{"uv":[3.25,5.625,3.25,6.375],"texture":"#1"}}},{"from":[13,23,7],"to":[13,30,13],"faces":{"north":{"uv":[3.25,5.625,3.25,6.5],"texture":"#1"},"east":{"uv":[4,5.625,3.25,6.5],"texture":"#1"},"south":{"uv":[3.25,5.625,3.25,6.5],"texture":"#1"},"west":{"uv":[3.25,5.625,4,6.5],"texture":"#1"},"up":{"uv":[3.25,5.625,3.25,6.375],"texture":"#1"},"down":{"uv":[3.25,5.625,3.25,6.375],"texture":"#1"}}},{"from":[4,23,12.5],"to":[13,29.5,13],"faces":{"north":{"uv":[2.125,5.75,3.25,6.5625],"texture":"#1"},"south":{"uv":[2.125,5.75,3.25,6.5625],"texture":"#1"},"up":{"uv":[2.125,6.5625,3.25,6.625],"texture":"#1"},"down":{"uv":[2.125,6.5625,3.25,6.625],"texture":"#1"}}},{"from":[4,23,7],"to":[13,23,13],"faces":{"north":{"uv":[0,0,1.125,0],"texture":"#missing"},"east":{"uv":[0,0,0.75,0],"texture":"#missing"},"south":{"uv":[0,0,1.125,0],"texture":"#missing"},"west":{"uv":[0,0,0.75,0],"texture":"#missing"},"up":{"uv":[1,5.5,2.125,6.25],"texture":"#1"},"down":{"uv":[1,5.5,2.125,6.25],"texture":"#1"}}},{"from":[1,16,8],"to":[1,23,14],"rotation":{"angle":22.5,"axis":"y","origin":[0,0,0]},"faces":{"north":{"uv":[3.25,5.625,3.25,6.5],"texture":"#1"},"east":{"uv":[4,5.625,3.25,6.5],"texture":"#1"},"south":{"uv":[3.25,5.625,3.25,6.5],"texture":"#1"},"west":{"uv":[3.25,5.625,4,6.5],"texture":"#1"},"up":{"uv":[3.25,5.625,3.25,6.375],"texture":"#1"},"down":{"uv":[3.25,5.625,3.25,6.375],"texture":"#1"}}},{"from":[1,16,8],"to":[10,19,8.5],"rotation":{"angle":22.5,"axis":"y","origin":[0,0,0]},"faces":{"north":{"uv":[2.125,5.3125,3.25,5.6875],"texture":"#1"},"south":{"uv":[2.125,5.3125,3.25,5.6875],"texture":"#1"},"up":{"uv":[2.125,5.6875,3.25,5.75],"texture":"#1"},"down":{"uv":[2.125,5.6875,3.25,5.75],"texture":"#1"}}},{"from":[7,16,8],"to":[7,23,14],"rotation":{"angle":22.5,"axis":"y","origin":[0,0,0]},"faces":{"north":{"uv":[3.25,5.625,3.25,6.5],"texture":"#1"},"east":{"uv":[4,5.625,3.25,6.5],"texture":"#1"},"south":{"uv":[3.25,5.625,3.25,6.5],"texture":"#1"},"west":{"uv":[3.25,5.625,4,6.5],"texture":"#1"},"up":{"uv":[3.25,5.625,3.25,6.375],"texture":"#1"},"down":{"uv":[3.25,5.625,3.25,6.375],"texture":"#1"}}},{"from":[10,16,8],"to":[10,23,14],"rotation":{"angle":22.5,"axis":"y","origin":[0,0,0]},"faces":{"north":{"uv":[3.25,5.625,3.25,6.5],"texture":"#1"},"east":{"uv":[4,5.625,3.25,6.5],"texture":"#1"},"south":{"uv":[3.25,5.625,3.25,6.5],"texture":"#1"},"west":{"uv":[3.25,5.625,4,6.5],"texture":"#1"},"up":{"uv":[3.25,5.625,3.25,6.375],"texture":"#1"},"down":{"uv":[3.25,5.625,3.25,6.375],"texture":"#1"}}},{"from":[4,16,8],"to":[4,23,14],"rotation":{"angle":22.5,"axis":"y","origin":[0,0,0]},"faces":{"north":{"uv":[3.25,5.625,3.25,6.5],"texture":"#1"},"east":{"uv":[4,5.625,3.25,6.5],"texture":"#1"},"south":{"uv":[3.25,5.625,3.25,6.5],"texture":"#1"},"west":{"uv":[3.25,5.625,4,6.5],"texture":"#1"},"up":{"uv":[3.25,5.625,3.25,6.375],"texture":"#1"},"down":{"uv":[3.25,5.625,3.25,6.375],"texture":"#1"}}},{"from":[1,16,13.5],"to":[10,22.5,14],"rotation":{"angle":22.5,"axis":"y","origin":[0,0,0]},"faces":{"north":{"uv":[2.125,5.75,3.25,6.5625],"texture":"#1"},"south":{"uv":[2.125,5.75,3.25,6.5625],"texture":"#1"},"up":{"uv":[2.125,6.5625,3.25,6.625],"texture":"#1"},"down":{"uv":[2.125,6.5625,3.25,6.625],"texture":"#1"}}},{"from":[1,16,8],"to":[10,16,14],"rotation":{"angle":22.5,"axis":"y","origin":[0,0,0]},"faces":{"north":{"uv":[0,0,1.125,0],"texture":"#missing"},"east":{"uv":[0,0,0.75,0],"texture":"#missing"},"south":{"uv":[0,0,1.125,0],"texture":"#missing"},"west":{"uv":[0,0,0.75,0],"texture":"#missing"},"up":{"uv":[1,5.5,2.125,6.25],"texture":"#1"},"down":{"uv":[1,5.5,2.125,6.25],"texture":"#1"}}},{"from":[-6.5,23,7.5],"to":[-4.5,30,12.5],"faces":{"north":{"uv":[1.625,6.25,1.875,7.125],"texture":"#1"},"east":{"uv":[1.625,6.25,1,7.125],"texture":"#1"},"south":{"uv":[1.875,6.25,2.125,7.125],"texture":"#1"},"west":{"uv":[1,6.25,1.625,7.125],"texture":"#1"},"up":{"uv":[3.125,4.6875,3.375,5.3125],"texture":"#1"},"down":{"uv":[3.125,4.6875,3.375,5.3125],"texture":"#1"}}},{"from":[-0.5,23,7.5],"to":[1.5,30,12.5],"faces":{"north":{"uv":[1,7.125,1.25,8],"texture":"#1"},"east":{"uv":[1.875,7.125,1.25,8],"texture":"#1"},"south":{"uv":[1.875,6.25,2.125,7.125],"texture":"#1"},"west":{"uv":[1.25,7.125,1.875,8],"texture":"#1"},"up":{"uv":[3.125,4.6875,3.375,5.3125],"texture":"#1"},"down":{"uv":[3.125,4.6875,3.375,5.3125],"texture":"#1"}}},{"from":[-3.5,23,7.5],"to":[-1.5,30,12.5],"faces":{"north":{"uv":[1,7.125,1.25,8],"texture":"#1"},"east":{"uv":[1.875,7.125,1.25,8],"texture":"#1"},"south":{"uv":[1.875,6.25,2.125,7.125],"texture":"#1"},"west":{"uv":[1.25,7.125,1.875,8],"texture":"#1"},"up":{"uv":[3.125,4.6875,3.375,5.3125],"texture":"#1"},"down":{"uv":[3.125,4.6875,3.375,5.3125],"texture":"#1"}}},{"from":[-7,23,7],"to":[2,26,7.5],"faces":{"north":{"uv":[2.125,5.3125,3.25,5.6875],"texture":"#1"},"south":{"uv":[2.125,5.3125,3.25,5.6875],"texture":"#1"},"up":{"uv":[2.125,5.6875,3.25,5.75],"texture":"#1"},"down":{"uv":[2.125,5.6875,3.25,5.75],"texture":"#1"}}},{"from":[-7,23,7],"to":[-7,30,13],"faces":{"north":{"uv":[3.25,5.625,3.25,6.5],"texture":"#1"},"east":{"uv":[4,5.625,3.25,6.5],"texture":"#1"},"south":{"uv":[3.25,5.625,3.25,6.5],"texture":"#1"},"west":{"uv":[3.25,5.625,4,6.5],"texture":"#1"},"up":{"uv":[3.25,5.625,3.25,6.375],"texture":"#1"},"down":{"uv":[3.25,5.625,3.25,6.375],"texture":"#1"}}},{"from":[-4,23,7],"to":[-4,30,13],"faces":{"north":{"uv":[3.25,5.625,3.25,6.5],"texture":"#1"},"east":{"uv":[4,5.625,3.25,6.5],"texture":"#1"},"south":{"uv":[3.25,5.625,3.25,6.5],"texture":"#1"},"west":{"uv":[3.25,5.625,4,6.5],"texture":"#1"},"up":{"uv":[3.25,5.625,3.25,6.375],"texture":"#1"},"down":{"uv":[3.25,5.625,3.25,6.375],"texture":"#1"}}},{"from":[-1,23,7],"to":[-1,30,13],"faces":{"north":{"uv":[3.25,5.625,3.25,6.5],"texture":"#1"},"east":{"uv":[4,5.625,3.25,6.5],"texture":"#1"},"south":{"uv":[3.25,5.625,3.25,6.5],"texture":"#1"},"west":{"uv":[3.25,5.625,4,6.5],"texture":"#1"},"up":{"uv":[3.25,5.625,3.25,6.375],"texture":"#1"},"down":{"uv":[3.25,5.625,3.25,6.375],"texture":"#1"}}},{"from":[2,23,7],"to":[2,30,13],"faces":{"north":{"uv":[3.25,5.625,3.25,6.5],"texture":"#1"},"east":{"uv":[4,5.625,3.25,6.5],"texture":"#1"},"south":{"uv":[3.25,5.625,3.25,6.5],"texture":"#1"},"west":{"uv":[3.25,5.625,4,6.5],"texture":"#1"},"up":{"uv":[3.25,5.625,3.25,6.375],"texture":"#1"},"down":{"uv":[3.25,5.625,3.25,6.375],"texture":"#1"}}},{"from":[-7,23,12.5],"to":[2,29.5,13],"faces":{"north":{"uv":[2.125,5.75,3.25,6.5625],"texture":"#1"},"south":{"uv":[2.125,5.75,3.25,6.5625],"texture":"#1"},"up":{"uv":[2.125,6.5625,3.25,6.625],"texture":"#1"},"down":{"uv":[2.125,6.5625,3.25,6.625],"texture":"#1"}}},{"from":[-7,23,7],"to":[2,23,13],"faces":{"north":{"uv":[0,0,1.125,0],"texture":"#missing"},"east":{"uv":[0,0,0.75,0],"texture":"#missing"},"south":{"uv":[0,0,1.125,0],"texture":"#missing"},"west":{"uv":[0,0,0.75,0],"texture":"#missing"},"up":{"uv":[1,5.5,2.125,6.25],"texture":"#1"},"down":{"uv":[1,5.5,2.125,6.25],"texture":"#1"}}}],"gui_light":"front","display":{"thirdperson_righthand":{"rotation":[67.5,0,0],"translation":[1.5,1.25,0],"scale":[0.16992,0.16992,0.16992]},"thirdperson_lefthand":{"rotation":[67.5,0,0],"translation":[-1.25,1.25,0],"scale":[0.16992,0.16992,0.16992]},"firstperson_righthand":{"translation":[3,2,0],"scale":[0.27891,0.27891,0.27891]},"firstperson_lefthand":{"translation":[-1.5,2,0],"scale":[0.27891,0.27891,0.27891]},"ground":{"translation":[0,3,0],"scale":[0.3918,0.3918,0.3918]},"gui":{"rotation":[30,225,0],"translation":[-1.75,-3,0],"scale":[0.38477,0.38477,0.38477]},"head":{"rotation":[90,0,0],"translation":[4,10.85,-2.75],"scale":[0.5,0.5,0.5]},"fixed":{"rotation":[-90,0,0],"translation":[0,0,-16],"scale":[2,2,2]}}}