{"texture_size":[128,128],"textures":{"1":"custom/furniture/office/office_02","particle":"custom/furniture/office/office_01"},"elements":[{"from":[1,-9,2],"to":[15,-8,15],"rotation":{"angle":0,"axis":"y","origin":[16,0,0]},"faces":{"north":{"uv":[3.75,3.625,2,3.75],"texture":"#1"},"south":{"uv":[3.75,3.625,2,3.75],"texture":"#1"},"up":{"uv":[3.75,2,2,3.625],"texture":"#1"},"down":{"uv":[3.75,2,2,3.625],"texture":"#1"}}},{"from":[1,-2,2],"to":[15,-1,15],"rotation":{"angle":0,"axis":"y","origin":[16,0,0]},"faces":{"north":{"uv":[3.75,3.875,2,3.75],"texture":"#1"},"south":{"uv":[3.75,3.875,2,3.75],"texture":"#1"},"up":{"uv":[3.75,2,2,3.625],"texture":"#1"},"down":{"uv":[3.75,2,2,3.625],"texture":"#1"}}},{"from":[-15,-1,1],"to":[15,0,14],"faces":{"north":{"uv":[12,1.625,15.75,1.75],"texture":"#1"},"east":{"uv":[2,3.875,3.625,4],"texture":"#1"},"south":{"uv":[12,1.625,15.75,1.75],"texture":"#1"},"west":{"uv":[2,3.875,3.625,4],"texture":"#1"},"up":{"uv":[12.125,0,15.875,1.625],"texture":"#1"},"down":{"uv":[1.75,0,5.5,1.625],"texture":"#1"}}},{"from":[-14,8,3],"to":[14,9,14],"faces":{"north":{"uv":[12.5,3.125,16,3.25],"texture":"#1"},"south":{"uv":[12,1.625,15.5,1.75],"texture":"#1"},"up":{"uv":[12.5,1.75,16,3.125],"texture":"#1"},"down":{"uv":[1.75,0,5.25,1.375],"texture":"#1"}}},{"from":[-14,17,3],"to":[14,18,14],"faces":{"north":{"uv":[12.5,3.125,16,3.25],"texture":"#1"},"south":{"uv":[12,1.625,15.5,1.75],"texture":"#1"},"up":{"uv":[12.5,1.75,16,3.125],"texture":"#1"},"down":{"uv":[1.75,0,5.25,1.375],"texture":"#1"}}},{"from":[-14,-1,14],"to":[14,28,16],"rotation":{"angle":0,"axis":"y","origin":[16,0,0]},"faces":{"north":{"uv":[3.5,12.375,0,16],"texture":"#1"},"south":{"uv":[3.5,12.375,0,16],"texture":"#1"},"up":{"uv":[3.5,12.125,0,12.375],"texture":"#1"},"down":{"uv":[3.5,12.125,0,12.375],"texture":"#1"}}},{"from":[-14,26,2],"to":[14,28,14],"rotation":{"angle":0,"axis":"y","origin":[16,0,0]},"faces":{"north":{"uv":[16,4.75,12.5,5],"texture":"#1"},"south":{"uv":[16,4.75,12.5,5],"texture":"#1"},"up":{"uv":[16,3.25,12.5,4.75],"texture":"#1"},"down":{"uv":[16,3.25,12.5,4.75],"texture":"#1"}}},{"from":[-16,-1,2],"to":[-14,28,16],"faces":{"north":{"uv":[7.25,0,7.5,3.625],"texture":"#1"},"east":{"uv":[7.25,0,5.5,3.625],"texture":"#1"},"south":{"uv":[7.25,0,7.5,3.625],"texture":"#1"},"west":{"uv":[5.5,0,3.75,3.625],"texture":"#1"},"up":{"uv":[3.75,3.625,4,5.375],"texture":"#1"},"down":{"uv":[3.75,3.625,4,5.375],"texture":"#1"}}},{"from":[14,-1,2],"to":[16,28,16],"rotation":{"angle":0,"axis":"y","origin":[16,0,0]},"faces":{"north":{"uv":[7.5,0,7.25,3.625],"texture":"#1"},"east":{"uv":[3.75,0,5.5,3.625],"texture":"#1"},"south":{"uv":[7.5,0,7.25,3.625],"texture":"#1"},"west":{"uv":[5.5,0,7.25,3.625],"texture":"#1"},"up":{"uv":[4,3.625,3.75,5.375],"texture":"#1"},"down":{"uv":[4,3.625,3.75,5.375],"texture":"#1"}}},{"from":[15,-16,2],"to":[16,-1,16],"rotation":{"angle":0,"axis":"y","origin":[16,0,0]},"faces":{"north":{"uv":[0.125,0,0,1.875],"texture":"#1"},"east":{"uv":[2,0,3.75,1.875],"texture":"#1"},"south":{"uv":[0.125,1.875,0,3.75],"texture":"#1"},"west":{"uv":[0,1.875,1.75,3.75],"texture":"#1"},"up":{"uv":[0.125,3.75,0,5.5],"texture":"#1"},"down":{"uv":[0.125,3.75,0,5.5],"texture":"#1"}}},{"from":[1,-16,14],"to":[15,-1,16],"rotation":{"angle":0,"axis":"y","origin":[16,0,0]},"faces":{"north":{"uv":[1.75,1.875,0,3.75],"texture":"#1"},"east":{"uv":[2,0,2.25,1.875],"texture":"#1"},"south":{"uv":[1.75,1.875,0,3.75],"texture":"#1"},"west":{"uv":[2,0,2.25,1.875],"texture":"#1"},"up":{"uv":[1.75,3.75,0,4],"texture":"#1"},"down":{"uv":[1.9375,5.4375,0.1875,5.1875],"texture":"#1"}}},{"from":[-16,-16,2],"to":[1,-1,16],"rotation":{"angle":0,"axis":"y","origin":[16,0,0]},"faces":{"north":{"uv":[2.125,0,0,1.875],"texture":"#1"},"east":{"uv":[0,1.875,1.75,3.75],"texture":"#1"},"south":{"uv":[2.125,1.875,0,3.75],"texture":"#1"},"west":{"uv":[2,0,3.75,1.875],"texture":"#1"},"up":{"uv":[2.125,3.75,0,5.5],"texture":"#1"},"down":{"uv":[2.125,3.6875,0,5.4375],"texture":"#1"}}},{"from":[1,-16,2],"to":[15,-15,14],"rotation":{"angle":0,"axis":"y","origin":[16,0,0]},"faces":{"north":{"uv":[3.75,1.875,2,2],"texture":"#1"},"south":{"uv":[3.75,1.875,2,2],"texture":"#1"},"up":{"uv":[3.75,2,2,3.5],"texture":"#1"},"down":{"uv":[3.75,2.125,2,3.625],"texture":"#1"}}},{"from":[-15.3,-8,1.5],"to":[-0.8,-2,2.5],"faces":{"north":{"uv":[4,3.625,5.8125,4.375],"texture":"#1"},"east":{"uv":[5.8125,3.625,5.9375,4.375],"texture":"#1"},"south":{"uv":[4,3.625,5.8125,4.375],"texture":"#1"},"west":{"uv":[5.8125,3.625,5.9375,4.375],"texture":"#1"},"up":{"uv":[4,4.375,5.8125,4.5],"texture":"#1"},"down":{"uv":[4,4.375,5.8125,4.5],"texture":"#1"}}},{"from":[-15.3,-14.5,1.5],"to":[-0.8,-8.5,2.5],"faces":{"north":{"uv":[4,3.625,5.8125,4.375],"texture":"#1"},"east":{"uv":[5.8125,3.625,5.9375,4.375],"texture":"#1"},"south":{"uv":[4,3.625,5.8125,4.375],"texture":"#1"},"west":{"uv":[5.8125,3.625,5.9375,4.375],"texture":"#1"},"up":{"uv":[4,4.375,5.8125,4.5],"texture":"#1"},"down":{"uv":[4,4.375,5.8125,4.5],"texture":"#1"}}},{"from":[12.5,-8,10.5],"to":[13.5,-7.5,11.5],"rotation":{"angle":0,"axis":"y","origin":[16,0,16]},"faces":{"north":{"uv":[3.25,4,3.125,4.0625],"texture":"#1"},"east":{"uv":[3.25,4,3.125,4.0625],"texture":"#1"},"south":{"uv":[3.25,4,3.125,4.0625],"texture":"#1"},"west":{"uv":[3.25,4,3.125,4.0625],"texture":"#1"},"up":{"uv":[3.125,4.1875,3.25,4.0625],"texture":"#1"},"down":{"uv":[3.125,4.1875,3.25,4.0625],"texture":"#1"}}},{"from":[12.5,-8,4.5],"to":[13.5,-7.5,5.5],"rotation":{"angle":0,"axis":"y","origin":[16,0,16]},"faces":{"north":{"uv":[3.25,4,3.125,4.0625],"texture":"#1"},"east":{"uv":[3.25,4,3.125,4.0625],"texture":"#1"},"south":{"uv":[3.25,4,3.125,4.0625],"texture":"#1"},"west":{"uv":[3.25,4,3.125,4.0625],"texture":"#1"},"up":{"uv":[3.125,4.1875,3.25,4.0625],"texture":"#1"},"down":{"uv":[3.125,4.1875,3.25,4.0625],"texture":"#1"}}},{"from":[6.5,-8,4.5],"to":[7.5,-7.5,5.5],"rotation":{"angle":0,"axis":"y","origin":[0,0,16]},"faces":{"north":{"uv":[3.125,4,3.25,4.0625],"texture":"#1"},"east":{"uv":[3.125,4,3.25,4.0625],"texture":"#1"},"south":{"uv":[3.125,4,3.25,4.0625],"texture":"#1"},"west":{"uv":[3.125,4,3.25,4.0625],"texture":"#1"},"up":{"uv":[3.25,4.1875,3.125,4.0625],"texture":"#1"},"down":{"uv":[3.25,4.1875,3.125,4.0625],"texture":"#1"}}},{"from":[6.5,-8,10.5],"to":[7.5,-7.5,11.5],"rotation":{"angle":0,"axis":"y","origin":[0,0,16]},"faces":{"north":{"uv":[3.125,4,3.25,4.0625],"texture":"#1"},"east":{"uv":[3.125,4,3.25,4.0625],"texture":"#1"},"south":{"uv":[3.125,4,3.25,4.0625],"texture":"#1"},"west":{"uv":[3.125,4,3.25,4.0625],"texture":"#1"},"up":{"uv":[3.25,4.1875,3.125,4.0625],"texture":"#1"},"down":{"uv":[3.25,4.1875,3.125,4.0625],"texture":"#1"}}},{"from":[7,-7.3,3],"to":[10,-4.3,4],"rotation":{"angle":0,"axis":"y","origin":[0,0,16]},"faces":{"north":{"uv":[3.75,4,3.375,4.375],"texture":"#1"},"east":{"uv":[3.25,4,3.375,4.375],"texture":"#1"},"south":{"uv":[3.75,4,3.375,4.375],"texture":"#1"},"west":{"uv":[3.375,4,3.25,4.375],"texture":"#1"},"up":{"uv":[3.375,4.5,3.75,4.375],"texture":"#1"},"down":{"uv":[3.75,4.375,3.375,4.5],"texture":"#1"}}},{"from":[6,-7.5,4],"to":[14,-4,12],"rotation":{"angle":0,"axis":"y","origin":[0,0,16]},"faces":{"north":{"uv":[1,5.9375,0,6.375],"texture":"#1"},"east":{"uv":[0,5.5,1,5.9375],"texture":"#1"},"south":{"uv":[1,6.375,0,6.8125],"texture":"#1"},"west":{"uv":[1,5.5,0,5.9375],"texture":"#1"},"up":{"uv":[0,7.8125,1,6.8125],"texture":"#1"},"down":{"uv":[0,7.8125,1,6.8125],"texture":"#1"}}},{"from":[4,0,4],"to":[13,3,4.5],"faces":{"north":{"uv":[2.125,5.3125,3.25,5.6875],"texture":"#1"},"south":{"uv":[2.125,5.3125,3.25,5.6875],"texture":"#1"},"up":{"uv":[2.125,5.6875,3.25,5.75],"texture":"#1"},"down":{"uv":[2.125,5.6875,3.25,5.75],"texture":"#1"}}},{"from":[7.5,0,4.5],"to":[9.5,7,9.5],"faces":{"north":{"uv":[1.625,6.25,1.875,7.125],"texture":"#1"},"east":{"uv":[1.625,6.25,1,7.125],"texture":"#1"},"south":{"uv":[1.875,6.25,2.125,7.125],"texture":"#1"},"west":{"uv":[1,6.25,1.625,7.125],"texture":"#1"},"up":{"uv":[3.125,4.6875,3.375,5.3125],"texture":"#1"},"down":{"uv":[3.125,4.6875,3.375,5.3125],"texture":"#1"}}},{"from":[4.5,0,4.5],"to":[6.5,7,9.5],"faces":{"north":{"uv":[1.625,6.25,1.875,7.125],"texture":"#1"},"east":{"uv":[1.625,6.25,1,7.125],"texture":"#1"},"south":{"uv":[1.875,6.25,2.125,7.125],"texture":"#1"},"west":{"uv":[1,6.25,1.625,7.125],"texture":"#1"},"up":{"uv":[3.125,4.6875,3.375,5.3125],"texture":"#1"},"down":{"uv":[3.125,4.6875,3.375,5.3125],"texture":"#1"}}},{"from":[10.5,0,4.5],"to":[12.5,7,9.5],"faces":{"north":{"uv":[1,7.125,1.25,8],"texture":"#1"},"east":{"uv":[1.875,7.125,1.25,8],"texture":"#1"},"south":{"uv":[1.875,6.25,2.125,7.125],"texture":"#1"},"west":{"uv":[1.25,7.125,1.875,8],"texture":"#1"},"up":{"uv":[3.125,4.6875,3.375,5.3125],"texture":"#1"},"down":{"uv":[3.125,4.6875,3.375,5.3125],"texture":"#1"}}},{"from":[-2.5,0,4.5],"to":[-0.5,7,9.5],"faces":{"north":{"uv":[1,7.125,1.25,8],"texture":"#1"},"east":{"uv":[1.875,7.125,1.25,8],"texture":"#1"},"south":{"uv":[1.875,6.25,2.125,7.125],"texture":"#1"},"west":{"uv":[1.25,7.125,1.875,8],"texture":"#1"},"up":{"uv":[3.125,4.6875,3.375,5.3125],"texture":"#1"},"down":{"uv":[3.125,4.6875,3.375,5.3125],"texture":"#1"}}},{"from":[-4,19.5,11.5],"to":[3,21.5,16.5],"rotation":{"angle":-45,"axis":"y","origin":[0,0,0]},"faces":{"north":{"uv":[1,7.125,1.25,8],"rotation":270,"texture":"#1"},"east":{"uv":[3.125,4.6875,3.375,5.3125],"rotation":90,"texture":"#1"},"south":{"uv":[1.875,6.25,2.125,7.125],"rotation":90,"texture":"#1"},"west":{"uv":[3.125,4.6875,3.375,5.3125],"rotation":90,"texture":"#1"},"up":{"uv":[1.25,7.125,1.875,8],"rotation":90,"texture":"#1"},"down":{"uv":[1.875,7.125,1.25,8],"rotation":90,"texture":"#1"}}},{"from":[3.5,9,7.5],"to":[5.5,16,12.5],"faces":{"north":{"uv":[1,7.125,1.25,8],"texture":"#1"},"east":{"uv":[1.875,7.125,1.25,8],"texture":"#1"},"south":{"uv":[1.875,6.25,2.125,7.125],"texture":"#1"},"west":{"uv":[1.25,7.125,1.875,8],"texture":"#1"},"up":{"uv":[3.125,4.6875,3.375,5.3125],"texture":"#1"},"down":{"uv":[3.125,4.6875,3.375,5.3125],"texture":"#1"}}},{"from":[11.5,9,7.5],"to":[13.5,16,12.5],"faces":{"north":{"uv":[1,7.125,1.25,8],"texture":"#1"},"east":{"uv":[1.875,7.125,1.25,8],"texture":"#1"},"south":{"uv":[1.875,6.25,2.125,7.125],"texture":"#1"},"west":{"uv":[1.25,7.125,1.875,8],"texture":"#1"},"up":{"uv":[3.125,4.6875,3.375,5.3125],"texture":"#1"},"down":{"uv":[3.125,4.6875,3.375,5.3125],"texture":"#1"}}},{"from":[-13,9,7],"to":[-4,9,13],"faces":{"north":{"uv":[0,0,1.125,0],"texture":"#missing"},"east":{"uv":[0,0,0.75,0],"texture":"#missing"},"south":{"uv":[0,0,1.125,0],"texture":"#missing"},"west":{"uv":[0,0,0.75,0],"texture":"#missing"},"up":{"uv":[1,5.5,2.125,6.25],"texture":"#1"},"down":{"uv":[1,5.5,2.125,6.25],"texture":"#1"}}},{"from":[-13,9,12.5],"to":[-4,15.5,13],"faces":{"north":{"uv":[2.125,5.75,3.25,6.5625],"texture":"#1"},"south":{"uv":[2.125,5.75,3.25,6.5625],"texture":"#1"},"up":{"uv":[2.125,6.5625,3.25,6.625],"texture":"#1"},"down":{"uv":[2.125,6.5625,3.25,6.625],"texture":"#1"}}},{"from":[-4,9,7],"to":[-4,16,13],"faces":{"north":{"uv":[3.25,5.625,3.25,6.5],"texture":"#1"},"east":{"uv":[4,5.625,3.25,6.5],"texture":"#1"},"south":{"uv":[3.25,5.625,3.25,6.5],"texture":"#1"},"west":{"uv":[3.25,5.625,4,6.5],"texture":"#1"},"up":{"uv":[3.25,5.625,3.25,6.375],"texture":"#1"},"down":{"uv":[3.25,5.625,3.25,6.375],"texture":"#1"}}},{"from":[-7,9,7],"to":[-7,16,13],"faces":{"north":{"uv":[3.25,5.625,3.25,6.5],"texture":"#1"},"east":{"uv":[4,5.625,3.25,6.5],"texture":"#1"},"south":{"uv":[3.25,5.625,3.25,6.5],"texture":"#1"},"west":{"uv":[3.25,5.625,4,6.5],"texture":"#1"},"up":{"uv":[3.25,5.625,3.25,6.375],"texture":"#1"},"down":{"uv":[3.25,5.625,3.25,6.375],"texture":"#1"}}},{"from":[-10,9,7],"to":[-10,16,13],"faces":{"north":{"uv":[3.25,5.625,3.25,6.5],"texture":"#1"},"east":{"uv":[4,5.625,3.25,6.5],"texture":"#1"},"south":{"uv":[3.25,5.625,3.25,6.5],"texture":"#1"},"west":{"uv":[3.25,5.625,4,6.5],"texture":"#1"},"up":{"uv":[3.25,5.625,3.25,6.375],"texture":"#1"},"down":{"uv":[3.25,5.625,3.25,6.375],"texture":"#1"}}},{"from":[-13,9,7],"to":[-13,16,13],"faces":{"north":{"uv":[3.25,5.625,3.25,6.5],"texture":"#1"},"east":{"uv":[4,5.625,3.25,6.5],"texture":"#1"},"south":{"uv":[3.25,5.625,3.25,6.5],"texture":"#1"},"west":{"uv":[3.25,5.625,4,6.5],"texture":"#1"},"up":{"uv":[3.25,5.625,3.25,6.375],"texture":"#1"},"down":{"uv":[3.25,5.625,3.25,6.375],"texture":"#1"}}},{"from":[-13,9,7],"to":[-4,12,7.5],"faces":{"north":{"uv":[2.125,5.3125,3.25,5.6875],"texture":"#1"},"south":{"uv":[2.125,5.3125,3.25,5.6875],"texture":"#1"},"up":{"uv":[2.125,5.6875,3.25,5.75],"texture":"#1"},"down":{"uv":[2.125,5.6875,3.25,5.75],"texture":"#1"}}},{"from":[-9.5,9,7.5],"to":[-7.5,16,12.5],"faces":{"north":{"uv":[1.625,6.25,1.875,7.125],"texture":"#1"},"east":{"uv":[1.625,6.25,1,7.125],"texture":"#1"},"south":{"uv":[1.875,6.25,2.125,7.125],"texture":"#1"},"west":{"uv":[1,6.25,1.625,7.125],"texture":"#1"},"up":{"uv":[3.125,4.6875,3.375,5.3125],"texture":"#1"},"down":{"uv":[3.125,4.6875,3.375,5.3125],"texture":"#1"}}},{"from":[-12.5,9,7.5],"to":[-10.5,16,12.5],"faces":{"north":{"uv":[1.625,6.25,1.875,7.125],"texture":"#1"},"east":{"uv":[1.625,6.25,1,7.125],"texture":"#1"},"south":{"uv":[1.875,6.25,2.125,7.125],"texture":"#1"},"west":{"uv":[1,6.25,1.625,7.125],"texture":"#1"},"up":{"uv":[3.125,4.6875,3.375,5.3125],"texture":"#1"},"down":{"uv":[3.125,4.6875,3.375,5.3125],"texture":"#1"}}},{"from":[-2.5,9,7.5],"to":[-0.5,16,12.5],"faces":{"north":{"uv":[1.625,6.25,1.875,7.125],"texture":"#1"},"east":{"uv":[1.625,6.25,1,7.125],"texture":"#1"},"south":{"uv":[1.875,6.25,2.125,7.125],"texture":"#1"},"west":{"uv":[1,6.25,1.625,7.125],"texture":"#1"},"up":{"uv":[3.125,4.6875,3.375,5.3125],"texture":"#1"},"down":{"uv":[3.125,4.6875,3.375,5.3125],"texture":"#1"}}},{"from":[-11,17.5,7.5],"to":[-4,19.5,12.5],"faces":{"north":{"uv":[1.625,6.25,1.875,7.125],"rotation":270,"texture":"#1"},"east":{"uv":[3.125,4.6875,3.375,5.3125],"rotation":90,"texture":"#1"},"south":{"uv":[1.875,6.25,2.125,7.125],"rotation":90,"texture":"#1"},"west":{"uv":[3.125,4.6875,3.375,5.3125],"rotation":90,"texture":"#1"},"up":{"uv":[1,6.25,1.625,7.125],"rotation":90,"texture":"#1"},"down":{"uv":[1.625,6.25,1,7.125],"rotation":90,"texture":"#1"}}},{"from":[2.8,11.6,6.5],"to":[4.8,18.6,11.5],"rotation":{"angle":-22.5,"axis":"z","origin":[0,0,0]},"faces":{"north":{"uv":[1.625,6.25,1.875,7.125],"texture":"#1"},"east":{"uv":[1.625,6.25,1,7.125],"texture":"#1"},"south":{"uv":[1.875,6.25,2.125,7.125],"texture":"#1"},"west":{"uv":[1,6.25,1.625,7.125],"texture":"#1"},"up":{"uv":[3.125,4.6875,3.375,5.3125],"texture":"#1"},"down":{"uv":[3.125,4.6875,3.375,5.3125],"texture":"#1"}}},{"from":[-3,9,7],"to":[6,12,7.5],"faces":{"north":{"uv":[2.125,5.3125,3.25,5.6875],"texture":"#1"},"south":{"uv":[2.125,5.3125,3.25,5.6875],"texture":"#1"},"up":{"uv":[2.125,5.6875,3.25,5.75],"texture":"#1"},"down":{"uv":[2.125,5.6875,3.25,5.75],"texture":"#1"}}},{"from":[-3,9,7],"to":[-3,16,13],"faces":{"north":{"uv":[3.25,5.625,3.25,6.5],"texture":"#1"},"east":{"uv":[4,5.625,3.25,6.5],"texture":"#1"},"south":{"uv":[3.25,5.625,3.25,6.5],"texture":"#1"},"west":{"uv":[3.25,5.625,4,6.5],"texture":"#1"},"up":{"uv":[3.25,5.625,3.25,6.375],"texture":"#1"},"down":{"uv":[3.25,5.625,3.25,6.375],"texture":"#1"}}},{"from":[0,9,7],"to":[0,16,13],"faces":{"north":{"uv":[3.25,5.625,3.25,6.5],"texture":"#1"},"east":{"uv":[4,5.625,3.25,6.5],"texture":"#1"},"south":{"uv":[3.25,5.625,3.25,6.5],"texture":"#1"},"west":{"uv":[3.25,5.625,4,6.5],"texture":"#1"},"up":{"uv":[3.25,5.625,3.25,6.375],"texture":"#1"},"down":{"uv":[3.25,5.625,3.25,6.375],"texture":"#1"}}},{"from":[3,9,7],"to":[3,16,13],"faces":{"north":{"uv":[3.25,5.625,3.25,6.5],"texture":"#1"},"east":{"uv":[4,5.625,3.25,6.5],"texture":"#1"},"south":{"uv":[3.25,5.625,3.25,6.5],"texture":"#1"},"west":{"uv":[3.25,5.625,4,6.5],"texture":"#1"},"up":{"uv":[3.25,5.625,3.25,6.375],"texture":"#1"},"down":{"uv":[3.25,5.625,3.25,6.375],"texture":"#1"}}},{"from":[6,9,7],"to":[6,16,13],"faces":{"north":{"uv":[3.25,5.625,3.25,6.5],"texture":"#1"},"east":{"uv":[4,5.625,3.25,6.5],"texture":"#1"},"south":{"uv":[3.25,5.625,3.25,6.5],"texture":"#1"},"west":{"uv":[3.25,5.625,4,6.5],"texture":"#1"},"up":{"uv":[3.25,5.625,3.25,6.375],"texture":"#1"},"down":{"uv":[3.25,5.625,3.25,6.375],"texture":"#1"}}},{"from":[-3,9,12.5],"to":[6,15.5,13],"faces":{"north":{"uv":[2.125,5.75,3.25,6.5625],"texture":"#1"},"south":{"uv":[2.125,5.75,3.25,6.5625],"texture":"#1"},"up":{"uv":[2.125,6.5625,3.25,6.625],"texture":"#1"},"down":{"uv":[2.125,6.5625,3.25,6.625],"texture":"#1"}}},{"from":[-3,9,7],"to":[6,9,13],"faces":{"north":{"uv":[0,0,1.125,0],"texture":"#missing"},"east":{"uv":[0,0,0.75,0],"texture":"#missing"},"south":{"uv":[0,0,1.125,0],"texture":"#missing"},"west":{"uv":[0,0,0.75,0],"texture":"#missing"},"up":{"uv":[1,5.5,2.125,6.25],"texture":"#1"},"down":{"uv":[1,5.5,2.125,6.25],"texture":"#1"}}},{"from":[4,18,7],"to":[13,21,7.5],"faces":{"north":{"uv":[2.125,5.3125,3.25,5.6875],"texture":"#1"},"south":{"uv":[2.125,5.3125,3.25,5.6875],"texture":"#1"},"up":{"uv":[2.125,5.6875,3.25,5.75],"texture":"#1"},"down":{"uv":[2.125,5.6875,3.25,5.75],"texture":"#1"}}},{"from":[4,18,7],"to":[4,25,13],"faces":{"north":{"uv":[3.25,5.625,3.25,6.5],"texture":"#1"},"east":{"uv":[4,5.625,3.25,6.5],"texture":"#1"},"south":{"uv":[3.25,5.625,3.25,6.5],"texture":"#1"},"west":{"uv":[3.25,5.625,4,6.5],"texture":"#1"},"up":{"uv":[3.25,5.625,3.25,6.375],"texture":"#1"},"down":{"uv":[3.25,5.625,3.25,6.375],"texture":"#1"}}},{"from":[7,18,7],"to":[7,25,13],"faces":{"north":{"uv":[3.25,5.625,3.25,6.5],"texture":"#1"},"east":{"uv":[4,5.625,3.25,6.5],"texture":"#1"},"south":{"uv":[3.25,5.625,3.25,6.5],"texture":"#1"},"west":{"uv":[3.25,5.625,4,6.5],"texture":"#1"},"up":{"uv":[3.25,5.625,3.25,6.375],"texture":"#1"},"down":{"uv":[3.25,5.625,3.25,6.375],"texture":"#1"}}},{"from":[10,18,7],"to":[10,25,13],"faces":{"north":{"uv":[3.25,5.625,3.25,6.5],"texture":"#1"},"east":{"uv":[4,5.625,3.25,6.5],"texture":"#1"},"south":{"uv":[3.25,5.625,3.25,6.5],"texture":"#1"},"west":{"uv":[3.25,5.625,4,6.5],"texture":"#1"},"up":{"uv":[3.25,5.625,3.25,6.375],"texture":"#1"},"down":{"uv":[3.25,5.625,3.25,6.375],"texture":"#1"}}},{"from":[13,18,7],"to":[13,25,13],"faces":{"north":{"uv":[3.25,5.625,3.25,6.5],"texture":"#1"},"east":{"uv":[4,5.625,3.25,6.5],"texture":"#1"},"south":{"uv":[3.25,5.625,3.25,6.5],"texture":"#1"},"west":{"uv":[3.25,5.625,4,6.5],"texture":"#1"},"up":{"uv":[3.25,5.625,3.25,6.375],"texture":"#1"},"down":{"uv":[3.25,5.625,3.25,6.375],"texture":"#1"}}},{"from":[4,18,12.5],"to":[13,24.5,13],"faces":{"north":{"uv":[2.125,5.75,3.25,6.5625],"texture":"#1"},"south":{"uv":[2.125,5.75,3.25,6.5625],"texture":"#1"},"up":{"uv":[2.125,6.5625,3.25,6.625],"texture":"#1"},"down":{"uv":[2.125,6.5625,3.25,6.625],"texture":"#1"}}},{"from":[4,18,7],"to":[13,18,13],"faces":{"north":{"uv":[0,0,1.125,0],"texture":"#missing"},"east":{"uv":[0,0,0.75,0],"texture":"#missing"},"south":{"uv":[0,0,1.125,0],"texture":"#missing"},"west":{"uv":[0,0,0.75,0],"texture":"#missing"},"up":{"uv":[1,5.5,2.125,6.25],"texture":"#1"},"down":{"uv":[1,5.5,2.125,6.25],"texture":"#1"}}},{"from":[4,0,4],"to":[4,7,10],"faces":{"north":{"uv":[3.25,5.625,3.25,6.5],"texture":"#1"},"east":{"uv":[4,5.625,3.25,6.5],"texture":"#1"},"south":{"uv":[3.25,5.625,3.25,6.5],"texture":"#1"},"west":{"uv":[3.25,5.625,4,6.5],"texture":"#1"},"up":{"uv":[3.25,5.625,3.25,6.375],"texture":"#1"},"down":{"uv":[3.25,5.625,3.25,6.375],"texture":"#1"}}},{"from":[7,0,4],"to":[7,7,10],"faces":{"north":{"uv":[3.25,5.625,3.25,6.5],"texture":"#1"},"east":{"uv":[4,5.625,3.25,6.5],"texture":"#1"},"south":{"uv":[3.25,5.625,3.25,6.5],"texture":"#1"},"west":{"uv":[3.25,5.625,4,6.5],"texture":"#1"},"up":{"uv":[3.25,5.625,3.25,6.375],"texture":"#1"},"down":{"uv":[3.25,5.625,3.25,6.375],"texture":"#1"}}},{"from":[10,0,4],"to":[10,7,10],"faces":{"north":{"uv":[3.25,5.625,3.25,6.5],"texture":"#1"},"east":{"uv":[4,5.625,3.25,6.5],"texture":"#1"},"south":{"uv":[3.25,5.625,3.25,6.5],"texture":"#1"},"west":{"uv":[3.25,5.625,4,6.5],"texture":"#1"},"up":{"uv":[3.25,5.625,3.25,6.375],"texture":"#1"},"down":{"uv":[3.25,5.625,3.25,6.375],"texture":"#1"}}},{"from":[13,0,4],"to":[13,7,10],"faces":{"north":{"uv":[3.25,5.625,3.25,6.5],"texture":"#1"},"east":{"uv":[4,5.625,3.25,6.5],"texture":"#1"},"south":{"uv":[3.25,5.625,3.25,6.5],"texture":"#1"},"west":{"uv":[3.25,5.625,4,6.5],"texture":"#1"},"up":{"uv":[3.25,5.625,3.25,6.375],"texture":"#1"},"down":{"uv":[3.25,5.625,3.25,6.375],"texture":"#1"}}},{"from":[4,0,9.5],"to":[13,6.5,10],"faces":{"north":{"uv":[2.125,5.75,3.25,6.5625],"texture":"#1"},"south":{"uv":[2.125,5.75,3.25,6.5625],"texture":"#1"},"up":{"uv":[2.125,6.5625,3.25,6.625],"texture":"#1"},"down":{"uv":[2.125,6.5625,3.25,6.625],"texture":"#1"}}},{"from":[4,0,4],"to":[13,0,10],"faces":{"north":{"uv":[0,0,1.125,0],"texture":"#missing"},"east":{"uv":[0,0,0.75,0],"texture":"#missing"},"south":{"uv":[0,0,1.125,0],"texture":"#missing"},"west":{"uv":[0,0,0.75,0],"texture":"#missing"},"up":{"uv":[1,5.5,2.125,6.25],"texture":"#1"},"down":{"uv":[1,5.5,2.125,6.25],"texture":"#1"}}},{"from":[-5.5,0,4.5],"to":[-3.5,7,9.5],"faces":{"north":{"uv":[1.625,6.25,1.875,7.125],"texture":"#1"},"east":{"uv":[1.625,6.25,1,7.125],"texture":"#1"},"south":{"uv":[1.875,6.25,2.125,7.125],"texture":"#1"},"west":{"uv":[1,6.25,1.625,7.125],"texture":"#1"},"up":{"uv":[3.125,4.6875,3.375,5.3125],"texture":"#1"},"down":{"uv":[3.125,4.6875,3.375,5.3125],"texture":"#1"}}},{"from":[-6,0,4],"to":[3,3,4.5],"faces":{"north":{"uv":[2.125,5.3125,3.25,5.6875],"texture":"#1"},"south":{"uv":[2.125,5.3125,3.25,5.6875],"texture":"#1"},"up":{"uv":[2.125,5.6875,3.25,5.75],"texture":"#1"},"down":{"uv":[2.125,5.6875,3.25,5.75],"texture":"#1"}}},{"from":[-6,0,4],"to":[-6,7,10],"faces":{"north":{"uv":[3.25,5.625,3.25,6.5],"texture":"#1"},"east":{"uv":[4,5.625,3.25,6.5],"texture":"#1"},"south":{"uv":[3.25,5.625,3.25,6.5],"texture":"#1"},"west":{"uv":[3.25,5.625,4,6.5],"texture":"#1"},"up":{"uv":[3.25,5.625,3.25,6.375],"texture":"#1"},"down":{"uv":[3.25,5.625,3.25,6.375],"texture":"#1"}}},{"from":[-3,0,4],"to":[-3,7,10],"faces":{"north":{"uv":[3.25,5.625,3.25,6.5],"texture":"#1"},"east":{"uv":[4,5.625,3.25,6.5],"texture":"#1"},"south":{"uv":[3.25,5.625,3.25,6.5],"texture":"#1"},"west":{"uv":[3.25,5.625,4,6.5],"texture":"#1"},"up":{"uv":[3.25,5.625,3.25,6.375],"texture":"#1"},"down":{"uv":[3.25,5.625,3.25,6.375],"texture":"#1"}}},{"from":[0,0,4],"to":[0,7,10],"faces":{"north":{"uv":[3.25,5.625,3.25,6.5],"texture":"#1"},"east":{"uv":[4,5.625,3.25,6.5],"texture":"#1"},"south":{"uv":[3.25,5.625,3.25,6.5],"texture":"#1"},"west":{"uv":[3.25,5.625,4,6.5],"texture":"#1"},"up":{"uv":[3.25,5.625,3.25,6.375],"texture":"#1"},"down":{"uv":[3.25,5.625,3.25,6.375],"texture":"#1"}}},{"from":[3,0,4],"to":[3,7,10],"faces":{"north":{"uv":[3.25,5.625,3.25,6.5],"texture":"#1"},"east":{"uv":[4,5.625,3.25,6.5],"texture":"#1"},"south":{"uv":[3.25,5.625,3.25,6.5],"texture":"#1"},"west":{"uv":[3.25,5.625,4,6.5],"texture":"#1"},"up":{"uv":[3.25,5.625,3.25,6.375],"texture":"#1"},"down":{"uv":[3.25,5.625,3.25,6.375],"texture":"#1"}}},{"from":[-6,0,9.5],"to":[3,6.5,10],"faces":{"north":{"uv":[2.125,5.75,3.25,6.5625],"texture":"#1"},"south":{"uv":[2.125,5.75,3.25,6.5625],"texture":"#1"},"up":{"uv":[2.125,6.5625,3.25,6.625],"texture":"#1"},"down":{"uv":[2.125,6.5625,3.25,6.625],"texture":"#1"}}},{"from":[-6,0,4],"to":[3,0,10],"faces":{"north":{"uv":[0,0,1.125,0],"texture":"#missing"},"east":{"uv":[0,0,0.75,0],"texture":"#missing"},"south":{"uv":[0,0,1.125,0],"texture":"#missing"},"west":{"uv":[0,0,0.75,0],"texture":"#missing"},"up":{"uv":[1,5.5,2.125,6.25],"texture":"#1"},"down":{"uv":[1,5.5,2.125,6.25],"texture":"#1"}}}],"gui_light":"front","display":{"thirdperson_righthand":{"rotation":[67.5,0,0],"translation":[1,1.25,0.75],"scale":[0.13867,0.13867,0.13867]},"thirdperson_lefthand":{"rotation":[67.5,0,0],"translation":[-1,1.25,0.75],"scale":[0.13867,0.13867,0.13867]},"firstperson_righthand":{"translation":[2.5,4.75,0],"scale":[0.25547,0.25547,0.25547]},"firstperson_lefthand":{"translation":[-1.5,4.75,0],"scale":[0.25547,0.25547,0.25547]},"ground":{"translation":[0,10,0],"scale":[0.3918,0.3918,0.3918]},"gui":{"rotation":[30,225,0],"translation":[-1.25,-0.5,0],"scale":[0.28711,0.28711,0.28711]},"head":{"rotation":[90,0,0],"translation":[3.75,7.75,0],"scale":[0.5,0.5,0.5]},"fixed":{"rotation":[-90,0,0],"translation":[0,0,-48],"scale":[2,2,2]}}}