{"texture_size":[128,128],"textures":{"1":"custom/furniture/office/office_02"},"elements":[{"from":[4,21.5,4],"to":[12,25,12],"rotation":{"angle":0,"axis":"y","origin":[0,0,16]},"faces":{"north":{"uv":[1,5.9375,0,6.375],"texture":"#1"},"east":{"uv":[0,5.5,1,5.9375],"texture":"#1"},"south":{"uv":[1,6.375,0,6.8125],"texture":"#1"},"west":{"uv":[1,5.5,0,5.9375],"texture":"#1"},"up":{"uv":[0,7.8125,1,6.8125],"texture":"#1"},"down":{"uv":[0,7.8125,1,6.8125],"texture":"#1"}}},{"from":[4,0,4],"to":[12,0.5,12],"rotation":{"angle":0,"axis":"y","origin":[0,0,16]},"faces":{"north":{"uv":[3.125,5.125,2.125,5.1875],"texture":"#1"},"east":{"uv":[3.125,5.125,2.125,5.1875],"texture":"#1"},"south":{"uv":[3.125,5.125,2.125,5.1875],"texture":"#1"},"west":{"uv":[3.125,5.125,2.125,5.1875],"texture":"#1"},"up":{"uv":[2.125,5.125,3.125,4.125],"texture":"#1"},"down":{"uv":[2.125,5.125,3.125,4.125],"texture":"#1"}}},{"from":[3,20,4],"to":[13,21,12],"rotation":{"angle":0,"axis":"y","origin":[0,0,16]},"faces":{"north":{"uv":[5.25,5.5,4,5.625],"texture":"#1"},"east":{"uv":[3.125,5.1875,2.125,5.3125],"texture":"#1"},"south":{"uv":[5.25,5.5,4,5.625],"texture":"#1"},"west":{"uv":[3.125,5.1875,2.125,5.3125],"texture":"#1"},"up":{"uv":[4,5.5,5.25,4.5],"texture":"#1"},"down":{"uv":[4,5.5,5.25,4.5],"texture":"#1"}}},{"from":[7.25,0,7.25],"to":[8.75,20,8.75],"rotation":{"angle":0,"axis":"y","origin":[0,0,16]},"faces":{"north":{"uv":[7.6875,0,7.5,2.5],"texture":"#1"},"east":{"uv":[7.6875,0,7.5,2.5],"texture":"#1"},"south":{"uv":[7.6875,0,7.5,2.5],"texture":"#1"},"west":{"uv":[7.6875,0,7.5,2.5],"texture":"#1"},"up":{"uv":[7.5,2.6875,7.6875,2.5],"texture":"#1"},"down":{"uv":[7.5,2.6875,7.6875,2.5],"texture":"#1"}}},{"from":[10.5,21,4.5],"to":[11.5,21.5,5.5],"rotation":{"angle":0,"axis":"y","origin":[16,0,16]},"faces":{"north":{"uv":[3.25,4,3.125,4.0625],"texture":"#1"},"east":{"uv":[3.25,4,3.125,4.0625],"texture":"#1"},"south":{"uv":[3.25,4,3.125,4.0625],"texture":"#1"},"west":{"uv":[3.25,4,3.125,4.0625],"texture":"#1"},"up":{"uv":[3.125,4.1875,3.25,4.0625],"texture":"#1"},"down":{"uv":[3.125,4.1875,3.25,4.0625],"texture":"#1"}}},{"from":[10.5,21,4.5],"to":[11.5,21.5,5.5],"rotation":{"angle":0,"axis":"y","origin":[16,0,16]},"faces":{"north":{"uv":[3.25,4,3.125,4.0625],"texture":"#1"},"east":{"uv":[3.25,4,3.125,4.0625],"texture":"#1"},"south":{"uv":[3.25,4,3.125,4.0625],"texture":"#1"},"west":{"uv":[3.25,4,3.125,4.0625],"texture":"#1"},"up":{"uv":[3.125,4.1875,3.25,4.0625],"texture":"#1"},"down":{"uv":[3.125,4.1875,3.25,4.0625],"texture":"#1"}}},{"from":[10.5,21,10.5],"to":[11.5,21.5,11.5],"rotation":{"angle":0,"axis":"y","origin":[16,0,16]},"faces":{"north":{"uv":[3.25,4,3.125,4.0625],"texture":"#1"},"east":{"uv":[3.25,4,3.125,4.0625],"texture":"#1"},"south":{"uv":[3.25,4,3.125,4.0625],"texture":"#1"},"west":{"uv":[3.25,4,3.125,4.0625],"texture":"#1"},"up":{"uv":[3.125,4.1875,3.25,4.0625],"texture":"#1"},"down":{"uv":[3.125,4.1875,3.25,4.0625],"texture":"#1"}}},{"from":[4.5,21,4.5],"to":[5.5,21.5,5.5],"rotation":{"angle":0,"axis":"y","origin":[0,0,16]},"faces":{"north":{"uv":[3.125,4,3.25,4.0625],"texture":"#1"},"east":{"uv":[3.125,4,3.25,4.0625],"texture":"#1"},"south":{"uv":[3.125,4,3.25,4.0625],"texture":"#1"},"west":{"uv":[3.125,4,3.25,4.0625],"texture":"#1"},"up":{"uv":[3.25,4.1875,3.125,4.0625],"texture":"#1"},"down":{"uv":[3.25,4.1875,3.125,4.0625],"texture":"#1"}}},{"from":[4.5,21,10.5],"to":[5.5,21.5,11.5],"rotation":{"angle":0,"axis":"y","origin":[0,0,16]},"faces":{"north":{"uv":[3.125,4,3.25,4.0625],"texture":"#1"},"east":{"uv":[3.125,4,3.25,4.0625],"texture":"#1"},"south":{"uv":[3.125,4,3.25,4.0625],"texture":"#1"},"west":{"uv":[3.125,4,3.25,4.0625],"texture":"#1"},"up":{"uv":[3.25,4.1875,3.125,4.0625],"texture":"#1"},"down":{"uv":[3.25,4.1875,3.125,4.0625],"texture":"#1"}}},{"from":[5,21.7,3],"to":[8,24.7,4],"rotation":{"angle":0,"axis":"y","origin":[0,0,16]},"faces":{"north":{"uv":[3.75,4,3.375,4.375],"texture":"#1"},"east":{"uv":[3.25,4,3.375,4.375],"texture":"#1"},"south":{"uv":[3.75,4,3.375,4.375],"texture":"#1"},"west":{"uv":[3.375,4,3.25,4.375],"texture":"#1"},"up":{"uv":[3.375,4.5,3.75,4.375],"texture":"#1"},"down":{"uv":[3.75,4.375,3.375,4.5],"texture":"#1"}}}],"gui_light":"front","display":{"thirdperson_righthand":{"rotation":[67.5,0,0],"scale":[0.375,0.375,0.375]},"thirdperson_lefthand":{"rotation":[67.5,0,0],"scale":[0.375,0.375,0.375]},"firstperson_righthand":{"translation":[0.5,1.25,0],"scale":[0.52305,0.52305,0.52305]},"firstperson_lefthand":{"translation":[0.5,1.25,0],"scale":[0.52305,0.52305,0.52305]},"ground":{"translation":[0,3,0],"scale":[0.3918,0.3918,0.3918]},"gui":{"rotation":[30,225,0],"translation":[0.25,-2.25,0],"scale":[0.56641,0.56641,0.56641]},"head":{"translation":[0,-18.5,0],"scale":[2,2,2]},"fixed":{"rotation":[-90,0,0],"translation":[-0.25,0.25,-16],"scale":[2,2,2]}}}