{"textures":{"0":"modelengine:entity/nm_bison_texture","particle":"#0"},"elements":[{"from":[-1.0,-1.0534563,5.383833],"to":[17.0,18.946545,29.383833],"faces":{"east":{"uv":[0.0,0.0,3.0,2.5],"tintindex":0,"rotation":0,"texture":"#0"},"south":{"uv":[7.75,2.5,10.0,5.0],"tintindex":0,"rotation":0,"texture":"#0"},"north":{"uv":[7.75,0.0,10.0,2.5],"tintindex":0,"rotation":0,"texture":"#0"},"west":{"uv":[0.0,2.5,3.0,5.0],"tintindex":0,"rotation":0,"texture":"#0"},"up":{"uv":[2.25,8.0,0.0,5.0],"tintindex":0,"rotation":0,"texture":"#0"},"down":{"uv":[7.75,0.0,5.5,3.0],"tintindex":0,"rotation":0,"texture":"#0"}}}],"display":{"head":{"rotation":[0.0,0.0,0.0]},"firstperson_righthand":{"rotation":[0.0,0.0,0.0]},"thirdperson_lefthand":{"rotation":[0.0,-0.0,-0.0]},"firstperson_lefthand":{"rotation":[0.0,-0.0,-0.0]},"fixed":{"rotation":[0.0,0.0,0.0]},"ground":{"rotation":[0.0,0.0,0.0]},"thirdperson_righthand":{"rotation":[0.0,0.0,0.0]},"gui":{"rotation":[-150.0,-45.0,180.0]}}}