{"textures":{"0":"modelengine:entity/nm_bison_texture","particle":"#0"},"elements":[{"from":[6.0,3.5,8.0],"to":[10.0,8.5,8.0],"faces":{"south":{"uv":[9.75,12.25,10.25,12.875],"tintindex":0,"rotation":0,"texture":"#0"},"north":{"uv":[9.75,12.25,10.25,12.875],"tintindex":0,"rotation":0,"texture":"#0"}}}],"display":{"head":{"rotation":[0.0,0.0,0.0]},"firstperson_righthand":{"rotation":[0.0,0.0,0.0]},"thirdperson_lefthand":{"rotation":[0.0,-0.0,-0.0]},"firstperson_lefthand":{"rotation":[0.0,-0.0,-0.0]},"fixed":{"rotation":[0.0,0.0,0.0]},"ground":{"rotation":[0.0,0.0,0.0]},"thirdperson_righthand":{"rotation":[0.0,0.0,0.0]},"gui":{"rotation":[-150.0,-45.0,180.0]}}}