{"textures":{"0":"modelengine:entity/nm_bison_texture","particle":"#0"},"elements":[{"from":[-2.0,-2.9807281,-9.869226],"to":[18.0,19.019272,8.130774],"faces":{"east":{"uv":[2.25,5.5,4.5,8.25],"tintindex":0,"rotation":0,"texture":"#0"},"south":{"uv":[3.0,2.75,5.5,5.5],"tintindex":0,"rotation":0,"texture":"#0"},"north":{"uv":[3.0,0.0,5.5,2.75],"tintindex":0,"rotation":0,"texture":"#0"},"west":{"uv":[5.5,3.0,7.75,5.75],"tintindex":0,"rotation":0,"texture":"#0"},"up":{"uv":[7.0,8.0,4.5,5.75],"tintindex":0,"rotation":0,"texture":"#0"},"down":{"uv":[9.5,5.75,7.0,8.0],"tintindex":0,"rotation":0,"texture":"#0"}}}],"display":{"head":{"rotation":[0.0,0.0,0.0]},"firstperson_righthand":{"rotation":[0.0,0.0,0.0]},"thirdperson_lefthand":{"rotation":[0.0,-0.0,-0.0]},"firstperson_lefthand":{"rotation":[0.0,-0.0,-0.0]},"fixed":{"rotation":[0.0,0.0,0.0]},"ground":{"rotation":[0.0,0.0,0.0]},"thirdperson_righthand":{"rotation":[0.0,0.0,0.0]},"gui":{"rotation":[-150.0,-45.0,180.0]}}}