{"texture_size":[128,128],"textures":{"0":"custom/furniture/blacksmith/bed","particle":"custom/furniture/blacksmith/bed"},"elements":[{"from":[-14,7,-13],"to":[14,11,29],"rotation":{"angle":0,"axis":"y","origin":[0,1,0]},"faces":{"north":{"uv":[3.75,7.625,7.25,8.125],"texture":"#0"},"east":{"uv":[7.25,2.75,12.5,3.25],"texture":"#0"},"south":{"uv":[3.75,7.625,7.25,8.125],"texture":"#0"},"west":{"uv":[12.5,2.75,7.25,3.25],"texture":"#0"},"up":{"uv":[7.25,5.25,3.75,0],"texture":"#0"},"down":{"uv":[7.25,5.25,3.75,0],"texture":"#0"}}},{"from":[-15,2,-13],"to":[14,4,29],"faces":{"north":{"uv":[8.25,8.875,12,9.125],"texture":"#0"},"east":{"uv":[8.25,8.625,13.5,8.875],"texture":"#0"},"south":{"uv":[8.25,8.875,12,9.125],"texture":"#0"},"west":{"uv":[8.25,8.625,13.5,8.875],"texture":"#0"},"up":{"uv":[3.75,5.25,0,0],"texture":"#0"},"down":{"uv":[3.625,5.25,0,0],"texture":"#0"}}},{"from":[-15,4,-13],"to":[15,7,29],"faces":{"north":{"uv":[7.4375,0.0625,7.5,0.125],"texture":"#0"},"east":{"uv":[8.25,9.375,13.5,9.75],"texture":"#0"},"south":{"uv":[7.4375,0.0625,7.5,0.125],"texture":"#0"},"west":{"uv":[8.25,9.375,13.5,9.75],"texture":"#0"},"up":{"uv":[7.4375,0.0625,7.5,0.125],"texture":"#0"},"down":{"uv":[7.4375,0.0625,7.5,0.125],"texture":"#0"}}},{"from":[12,23,28],"to":[16,27,32],"faces":{"north":{"uv":[6.625,8.375,7.125,8.875],"texture":"#0"},"east":{"uv":[6.625,8.875,7.125,9.375],"texture":"#0"},"south":{"uv":[6.625,8.375,7.125,8.875],"texture":"#0"},"west":{"uv":[6.625,8.875,7.125,9.375],"texture":"#0"},"up":{"uv":[3.5,9.875,3,9.375],"texture":"#0"},"down":{"uv":[3.5,9.875,3,9.375],"texture":"#0"}}},{"from":[13,22,29],"to":[15,23,31],"faces":{"north":{"uv":[5.75,9.125,6,9.25],"texture":"#0"},"east":{"uv":[5.75,9.25,6,9.375],"texture":"#0"},"south":{"uv":[5.75,9.125,6,9.25],"texture":"#0"},"west":{"uv":[5.75,9.25,6,9.375],"texture":"#0"},"up":{"uv":[6,9.125,5.75,8.875],"texture":"#0"},"down":{"uv":[6,9.125,5.75,8.875],"texture":"#0"}}},{"from":[12,0,28],"to":[16,22,32],"faces":{"north":{"uv":[7.25,7.625,7.75,10.375],"texture":"#0"},"east":{"uv":[7.75,7.625,8.25,10.375],"texture":"#0"},"south":{"uv":[7.25,7.625,7.75,10.375],"texture":"#0"},"west":{"uv":[7.75,7.625,8.25,10.375],"texture":"#0"},"up":{"uv":[5.25,9.875,4.75,9.375],"texture":"#0"},"down":{"uv":[5.25,9.875,4.75,9.375],"texture":"#0"}}},{"from":[-16,23,28],"to":[-12,27,32],"faces":{"north":{"uv":[6.625,8.375,7.125,8.875],"texture":"#0"},"east":{"uv":[6.625,8.875,7.125,9.375],"texture":"#0"},"south":{"uv":[6.625,8.375,7.125,8.875],"texture":"#0"},"west":{"uv":[6.625,8.875,7.125,9.375],"texture":"#0"},"up":{"uv":[3.5,9.875,3,9.375],"texture":"#0"},"down":{"uv":[3.5,9.875,3,9.375],"texture":"#0"}}},{"from":[-16,0,28],"to":[-12,22,32],"faces":{"north":{"uv":[7.25,7.625,7.75,10.375],"texture":"#0"},"east":{"uv":[7.75,7.625,8.25,10.375],"texture":"#0"},"south":{"uv":[7.25,7.625,7.75,10.375],"texture":"#0"},"west":{"uv":[7.75,7.625,8.25,10.375],"texture":"#0"},"up":{"uv":[5.25,9.875,4.75,9.375],"texture":"#0"},"down":{"uv":[5.25,9.875,4.75,9.375],"texture":"#0"}}},{"from":[-15,22,29],"to":[-13,23,31],"faces":{"north":{"uv":[5.75,9.125,6,9.25],"texture":"#0"},"east":{"uv":[5.75,9.25,6,9.375],"texture":"#0"},"south":{"uv":[5.75,9.125,6,9.25],"texture":"#0"},"west":{"uv":[5.75,9.25,6,9.375],"texture":"#0"},"up":{"uv":[6,9.125,5.75,8.875],"texture":"#0"},"down":{"uv":[6,9.125,5.75,8.875],"texture":"#0"}}},{"from":[12,15,-16],"to":[16,19,-12],"faces":{"north":{"uv":[6.625,8.375,7.125,8.875],"texture":"#0"},"east":{"uv":[6.625,8.875,7.125,9.375],"texture":"#0"},"south":{"uv":[6.625,8.375,7.125,8.875],"texture":"#0"},"west":{"uv":[6.625,8.875,7.125,9.375],"texture":"#0"},"up":{"uv":[3.5,9.875,3,9.375],"texture":"#0"},"down":{"uv":[3.5,9.875,3,9.375],"texture":"#0"}}},{"from":[-16,15,-16],"to":[-12,19,-12],"faces":{"north":{"uv":[6.625,8.375,7.125,8.875],"texture":"#0"},"east":{"uv":[6.625,8.875,7.125,9.375],"texture":"#0"},"south":{"uv":[6.625,8.375,7.125,8.875],"texture":"#0"},"west":{"uv":[6.625,8.875,7.125,9.375],"texture":"#0"},"up":{"uv":[3.5,9.875,3,9.375],"texture":"#0"},"down":{"uv":[3.5,9.875,3,9.375],"texture":"#0"}}},{"from":[-15,14,-15],"to":[-13,15,-13],"faces":{"north":{"uv":[5.75,9.125,6,9.25],"texture":"#0"},"east":{"uv":[5.75,9.25,6,9.375],"texture":"#0"},"south":{"uv":[5.75,9.125,6,9.25],"texture":"#0"},"west":{"uv":[5.75,9.25,6,9.375],"texture":"#0"},"up":{"uv":[6,9.125,5.75,8.875],"texture":"#0"},"down":{"uv":[6,9.125,5.75,8.875],"texture":"#0"}}},{"from":[13,14,-15],"to":[15,15,-13],"faces":{"north":{"uv":[5.75,9.125,6,9.25],"texture":"#0"},"east":{"uv":[5.75,9.25,6,9.375],"texture":"#0"},"south":{"uv":[5.75,9.125,6,9.25],"texture":"#0"},"west":{"uv":[5.75,9.25,6,9.375],"texture":"#0"},"up":{"uv":[6,9.125,5.75,8.875],"texture":"#0"},"down":{"uv":[6,9.125,5.75,8.875],"texture":"#0"}}},{"from":[-12,2,29],"to":[12,21,31],"faces":{"north":{"uv":[3.75,5.25,6.75,7.625],"texture":"#0"},"east":{"uv":[6.125,8.375,6.375,10.75],"texture":"#0"},"south":{"uv":[6.75,5.25,9.75,7.625],"texture":"#0"},"west":{"uv":[6.125,8.375,6.375,10.75],"texture":"#0"},"up":{"uv":[11.25,9.375,8.25,9.125],"texture":"#0"},"down":{"uv":[11.25,9.375,8.25,9.125],"texture":"#0"}}},{"from":[-12,2,-15],"to":[12,13,-13],"faces":{"north":{"uv":[7.25,0,10.25,1.375],"texture":"#0"},"east":{"uv":[6.375,8.375,6.625,9.75],"texture":"#0"},"south":{"uv":[7.4375,0.0625,7.5,0.125],"texture":"#0"},"west":{"uv":[6.375,8.375,6.625,9.75],"texture":"#0"},"up":{"uv":[3,9.625,0,9.375],"texture":"#0"},"down":{"uv":[3,9.625,0,9.375],"texture":"#0"}}},{"from":[12,0,-16],"to":[16,14,-12],"faces":{"north":{"uv":[7.25,7.6875,7.75,9.4375],"texture":"#0"},"east":{"uv":[7.75,7.6875,8.25,9.4375],"texture":"#0"},"south":{"uv":[7.25,7.6875,7.75,9.4375],"texture":"#0"},"west":{"uv":[7.75,7.6875,8.25,9.4375],"texture":"#0"},"up":{"uv":[5.25,9.875,4.75,9.375],"texture":"#0"},"down":{"uv":[5.25,9.875,4.75,9.375],"texture":"#0"}}},{"from":[-16,0,-16],"to":[-12,14,-12],"faces":{"north":{"uv":[7.25,7.6875,7.75,9.4375],"texture":"#0"},"east":{"uv":[7.75,7.6875,8.25,9.4375],"texture":"#0"},"south":{"uv":[7.25,7.6875,7.75,9.4375],"texture":"#0"},"west":{"uv":[7.75,7.6875,8.25,9.4375],"texture":"#0"},"up":{"uv":[5.25,9.875,4.75,9.375],"texture":"#0"},"down":{"uv":[5.25,9.875,4.75,9.375],"texture":"#0"}}},{"from":[-15,7,-13],"to":[15,12,20],"rotation":{"angle":0,"axis":"y","origin":[0,1,0]},"faces":{"north":{"uv":[7.25,4.125,11,4.75],"texture":"#0"},"east":{"uv":[7.25,3.5,11.375,4.125],"texture":"#0"},"south":{"uv":[7.25,4.125,11,4.75],"texture":"#0"},"west":{"uv":[11.375,3.5,7.25,4.125],"texture":"#0"},"up":{"uv":[3.75,9.375,0,5.25],"texture":"#0"},"down":{"uv":[3.75,9.375,0,5.25],"texture":"#0"}}},{"from":[1,9,21],"to":[12,13,29],"rotation":{"angle":-22.5,"axis":"x","origin":[2,11,20]},"faces":{"north":{"uv":[4.75,8.375,6.125,8.875],"texture":"#0"},"east":{"uv":[4.75,8.875,5.75,9.375],"texture":"#0"},"south":{"uv":[4.75,8.375,6.125,8.875],"texture":"#0"},"west":{"uv":[4.75,8.875,5.75,9.375],"texture":"#0"},"up":{"uv":[9.625,8.625,8.25,7.625],"texture":"#0"},"down":{"uv":[9.625,8.625,8.25,7.625],"texture":"#0"}}},{"from":[-12,9,21],"to":[-1,13,29],"rotation":{"angle":-22.5,"axis":"x","origin":[2,11,20]},"faces":{"north":{"uv":[4.75,8.375,6.125,8.875],"texture":"#0"},"east":{"uv":[4.75,8.875,5.75,9.375],"texture":"#0"},"south":{"uv":[4.75,8.375,6.125,8.875],"texture":"#0"},"west":{"uv":[4.75,8.875,5.75,9.375],"texture":"#0"},"up":{"uv":[9.625,8.625,8.25,7.625],"texture":"#0"},"down":{"uv":[9.625,8.625,8.25,7.625],"texture":"#0"}}},{"from":[-12,9,21],"to":[-1,13,29],"rotation":{"angle":-22.5,"axis":"x","origin":[2,11,20]},"faces":{"north":{"uv":[4.75,8.375,6.125,8.875],"texture":"#0"},"east":{"uv":[4.75,8.875,5.75,9.375],"texture":"#0"},"south":{"uv":[4.75,8.375,6.125,8.875],"texture":"#0"},"west":{"uv":[4.75,8.875,5.75,9.375],"texture":"#0"},"up":{"uv":[9.625,8.625,8.25,7.625],"texture":"#0"},"down":{"uv":[9.625,8.625,8.25,7.625],"texture":"#0"}}}],"gui_light":"front","display":{"thirdperson_righthand":{"rotation":[67.5,0,0],"translation":[1,2.5,0.5],"scale":[0.12508,0.12508,0.12508]},"thirdperson_lefthand":{"rotation":[67.5,0,0],"translation":[-1,2.5,0.5],"scale":[0.12508,0.12508,0.12508]},"firstperson_righthand":{"translation":[-1.37,4.2,2.13],"scale":[0.19148,0.19148,0.19148]},"firstperson_lefthand":{"translation":[-4.62,4.2,2.13],"scale":[0.19148,0.19148,0.19148]},"ground":{"translation":[2.25,5.75,0],"scale":[0.28,0.28,0.28]},"gui":{"rotation":[30,225,0],"translation":[-1.25,-1.75,0],"scale":[0.24734,0.24734,0.24734]},"head":{"translation":[0,-30.5,0],"scale":[0,0,0]},"fixed":{"rotation":[-90,0,0],"translation":[0,0,-16],"scale":[2,2,2]}}}