{"texture_size":[64,64],"textures":{"0":"custom/furniture/blacksmith/shopsign","particle":"custom/furniture/blacksmith/shopsign"},"elements":[{"from":[7.5,31,-13],"to":[8.5,32,-11.5],"faces":{"north":{"uv":[9.5,3.5,9.75,3.75],"texture":"#0"},"east":{"uv":[9.875,2.5,9.5,2.75],"texture":"#0"},"south":{"uv":[9.5,3.5,9.75,3.75],"texture":"#0"},"west":{"uv":[9.5,2.5,9.875,2.75],"texture":"#0"},"up":{"uv":[9.75,3.125,9.5,2.75],"texture":"#0"},"down":{"uv":[9.75,3.125,9.5,2.75],"texture":"#0"}}},{"from":[5,-8,5],"to":[11,32,11],"faces":{"north":{"uv":[1.5,0,3,10],"texture":"#0"},"east":{"uv":[1.5,0,3,10],"texture":"#0"},"south":{"uv":[1.5,0,3,10],"texture":"#0"},"west":{"uv":[1.5,0,3,10],"texture":"#0"},"up":{"uv":[9.5,4,8,2.5],"texture":"#0"},"down":{"uv":[9.5,4,8,2.5],"texture":"#0"}}},{"from":[4,-16,4],"to":[12,-8,12],"faces":{"north":{"uv":[5.25,4.75,7.25,6.75],"texture":"#0"},"east":{"uv":[6,0,8,2],"texture":"#0"},"south":{"uv":[5.25,4.75,7.25,6.75],"texture":"#0"},"west":{"uv":[6,0,8,2],"texture":"#0"},"up":{"uv":[8,4,6,2],"texture":"#0"},"down":{"uv":[8,4,6,2],"texture":"#0"}}},{"from":[4,-4,4],"to":[12,1,12],"faces":{"north":{"uv":[8,0,10,1.25],"texture":"#0"},"east":{"uv":[8,1.25,10,2.5],"texture":"#0"},"south":{"uv":[8,0,10,1.25],"texture":"#0"},"west":{"uv":[8,1.25,10,2.5],"texture":"#0"},"up":{"uv":[7.25,8.75,5.25,6.75],"texture":"#0"},"down":{"uv":[7.25,8.75,5.25,6.75],"texture":"#0"}}},{"from":[6,19,3],"to":[10,24,5],"rotation":{"angle":0,"axis":"y","origin":[0,-1,0]},"faces":{"north":{"uv":[8.5,6.25,9.5,7.5],"texture":"#0"},"east":{"uv":[6.25,8.75,6.75,10],"texture":"#0"},"south":{"uv":[8.5,6.25,9.5,7.5],"texture":"#0"},"west":{"uv":[6.75,8.75,6.25,10],"texture":"#0"},"up":{"uv":[10,8.75,9,8.25],"texture":"#0"},"down":{"uv":[10,8.75,9,8.25],"texture":"#0"}}},{"from":[6.5,26,-14],"to":[9.5,29,3],"rotation":{"angle":0,"axis":"y","origin":[0,-1,0]},"faces":{"north":{"uv":[6,4,6.75,4.75],"texture":"#0"},"east":{"uv":[7.25,5.5,11.5,6.25],"texture":"#0"},"south":{"uv":[6,4,6.75,4.75],"texture":"#0"},"west":{"uv":[7.25,5.5,11.5,6.25],"texture":"#0"},"up":{"uv":[8,10.5,7.25,6.25],"texture":"#0"},"down":{"uv":[8,10.5,7.25,6.25],"texture":"#0"}}},{"from":[7,22,-2],"to":[9,24,5],"rotation":{"angle":45,"axis":"x","origin":[8,24,3]},"faces":{"north":{"uv":[9,8.75,9.5,9.25],"texture":"#0"},"east":{"uv":[4,8.75,5.75,9.25],"texture":"#0"},"south":{"uv":[9,8.75,9.5,9.25],"texture":"#0"},"west":{"uv":[4,8.75,5.75,9.25],"texture":"#0"},"up":{"uv":[6.25,10.5,5.75,8.75],"texture":"#0"},"down":{"uv":[6.25,10.5,5.75,8.75],"texture":"#0"}}},{"from":[4,24,3],"to":[13,30,13],"rotation":{"angle":0,"axis":"y","origin":[0,-1,0]},"faces":{"north":{"uv":[3,7.25,5.25,8.75],"texture":"#0"},"east":{"uv":[7.25,4,9.75,5.5],"texture":"#0"},"south":{"uv":[3,7.25,5.25,8.75],"texture":"#0"},"west":{"uv":[7.25,4,9.75,5.5],"texture":"#0"},"up":{"uv":[5.25,7.25,3,4.75],"texture":"#0"},"down":{"uv":[5.25,7.25,3,4.75],"texture":"#0"}}},{"from":[7,29,-13],"to":[9,30,-10],"faces":{"north":{"uv":[8,9.25,8.5,9.5],"texture":"#0"},"east":{"uv":[4.5,9.25,5.25,9.5],"texture":"#0"},"south":{"uv":[8,9.25,8.5,9.5],"texture":"#0"},"west":{"uv":[4.5,9.25,5.25,9.5],"texture":"#0"},"up":{"uv":[7.25,4.75,6.75,4],"texture":"#0"},"down":{"uv":[7.25,4.75,6.75,4],"texture":"#0"}}},{"from":[7.5,29,-13],"to":[8.5,31,-12],"rotation":{"angle":22.5,"axis":"x","origin":[9,30,-12]},"faces":{"north":{"uv":[9,9.25,9.25,9.75],"texture":"#0"},"east":{"uv":[9.25,9.25,9.5,9.75],"texture":"#0"},"south":{"uv":[9,9.25,9.25,9.75],"texture":"#0"},"west":{"uv":[9.25,9.25,9.5,9.75],"texture":"#0"},"up":{"uv":[9.75,3.5,9.5,3.25],"texture":"#0"},"down":{"uv":[9.75,3.5,9.5,3.25],"texture":"#0"}}},{"from":[7.5,31,-14],"to":[8.5,31.5,-13],"faces":{"north":{"uv":[4.5,9.5,4.75,9.625],"texture":"#0"},"east":{"uv":[4.75,9.5,5,9.625],"texture":"#0"},"south":{"uv":[4.5,9.5,4.75,9.625],"texture":"#0"},"west":{"uv":[4.75,9.5,5,9.625],"texture":"#0"},"up":{"uv":[9.75,4,9.5,3.75],"texture":"#0"},"down":{"uv":[9.75,4,9.5,3.75],"texture":"#0"}}},{"from":[8,22,-10],"to":[8,26,-8],"faces":{"east":{"uv":[6.75,8.75,7.25,9.75],"texture":"#0"},"west":{"uv":[6.75,8.75,7.25,9.75],"texture":"#0"}}},{"from":[7,14,-15],"to":[9,22,-3],"faces":{"north":{"uv":[3.5,8.75,4,10.75],"texture":"#0"},"east":{"uv":[6,2.75,3,4.75],"texture":"#0"},"south":{"uv":[3.5,8.75,4,10.75],"texture":"#0"},"west":{"uv":[3,2.75,6,4.75],"texture":"#0"},"up":{"uv":[8.5,9.25,8,6.25],"texture":"#0"},"down":{"uv":[8.5,9.25,8,6.25],"texture":"#0"}}},{"from":[7,12,-14],"to":[9,14,-4],"faces":{"north":{"uv":[4,9.25,4.5,9.75],"texture":"#0"},"east":{"uv":[8.5,7.5,11,8],"texture":"#0"},"south":{"uv":[4,9.25,4.5,9.75],"texture":"#0"},"west":{"uv":[8.5,7.5,11,8],"texture":"#0"},"up":{"uv":[9,10.5,8.5,8],"texture":"#0"},"down":{"uv":[9,10.5,8.5,8],"texture":"#0"}}},{"from":[7,11,-13],"to":[9,12,-5],"faces":{"north":{"uv":[5.25,9.25,5.75,9.5],"texture":"#0"},"east":{"uv":[9,8,11,8.25],"texture":"#0"},"south":{"uv":[5.25,9.25,5.75,9.5],"texture":"#0"},"west":{"uv":[9,8,11,8.25],"texture":"#0"},"up":{"uv":[3.5,10.75,3,8.75],"texture":"#0"},"down":{"uv":[3.5,10.75,3,8.75],"texture":"#0"}}},{"from":[6.9,11,-15],"to":[6.9,22,-3],"faces":{"east":{"uv":[3,0,6,2.75],"texture":"#0"},"west":{"uv":[3,0,6,2.75],"texture":"#0"}}}],"gui_light":"front","display":{"thirdperson_righthand":{"rotation":[67.5,0,0],"translation":[0,1,1.5],"scale":[0.15,0.15,0.15]},"thirdperson_lefthand":{"rotation":[67.5,0,0],"translation":[0,1,1.5],"scale":[0.15,0.15,0.15]},"firstperson_righthand":{"translation":[-0.12,5.45,1.13],"scale":[0.29,0.29,0.29]},"firstperson_lefthand":{"translation":[-0.12,5.45,1.13],"scale":[0.29,0.29,0.29]},"ground":{"translation":[0,9,0],"scale":[0.25,0.25,0.25]},"gui":{"rotation":[30,225,0],"scale":[0.26,0.26,0.26]},"head":{"translation":[0,-30.5,0],"scale":[0,0,0]},"fixed":{"rotation":[-90,0,0],"translation":[0,0,-48],"scale":[2,2,2]}},"groups":[{"name":"group","origin":[4,0,0],"color":0,"children":[0,1,2,3,4,5,6,7,8,9,10,11,12,13,14,15]}]}