{"texture_size":[64, 64],"textures":{"0":"custom/furniture/modern/lamp_2","particle":"custom/furniture/modern/lamp_2"},"elements":[{"from":[4, 7, 4],"to":[12, 16, 5],"faces":{"north":{"uv":[0.5, 3, 2.5, 5.25],"texture":"#0"},"east":{"uv":[2.25, 6, 2.5, 8.25],"texture":"#0"},"south":{"uv":[0.5, 3, 2.5, 5.25],"texture":"#0"},"west":{"uv":[2.25, 6, 2.5, 8.25],"texture":"#0"},"up":{"uv":[8, 6, 6, 5.75],"texture":"#0"},"down":{"uv":[6, 5.75, 8, 6],"texture":"#0"}}},{"from":[4, 7, 11],"to":[12, 16, 12],"faces":{"north":{"uv":[0.5, 3, 2.5, 5.25],"texture":"#0"},"east":{"uv":[2.25, 6, 2.5, 8.25],"texture":"#0"},"south":{"uv":[0.5, 3, 2.5, 5.25],"texture":"#0"},"west":{"uv":[2.25, 6, 2.5, 8.25],"texture":"#0"},"up":{"uv":[6, 5.75, 8, 6],"texture":"#0"},"down":{"uv":[8, 6, 6, 5.75],"texture":"#0"}}},{"from":[4, 7, 5],"to":[5, 16, 11],"faces":{"north":{"uv":[8.5, 0, 8.75, 2.25],"texture":"#0"},"east":{"uv":[3.5, 2, 5, 4.25],"texture":"#0"},"south":{"uv":[8.5, 0, 8.75, 2.25],"texture":"#0"},"west":{"uv":[3.5, 2, 5, 4.25],"texture":"#0"},"up":{"uv":[3.75, 6, 3.5, 7.5],"texture":"#0"},"down":{"uv":[3.75, 6, 3.5, 7.5],"texture":"#0"}}},{"from":[11, 7, 5],"to":[12, 16, 11],"faces":{"north":{"uv":[8.5, 0, 8.75, 2.25],"texture":"#0"},"east":{"uv":[3.5, 2, 5, 4.25],"texture":"#0"},"south":{"uv":[8.5, 0, 8.75, 2.25],"texture":"#0"},"west":{"uv":[3.5, 2, 5, 4.25],"texture":"#0"},"up":{"uv":[3.5, 6, 3.75, 7.5],"texture":"#0"},"down":{"uv":[3.5, 6, 3.75, 7.5],"texture":"#0"}}},{"from":[5, 8, 5],"to":[11, 15, 11],"faces":{"north":{"uv":[5, 2, 6.5, 3.75],"texture":"#0"},"east":{"uv":[5, 2, 6.5, 3.75],"texture":"#0"},"south":{"uv":[5, 2, 6.5, 3.75],"texture":"#0"},"west":{"uv":[5, 2, 6.5, 3.75],"texture":"#0"},"up":{"uv":[5, 3.75, 6.5, 5.25],"texture":"#0"},"down":{"uv":[5, 3.75, 6.5, 5.25],"texture":"#0"}}},{"from":[7, 1, 7],"to":[9, 8, 9],"faces":{"north":{"uv":[15.5, 0, 16, 1.75],"texture":"#0"},"east":{"uv":[15.5, 0, 16, 1.75],"texture":"#0"},"south":{"uv":[15.5, 0, 16, 1.75],"texture":"#0"},"west":{"uv":[15.5, 0, 16, 1.75],"texture":"#0"},"up":{"uv":[15.5, 1.75, 16, 2.25],"texture":"#0"},"down":{"uv":[15.5, 1.75, 16, 2.25],"texture":"#0"}}},{"from":[5, 0, 5],"to":[11, 1, 11],"faces":{"north":{"uv":[13.75, 1.5, 15.25, 1.75],"texture":"#0"},"east":{"uv":[13.75, 1.5, 15.25, 1.75],"texture":"#0"},"south":{"uv":[13.75, 1.5, 15.25, 1.75],"texture":"#0"},"west":{"uv":[13.75, 1.5, 15.25, 1.75],"texture":"#0"},"up":{"uv":[13.75, 0, 15.25, 1.5],"texture":"#0"},"down":{"uv":[13.75, 0, 15.25, 1.5],"texture":"#0"}}}],"gui_light":"front","display":{"thirdperson_righthand":{"translation":[0, 0, 2],"scale":[0.6, 0.6, 0.6]},"thirdperson_lefthand":{"translation":[0, 0, 2],"scale":[0.6, 0.6, 0.6]},"firstperson_righthand":{"translation":[0, 0, 2],"scale":[0.6, 0.6, 0.6]},"firstperson_lefthand":{"translation":[0, 0, 2],"scale":[0.6, 0.6, 0.6]},"ground":{"translation":[0, 3, 0],"scale":[0.57, 0.57, 0.57]},"gui":{"rotation":[30, -135, 0],"translation":[0.25, -0.5, 0],"scale":[0.67906, 0.67906, 0.67906]},"head":{"scale":[0, 0, 0]},"fixed":{"rotation":[-90, 0, 0],"translation":[0, 0, -16],"scale":[2, 2, 2]}}}