{"texture_size":[32, 32],"textures":{"0":"custom/furniture/modern/plantpot_2","particle":"custom/furniture/modern/plantpot_2"},"elements":[{"from":[6, 0, 6],"to":[10, 1, 10],"faces":{"north":{"uv":[11.875, 8, 13.875, 8.5],"texture":"#0"},"east":{"uv":[11.875, 8, 13.875, 8.5],"texture":"#0"},"south":{"uv":[11.875, 8, 13.875, 8.5],"texture":"#0"},"west":{"uv":[11.875, 8, 13.875, 8.5],"texture":"#0"},"up":{"uv":[14, 10.125, 16, 12.125],"texture":"#0"},"down":{"uv":[14, 10.125, 16, 12.125],"texture":"#0"}}},{"from":[5, 1, 5],"to":[11, 5, 6],"faces":{"north":{"uv":[13, 3.5, 16, 5.5],"texture":"#0"},"east":{"uv":[12.5, 3.5, 13, 5.5],"texture":"#0"},"south":{"uv":[13, 3.5, 16, 5.5],"texture":"#0"},"west":{"uv":[13, 3.5, 12.5, 5.5],"texture":"#0"},"up":{"uv":[13, 5.5, 16, 6],"texture":"#0"},"down":{"uv":[13, 5.5, 16, 6],"texture":"#0"}}},{"from":[5, 1, 10],"to":[11, 5, 11],"faces":{"north":{"uv":[13, 3.5, 16, 5.5],"texture":"#0"},"east":{"uv":[13, 3.5, 12.5, 5.5],"texture":"#0"},"south":{"uv":[13, 3.5, 16, 5.5],"texture":"#0"},"west":{"uv":[12.5, 3.5, 13, 5.5],"texture":"#0"},"up":{"uv":[13, 6, 16, 5.5],"texture":"#0"},"down":{"uv":[13, 5.5, 16, 6],"texture":"#0"}}},{"from":[10, 1, 6],"to":[11, 5, 10],"faces":{"north":{"uv":[13.5, 6, 14, 8],"texture":"#0"},"east":{"uv":[14, 6, 16, 8],"texture":"#0"},"south":{"uv":[13.5, 6, 14, 8],"texture":"#0"},"west":{"uv":[14, 6, 16, 8],"texture":"#0"},"up":{"uv":[13.5, 6, 13, 8],"texture":"#0"},"down":{"uv":[13, 6, 13.5, 8],"texture":"#0"}}},{"from":[5, 1, 6],"to":[6, 5, 10],"faces":{"north":{"uv":[13.5, 6, 14, 8],"texture":"#0"},"east":{"uv":[14, 6, 16, 8],"texture":"#0"},"south":{"uv":[13.5, 6, 14, 8],"texture":"#0"},"west":{"uv":[14, 6, 16, 8],"texture":"#0"},"up":{"uv":[13, 6, 13.5, 8],"texture":"#0"},"down":{"uv":[13, 6, 13.5, 8],"texture":"#0"}}},{"from":[6, 4, 6],"to":[10, 4, 10],"faces":{"up":{"uv":[14, 8, 16, 10],"texture":"#0"},"down":{"uv":[14, 8, 16, 10],"texture":"#0"}}},{"from":[5, 4, 5],"to":[13, 12, 5],"rotation":{"angle":-45,"axis":"y","origin":[5, 5, 5]},"faces":{"north":{"uv":[9.875, 8.5, 13.875, 12.5],"texture":"#0"},"south":{"uv":[13.875, 8.5, 9.875, 12.5],"texture":"#0"}}},{"from":[5, 4, 11],"to":[13, 12, 11],"rotation":{"angle":45,"axis":"y","origin":[5, 5, 11]},"faces":{"north":{"uv":[9.875, 8.5, 13.875, 12.5],"texture":"#0"},"south":{"uv":[13.875, 8.5, 9.875, 12.5],"texture":"#0"}}}],"gui_light":"front","display":{"thirdperson_righthand":{"translation":[0, 2.75, 0],"scale":[0.65, 0.65, 0.65]},"thirdperson_lefthand":{"translation":[0, 2.75, 0],"scale":[0.65, 0.65, 0.65]},"firstperson_righthand":{"translation":[0, 2.75, 0],"scale":[0.65, 0.65, 0.65]},"firstperson_lefthand":{"translation":[0, 2.75, 0],"scale":[0.65, 0.65, 0.65]},"ground":{"translation":[0, 3.25, 0],"scale":[0.85, 0.85, 0.85]},"gui":{"rotation":[30, -135, 0],"translation":[0, 1.75, 0]},"head":{"scale":[0, 0, 0]},"fixed":{"rotation":[-90, 0, 0],"translation":[0, 0.25, -16],"scale":[2, 2, 2]}}}