{"texture_size":[64, 64],"textures":{"0":"custom/furniture/modern/table_shelf_3","particle":"custom/furniture/modern/table_shelf_3"},"elements":[{"from":[25, 1, 4],"to":[26, 5, 5],"rotation":{"angle":22.5,"axis":"z","origin":[28, 3, 0]},"faces":{"north":{"uv":[2.75, 7.25, 3, 8.25],"texture":"#0"},"east":{"uv":[3, 7.25, 3.25, 8.25],"texture":"#0"},"south":{"uv":[2.75, 7.25, 3, 8.25],"texture":"#0"},"west":{"uv":[3, 7.25, 3.25, 8.25],"texture":"#0"},"up":{"uv":[7.5, 2.75, 7.25, 2.5],"texture":"#0"},"down":{"uv":[7.5, 2.75, 7.25, 2.5],"texture":"#0"}}},{"from":[25, 1, 12],"to":[26, 5, 13],"rotation":{"angle":22.5,"axis":"z","origin":[28, 3, 15]},"faces":{"north":{"uv":[3, 7.25, 2.75, 8.25],"texture":"#0"},"east":{"uv":[3.25, 7.25, 3, 8.25],"texture":"#0"},"south":{"uv":[3, 7.25, 2.75, 8.25],"texture":"#0"},"west":{"uv":[3.25, 7.25, 3, 8.25],"texture":"#0"},"up":{"uv":[7.5, 2.5, 7.25, 2.75],"texture":"#0"},"down":{"uv":[7.5, 2.5, 7.25, 2.75],"texture":"#0"}}},{"from":[-10, 1, 4],"to":[-9, 5, 5],"rotation":{"angle":-22.5,"axis":"z","origin":[-12, 3, 0]},"faces":{"north":{"uv":[3, 7.25, 2.75, 8.25],"texture":"#0"},"east":{"uv":[3.25, 7.25, 3, 8.25],"texture":"#0"},"south":{"uv":[3, 7.25, 2.75, 8.25],"texture":"#0"},"west":{"uv":[3.25, 7.25, 3, 8.25],"texture":"#0"},"up":{"uv":[7.25, 2.75, 7.5, 2.5],"texture":"#0"},"down":{"uv":[7.25, 2.75, 7.5, 2.5],"texture":"#0"}}},{"from":[-10, 1, 12],"to":[-9, 5, 13],"rotation":{"angle":-22.5,"axis":"z","origin":[-12, 3, 15]},"faces":{"north":{"uv":[2.75, 7.25, 3, 8.25],"texture":"#0"},"east":{"uv":[3, 7.25, 3.25, 8.25],"texture":"#0"},"south":{"uv":[2.75, 7.25, 3, 8.25],"texture":"#0"},"west":{"uv":[3, 7.25, 3.25, 8.25],"texture":"#0"},"up":{"uv":[7.25, 2.5, 7.5, 2.75],"texture":"#0"},"down":{"uv":[7.25, 2.5, 7.5, 2.75],"texture":"#0"}}},{"from":[-7, 10, 6],"to":[-6, 15, 10],"rotation":{"angle":-22.5,"axis":"z","origin":[-6, 10, 6]},"faces":{"north":{"uv":[6.75, 7, 7, 8.25],"texture":"#0"},"east":{"uv":[5.75, 6.25, 6.75, 7.5],"texture":"#0"},"south":{"uv":[7, 7, 7.25, 8.25],"texture":"#0"},"west":{"uv":[5.75, 6.25, 6.75, 7.5],"texture":"#0"},"up":{"uv":[7.5, 2, 7.25, 1],"texture":"#0"},"down":{"uv":[7.5, 2, 7.25, 1],"texture":"#0"}}},{"from":[29, 3, 3],"to":[30, 16, 14],"rotation":{"angle":0,"axis":"y","origin":[31, 5, 1]},"faces":{"north":{"uv":[2.25, 6.5, 2.5, 9.75],"texture":"#0"},"east":{"uv":[0, 3.25, 2.75, 6.5],"texture":"#0"},"south":{"uv":[2.25, 6.5, 2.5, 9.75],"texture":"#0"},"west":{"uv":[0, 9.75, 2.75, 13],"texture":"#0"},"up":{"uv":[7.25, 3, 7, 0.25],"texture":"#0"},"down":{"uv":[7.25, 3, 7, 0.25],"texture":"#0"}}},{"from":[16, 3, 3],"to":[17, 16, 14],"rotation":{"angle":0,"axis":"y","origin":[31, 5, 1]},"faces":{"north":{"uv":[2.5, 6.5, 2.25, 9.75],"texture":"#0"},"east":{"uv":[0, 9.75, 2.75, 13],"texture":"#0"},"south":{"uv":[2.25, 6.5, 2.5, 9.75],"texture":"#0"},"west":{"uv":[0, 9.75, 2.75, 13],"texture":"#0"},"up":{"uv":[3.5, 10, 3.25, 7.25],"texture":"#0"},"down":{"uv":[7.25, 3, 7, 0.25],"texture":"#0"}}},{"from":[-1, 3, 3],"to":[0, 16, 14],"rotation":{"angle":0,"axis":"y","origin":[15, 5, 1]},"faces":{"north":{"uv":[2.25, 6.5, 2.5, 9.75],"texture":"#0"},"east":{"uv":[0, 9.75, 2.75, 13],"texture":"#0"},"south":{"uv":[2.5, 6.5, 2.25, 9.75],"texture":"#0"},"west":{"uv":[0, 9.75, 2.75, 13],"texture":"#0"},"up":{"uv":[3.25, 10, 3.5, 7.25],"texture":"#0"},"down":{"uv":[7.25, 3, 7, 0.25],"texture":"#0"}}},{"from":[-14, 3, 3],"to":[-13, 16, 14],"rotation":{"angle":0,"axis":"y","origin":[15, 5, 1]},"faces":{"north":{"uv":[2.5, 6.5, 2.25, 9.75],"texture":"#0"},"east":{"uv":[0, 9.75, 2.75, 13],"texture":"#0"},"south":{"uv":[2.25, 6.5, 2.5, 9.75],"texture":"#0"},"west":{"uv":[2.75, 3.25, 0, 6.5],"texture":"#0"},"up":{"uv":[7.25, 3, 7, 0.25],"texture":"#0"},"down":{"uv":[7.25, 3, 7, 0.25],"texture":"#0"}}},{"from":[17, 3, 3],"to":[29, 4, 14],"rotation":{"angle":0,"axis":"y","origin":[15, 0, 1]},"faces":{"north":{"uv":[6.75, 6.5, 9.75, 6.75],"texture":"#0"},"east":{"uv":[7, 0, 9.75, 0.25],"texture":"#0"},"south":{"uv":[6.75, 6.5, 9.75, 6.75],"texture":"#0"},"west":{"uv":[7, 0, 9.75, 0.25],"texture":"#0"},"up":{"uv":[8.75, 3.25, 5.75, 6],"texture":"#0"},"down":{"uv":[8.75, 6, 5.75, 3.25],"texture":"#0"}}},{"from":[-13, 3, 3],"to":[-1, 4, 14],"rotation":{"angle":0,"axis":"y","origin":[-1, 0, 1]},"faces":{"north":{"uv":[6.75, 6.5, 9.75, 6.75],"texture":"#0"},"east":{"uv":[7, 0, 9.75, 0.25],"texture":"#0"},"south":{"uv":[6.75, 6.5, 9.75, 6.75],"texture":"#0"},"west":{"uv":[7, 0, 9.75, 0.25],"texture":"#0"},"up":{"uv":[8.75, 3.25, 5.75, 6],"texture":"#0"},"down":{"uv":[8.75, 6, 5.75, 3.25],"texture":"#0"}}},{"from":[17, 9, 3],"to":[29, 10, 14],"rotation":{"angle":0,"axis":"y","origin":[15, 0, 1]},"faces":{"north":{"uv":[6.75, 6.25, 9.75, 6.5],"texture":"#0"},"east":{"uv":[7, 0, 9.75, 0.25],"texture":"#0"},"south":{"uv":[6.75, 6.5, 9.75, 6.75],"texture":"#0"},"west":{"uv":[7, 0, 9.75, 0.25],"texture":"#0"},"up":{"uv":[5.75, 3.25, 8.75, 6],"texture":"#0"},"down":{"uv":[8.75, 3.25, 5.75, 6],"texture":"#0"}}},{"from":[-13, 9, 3],"to":[-1, 10, 14],"rotation":{"angle":0,"axis":"y","origin":[-1, 0, 1]},"faces":{"north":{"uv":[6.75, 6.25, 9.75, 6.5],"texture":"#0"},"east":{"uv":[7, 0, 9.75, 0.25],"texture":"#0"},"south":{"uv":[6.75, 6.5, 9.75, 6.75],"texture":"#0"},"west":{"uv":[7, 0, 9.75, 0.25],"texture":"#0"},"up":{"uv":[8.75, 3.25, 5.75, 6],"texture":"#0"},"down":{"uv":[8.75, 3.25, 5.75, 6],"texture":"#0"}}},{"from":[11, 10, 9],"to":[16, 11, 13],"rotation":{"angle":45,"axis":"y","origin":[15, 6, 1]},"faces":{"north":{"uv":[7.25, 0.5, 8.5, 0.75],"texture":"#0"},"east":{"uv":[8.25, 2.25, 7.25, 2.5],"texture":"#0"},"south":{"uv":[7.25, 0.75, 8.5, 1],"texture":"#0"},"west":{"uv":[7.25, 2.25, 8.25, 2.5],"texture":"#0"},"up":{"uv":[2.25, 7.5, 1, 6.5],"texture":"#0"},"down":{"uv":[2.25, 7.5, 1, 6.5],"texture":"#0"}}},{"from":[-4, 10, 7],"to":[-3, 15, 11],"rotation":{"angle":0,"axis":"y","origin":[-1, 6, 1]},"faces":{"north":{"uv":[7.25, 0.5, 8.5, 0.75],"rotation":270,"texture":"#0"},"east":{"uv":[2.25, 7.5, 1, 6.5],"rotation":90,"texture":"#0"},"south":{"uv":[7.25, 0.75, 8.5, 1],"rotation":90,"texture":"#0"},"west":{"uv":[2.25, 7.5, 1, 6.5],"rotation":90,"texture":"#0"},"up":{"uv":[7.25, 2.25, 8.25, 2.5],"rotation":90,"texture":"#0"},"down":{"uv":[7.25, 2.25, 8.25, 2.5],"rotation":90,"texture":"#0"}}},{"from":[17, 15, 3],"to":[29, 16, 14],"rotation":{"angle":0,"axis":"y","origin":[15, 0, 1]},"faces":{"north":{"uv":[6.75, 6.25, 9.75, 6.5],"texture":"#0"},"east":{"uv":[6.75, 6.75, 9.5, 7],"texture":"#0"},"south":{"uv":[6.75, 6.25, 9.75, 6.5],"texture":"#0"},"west":{"uv":[6.75, 6.75, 9.5, 7],"texture":"#0"},"up":{"uv":[5.75, 6, 2.75, 3.25],"texture":"#0"},"down":{"uv":[8.75, 6, 5.75, 3.25],"texture":"#0"}}},{"from":[-13, 15, 3],"to":[-1, 16, 14],"rotation":{"angle":0,"axis":"y","origin":[-1, 0, 1]},"faces":{"north":{"uv":[6.75, 6.25, 9.75, 6.5],"texture":"#0"},"east":{"uv":[6.75, 6.75, 9.5, 7],"texture":"#0"},"south":{"uv":[6.75, 6.25, 9.75, 6.5],"texture":"#0"},"west":{"uv":[6.75, 6.75, 9.5, 7],"texture":"#0"},"up":{"uv":[2.75, 6, 5.75, 3.25],"texture":"#0"},"down":{"uv":[8.75, 6, 5.75, 3.25],"texture":"#0"}}},{"from":[-13, 10, -4],"to":[-9, 11, 1],"rotation":{"angle":22.5,"axis":"y","origin":[15, 6, 1]},"faces":{"north":{"uv":[7.25, 2, 8.25, 2.25],"texture":"#0"},"east":{"uv":[7, 3, 8.25, 3.25],"texture":"#0"},"south":{"uv":[8.25, 2, 7.25, 2.25],"texture":"#0"},"west":{"uv":[7.25, 0.25, 8.5, 0.5],"texture":"#0"},"up":{"uv":[1, 7.75, 0, 6.5],"texture":"#0"},"down":{"uv":[1, 7.75, 0, 6.5],"texture":"#0"}}},{"from":[-3, 10, 8],"to":[-2, 15, 12],"rotation":{"angle":0,"axis":"y","origin":[-1, 6, 1]},"faces":{"north":{"uv":[7.25, 0.25, 8.5, 0.5],"rotation":270,"texture":"#0"},"east":{"uv":[1, 7.75, 0, 6.5],"rotation":180,"texture":"#0"},"south":{"uv":[7, 3, 8.25, 3.25],"rotation":90,"texture":"#0"},"west":{"uv":[1, 7.75, 0, 6.5],"texture":"#0"},"up":{"uv":[7.25, 2, 8.25, 2.25],"rotation":90,"texture":"#0"},"down":{"uv":[7.25, 2, 8.25, 2.25],"rotation":90,"texture":"#0"}}},{"from":[-13, 4, 4],"to":[-1, 9, 13],"rotation":{"angle":0,"axis":"y","origin":[-8, 0, 1]},"faces":{"north":{"uv":[2.75, 6, 5.75, 7.25],"texture":"#0"},"south":{"uv":[0, 14.75, 3, 16],"texture":"#0"}}},{"from":[17, 4, 4],"to":[29, 9, 13],"rotation":{"angle":0,"axis":"y","origin":[-8, 0, 1]},"faces":{"north":{"uv":[2.75, 6, 5.75, 7.25],"texture":"#0"},"south":{"uv":[0, 14.75, 3, 16],"texture":"#0"}}},{"from":[22, 10, 12],"to":[24, 12, 14],"rotation":{"angle":22.5,"axis":"y","origin":[8, 0, 0]},"faces":{"north":{"uv":[0, 7.75, 0.5, 8.25],"texture":"#0"},"east":{"uv":[0, 7.75, 0.5, 8.25],"texture":"#0"},"south":{"uv":[0, 7.75, 0.5, 8.25],"texture":"#0"},"west":{"uv":[0, 7.75, 0.5, 8.25],"texture":"#0"},"up":{"uv":[0, 8.25, 0.5, 8.75],"texture":"#0"},"down":{"uv":[0, 8.75, 0.5, 9.25],"texture":"#0"}}},{"from":[22, 12, 13],"to":[24, 15, 13],"rotation":{"angle":22.5,"axis":"y","origin":[8, 0, 0]},"faces":{"north":{"uv":[0.5, 7.75, 1, 8.5],"texture":"#0"},"south":{"uv":[1, 7.75, 0.5, 8.5],"texture":"#0"}}},{"from":[0, 15, 3],"to":[16, 16, 14],"faces":{"north":{"uv":[12, 5.75, 16, 6],"texture":"#0"},"east":{"uv":[0, 0, 2.75, 0.25],"texture":"#missing"},"south":{"uv":[12, 9.875, 16, 10.125],"texture":"#0"},"west":{"uv":[9.25, 5.75, 12, 6],"texture":"#0"},"up":{"uv":[12, 0, 16, 2.75],"texture":"#0"},"down":{"uv":[12, 6.25, 16, 9],"texture":"#0"}}},{"from":[0, 3, 3],"to":[16, 4, 14],"faces":{"north":{"uv":[12, 5.5, 16, 5.75],"texture":"#0"},"east":{"uv":[0, 0, 2.75, 0.25],"texture":"#missing"},"south":{"uv":[12, 9.125, 16, 9.375],"texture":"#0"},"west":{"uv":[9.25, 5.75, 12, 6],"texture":"#0"},"up":{"uv":[12, 2.75, 16, 5.5],"texture":"#0"},"down":{"uv":[12, 6.25, 16, 9],"texture":"#0"}}},{"from":[0, 9, 3],"to":[16, 10, 14],"faces":{"north":{"uv":[12, 5.5, 16, 5.75],"texture":"#0"},"east":{"uv":[0, 0, 2.75, 0.25],"texture":"#missing"},"south":{"uv":[12, 9.125, 16, 9.375],"texture":"#0"},"west":{"uv":[9.25, 5.75, 12, 6],"texture":"#0"},"up":{"uv":[12, 2.75, 16, 5.5],"texture":"#0"},"down":{"uv":[12, 6.25, 16, 9],"texture":"#0"}}}],"gui_light":"front","display":{"thirdperson_righthand":{"translation":[0, 0.25, 0.25],"scale":[0.27, 0.27, 0.27]},"thirdperson_lefthand":{"translation":[0, 0.25, 0.25],"scale":[0.27, 0.27, 0.27]},"firstperson_righthand":{"translation":[-2.25, 0.25, 0.25],"scale":[0.27, 0.27, 0.27]},"firstperson_lefthand":{"translation":[-2.25, 0.25, 0.25],"scale":[0.27, 0.27, 0.27]},"ground":{"translation":[6, 2.75, 0],"scale":[0.64, 0.64, 0.64]},"gui":{"rotation":[30, -135, 0],"translation":[0, -1, 0],"scale":[0.33398, 0.33398, 0.33398]},"head":{"scale":[0, 0, 0]},"fixed":{"rotation":[-90, 0, 0],"translation":[0, -1.5, -16.25],"scale":[2, 2, 2]}},"groups":[0,1,2,3,{"name":"group","origin":[0, 5, 0],"color":0,"children":[4, 5, 6, 7, 8, 9, 10, 11, 12, 13, 14, 15, 16, 17, 18, 19, 20, 21, 22]},23,24,25]}