{"textures":{"0":"modelengine:entity/nm_bison_texture","particle":"#0"},"elements":[{"from":[8.0,-13.655113,-3.345541],"to":[8.0,-7.655114,11.654459],"faces":{"east":{"uv":[11.125,1.875,13.0,2.625],"tintindex":0,"rotation":0,"texture":"#0"},"west":{"uv":[11.125,2.625,13.0,3.375],"tintindex":0,"rotation":0,"texture":"#0"}}},{"from":[15.0,4.344887,3.654459],"to":[20.0,7.344887,6.654459],"faces":{"east":{"uv":[12.75,8.625,13.125,9.0],"tintindex":0,"rotation":0,"texture":"#0"},"south":{"uv":[12.625,10.75,13.25,11.125],"tintindex":0,"rotation":0,"texture":"#0"},"north":{"uv":[12.625,7.125,13.25,7.5],"tintindex":0,"rotation":0,"texture":"#0"},"west":{"uv":[10.25,12.75,10.625,13.125],"tintindex":0,"rotation":0,"texture":"#0"},"up":{"uv":[13.25,11.5,12.625,11.125],"tintindex":0,"rotation":0,"texture":"#0"},"down":{"uv":[13.25,11.5,12.625,11.875],"tintindex":0,"rotation":0,"texture":"#0"}}},{"from":[0.0,8.344887,-4.345541],"to":[16.0,14.344887,11.654459],"faces":{"east":{"uv":[10.0,4.125,12.0,4.875],"tintindex":0,"rotation":0,"texture":"#0"},"south":{"uv":[10.125,7.75,12.125,8.5],"tintindex":0,"rotation":0,"texture":"#0"},"north":{"uv":[9.5,7.0,11.5,7.75],"tintindex":0,"rotation":0,"texture":"#0"},"west":{"uv":[10.125,8.5,12.125,9.25],"tintindex":0,"rotation":0,"texture":"#0"},"up":{"uv":[2.0,10.0,0.0,8.0],"tintindex":0,"rotation":0,"texture":"#0"},"down":{"uv":[6.5,8.0,4.5,10.0],"tintindex":0,"rotation":0,"texture":"#0"}}},{"from":[-4.0,4.344887,3.654459],"to":[1.0,7.344887,6.654459],"faces":{"east":{"uv":[12.75,6.5,13.125,6.875],"tintindex":0,"rotation":0,"texture":"#0"},"south":{"uv":[12.625,0.0,13.25,0.375],"tintindex":0,"rotation":0,"texture":"#0"},"north":{"uv":[12.5,12.5,13.125,12.875],"tintindex":0,"rotation":0,"texture":"#0"},"west":{"uv":[12.75,7.5,13.125,7.875],"tintindex":0,"rotation":0,"texture":"#0"},"up":{"uv":[13.25,0.75,12.625,0.375],"tintindex":0,"rotation":0,"texture":"#0"},"down":{"uv":[13.25,0.75,12.625,1.125],"tintindex":0,"rotation":0,"texture":"#0"}}},{"from":[1.0,-7.655114,-3.345541],"to":[15.0,8.344887,11.654459],"faces":{"east":{"uv":[6.5,8.0,8.375,10.0],"tintindex":0,"rotation":0,"texture":"#0"},"south":{"uv":[9.5,5.0,11.25,7.0],"tintindex":0,"rotation":0,"texture":"#0"},"north":{"uv":[8.375,8.0,10.125,10.0],"tintindex":0,"rotation":0,"texture":"#0"},"west":{"uv":[2.0,8.25,3.875,10.25],"tintindex":0,"rotation":0,"texture":"#0"},"up":{"uv":[1.75,11.875,0.0,10.0],"tintindex":0,"rotation":0,"texture":"#0"},"down":{"uv":[11.75,0.0,10.0,1.875],"tintindex":0,"rotation":0,"texture":"#0"}}},{"from":[15.0,2.3448868,7.654459],"to":[19.0,5.344887,9.654459],"faces":{"east":{"uv":[5.125,13.25,5.375,13.625],"tintindex":0,"rotation":0,"texture":"#0"},"south":{"uv":[4.625,13.875,5.125,14.25],"tintindex":0,"rotation":0,"texture":"#0"},"north":{"uv":[4.625,13.25,5.125,13.625],"tintindex":0,"rotation":0,"texture":"#0"},"up":{"uv":[5.125,13.875,4.625,13.625],"tintindex":0,"rotation":0,"texture":"#0"},"down":{"uv":[5.125,14.25,4.625,14.5],"tintindex":0,"rotation":0,"texture":"#0"}}},{"from":[-3.0,2.3448868,7.654459],"to":[1.0,5.344887,9.654459],"faces":{"south":{"uv":[5.125,13.875,4.625,14.25],"tintindex":0,"rotation":0,"texture":"#0"},"north":{"uv":[5.125,13.25,4.625,13.625],"tintindex":0,"rotation":0,"texture":"#0"},"west":{"uv":[5.375,13.25,5.125,13.625],"tintindex":0,"rotation":0,"texture":"#0"},"up":{"uv":[4.625,13.875,5.125,13.625],"tintindex":0,"rotation":0,"texture":"#0"},"down":{"uv":[4.625,14.25,5.125,14.5],"tintindex":0,"rotation":0,"texture":"#0"}}},{"from":[17.0,7.344887,3.654459],"to":[20.0,12.344887,6.654459],"faces":{"east":{"uv":[12.625,11.875,13.0,12.5],"tintindex":0,"rotation":0,"texture":"#0"},"south":{"uv":[12.75,4.5,13.125,5.125],"tintindex":0,"rotation":0,"texture":"#0"},"north":{"uv":[3.25,12.625,3.625,13.25],"tintindex":0,"rotation":0,"texture":"#0"},"west":{"uv":[12.75,5.125,13.125,5.75],"tintindex":0,"rotation":0,"texture":"#0"},"up":{"uv":[13.25,3.75,12.875,3.375],"tintindex":0,"rotation":0,"texture":"#0"},"down":{"uv":[13.25,3.75,12.875,4.125],"tintindex":0,"rotation":0,"texture":"#0"}}},{"from":[-4.0,7.344887,3.654459],"to":[-1.0,12.344887,6.654459],"faces":{"east":{"uv":[2.125,12.625,2.5,13.25],"tintindex":0,"rotation":0,"texture":"#0"},"south":{"uv":[2.5,12.625,2.875,13.25],"tintindex":0,"rotation":0,"texture":"#0"},"north":{"uv":[1.75,12.625,2.125,13.25],"tintindex":0,"rotation":0,"texture":"#0"},"west":{"uv":[2.875,12.625,3.25,13.25],"tintindex":0,"rotation":0,"texture":"#0"},"up":{"uv":[13.125,8.25,12.75,7.875],"tintindex":0,"rotation":0,"texture":"#0"},"down":{"uv":[13.125,8.25,12.75,8.625],"tintindex":0,"rotation":0,"texture":"#0"}}}],"display":{"head":{"rotation":[0.0,0.0,0.0]},"firstperson_righthand":{"rotation":[0.0,0.0,0.0]},"thirdperson_lefthand":{"rotation":[0.0,-0.0,-0.0]},"firstperson_lefthand":{"rotation":[0.0,-0.0,-0.0]},"fixed":{"rotation":[0.0,0.0,0.0]},"ground":{"rotation":[0.0,0.0,0.0]},"thirdperson_righthand":{"rotation":[0.0,0.0,0.0]},"gui":{"rotation":[-150.0,-45.0,180.0]}}}