{"texture_size":[256, 256],"textures":{"0":"custom/furniture/medieval_market/medievalmarket","particle":"custom/furniture/medieval_market/medievalmarket"},"elements":[{"from":[-3.5, -1.5, 2],"to":[19.5, 0, 14],"rotation":{"angle":0,"axis":"y","origin":[2, -16, 0]},"faces":{"north":{"uv":[5.5, 3.9375, 6.9375, 4.03125],"texture":"#0"},"east":{"uv":[6.3125, 5.5625, 5.5625, 5.65625],"texture":"#0"},"south":{"uv":[5.5, 3.9375, 6.9375, 4.03125],"texture":"#0"},"west":{"uv":[6.3125, 5.5625, 5.5625, 5.65625],"texture":"#0"},"up":{"uv":[6.03125, 5.84375, 4.59375, 6.59375],"texture":"#0"},"down":{"uv":[6.03125, 5.84375, 4.59375, 6.59375],"texture":"#0"}}},{"from":[-3.5, 14.5, 2],"to":[19.5, 16, 14],"rotation":{"angle":0,"axis":"y","origin":[2, -16, 0]},"faces":{"north":{"uv":[5.5, 3.9375, 6.9375, 4.03125],"texture":"#0"},"east":{"uv":[6.3125, 5.5625, 5.5625, 5.65625],"texture":"#0"},"south":{"uv":[5.5, 3.9375, 6.9375, 4.03125],"texture":"#0"},"west":{"uv":[6.3125, 5.5625, 5.5625, 5.65625],"texture":"#0"},"up":{"uv":[6.03125, 5.84375, 4.59375, 6.59375],"texture":"#0"},"down":{"uv":[6.03125, 5.84375, 4.59375, 6.59375],"texture":"#0"}}},{"from":[15.1, -11.5, 10.5],"to":[16.9, -8.5, 23.5],"rotation":{"angle":45,"axis":"x","origin":[16, 1, 13]},"faces":{"north":{"uv":[2.175, 5.6875, 2.0625, 5.875],"texture":"#0"},"east":{"uv":[6.3125, 2.5625, 5.5, 2.75],"texture":"#0"},"south":{"uv":[2.175, 5.6875, 2.0625, 5.875],"texture":"#0"},"west":{"uv":[6.3125, 2.5625, 5.5, 2.75],"texture":"#0"},"up":{"uv":[2.625, 5.8125, 2.7375, 5],"texture":"#0"},"down":{"uv":[2.625, 5, 2.7375, 5.8125],"texture":"#0"}}},{"from":[15, -3.5, 5],"to":[17, -1.5, 11],"rotation":{"angle":0,"axis":"y","origin":[9.4, -0.75, 11.51535]},"faces":{"north":{"uv":[7.375, 0.6875, 7.25, 0.8125],"texture":"#0"},"east":{"uv":[7.625, 1.875, 7.25, 1.75],"texture":"#0"},"south":{"uv":[7.375, 0.6875, 7.25, 0.8125],"texture":"#0"},"west":{"uv":[7.625, 1.875, 7.25, 1.75],"texture":"#0"},"up":{"uv":[10, 1, 9.875, 1.375],"texture":"#0"},"down":{"uv":[9.875, 1, 10, 1.375],"texture":"#0"}}},{"from":[-1, -3.5, 5],"to":[1, -1.5, 11],"rotation":{"angle":0,"axis":"y","origin":[10.6, -0.75, 11.51535]},"faces":{"north":{"uv":[7.25, 0.6875, 7.375, 0.8125],"texture":"#0"},"east":{"uv":[7.25, 1.875, 7.625, 1.75],"texture":"#0"},"south":{"uv":[7.25, 0.6875, 7.375, 0.8125],"texture":"#0"},"west":{"uv":[7.25, 1.875, 7.625, 1.75],"texture":"#0"},"up":{"uv":[9.875, 1, 10, 1.375],"texture":"#0"},"down":{"uv":[10, 1, 9.875, 1.375],"texture":"#0"}}},{"from":[2, 2.5, 12],"to":[20, 5.5, 14],"rotation":{"angle":22.5,"axis":"z","origin":[38, -10, 0]},"faces":{"north":{"uv":[5.8125, 2.375, 6.9375, 2.5625],"texture":"#0"},"east":{"uv":[1.9375, 5.5625, 2.0625, 5.75],"texture":"#0"},"south":{"uv":[5.8125, 2.375, 6.9375, 2.5625],"texture":"#0"},"west":{"uv":[1.9375, 5.5625, 2.0625, 5.75],"texture":"#0"},"up":{"uv":[6.625, 2.875, 5.5, 2.75],"texture":"#0"},"down":{"uv":[6.625, 2.875, 5.5, 2.75],"texture":"#0"}}},{"from":[-0.7, -8.5, 12.1],"to":[17.3, -5.5, 13.9],"rotation":{"angle":-22.5,"axis":"z","origin":[7, -7, 0]},"faces":{"north":{"uv":[6.9375, 2.375, 5.8125, 2.5625],"texture":"#0"},"east":{"uv":[2.05, 5.5625, 1.9375, 5.75],"texture":"#0"},"south":{"uv":[6.9375, 2.375, 5.8125, 2.5625],"texture":"#0"},"west":{"uv":[2.05, 5.5625, 1.9375, 5.75],"texture":"#0"},"up":{"uv":[5.5, 2.8625, 6.625, 2.75],"texture":"#0"},"down":{"uv":[5.5, 2.8625, 6.625, 2.75],"texture":"#0"}}},{"from":[15, 12.5, 0],"to":[17, 14.5, 16],"rotation":{"angle":0,"axis":"y","origin":[11.4, -0.75, 11.51535]},"faces":{"north":{"uv":[7.375, 0.6875, 7.25, 0.8125],"texture":"#0"},"east":{"uv":[8.25, 1.875, 7.25, 1.75],"texture":"#0"},"south":{"uv":[7.375, 0.6875, 7.25, 0.8125],"texture":"#0"},"west":{"uv":[8.25, 1.875, 7.25, 1.75],"texture":"#0"},"up":{"uv":[10, 1, 9.875, 2],"texture":"#0"},"down":{"uv":[9.875, 1, 10, 2],"texture":"#0"}}},{"from":[-1, 12.5, 0],"to":[1, 14.5, 16],"rotation":{"angle":0,"axis":"y","origin":[19.4, -0.75, 11.51535]},"faces":{"north":{"uv":[7.375, 0.6875, 7.25, 0.8125],"texture":"#0"},"east":{"uv":[8.25, 1.875, 7.25, 1.75],"texture":"#0"},"south":{"uv":[7.375, 0.6875, 7.25, 0.8125],"texture":"#0"},"west":{"uv":[8.25, 1.875, 7.25, 1.75],"texture":"#0"},"up":{"uv":[10, 1, 9.875, 2],"texture":"#0"},"down":{"uv":[9.875, 1, 10, 2],"texture":"#0"}}},{"from":[15, -11.5, -7.5],"to":[17, -8.5, 5.5],"rotation":{"angle":-45,"axis":"x","origin":[16, 1, 3]},"faces":{"north":{"uv":[2.0625, 5.6875, 2.1875, 5.875],"texture":"#0"},"east":{"uv":[5.5, 2.5625, 6.3125, 2.75],"texture":"#0"},"south":{"uv":[2.0625, 5.6875, 2.1875, 5.875],"texture":"#0"},"west":{"uv":[5.5, 2.5625, 6.3125, 2.75],"texture":"#0"},"up":{"uv":[2.625, 5, 2.75, 5.8125],"texture":"#0"},"down":{"uv":[2.625, 5.8125, 2.75, 5],"texture":"#0"}}},{"from":[14, -16, 1],"to":[18, 17, 5],"rotation":{"angle":0,"axis":"y","origin":[20, -16, 16]},"faces":{"north":{"uv":[0.25, 4.78125, 0.5, 5.71875],"texture":"#0"},"east":{"uv":[0.25, 4.78125, 0.5, 5.71875],"texture":"#0"},"south":{"uv":[0.25, 4.78125, 0.5, 5.71875],"texture":"#0"},"west":{"uv":[0.25, 4.78125, 0.5, 5.71875],"texture":"#0"},"up":{"uv":[1.1875, 5.5625, 1.4375, 5.8125],"texture":"#0"},"down":{"uv":[1.1875, 5.5625, 1.4375, 5.8125],"texture":"#0"}}},{"from":[14, -16, 11],"to":[18, 17, 15],"rotation":{"angle":0,"axis":"y","origin":[20, -16, 0]},"faces":{"north":{"uv":[0.5, 4.78125, 0.25, 5.71875],"texture":"#0"},"east":{"uv":[0.5, 4.78125, 0.25, 5.71875],"texture":"#0"},"south":{"uv":[0.5, 4.78125, 0.25, 5.71875],"texture":"#0"},"west":{"uv":[0.5, 4.78125, 0.25, 5.71875],"texture":"#0"},"up":{"uv":[1.1875, 5.8125, 1.4375, 5.5625],"texture":"#0"},"down":{"uv":[1.1875, 5.8125, 1.4375, 5.5625],"texture":"#0"}}},{"from":[-1, -11.5, -7.5],"to":[1, -8.5, 5.5],"rotation":{"angle":-45,"axis":"x","origin":[0, 1, 3]},"faces":{"north":{"uv":[2.1875, 5.6875, 2.0625, 5.875],"texture":"#0"},"east":{"uv":[6.3125, 2.5625, 5.5, 2.75],"texture":"#0"},"south":{"uv":[2.1875, 5.6875, 2.0625, 5.875],"texture":"#0"},"west":{"uv":[6.3125, 2.5625, 5.5, 2.75],"texture":"#0"},"up":{"uv":[2.75, 5, 2.625, 5.8125],"texture":"#0"},"down":{"uv":[2.75, 5.8125, 2.625, 5],"texture":"#0"}}},{"from":[-0.9, -11.5, 10.5],"to":[0.9, -8.5, 23.5],"rotation":{"angle":45,"axis":"x","origin":[0, 1, 13]},"faces":{"north":{"uv":[2.0625, 5.6875, 2.175, 5.875],"texture":"#0"},"east":{"uv":[5.5, 2.5625, 6.3125, 2.75],"texture":"#0"},"south":{"uv":[2.0625, 5.6875, 2.175, 5.875],"texture":"#0"},"west":{"uv":[5.5, 2.5625, 6.3125, 2.75],"texture":"#0"},"up":{"uv":[2.7375, 5.8125, 2.625, 5],"texture":"#0"},"down":{"uv":[2.7375, 5, 2.625, 5.8125],"texture":"#0"}}},{"from":[-2, -16, 11],"to":[2, 17, 15],"rotation":{"angle":0,"axis":"y","origin":[-4, -16, 0]},"faces":{"north":{"uv":[0.25, 4.78125, 0.5, 5.71875],"texture":"#0"},"east":{"uv":[0.25, 4.78125, 0.5, 5.71875],"texture":"#0"},"south":{"uv":[0.25, 4.78125, 0.5, 5.71875],"texture":"#0"},"west":{"uv":[0.25, 4.78125, 0.5, 5.71875],"texture":"#0"},"up":{"uv":[1.4375, 5.8125, 1.1875, 5.5625],"texture":"#0"},"down":{"uv":[1.4375, 5.8125, 1.1875, 5.5625],"texture":"#0"}}},{"from":[-2, -16, 1],"to":[2, 17, 5],"rotation":{"angle":0,"axis":"y","origin":[-4, -16, 16]},"faces":{"north":{"uv":[0.5, 4.78125, 0.25, 5.71875],"texture":"#0"},"east":{"uv":[0.5, 4.78125, 0.25, 5.71875],"texture":"#0"},"south":{"uv":[0.5, 4.78125, 0.25, 5.71875],"texture":"#0"},"west":{"uv":[0.5, 4.78125, 0.25, 5.71875],"texture":"#0"},"up":{"uv":[1.4375, 5.5625, 1.1875, 5.8125],"texture":"#0"},"down":{"uv":[1.4375, 5.5625, 1.1875, 5.8125],"texture":"#0"}}},{"from":[12.8, 16.8, 3.5],"to":[19.8, 20.8, 3.5],"faces":{"north":{"uv":[9.25, 1.375, 9.6875, 1.625],"texture":"#0"},"east":{"uv":[13.875, 1.375, 13.875, 1.625],"texture":"#0"},"south":{"uv":[9.6875, 1.375, 9.25, 1.625],"texture":"#0"},"west":{"uv":[13.875, 1.375, 13.875, 1.625],"texture":"#0"},"up":{"uv":[10.875, 1.375, 11.3125, 1.375],"rotation":180,"texture":"#0"},"down":{"uv":[10.875, 1.375, 11.3125, 1.375],"rotation":180,"texture":"#0"}}}],"gui_light":"front","display":{"thirdperson_righthand":{"rotation":[67.5, 0, 0],"translation":[0.25, 1.5, 1.75],"scale":[0.22071, 0.22071, 0.22071]},"thirdperson_lefthand":{"rotation":[67.5, 0, 0],"translation":[0.25, 1.5, 1.75],"scale":[0.22071, 0.22071, 0.22071]},"firstperson_righthand":{"rotation":[0, 225, 0],"translation":[0, 1.75, 0],"scale":[0.45859, 0.45859, 0.45859]},"firstperson_lefthand":{"rotation":[0, 225, 0],"translation":[0, 1.75, 0],"scale":[0.45859, 0.45859, 0.45859]},"ground":{"translation":[0, 3, 0],"scale":[0.25, 0.25, 0.25]},"gui":{"rotation":[30, 225, 0],"translation":[-0.25, 2.25, 0],"scale":[0.36094, 0.36094, 0.36094]},"head":{"translation":[0, 0, 0.75],"scale":[0, 0, 0]},"fixed":{"rotation":[-90, 0, 0],"translation":[0, 0, -48],"scale":[2, 2, 2]}}}