{"texture_size":[256, 256],"textures":{"0":"custom/furniture/medieval_market/medievalmarket","particle":"custom/furniture/medieval_market/medievalmarket"},"elements":[{"from":[12, 0.5, 6],"to":[16, 13, 10],"rotation":{"angle":0,"axis":"y","origin":[-2, 17, 13]},"faces":{"north":{"uv":[0.25, 5.8125, 0, 6.6875],"texture":"#0"},"east":{"uv":[0.25, 5.8125, 0, 6.6875],"texture":"#0"},"south":{"uv":[0.25, 5.8125, 0, 6.6875],"texture":"#0"},"west":{"uv":[0.25, 5.8125, 0, 6.6875],"texture":"#0"},"up":{"uv":[1.4375, 5.8125, 1.1875, 5.5625],"texture":"#0"},"down":{"uv":[1.4375, 5.8125, 1.1875, 5.5625],"texture":"#0"}}},{"from":[0, 0.5, 6],"to":[4, 13, 10],"rotation":{"angle":0,"axis":"y","origin":[12, 16, 13]},"faces":{"north":{"uv":[0.25, 5.8125, 0, 6.6875],"texture":"#0"},"east":{"uv":[0.25, 5.8125, 0, 6.6875],"texture":"#0"},"south":{"uv":[0.25, 5.8125, 0, 6.6875],"texture":"#0"},"west":{"uv":[0.25, 5.8125, 0, 6.6875],"texture":"#0"},"up":{"uv":[1.4375, 5.8125, 1.1875, 5.5625],"texture":"#0"},"down":{"uv":[1.4375, 5.8125, 1.1875, 5.5625],"texture":"#0"}}},{"from":[0, 13, 0],"to":[16, 16, 16],"rotation":{"angle":0,"axis":"y","origin":[18, 17, 12]},"faces":{"north":{"uv":[7.75, 2.1875, 6.75, 2.375],"texture":"#0"},"east":{"uv":[6.625, 2.1875, 5.625, 2.375],"texture":"#0"},"south":{"uv":[6.90625, 2.1875, 7.90625, 2.375],"texture":"#0"},"west":{"uv":[5.625, 2.1875, 6.625, 2.375],"texture":"#0"},"up":{"uv":[4.8125, 5.6875, 5.8125, 6.6875],"texture":"#0"},"down":{"uv":[5.8125, 5.6875, 4.8125, 6.6875],"rotation":270,"texture":"#0"}}},{"from":[-1, 6, 7],"to":[17, 9, 9],"rotation":{"angle":0,"axis":"y","origin":[-3, 16, 13]},"faces":{"north":{"uv":[5.625, 2.375, 6.75, 2.5625],"texture":"#0"},"east":{"uv":[1.9375, 5.5625, 2.0625, 5.75],"texture":"#0"},"south":{"uv":[5.625, 2.375, 6.75, 2.5625],"texture":"#0"},"west":{"uv":[1.9375, 5.5625, 2.0625, 5.75],"texture":"#0"},"up":{"uv":[6.75, 2.875, 5.625, 2.75],"texture":"#0"},"down":{"uv":[6.75, 2.875, 5.625, 2.75],"texture":"#0"}}},{"from":[13, 3.5, 12],"to":[15, 6.5, 23],"rotation":{"angle":45,"axis":"x","origin":[14, 16, 13]},"faces":{"north":{"uv":[2.1875, 5.6875, 2.0625, 5.875],"texture":"#0"},"east":{"uv":[6.3125, 2.5625, 5.5, 2.75],"texture":"#0"},"south":{"uv":[2.1875, 5.6875, 2.0625, 5.875],"texture":"#0"},"west":{"uv":[6.3125, 2.5625, 5.5, 2.75],"texture":"#0"},"up":{"uv":[2.625, 5.8125, 2.75, 5],"texture":"#0"},"down":{"uv":[2.625, 5, 2.75, 5.8125],"texture":"#0"}}},{"from":[13, 3.5, -7],"to":[15, 6.5, 4],"rotation":{"angle":-45,"axis":"x","origin":[14, 16, 3]},"faces":{"north":{"uv":[2.0625, 5.6875, 2.1875, 5.875],"texture":"#0"},"east":{"uv":[5.5, 2.5625, 6.3125, 2.75],"texture":"#0"},"south":{"uv":[2.0625, 5.6875, 2.1875, 5.875],"texture":"#0"},"west":{"uv":[5.5, 2.5625, 6.3125, 2.75],"texture":"#0"},"up":{"uv":[2.625, 5, 2.75, 5.8125],"texture":"#0"},"down":{"uv":[2.625, 5.8125, 2.75, 5],"texture":"#0"}}},{"from":[1, 3.5, -7],"to":[3, 6.5, 4],"rotation":{"angle":-45,"axis":"x","origin":[2, 16, 3]},"faces":{"north":{"uv":[2.1875, 5.6875, 2.0625, 5.875],"texture":"#0"},"east":{"uv":[6.3125, 2.5625, 5.5, 2.75],"texture":"#0"},"south":{"uv":[2.1875, 5.6875, 2.0625, 5.875],"texture":"#0"},"west":{"uv":[6.3125, 2.5625, 5.5, 2.75],"texture":"#0"},"up":{"uv":[2.75, 5, 2.625, 5.8125],"texture":"#0"},"down":{"uv":[2.75, 5.8125, 2.625, 5],"texture":"#0"}}},{"from":[1, 3.5, 12],"to":[3, 6.5, 23],"rotation":{"angle":45,"axis":"x","origin":[2, 16, 13]},"faces":{"north":{"uv":[2.0625, 5.6875, 2.1875, 5.875],"texture":"#0"},"east":{"uv":[5.5, 2.5625, 6.3125, 2.75],"texture":"#0"},"south":{"uv":[2.0625, 5.6875, 2.1875, 5.875],"texture":"#0"},"west":{"uv":[5.5, 2.5625, 6.3125, 2.75],"texture":"#0"},"up":{"uv":[2.75, 5.8125, 2.625, 5],"texture":"#0"},"down":{"uv":[2.75, 5, 2.625, 5.8125],"texture":"#0"}}}],"display":{"thirdperson_righthand":{"rotation":[67.5, 0, 0],"translation":[0, 1.25, 1.75],"scale":[0.29688, 0.29688, 0.29688]},"thirdperson_lefthand":{"rotation":[67.5, 0, 0],"translation":[0, 1.25, 1.75],"scale":[0.29688, 0.29688, 0.29688]},"firstperson_righthand":{"rotation":[-168.7, -35.7, 177.36],"translation":[0.5, 3.25, 0],"scale":[0.35313, 0.35313, 0.35313]},"firstperson_lefthand":{"rotation":[-168.7, -35.7, 177.36],"translation":[0.5, 3.25, 0],"scale":[0.35313, 0.35313, 0.35313]},"ground":{"translation":[0, 4.75, 0],"scale":[0.25, 0.25, 0.25]},"gui":{"rotation":[30, 225, 0],"translation":[0, -0.25, 0],"scale":[0.50351, 0.50351, 0.50351]},"head":{"translation":[0, -27.25, 0],"scale":[0, 0, 0]},"fixed":{"rotation":[-90, 0, 0],"translation":[0, 0, -16],"scale":[2, 2, 2]}}}