{"textures":{"0":"modelengine:entity/rabbit_normal","particle":"#0"},"elements":[{"from":[6.65,6.4,5.4],"to":[9.35,8.1,9.1],"faces":{"east":{"uv":[3.0,11.0,2.0,11.5],"tintindex":0,"rotation":0,"texture":"#0"},"south":{"uv":[3.75,11.0,3.0,11.5],"tintindex":0,"rotation":0,"texture":"#0"},"north":{"uv":[2.0,11.0,1.25,11.5],"tintindex":0,"rotation":0,"texture":"#0"},"west":{"uv":[1.25,11.0,0.25,11.5],"tintindex":0,"rotation":0,"texture":"#0"},"up":{"uv":[1.25,11.0,2.0,10.0],"tintindex":0,"rotation":0,"texture":"#0"},"down":{"uv":[2.0,10.0,2.75,11.0],"tintindex":0,"rotation":0,"texture":"#0"}}}],"display":{"head":{"rotation":[0.0,0.0,0.0]},"firstperson_righthand":{"rotation":[0.0,0.0,0.0]},"thirdperson_lefthand":{"rotation":[0.0,-0.0,-0.0]},"firstperson_lefthand":{"rotation":[0.0,-0.0,-0.0]},"fixed":{"rotation":[0.0,0.0,0.0]},"ground":{"rotation":[0.0,0.0,0.0]},"thirdperson_righthand":{"rotation":[0.0,0.0,0.0]},"gui":{"rotation":[-150.0,-45.0,180.0]}}}