{"parent":"item/generated","textures":{"layer0":"item/bow"},"display":{"thirdperson_righthand":{"rotation":[-80,260,-40],"translation":[-1,-2,2.5],"scale":[0.9,0.9,0.9]},"thirdperson_lefthand":{"rotation":[-80,-280,40],"translation":[-1,-2,2.5],"scale":[0.9,0.9,0.9]},"firstperson_righthand":{"rotation":[0,-90,25],"translation":[1.13,3.2,1.13],"scale":[0.68,0.68,0.68]},"firstperson_lefthand":{"rotation":[0,90,-25],"translation":[1.13,3.2,1.13],"scale":[0.68,0.68,0.68]}},
  "overrides": [
    {"predicate": {"pulling": 1}, "model": "item/bow_pulling_0"},
    {"predicate": {"pulling": 1, "pull": 0.65}, "model": "item/bow_pulling_1"},
    {"predicate": {"pulling": 1, "pull": 0.9}, "model": "item/bow_pulling_2"},
    {"predicate": {"custom_model_data": 1}, "model": "item/custom/relics/starter/starter_bow"},
    {"predicate": {"custom_model_data": 1, "pulling": 1}, "model": "item/custom/relics/starter/starter_bow_pulling_0"},
    {"predicate": {"custom_model_data": 1, "pulling": 1, "pull": 0.65}, "model": "item/custom/relics/starter/starter_bow_pulling_1"},
    {"predicate": {"custom_model_data": 1, "pulling": 1, "pull": 0.9}, "model": "item/custom/relics/starter/starter_bow_pulling_2"},
    {"predicate": {"custom_model_data": 2}, "model": "item/custom/relics/phezar/phezar_bow"},
    {"predicate": {"custom_model_data": 2, "pulling": 1}, "model": "item/custom/relics/phezar/phezar_bow_pulling_0"},
    {"predicate": {"custom_model_data": 2, "pulling": 1, "pull": 0.65}, "model": "item/custom/relics/phezar/phezar_bow_pulling_1"},
    {"predicate": {"custom_model_data": 2, "pulling": 1, "pull": 0.9}, "model": "item/custom/relics/phezar/phezar_bow_pulling_2"},
    {"predicate": {"custom_model_data": 3}, "model": "item/custom/relics/hulia/hulia_bow"},
    {"predicate": {"custom_model_data": 3, "pulling": 1}, "model": "item/custom/relics/hulia/hulia_bow_pulling_0"},
    {"predicate": {"custom_model_data": 3, "pulling": 1, "pull": 0.65}, "model": "item/custom/relics/hulia/hulia_bow_pulling_1"},
    {"predicate": {"custom_model_data": 3, "pulling": 1, "pull": 0.9}, "model": "item/custom/relics/hulia/hulia_bow_pulling_2"},
    {"predicate": {"custom_model_data": 4}, "model": "item/custom/relics/curtana/curtana_bow"},
    {"predicate": {"custom_model_data": 4, "pulling": 1}, "model": "item/custom/relics/curtana/curtana_bow_pulling_0"},
    {"predicate": {"custom_model_data": 4, "pulling": 1, "pull": 0.65}, "model": "item/custom/relics/curtana/curtana_bow_pulling_1"},
    {"predicate": {"custom_model_data": 4, "pulling": 1, "pull": 0.9}, "model": "item/custom/relics/curtana/curtana_bow_pulling_2"},
    {"predicate": {"custom_model_data": 5}, "model": "item/custom/relics/erphis/erphis_bow"},
    {"predicate": {"custom_model_data": 5, "pulling": 1}, "model": "item/custom/relics/erphis/erphis_bow_pulling_0"},
    {"predicate": {"custom_model_data": 5, "pulling": 1, "pull": 0.65}, "model": "item/custom/relics/erphis/erphis_bow_pulling_1"},
    {"predicate": {"custom_model_data": 5, "pulling": 1, "pull": 0.9}, "model": "item/custom/relics/erphis/erphis_bow_pulling_2"},
    {"predicate": {"custom_model_data": 6}, "model": "item/custom/relics/eldritch/eldritch_bow"},
    {"predicate": {"custom_model_data": 6, "pulling": 1}, "model": "item/custom/relics/eldritch/eldritch_bow_pulling_0"},
    {"predicate": {"custom_model_data": 6, "pulling": 1, "pull": 0.65}, "model": "item/custom/relics/eldritch/eldritch_bow_pulling_1"},
    {"predicate": {"custom_model_data": 6, "pulling": 1, "pull": 0.9}, "model": "item/custom/relics/eldritch/eldritch_bow_pulling_2"},
    {"predicate": {"custom_model_data": 7}, "model": "item/custom/relics/malediction/malediction_bow"},
    {"predicate": {"custom_model_data": 7, "pulling": 1}, "model": "item/custom/relics/malediction/malediction_bow_pulling_0"},
    {"predicate": {"custom_model_data": 7, "pulling": 1, "pull": 0.65}, "model": "item/custom/relics/malediction/malediction_bow_pulling_1"},
    {"predicate": {"custom_model_data": 7, "pulling": 1, "pull": 0.9}, "model": "item/custom/relics/malediction/malediction_bow_pulling_2"},
    {"predicate": {"custom_model_data": 8}, "model": "item/custom/relics/igru/igru_bow"},
    {"predicate": {"custom_model_data": 8, "pulling": 1}, "model": "item/custom/relics/igru/igru_bow_pulling_0"},
    {"predicate": {"custom_model_data": 8, "pulling": 1, "pull": 0.65}, "model": "item/custom/relics/igru/igru_bow_pulling_1"},
    {"predicate": {"custom_model_data": 8, "pulling": 1, "pull": 0.9}, "model": "item/custom/relics/igru/igru_bow_pulling_2"},
    {"predicate": {"custom_model_data": 9}, "model": "item/custom/relics/llanakin/llanakin_bow"},
    {"predicate": {"custom_model_data": 9, "pulling": 1}, "model": "item/custom/relics/llanakin/llanakin_bow_pulling_0"},
    {"predicate": {"custom_model_data": 9, "pulling": 1, "pull": 0.65}, "model": "item/custom/relics/llanakin/llanakin_bow_pulling_1"},
    {"predicate": {"custom_model_data": 9, "pulling": 1, "pull": 0.9}, "model": "item/custom/relics/llanakin/llanakin_bow_pulling_2"},
    {"predicate": {"custom_model_data": 10}, "model": "item/custom/relics/requinox/requinox_bow"},
    {"predicate": {"custom_model_data": 10, "pulling": 1}, "model": "item/custom/relics/requinox/requinox_bow_pulling_0"},
    {"predicate": {"custom_model_data": 10, "pulling": 1, "pull": 0.65}, "model": "item/custom/relics/requinox/requinox_bow_pulling_1"},
    {"predicate": {"custom_model_data": 10, "pulling": 1, "pull": 0.9}, "model": "item/custom/relics/requinox/requinox_bow_pulling_2"},
    {"predicate": {"custom_model_data": 11}, "model": "item/custom/relics/kayran/kayran_bow"},
    {"predicate": {"custom_model_data": 11, "pulling": 1}, "model": "item/custom/relics/kayran/kayran_bow_pulling_0"},
    {"predicate": {"custom_model_data": 11, "pulling": 1, "pull": 0.65}, "model": "item/custom/relics/kayran/kayran_bow_pulling_1"},
    {"predicate": {"custom_model_data": 11, "pulling": 1, "pull": 0.9}, "model": "item/custom/relics/kayran/kayran_bow_pulling_2"},
    {"predicate": {"custom_model_data": 12}, "model": "item/custom/relics/fluorite/fluorite_bow"},
    {"predicate": {"custom_model_data": 12, "pulling": 1}, "model": "item/custom/relics/fluorite/fluorite_bow_pulling_0"},
    {"predicate": {"custom_model_data": 12, "pulling": 1, "pull": 0.65}, "model": "item/custom/relics/fluorite/fluorite_bow_pulling_1"},
    {"predicate": {"custom_model_data": 12, "pulling": 1, "pull": 0.9}, "model": "item/custom/relics/fluorite/fluorite_bow_pulling_2"},
    {"predicate": {"custom_model_data": 13}, "model": "item/custom/relics/elven/elven_bow"},
    {"predicate": {"custom_model_data": 13, "pulling": 1}, "model": "item/custom/relics/elven/elven_bow_pulling_0"},
    {"predicate": {"custom_model_data": 13, "pulling": 1, "pull": 0.65}, "model": "item/custom/relics/elven/elven_bow_pulling_1"},
    {"predicate": {"custom_model_data": 13, "pulling": 1, "pull": 0.9}, "model": "item/custom/relics/elven/elven_bow_pulling_2"},
    {"predicate": {"custom_model_data": 14}, "model": "item/custom/relics/vurgohk/vurgohk_bow"},
    {"predicate": {"custom_model_data": 14, "pulling": 1}, "model": "item/custom/relics/vurgohk/vurgohk_bow_pulling_0"},
    {"predicate": {"custom_model_data": 14, "pulling": 1, "pull": 0.65}, "model": "item/custom/relics/vurgohk/vurgohk_bow_pulling_1"},
    {"predicate": {"custom_model_data": 14, "pulling": 1, "pull": 0.9}, "model": "item/custom/relics/vurgohk/vurgohk_bow_pulling_2"},
    {"predicate": {"custom_model_data": 15}, "model": "item/custom/relics/daydream/daydream_bow"},
    {"predicate": {"custom_model_data": 15, "pulling": 1}, "model": "item/custom/relics/daydream/daydream_bow_pulling_0"},
    {"predicate": {"custom_model_data": 15, "pulling": 1, "pull": 0.65}, "model": "item/custom/relics/daydream/daydream_bow_pulling_1"},
    {"predicate": {"custom_model_data": 15, "pulling": 1, "pull": 0.9}, "model": "item/custom/relics/daydream/daydream_bow_pulling_2"},
    {"predicate": {"custom_model_data": 16}, "model": "item/custom/relics/athanasia/athanasia_bow"},
    {"predicate": {"custom_model_data": 16, "pulling": 1}, "model": "item/custom/relics/athanasia/athanasia_bow_pulling_0"},
    {"predicate": {"custom_model_data": 16, "pulling": 1, "pull": 0.65}, "model": "item/custom/relics/athanasia/athanasia_bow_pulling_1"},
    {"predicate": {"custom_model_data": 16, "pulling": 1, "pull": 0.9}, "model": "item/custom/relics/athanasia/athanasia_bow_pulling_2"},
    {"predicate": {"custom_model_data": 17}, "model": "item/custom/relics/aerondight/aerondight_bow"},
    {"predicate": {"custom_model_data": 17, "pulling": 1}, "model": "item/custom/relics/aerondight/aerondight_bow_pulling_0"},
    {"predicate": {"custom_model_data": 17, "pulling": 1, "pull": 0.65}, "model": "item/custom/relics/aerondight/aerondight_bow_pulling_1"},
    {"predicate": {"custom_model_data": 17, "pulling": 1, "pull": 0.9}, "model": "item/custom/relics/aerondight/aerondight_bow_pulling_2"},
    {"predicate": {"custom_model_data": 18}, "model": "item/custom/relics/azertuan/azertuan_bow"},
    {"predicate": {"custom_model_data": 18, "pulling": 1}, "model": "item/custom/relics/azertuan/azertuan_bow_pulling_0"},
    {"predicate": {"custom_model_data": 18, "pulling": 1, "pull": 0.65}, "model": "item/custom/relics/azertuan/azertuan_bow_pulling_1"},
    {"predicate": {"custom_model_data": 18, "pulling": 1, "pull": 0.9}, "model": "item/custom/relics/azertuan/azertuan_bow_pulling_2"},
    {"predicate": {"custom_model_data": 19}, "model": "item/custom/relics/opulent/opulent_bow"},
    {"predicate": {"custom_model_data": 19, "pulling": 1}, "model": "item/custom/relics/opulent/opulent_bow_pulling_0"},
    {"predicate": {"custom_model_data": 19, "pulling": 1, "pull": 0.65}, "model": "item/custom/relics/opulent/opulent_bow_pulling_1"},
    {"predicate": {"custom_model_data": 19, "pulling": 1, "pull": 0.9}, "model": "item/custom/relics/opulent/opulent_bow_pulling_2"},
    {"predicate": {"custom_model_data": 20}, "model": "item/custom/relics/paragon/paragon_bow"},
    {"predicate": {"custom_model_data": 20, "pulling": 1}, "model": "item/custom/relics/paragon/paragon_bow_pulling_0"},
    {"predicate": {"custom_model_data": 20, "pulling": 1, "pull": 0.65}, "model": "item/custom/relics/paragon/paragon_bow_pulling_1"},
    {"predicate": {"custom_model_data": 20, "pulling": 1, "pull": 0.9}, "model": "item/custom/relics/paragon/paragon_bow_pulling_2"},
    {"predicate": {"custom_model_data": 21}, "model": "item/custom/relics/halgrabind/halgrabind_bow"},
    {"predicate": {"custom_model_data": 21, "pulling": 1}, "model": "item/custom/relics/halgrabind/halgrabind_bow_pulling_0"},
    {"predicate": {"custom_model_data": 21, "pulling": 1, "pull": 0.65}, "model": "item/custom/relics/halgrabind/halgrabind_bow_pulling_1"},
    {"predicate": {"custom_model_data": 21, "pulling": 1, "pull": 0.9}, "model": "item/custom/relics/halgrabind/halgrabind_bow_pulling_2"},
    {"predicate": {"custom_model_data": 22}, "model": "item/custom/relics/serpent/serpent_bow"},
    {"predicate": {"custom_model_data": 22, "pulling": 1}, "model": "item/custom/relics/serpent/serpent_bow_pulling_0"},
    {"predicate": {"custom_model_data": 22, "pulling": 1, "pull": 0.65}, "model": "item/custom/relics/serpent/serpent_bow_pulling_1"},
    {"predicate": {"custom_model_data": 22, "pulling": 1, "pull": 0.9}, "model": "item/custom/relics/serpent/serpent_bow_pulling_2"},
    {"predicate": {"custom_model_data": 23}, "model": "item/custom/relics/oldus/oldus_bow"},
    {"predicate": {"custom_model_data": 23, "pulling": 1}, "model": "item/custom/relics/oldus/oldus_bow_pulling_0"},
    {"predicate": {"custom_model_data": 23, "pulling": 1, "pull": 0.65}, "model": "item/custom/relics/oldus/oldus_bow_pulling_1"},
    {"predicate": {"custom_model_data": 23, "pulling": 1, "pull": 0.9}, "model": "item/custom/relics/oldus/oldus_bow_pulling_2"},
    {"predicate": {"custom_model_data": 24}, "model": "item/custom/relics/oceanis/oceanis_bow"},
    {"predicate": {"custom_model_data": 24, "pulling": 1}, "model": "item/custom/relics/oceanis/oceanis_bow_pulling_0"},
    {"predicate": {"custom_model_data": 24, "pulling": 1, "pull": 0.65}, "model": "item/custom/relics/oceanis/oceanis_bow_pulling_1"},
    {"predicate": {"custom_model_data": 24, "pulling": 1, "pull": 0.9}, "model": "item/custom/relics/oceanis/oceanis_bow_pulling_2"},
    {"predicate": {"custom_model_data": 25}, "model": "item/custom/relics/manticore/manticore_bow"},
    {"predicate": {"custom_model_data": 25, "pulling": 1}, "model": "item/custom/relics/manticore/manticore_bow_pulling_0"},
    {"predicate": {"custom_model_data": 25, "pulling": 1, "pull": 0.65}, "model": "item/custom/relics/manticore/manticore_bow_pulling_1"},
    {"predicate": {"custom_model_data": 25, "pulling": 1, "pull": 0.9}, "model": "item/custom/relics/manticore/manticore_bow_pulling_2"},
    {"predicate": {"custom_model_data": 26}, "model": "item/custom/relics/bogmath/bogmath_bow"},
    {"predicate": {"custom_model_data": 26, "pulling": 1}, "model": "item/custom/relics/bogmath/bogmath_bow_pulling_0"},
    {"predicate": {"custom_model_data": 26, "pulling": 1, "pull": 0.65}, "model": "item/custom/relics/bogmath/bogmath_bow_pulling_1"},
    {"predicate": {"custom_model_data": 26, "pulling": 1, "pull": 0.9}, "model": "item/custom/relics/bogmath/bogmath_bow_pulling_2"},
    {"predicate": {"custom_model_data": 27}, "model": "item/custom/relics/saprophyte/saprophyte_bow"},
    {"predicate": {"custom_model_data": 27, "pulling": 1}, "model": "item/custom/relics/saprophyte/saprophyte_bow_pulling_0"},
    {"predicate": {"custom_model_data": 27, "pulling": 1, "pull": 0.65}, "model": "item/custom/relics/saprophyte/saprophyte_bow_pulling_1"},
    {"predicate": {"custom_model_data": 27, "pulling": 1, "pull": 0.9}, "model": "item/custom/relics/saprophyte/saprophyte_bow_pulling_2"},
    {"predicate": {"custom_model_data": 28}, "model": "item/custom/relics/jolly/jolly_bow"},
    {"predicate": {"custom_model_data": 28, "pulling": 1}, "model": "item/custom/relics/jolly/jolly_bow_pulling_0"},
    {"predicate": {"custom_model_data": 28, "pulling": 1, "pull": 0.65}, "model": "item/custom/relics/jolly/jolly_bow_pulling_1"},
    {"predicate": {"custom_model_data": 28, "pulling": 1, "pull": 0.9}, "model": "item/custom/relics/jolly/jolly_bow_pulling_2"},
    {"predicate": {"custom_model_data": 29}, "model": "item/custom/relics/embrace/embrace_bow"},
    {"predicate": {"custom_model_data": 29, "pulling": 1}, "model": "item/custom/relics/embrace/embrace_bow_pulling_0"},
    {"predicate": {"custom_model_data": 29, "pulling": 1, "pull": 0.65}, "model": "item/custom/relics/embrace/embrace_bow_pulling_1"},
    {"predicate": {"custom_model_data": 29, "pulling": 1, "pull": 0.9}, "model": "item/custom/relics/embrace/embrace_bow_pulling_2"},
    {"predicate": {"custom_model_data": 30}, "model": "item/custom/relics/vertigo/vertigo_bow"},
    {"predicate": {"custom_model_data": 30, "pulling": 1}, "model": "item/custom/relics/vertigo/vertigo_bow_pulling_0"},
    {"predicate": {"custom_model_data": 30, "pulling": 1, "pull": 0.65}, "model": "item/custom/relics/vertigo/vertigo_bow_pulling_1"},
    {"predicate": {"custom_model_data": 30, "pulling": 1, "pull": 0.9}, "model": "item/custom/relics/vertigo/vertigo_bow_pulling_2"},
    {"predicate": {"custom_model_data": 31}, "model": "item/custom/relics/shoopon/shoopon_bow"},
    {"predicate": {"custom_model_data": 31, "pulling": 1}, "model": "item/custom/relics/shoopon/shoopon_bow_pulling_0"},
    {"predicate": {"custom_model_data": 31, "pulling": 1, "pull": 0.65}, "model": "item/custom/relics/shoopon/shoopon_bow_pulling_1"},
    {"predicate": {"custom_model_data": 31, "pulling": 1, "pull": 0.9}, "model": "item/custom/relics/shoopon/shoopon_bow_pulling_2"},
    {"predicate": {"custom_model_data": 32}, "model": "item/custom/relics/taupe/taupe_bow"},
    {"predicate": {"custom_model_data": 32, "pulling": 1}, "model": "item/custom/relics/taupe/taupe_bow_pulling_0"},
    {"predicate": {"custom_model_data": 32, "pulling": 1, "pull": 0.65}, "model": "item/custom/relics/taupe/taupe_bow_pulling_1"},
    {"predicate": {"custom_model_data": 32, "pulling": 1, "pull": 0.9}, "model": "item/custom/relics/taupe/taupe_bow_pulling_2"},
    {"predicate": {"custom_model_data": 33}, "model": "item/custom/relics/amber/amber_bow"},
    {"predicate": {"custom_model_data": 33, "pulling": 1}, "model": "item/custom/relics/amber/amber_bow_pulling_0"},
    {"predicate": {"custom_model_data": 33, "pulling": 1, "pull": 0.65}, "model": "item/custom/relics/amber/amber_bow_pulling_1"},
    {"predicate": {"custom_model_data": 33, "pulling": 1, "pull": 0.9}, "model": "item/custom/relics/amber/amber_bow_pulling_2"},
    {"predicate": {"custom_model_data": 34}, "model": "item/custom/relics/warden/warden_bow"},
    {"predicate": {"custom_model_data": 34, "pulling": 1}, "model": "item/custom/relics/warden/warden_bow_pulling_0"},
    {"predicate": {"custom_model_data": 34, "pulling": 1, "pull": 0.65}, "model": "item/custom/relics/warden/warden_bow_pulling_1"},
    {"predicate": {"custom_model_data": 34, "pulling": 1, "pull": 0.9}, "model": "item/custom/relics/warden/warden_bow_pulling_2"},
    {"predicate": {"custom_model_data": 35}, "model": "item/custom/relics/wraithweaver/wraithweaver_bow"},
    {"predicate": {"custom_model_data": 35, "pulling": 1}, "model": "item/custom/relics/wraithweaver/wraithweaver_bow_pulling_0"},
    {"predicate": {"custom_model_data": 35, "pulling": 1, "pull": 0.65}, "model": "item/custom/relics/wraithweaver/wraithweaver_bow_pulling_1"},
    {"predicate": {"custom_model_data": 35, "pulling": 1, "pull": 0.9}, "model": "item/custom/relics/wraithweaver/wraithweaver_bow_pulling_2"},
    {"predicate": {"custom_model_data": 36}, "model": "item/custom/relics/lunar/lunar_bow"},
    {"predicate": {"custom_model_data": 36, "pulling": 1}, "model": "item/custom/relics/lunar/lunar_bow_pulling_0"},
    {"predicate": {"custom_model_data": 36, "pulling": 1, "pull": 0.65}, "model": "item/custom/relics/lunar/lunar_bow_pulling_1"},
    {"predicate": {"custom_model_data": 36, "pulling": 1, "pull": 0.9}, "model": "item/custom/relics/lunar/lunar_bow_pulling_2"},
    
    {"predicate": {"custom_model_data": 37}, "model": "item/custom/relics/nightfall/nightfall_bow"},
    {"predicate": {"custom_model_data": 37, "pulling": 1}, "model": "item/custom/relics/nightfall/nightfall_bow_pulling_0"},
    {"predicate": {"custom_model_data": 37, "pulling": 1, "pull": 0.65}, "model": "item/custom/relics/nightfall/nightfall_bow_pulling_1"},
    {"predicate": {"custom_model_data": 37, "pulling": 1, "pull": 0.9}, "model": "item/custom/relics/nightfall/nightfall_bow_pulling_2"},

    {"predicate": {"custom_model_data": 38}, "model": "item/custom/relics/prismatic/prismatic_bow"},
    {"predicate": {"custom_model_data": 38, "pulling": 1}, "model": "item/custom/relics/prismatic/prismatic_bow_pulling_0"},
    {"predicate": {"custom_model_data": 38, "pulling": 1, "pull": 0.65}, "model": "item/custom/relics/prismatic/prismatic_bow_pulling_1"},
    {"predicate": {"custom_model_data": 38, "pulling": 1, "pull": 0.9}, "model": "item/custom/relics/prismatic/prismatic_bow_pulling_2"}

  ]}