{
	"providers": [
		{
			"type": "bitmap",
			"file": "custom-font/blank.png",
			"height": -10,
			"ascent": -42069,
			"chars": [
				""
			]
		},
		{
			"type": "bitmap",
			"file": "custom-font/emojis/emojis.png",
			"height": 9,
			"ascent": 8,
			"chars": [
				"",
				"",
				"",
				"",
				"",
				"",
				"",
				"",
				"",
				""
			]
		},
		{
			"type": "bitmap",
			"file": "custom-font/tags/staff_ranks.png",
			"height": 7,
			"ascent": 7,
			"chars": [
				"",
				"",
				"",
				""
			]
		},
		{
			"type": "bitmap",
			"file": "custom-font/menus/ranks_menu.png",
			"ascent": 21,
			"height": 256,
			"chars": [
				""
			]
		},
		{
			"type": "bitmap",
			"file": "custom-font/tags/store_ranks.png",
			"height": 7,
			"ascent": 7,
			"chars": [
				"",
				"",
				"",
				"",
				""
			]
		},
		{
			"type": "bitmap",
			"file": "custom-font/tags/ingame_ranks.png",
			"height": 7,
			"ascent": 7,
			"chars": [
				"",
				"",
				"",
				"",
				"",
				"",
				"",
				"",
				"",
				"",
				"",
				"",
				"",
				"",
				"",
				""
			]
		},
		{
			"type": "bitmap",
			"file": "custom-font/tags/notifications.png",
			"height": 7,
			"ascent": 7,
			"chars": [
				""
			]
		},
		{
			"type": "bitmap",
			"file": "custom-font/tags/channel_prefix.png",
			"height": 7,
			"ascent": 7,
			"chars": [
				"",
				"",
				"",
				""
			]
		},
		{
			"type": "bitmap",
			"file": "custom-font/menus/playerwarps_menu.png",
			"ascent": 21,
			"height": 256,
			"chars": [
				""
			]
		},
		{
			"type": "bitmap",
			"file": "custom-font/menus/recipes/recipes_main_menu.png",
			"ascent": 21,
			"height": 256,
			"chars": [
				""
			]
		},
		{
			"type": "bitmap",
			"file": "custom-font/menus/recipes/recipes_menu.png",
			"ascent": 21,
			"height": 256,
			"chars": [
				""
			]
		},
		{
			"type": "bitmap",
			"file": "custom-font/menus/faq_menu.png",
			"ascent": 21,
			"height": 256,
			"chars": [
				""
			]
		},
		{
			"type": "bitmap",
			"file": "custom-font/menus/faq_towny_menu.png",
			"ascent": 21,
			"height": 256,
			"chars": [
				""
			]
		},
		{
			"type": "bitmap",
			"file": "custom-font/menus/skills/skills_menu.png",
			"ascent": 21,
			"height": 256,
			"chars": [
				""
			]
		},
		{
			"type": "bitmap",
			"file": "custom-font/menus/relics_menu.png",
			"ascent": 21,
			"height": 256,
			"chars": [
				""
			]
		},
		{
			"type": "bitmap",
			"file": "custom-font/menus/gemstones_menu.png",
			"ascent": 21,
			"height": 256,
			"chars": [
				""
			]
		},
		{
			"type": "bitmap",
			"file": "custom-font/tags/premium_icon.png",
			"height": 8,
			"ascent": 7,
			"chars": [
				""
			]
		},
		{
			"type": "bitmap",
			"file": "custom-font/menus/spirits_menu.png",
			"ascent": 21,
			"height": 256,
			"chars": [
				""
			]
		},
		{
			"type": "bitmap",
			"file": "custom-font/dialogue/wumpus.png",
			"ascent": 6,
			"height": 50,
			"chars": [
				""
			]
		},
		{
			"type": "bitmap",
			"file": "custom-font/tags/staff_icons.png",
			"height": 8,
			"ascent": 7,
			"chars": [
				""
			]
		},
		{
			"type": "bitmap",
			"file": "custom-font/dialogue/oxywire.png",
			"ascent": 6,
			"height": 50,
			"chars": [
				""
			]
		},
		{
			"type": "bitmap",
			"file": "custom-font/menus/gemstones_preview.png",
			"ascent": 21,
			"height": 256,
			"chars": [
				""
			]
		},
		{
			"type": "bitmap",
			"file": "custom-font/menus/showitem_menu.png",
			"ascent": 21,
			"height": 256,
			"chars": [
				""
			]
		},
		{
			"type": "bitmap",
			"file": "custom-font/dialogue/vote_reminder.png",
			"ascent": 6,
			"height": 50,
			"chars": [
				""
			]
		},
		{
			"type": "bitmap",
			"file": "custom-font/tags/tier_tags.png",
			"height": 7,
			"ascent": 7,
			"chars": [
				"",
				"",
				"",
				"",
				"",
				"",
				"",
				""

			]
		},
		{
			"type": "bitmap",
			"file": "custom-font/tags/gear_tags.png",
			"height": 7,
			"ascent": 7,
			"chars": [
				"",
				"",
				"",
				"",
				"",
				"",
				"",
				"",
				"",
				"",
				"",
				"",
				"",
				"",
				"",
				"",
				""
			]
		},
		{
			"type": "bitmap",
			"file": "custom-font/click_icons.png",
			"height": 9,
			"ascent": 8,
			"chars": [
				""
			]
		},
		{
			"type": "bitmap",
			"file": "custom-font/menus/hat_merchant.png",
			"ascent": 21,
			"height": 256,
			"chars": [
				""
			]
		},
		{
			"type": "bitmap",
			"file": "custom-font/menus/hats_shop.png",
			"ascent": 21,
			"height": 256,
			"chars": [
				""
			]
		},
		{
			"type": "bitmap",
			"file": "custom-font/logo.png",
			"height": 24,
            "ascent": 11,
			"chars": [
				""
			]
		},
		{
			"type": "bitmap",
			"file": "custom-font/menus/furniture_shop.png",
			"ascent": 21,
			"height": 256,
			"chars": [
				""
			]
		},
		{
			"type": "bitmap",
			"file": "custom-font/menus/town/main_menu.png",
			"ascent": 21,
			"height": 256,
			"chars": [
				""
			]
		},
		{
			"type": "bitmap",
			"file": "custom-font/menus/town/resident_menu.png",
			"ascent": 21,
			"height": 256,
			"chars": [
				""
			]
		},
		{
			"type": "bitmap",
			"file": "custom-font/menus/town/bans_menu.png",
			"ascent": 21,
			"height": 256,
			"chars": [
				""
			]
		},
		{
			"type": "bitmap",
			"file": "custom-font/menus/town/upgrades_menu_main.png",
			"ascent": 21,
			"height": 256,
			"chars": [
				""
			]
		},
		{
			"type": "bitmap",
			"file": "custom-font/menus/town/upgrades_menu.png",
			"ascent": 21,
			"height": 256,
			"chars": [
				""
			]
		},
		{
			"type": "bitmap",
			"file": "custom-font/menus/town/outposts_menu.png",
			"ascent": 21,
			"height": 256,
			"chars": [
				""
			]
		},
		{
			"type": "bitmap",
			"file": "custom-font/menus/town/settings_menu_main.png",
			"ascent": 21,
			"height": 256,
			"chars": [
				""
			]
		},
		{
			"type": "bitmap",
			"file": "custom-font/menus/town/toggles_menu.png",
			"ascent": 21,
			"height": 256,
			"chars": [
				""
			]
		},
		{
			"type": "bitmap",
			"file": "custom-font/menus/town/permissions_menu.png",
			"ascent": 21,
			"height": 256,
			"chars": [
				""
			]
		},
		{
			"type": "bitmap",
			"file": "custom-font/menus/town/trusted_menu.png",
			"ascent": 21,
			"height": 256,
			"chars": [
				""
			]
		},
		{
			"type": "bitmap",
			"file": "custom-font/menus/town/townlist_menu.png",
			"ascent": 21,
			"height": 256,
			"chars": [
				""
			]
		},
		{
			"type": "bitmap",
			"file": "custom-font/menus/town/plot_types_menu.png",
			"ascent": 21,
			"height": 256,
			"chars": [
				""
			]
		},
		{
			"type": "bitmap",
			"file": "custom-font/menus/town/claims_menu.png",
			"ascent": 21,
			"height": 256,
			"chars": [
				""
			]
		},
		{
			"type": "bitmap",
			"file": "custom-font/menus/quests_menu.png",
			"ascent": 21,
			"height": 256,
			"chars": [
				""
			]
		},
		{
			"type": "bitmap",
			"file": "custom-font/menus/weekly_challenge.png",
			"ascent": 21,
			"height": 256,
			"chars": [
				""
			]
		},
		{
			"type": "bitmap",
			"file": "custom-font/menus/town/plot_permissions_menu.png",
			"ascent": 21,
			"height": 256,
			"chars": [
				""
			]
		},
		{
			"type": "bitmap",
			"file": "custom-font/menus/town/plot_members_menu.png",
			"ascent": 21,
			"height": 256,
			"chars": [
				""
			]
		},
		{
			"type": "bitmap",
			"file": "custom-font/menus/town/plot_main_menu.png",
			"ascent": 21,
			"height": 256,
			"chars": [
				""
			]
		},
		{
			"type": "bitmap",
			"file": "custom-font/bossbars.png",
			"height": 5,
			"ascent": -2.5,
			"chars": [
				"",
				"",
				"",
				"",
				"",
				"",
				"",
				"",
				"",
				"",
				"",
				"",
				"",
				"",
				"",
				"",
				"",
				"",
				"",
				"",
				"",
				"",
				"",
				"",
				"",
				"",
				"",
				"",
				"",
				"",
				"",
				"",
				"",
				"",
				"",
				"",
				"",
				"",
				"",
				"",
				"",
				"",
				"",
				"",
				"",
				"",
				"",
				"",
				"",
				"",
				"",
				""
			]
		},
		{
			"type": "bitmap",
			"file": "custom-font/menus/chestshop/chestshop_setprice_menu.png",
			"ascent": 21,
			"height": 256,
			"chars": [
				""
			]
		},
		{
			"type": "bitmap",
			"file": "custom-font/menus/chestshop/chestshop_editor_menu.png",
			"ascent": 21,
			"height": 256,
			"chars": [
				""
			]
		},
		{
			"type": "bitmap",
			"file": "custom-font/blank.png",
			"height": -62,
			"ascent": -42069,
			"chars": [
				""
			]
		},
		{
			"type": "bitmap",
			"file": "custom-font/menus/town/plot_main_menu.png",
			"ascent": 21,
			"height": 256,
			"chars": [
				""
			]
		},
		{
			"type": "bitmap",
			"file": "custom-font/menus/town/plot_members_menu.png",
			"ascent": 21,
			"height": 256,
			"chars": [
				""
			]
		},
		{
			"type": "bitmap",
			"file": "custom-font/menus/town/plot_permissions_menu.png",
			"ascent": 21,
			"height": 256,
			"chars": [
				""
			]
		},
		{
			"type": "bitmap",
			"file": "custom-font/menus/emperor_menu.png",
			"ascent": 21,
			"height": 256,
			"chars": [
				""
			]
		},
		{
			"type": "bitmap",
			"file": "custom-font/tooltips/first_spacer.png",
			"height": -6,
			"ascent": -69420,
			"chars": [
				""
			]
		},
		{
			"__comment__": "earth gemstone spacer",
			"type": "bitmap",
			"file": "custom-font/tooltips/second_spacer.png",
			"height": -206,
			"ascent": -69420,
			"chars": [
				""
			]
		},
		{
			"type": "bitmap",
			"file": "custom-font/tooltips/earth_gemstone_top.png",
			"height": 23,
			"ascent": 19,
			"chars": [
				""
			]
		},
		{
			"type": "bitmap",
			"file": "custom-font/tooltips/earth_gemstone_center.png",
			"height": 10,
			"ascent": 8,
			"chars": [
				""
			]
		},
		{
			"type": "bitmap",
			"file": "custom-font/tooltips/earth_gemstone_bottom.png",
			"height": 15,
			"ascent": 8,
			"chars": [
				""
			]
		},
		{
			"__comment__": "demonic gemstone spacer",
			"type": "bitmap",
			"file": "custom-font/tooltips/second_spacer.png",
			"height": -206,
			"ascent": -69420,
			"chars": [
				""
			]
		},
		{
			"type": "bitmap",
			"file": "custom-font/tooltips/demonic_gemstone_top.png",
			"height": 23,
			"ascent": 19,
			"chars": [
				""
			]
		},
		{
			"type": "bitmap",
			"file": "custom-font/tooltips/demonic_gemstone_center.png",
			"height": 10,
			"ascent": 8,
			"chars": [
				""
			]
		},
		{
			"type": "bitmap",
			"file": "custom-font/tooltips/demonic_gemstone_bottom.png",
			"height": 15,
			"ascent": 8,
			"chars": [
				""
			]
		},
		{
			"__comment__": "void gemstone spacer",
			"type": "bitmap",
			"file": "custom-font/tooltips/second_spacer.png",
			"height": -206,
			"ascent": -69420,
			"chars": [
				""
			]
		},
		{
			"type": "bitmap",
			"file": "custom-font/tooltips/void_gemstone_top.png",
			"height": 23,
			"ascent": 19,
			"chars": [
				""
			]
		},
		{
			"type": "bitmap",
			"file": "custom-font/tooltips/void_gemstone_center.png",
			"height": 10,
			"ascent": 8,
			"chars": [
				""
			]
		},
		{
			"type": "bitmap",
			"file": "custom-font/tooltips/void_gemstone_bottom.png",
			"height": 15,
			"ascent": 8,
			"chars": [
				""
			]
		},
		{
			"type": "bitmap",
			"file": "custom-font/menus/randomtp_menu.png",
			"ascent": 21,
			"height": 256,
			"chars": [
				""
			]
		},
		{
			"type": "bitmap",
			"file": "custom-font/menus/skills/skills_info_menu.png",
			"ascent": 21,
			"height": 256,
			"chars": [
				""
			]
		},
		{
			"type": "bitmap",
			"file": "custom-font/menus/runestones_menu.png",
			"ascent": 21,
			"height": 256,
			"chars": [
				""
			]
		},
		{
			"type": "bitmap",
			"file": "custom-font/menus/skills/skills_skilltree_menu.png",
			"ascent": 21,
			"height": 256,
			"chars": [
				""
			]
		},
		{
			"type": "bitmap",
			"file": "custom-font/menus/daily_rewards_menu.png",
			"ascent": 21,
			"height": 256,
			"chars": [
				""
			]
		},
		{
			"type": "bitmap",
			"file": "custom-font/menus/aquatic_menu.png",
			"ascent": 21,
			"height": 256,
			"chars": [
				""
			]
		},
		{
			"type": "bitmap",
			"file": "custom-font/menus/chestshop/chestshop_confirm_menu.png",
			"ascent": 21,
			"height": 256,
			"chars": [
				""
			]
		},
		{
			"type": "bitmap",
			"file": "custom-font/menus/auctions_menu.png",
			"ascent": 21,
			"height": 256,
			"chars": [
				""
			]
		},
		{
			"type": "bitmap",
			"file": "custom-font/badges.png",
			"height": 9,
			"ascent": 8,
			"chars": [
				"",
				"",
				"",
				"",
				"",
				"",
				"",
				"",
				"",
				""
			]
		},
		{
			"type": "bitmap",
			"file": "custom-font/menus/advent_calendar.png",
			"ascent": 21,
			"height": 256,
			"chars": [
				""
			]
		}
	]
}