{"texture_size":[128,128],"textures":{"1":"custom/furniture/office/office_02","particle":"custom/furniture/office/office_01"},"elements":[{"from":[4,0,4],"to":[12,8,10],"faces":{"north":{"uv":[3.875,6.625,4.875,7.625],"texture":"#1"},"east":{"uv":[2.875,6.625,2.125,7.625],"texture":"#1"},"south":{"uv":[2.875,6.625,3.875,7.625],"texture":"#1"},"west":{"uv":[2.125,6.625,2.875,7.625],"texture":"#1"},"up":{"uv":[4,5.625,5,6.375],"texture":"#1"},"down":{"uv":[4,5.625,5,6.375],"texture":"#1"}}},{"from":[4,8,3],"to":[12,9,10],"faces":{"north":{"uv":[0,7.8125,1,7.9375],"texture":"#1"},"east":{"uv":[3.25,6.5,4.125,6.625],"texture":"#1"},"south":{"uv":[0,7.8125,1,7.9375],"texture":"#1"},"west":{"uv":[3.25,6.5,4.125,6.625],"texture":"#1"},"up":{"uv":[1.875,7.625,2.875,8.5],"texture":"#1"},"down":{"uv":[1.875,7.625,2.875,8.5],"texture":"#1"}}},{"from":[4,9,10],"to":[12,16,11],"rotation":{"angle":-45,"axis":"x","origin":[4,9,10]},"faces":{"north":{"uv":[3.875,7.625,4.875,8.5],"texture":"#1"},"east":{"uv":[2.875,8.5,3.75,8.625],"rotation":90,"texture":"#1"},"south":{"uv":[2.875,7.625,3.875,8.5],"texture":"#1"},"west":{"uv":[2.875,8.5,3.75,8.625],"rotation":90,"texture":"#1"},"up":{"uv":[1.875,8.5,2.875,8.625],"rotation":180,"texture":"#1"},"down":{"uv":[1.875,8.5,2.875,8.625],"rotation":180,"texture":"#1"}}},{"from":[6,0.5,2],"to":[10,1,4],"faces":{"north":{"uv":[1.375,8.25,1.875,8.3125],"texture":"#1"},"east":{"uv":[1.625,8.3125,1.875,8.375],"texture":"#1"},"south":{"uv":[1.375,8.25,1.875,8.3125],"texture":"#1"},"west":{"uv":[1.625,8.3125,1.875,8.375],"texture":"#1"},"up":{"uv":[1.375,8,1.875,8.25],"texture":"#1"},"down":{"uv":[1.375,8,1.875,8.25],"texture":"#1"}}},{"from":[4,0,3],"to":[6,8,4],"faces":{"north":{"uv":[4.875,6.625,5.125,7.625],"texture":"#1"},"east":{"uv":[5.125,6.625,5.25,7.625],"texture":"#1"},"south":{"uv":[4.875,6.625,5.125,7.625],"texture":"#1"},"west":{"uv":[5.125,6.625,5.25,7.625],"texture":"#1"},"up":{"uv":[4.875,6.5,5.125,6.625],"texture":"#1"},"down":{"uv":[4.875,6.5,5.125,6.625],"texture":"#1"}}},{"from":[10,0,3],"to":[12,8,4],"rotation":{"angle":0,"axis":"y","origin":[16,0,0]},"faces":{"north":{"uv":[5.125,6.625,4.875,7.625],"texture":"#1"},"east":{"uv":[5.25,6.625,5.125,7.625],"texture":"#1"},"south":{"uv":[5.125,6.625,4.875,7.625],"texture":"#1"},"west":{"uv":[5.25,6.625,5.125,7.625],"texture":"#1"},"up":{"uv":[5.125,6.5,4.875,6.625],"texture":"#1"},"down":{"uv":[5.125,6.5,4.875,6.625],"texture":"#1"}}}],"gui_light":"front","display":{"thirdperson_righthand":{"rotation":[67.5,0,0],"translation":[0,1.25,1.25],"scale":[0.375,0.375,0.375]},"thirdperson_lefthand":{"rotation":[67.5,0,0],"translation":[0,1.25,1.25],"scale":[0.375,0.375,0.375]},"firstperson_righthand":{"translation":[1.75,3,0],"scale":[0.63633,0.63633,0.63633]},"firstperson_lefthand":{"translation":[1.75,3,0],"scale":[0.63633,0.63633,0.63633]},"ground":{"translation":[0,3,0],"scale":[0.53438,0.53438,0.53438]},"gui":{"rotation":[30,225,0],"translation":[-1,1.5,0],"scale":[0.90039,0.90039,0.90039]},"head":{"translation":[0,6.85,4.25],"scale":[2,2,2]},"fixed":{"rotation":[-90,0,0],"translation":[0,3.25,-16],"scale":[2,2,2]}}}