{"textures":{"0":"modelengine:entity/nm_elephant_texture","particle":"#0"},"elements":[{"from":[2.0,-7.7473145,-1.3911352],"to":[4.5,-3.7473145,1.1088648],"faces":{"east":{"uv":[9.5,5.3125,9.8125,5.8125],"tintindex":0,"rotation":0,"texture":"#0"},"south":{"uv":[9.5,8.375,9.8125,8.875],"tintindex":0,"rotation":0,"texture":"#0"},"north":{"uv":[9.5,4.8125,9.8125,5.3125],"tintindex":0,"rotation":0,"texture":"#0"},"west":{"uv":[9.625,0.0,9.9375,0.5],"tintindex":0,"rotation":0,"texture":"#0"},"up":{"uv":[10.125,7.125,9.8125,6.8125],"tintindex":0,"rotation":0,"texture":"#0"},"down":{"uv":[10.125,7.125,9.8125,7.4375],"tintindex":0,"rotation":0,"texture":"#0"}},"rotation":{"origin":[3.25,-1.9973145,0.1963644],"angle":22.5,"axis":"x"}},{"from":[2.0124998,-8.5193405,-5.4871397],"to":[4.4875,-6.1443396,-1.4871397],"faces":{"east":{"uv":[10.125,0.5,9.625,0.8125],"tintindex":0,"rotation":0,"texture":"#0"},"south":{"uv":[10.1875,4.0,9.875,4.3125],"tintindex":0,"rotation":0,"texture":"#0"},"north":{"uv":[10.1875,3.6875,9.875,4.0],"tintindex":0,"rotation":0,"texture":"#0"},"west":{"uv":[6.25,8.125,5.75,8.4375],"tintindex":0,"rotation":0,"texture":"#0"},"up":{"uv":[9.8125,6.3125,10.125,5.8125],"tintindex":0,"rotation":0,"texture":"#0"},"down":{"uv":[9.8125,6.3125,10.125,6.8125],"tintindex":0,"rotation":0,"texture":"#0"}},"rotation":{"origin":[3.25,-7.2693396,-3.4871397],"angle":-22.5,"axis":"x"}},{"from":[2.5,-1.5848141,-1.903636],"to":[13.5,11.415186,9.096365],"faces":{"east":{"uv":[2.25,6.75,3.625,8.375],"tintindex":0,"rotation":0,"texture":"#0"},"south":{"uv":[3.625,6.75,5.0,8.375],"tintindex":0,"rotation":0,"texture":"#0"},"north":{"uv":[6.75,0.0,8.125,1.625],"tintindex":0,"rotation":0,"texture":"#0"},"west":{"uv":[6.75,3.75,8.125,5.375],"tintindex":0,"rotation":0,"texture":"#0"},"up":{"uv":[6.375,8.125,5.0,6.75],"tintindex":0,"rotation":0,"texture":"#0"},"down":{"uv":[8.125,5.375,6.75,6.75],"tintindex":0,"rotation":0,"texture":"#0"}}},{"from":[11.5,-7.7473145,-1.3911352],"to":[14.0,-3.7473145,1.1088648],"faces":{"east":{"uv":[9.25,9.75,9.5625,10.25],"tintindex":0,"rotation":0,"texture":"#0"},"south":{"uv":[9.8125,4.8125,10.125,5.3125],"tintindex":0,"rotation":0,"texture":"#0"},"north":{"uv":[9.6875,9.375,10.0,9.875],"tintindex":0,"rotation":0,"texture":"#0"},"west":{"uv":[9.8125,5.3125,10.125,5.8125],"tintindex":0,"rotation":0,"texture":"#0"},"up":{"uv":[10.125,8.375,9.8125,8.0625],"tintindex":0,"rotation":0,"texture":"#0"},"down":{"uv":[10.125,8.375,9.8125,8.6875],"tintindex":0,"rotation":0,"texture":"#0"}},"rotation":{"origin":[12.75,-1.9973145,0.1963644],"angle":22.5,"axis":"x"}},{"from":[11.5125,-8.5193405,-5.4871397],"to":[13.9875,-6.1443396,-1.4871397],"faces":{"east":{"uv":[5.75,8.125,6.25,8.4375],"tintindex":0,"rotation":0,"texture":"#0"},"south":{"uv":[9.875,4.0,10.1875,4.3125],"tintindex":0,"rotation":0,"texture":"#0"},"north":{"uv":[9.875,3.6875,10.1875,4.0],"tintindex":0,"rotation":0,"texture":"#0"},"west":{"uv":[9.625,0.5,10.125,0.8125],"tintindex":0,"rotation":0,"texture":"#0"},"up":{"uv":[10.125,6.3125,9.8125,5.8125],"tintindex":0,"rotation":0,"texture":"#0"},"down":{"uv":[10.125,6.3125,9.8125,6.8125],"tintindex":0,"rotation":0,"texture":"#0"}},"rotation":{"origin":[12.75,-7.2693396,-3.4871397],"angle":-22.5,"axis":"x"}},{"from":[1.5,-3.7473145,-1.8911352],"to":[5.0,1.2526855,1.6088648],"faces":{"east":{"uv":[9.25,9.125,9.6875,9.75],"tintindex":0,"rotation":0,"texture":"#0"},"south":{"uv":[9.375,5.875,9.8125,6.5],"tintindex":0,"rotation":0,"texture":"#0"},"north":{"uv":[8.125,6.125,8.5625,6.75],"tintindex":0,"rotation":0,"texture":"#0"},"west":{"uv":[9.375,6.5,9.8125,7.125],"tintindex":0,"rotation":0,"texture":"#0"},"up":{"uv":[9.9375,1.8125,9.5,1.375],"tintindex":0,"rotation":0,"texture":"#0"},"down":{"uv":[2.1875,9.5,1.75,9.9375],"tintindex":0,"rotation":0,"texture":"#0"}},"rotation":{"origin":[3.25,-1.9973145,0.1963644],"angle":22.5,"axis":"x"}},{"from":[11.0,-3.7473145,-1.8911352],"to":[14.5,1.2526855,1.6088648],"faces":{"east":{"uv":[9.375,7.75,9.8125,8.375],"tintindex":0,"rotation":0,"texture":"#0"},"south":{"uv":[0.0,9.5,0.4375,10.125],"tintindex":0,"rotation":0,"texture":"#0"},"north":{"uv":[9.375,7.125,9.8125,7.75],"tintindex":0,"rotation":0,"texture":"#0"},"west":{"uv":[0.4375,9.5,0.875,10.125],"tintindex":0,"rotation":0,"texture":"#0"},"up":{"uv":[9.9375,2.25,9.5,1.8125],"tintindex":0,"rotation":0,"texture":"#0"},"down":{"uv":[9.9375,3.25,9.5,3.6875],"tintindex":0,"rotation":0,"texture":"#0"}},"rotation":{"origin":[12.75,-1.9973145,0.1963644],"angle":22.5,"axis":"x"}}],"display":{"head":{"rotation":[0.0,0.0,0.0]},"firstperson_righthand":{"rotation":[0.0,0.0,0.0]},"thirdperson_lefthand":{"rotation":[0.0,-0.0,-0.0]},"firstperson_lefthand":{"rotation":[0.0,-0.0,-0.0]},"fixed":{"rotation":[0.0,0.0,0.0]},"ground":{"rotation":[0.0,0.0,0.0]},"thirdperson_righthand":{"rotation":[0.0,0.0,0.0]},"gui":{"rotation":[-150.0,-45.0,180.0]}}}