{"textures":{"0":"modelengine:entity/nm_elephant_texture","particle":"#0"},"elements":[{"from":[-15.19487,-6.79628,6.7978096],"to":[8.80513,21.20372,8.79781],"faces":{"east":{"uv":[8.625,9.25,8.75,11.0],"tintindex":0,"rotation":0,"texture":"#0"},"south":{"uv":[3.75,5.0,5.25,6.75],"tintindex":0,"rotation":0,"texture":"#0"},"north":{"uv":[2.25,5.0,3.75,6.75],"tintindex":0,"rotation":0,"texture":"#0"},"west":{"uv":[1.375,9.5,1.5,11.25],"tintindex":0,"rotation":0,"texture":"#0"},"up":{"uv":[11.0,2.375,9.5,2.25],"tintindex":0,"rotation":0,"texture":"#0"},"down":{"uv":[11.0,2.375,9.5,2.5],"tintindex":0,"rotation":0,"texture":"#0"}}}],"display":{"head":{"rotation":[0.0,0.0,0.0]},"firstperson_righthand":{"rotation":[0.0,0.0,0.0]},"thirdperson_lefthand":{"rotation":[0.0,-0.0,-0.0]},"firstperson_lefthand":{"rotation":[0.0,-0.0,-0.0]},"fixed":{"rotation":[0.0,0.0,0.0]},"ground":{"rotation":[0.0,0.0,0.0]},"thirdperson_righthand":{"rotation":[0.0,0.0,0.0]},"gui":{"rotation":[-150.0,-45.0,180.0]}}}