{"textures":{"0":"modelengine:entity/nm_reindeer_texture","particle":"#0"},"elements":[{"from":[9.612198,19.856483,6.0868244],"to":[21.612198,21.856483,8.086824],"faces":{"east":{"uv":[9.0,5.25,8.75,5.5],"tintindex":0,"rotation":0,"texture":"#0"},"south":{"uv":[9.25,4.125,7.75,4.375],"tintindex":0,"rotation":0,"texture":"#0"},"north":{"uv":[9.25,3.75,7.75,4.0],"tintindex":0,"rotation":0,"texture":"#0"},"west":{"uv":[2.875,8.75,2.625,9.0],"tintindex":0,"rotation":0,"texture":"#0"},"up":{"uv":[7.75,4.75,9.25,4.5],"tintindex":0,"rotation":0,"texture":"#0"},"down":{"uv":[7.75,4.875,9.25,5.125],"tintindex":0,"rotation":0,"texture":"#0"}}},{"from":[9.612198,12.856483,0.08682442],"to":[11.612198,14.856483,4.0868244],"faces":{"east":{"uv":[3.0,8.375,2.5,8.625],"tintindex":0,"rotation":0,"texture":"#0"},"south":{"uv":[8.875,5.875,8.625,6.125],"tintindex":0,"rotation":0,"texture":"#0"},"north":{"uv":[4.875,8.625,4.625,8.875],"tintindex":0,"rotation":0,"texture":"#0"},"west":{"uv":[2.375,8.375,1.875,8.625],"tintindex":0,"rotation":0,"texture":"#0"},"up":{"uv":[8.375,5.75,8.625,5.25],"tintindex":0,"rotation":0,"texture":"#0"},"down":{"uv":[8.375,8.25,8.625,8.75],"tintindex":0,"rotation":0,"texture":"#0"}}},{"from":[9.612198,16.856483,-0.9131756],"to":[11.612198,18.856483,4.0868244],"faces":{"east":{"uv":[4.625,8.25,4.0,8.5],"tintindex":0,"rotation":0,"texture":"#0"},"south":{"uv":[2.5,8.75,2.25,9.0],"tintindex":0,"rotation":0,"texture":"#0"},"north":{"uv":[9.0,1.875,8.75,2.125],"tintindex":0,"rotation":0,"texture":"#0"},"west":{"uv":[3.875,8.25,3.25,8.5],"tintindex":0,"rotation":0,"texture":"#0"},"up":{"uv":[8.25,6.625,8.5,6.0],"tintindex":0,"rotation":0,"texture":"#0"},"down":{"uv":[8.0,8.25,8.25,8.875],"tintindex":0,"rotation":0,"texture":"#0"}}},{"from":[16.612198,26.856483,10.086824],"to":[18.612198,28.856483,12.086824],"faces":{"east":{"uv":[4.875,9.0,4.625,9.25],"tintindex":0,"rotation":0,"texture":"#0"},"south":{"uv":[4.5,9.0,4.25,9.25],"tintindex":0,"rotation":0,"texture":"#0"},"north":{"uv":[9.0,8.875,8.75,9.125],"tintindex":0,"rotation":0,"texture":"#0"},"west":{"uv":[9.25,3.25,9.0,3.5],"tintindex":0,"rotation":0,"texture":"#0"},"up":{"uv":[9.0,5.875,9.25,5.625],"tintindex":0,"rotation":0,"texture":"#0"},"down":{"uv":[9.0,6.0,9.25,6.25],"tintindex":0,"rotation":0,"texture":"#0"}}},{"from":[9.612198,9.856483,4.0868244],"to":[11.612198,21.856483,6.0868244],"faces":{"east":{"uv":[5.625,7.75,5.375,9.25],"tintindex":0,"rotation":0,"texture":"#0"},"south":{"uv":[5.25,7.75,5.0,9.25],"tintindex":0,"rotation":0,"texture":"#0"},"north":{"uv":[1.75,7.5,1.5,9.0],"tintindex":0,"rotation":0,"texture":"#0"},"west":{"uv":[7.875,7.0,7.625,8.5],"tintindex":0,"rotation":0,"texture":"#0"},"up":{"uv":[5.875,5.5,6.125,5.25],"tintindex":0,"rotation":0,"texture":"#0"},"down":{"uv":[4.25,8.625,4.5,8.875],"tintindex":0,"rotation":0,"texture":"#0"}}},{"from":[14.612198,26.856483,8.086824],"to":[16.612198,28.856483,12.086824],"faces":{"east":{"uv":[9.0,2.875,8.5,3.125],"tintindex":0,"rotation":0,"texture":"#0"},"south":{"uv":[8.625,8.875,8.375,9.125],"tintindex":0,"rotation":0,"texture":"#0"},"north":{"uv":[9.0,8.5,8.75,8.75],"tintindex":0,"rotation":0,"texture":"#0"},"west":{"uv":[9.0,2.5,8.5,2.75],"tintindex":0,"rotation":0,"texture":"#0"},"up":{"uv":[0.0,9.125,0.25,8.625],"tintindex":0,"rotation":0,"texture":"#0"},"down":{"uv":[3.125,8.625,3.375,9.125],"tintindex":0,"rotation":0,"texture":"#0"}}},{"from":[14.612198,21.856483,6.0868244],"to":[16.612198,28.856483,8.086824],"faces":{"east":{"uv":[1.25,8.25,1.0,9.125],"tintindex":0,"rotation":0,"texture":"#0"},"south":{"uv":[0.875,8.25,0.625,9.125],"tintindex":0,"rotation":0,"texture":"#0"},"north":{"uv":[7.375,8.0,7.125,8.875],"tintindex":0,"rotation":0,"texture":"#0"},"west":{"uv":[8.375,2.5,8.125,3.375],"tintindex":0,"rotation":0,"texture":"#0"},"up":{"uv":[6.125,9.0,6.375,8.75],"tintindex":0,"rotation":0,"texture":"#0"},"down":{"uv":[8.75,8.125,9.0,8.375],"tintindex":0,"rotation":0,"texture":"#0"}}},{"from":[11.612198,16.856483,-0.9131756],"to":[13.612198,18.856483,1.0868244],"faces":{"east":{"uv":[9.0,1.125,8.75,1.375],"tintindex":0,"rotation":0,"texture":"#0"},"south":{"uv":[9.0,0.75,8.75,1.0],"tintindex":0,"rotation":0,"texture":"#0"},"north":{"uv":[9.0,0.0,8.75,0.25],"tintindex":0,"rotation":0,"texture":"#0"},"west":{"uv":[9.0,0.375,8.75,0.625],"tintindex":0,"rotation":0,"texture":"#0"},"up":{"uv":[8.75,1.75,9.0,1.5],"tintindex":0,"rotation":0,"texture":"#0"},"down":{"uv":[1.875,8.75,2.125,9.0],"tintindex":0,"rotation":0,"texture":"#0"}}},{"from":[11.612198,12.856483,0.08682442],"to":[13.612198,14.856483,2.0868244],"faces":{"east":{"uv":[8.875,7.375,8.625,7.625],"tintindex":0,"rotation":0,"texture":"#0"},"south":{"uv":[8.875,7.0,8.625,7.25],"tintindex":0,"rotation":0,"texture":"#0"},"north":{"uv":[8.875,6.25,8.625,6.5],"tintindex":0,"rotation":0,"texture":"#0"},"west":{"uv":[8.875,6.625,8.625,6.875],"tintindex":0,"rotation":0,"texture":"#0"},"up":{"uv":[7.5,8.875,7.75,8.625],"tintindex":0,"rotation":0,"texture":"#0"},"down":{"uv":[8.625,7.75,8.875,8.0],"tintindex":0,"rotation":0,"texture":"#0"}}}],"display":{"head":{"rotation":[0.0,0.0,0.0]},"firstperson_righthand":{"rotation":[0.0,0.0,0.0]},"thirdperson_lefthand":{"rotation":[0.0,-0.0,-0.0]},"firstperson_lefthand":{"rotation":[0.0,-0.0,-0.0]},"fixed":{"rotation":[0.0,0.0,0.0]},"ground":{"rotation":[0.0,0.0,0.0]},"thirdperson_righthand":{"rotation":[0.0,0.0,0.0]},"gui":{"rotation":[-150.0,-45.0,180.0]}}}