{"textures":{"0":"modelengine:entity/nm_reindeer_texture","particle":"#0"},"elements":[{"from":[6.0,-6.75,6.0],"to":[10.0,7.25,10.0],"faces":{"east":{"uv":[7.125,1.875,6.625,3.625],"tintindex":0,"rotation":0,"texture":"#0"},"south":{"uv":[7.125,0.0,6.625,1.75],"tintindex":0,"rotation":0,"texture":"#0"},"north":{"uv":[2.5,6.5,2.0,8.25],"tintindex":0,"rotation":0,"texture":"#0"},"west":{"uv":[3.125,6.5,2.625,8.25],"tintindex":0,"rotation":0,"texture":"#0"},"up":{"uv":[8.125,0.5,8.625,0.0],"tintindex":0,"rotation":0,"texture":"#0"},"down":{"uv":[8.125,0.625,8.625,1.125],"tintindex":0,"rotation":0,"texture":"#0"}}}],"display":{"head":{"rotation":[0.0,0.0,0.0]},"firstperson_righthand":{"rotation":[0.0,0.0,0.0]},"thirdperson_lefthand":{"rotation":[0.0,-0.0,-0.0]},"firstperson_lefthand":{"rotation":[0.0,-0.0,-0.0]},"fixed":{"rotation":[0.0,0.0,0.0]},"ground":{"rotation":[0.0,0.0,0.0]},"thirdperson_righthand":{"rotation":[0.0,0.0,0.0]},"gui":{"rotation":[-150.0,-45.0,180.0]}}}