{"textures":{"0":"modelengine:entity/nm_reindeer_texture","particle":"#0"},"elements":[{"from":[6.0,-8.0,6.0],"to":[10.0,8.0,10.0],"faces":{"east":{"uv":[5.625,5.625,6.125,7.625],"tintindex":0,"rotation":0,"texture":"#0"},"south":{"uv":[6.0,0.0,6.5,2.0],"tintindex":0,"rotation":0,"texture":"#0"},"north":{"uv":[5.0,5.625,5.5,7.625],"tintindex":0,"rotation":0,"texture":"#0"},"west":{"uv":[6.0,2.125,6.5,4.125],"tintindex":0,"rotation":0,"texture":"#0"},"up":{"uv":[8.625,1.75,8.125,1.25],"tintindex":0,"rotation":0,"texture":"#0"},"down":{"uv":[8.625,1.875,8.125,2.375],"tintindex":0,"rotation":0,"texture":"#0"}}}],"display":{"head":{"rotation":[0.0,0.0,0.0]},"firstperson_righthand":{"rotation":[0.0,0.0,0.0]},"thirdperson_lefthand":{"rotation":[0.0,-0.0,-0.0]},"firstperson_lefthand":{"rotation":[0.0,-0.0,-0.0]},"fixed":{"rotation":[0.0,0.0,0.0]},"ground":{"rotation":[0.0,0.0,0.0]},"thirdperson_righthand":{"rotation":[0.0,0.0,0.0]},"gui":{"rotation":[-150.0,-45.0,180.0]}}}