{"textures":{"0":"modelengine:entity/nm_reindeer_texture","particle":"#0"},"elements":[{"from":[7.0,-2.5,8.0],"to":[9.0,8.5,11.0],"faces":{"east":{"uv":[4.5,6.75,4.875,8.125],"tintindex":0,"rotation":0,"texture":"#0"},"south":{"uv":[6.75,8.0,7.0,9.375],"tintindex":0,"rotation":0,"texture":"#0"},"north":{"uv":[5.75,7.75,6.0,9.125],"tintindex":0,"rotation":0,"texture":"#0"},"west":{"uv":[6.25,7.25,6.625,8.625],"tintindex":0,"rotation":0,"texture":"#0"},"up":{"uv":[3.75,9.0,3.5,8.625],"tintindex":0,"rotation":0,"texture":"#0"},"down":{"uv":[4.125,8.625,3.875,9.0],"tintindex":0,"rotation":0,"texture":"#0"}}}],"display":{"head":{"rotation":[0.0,0.0,0.0]},"firstperson_righthand":{"rotation":[0.0,0.0,0.0]},"thirdperson_lefthand":{"rotation":[0.0,-0.0,-0.0]},"firstperson_lefthand":{"rotation":[0.0,-0.0,-0.0]},"fixed":{"rotation":[0.0,0.0,0.0]},"ground":{"rotation":[0.0,0.0,0.0]},"thirdperson_righthand":{"rotation":[0.0,0.0,0.0]},"gui":{"rotation":[-150.0,-45.0,180.0]}}}