{"textures":{"0":"modelengine:entity/nm_elephant_texture","particle":"#0"},"elements":[{"from":[2.0,-5.532419,10.133839],"to":[14.0,10.467579,22.133839],"faces":{"east":{"uv":[5.25,2.0,6.0,3.0],"tintindex":0,"rotation":0,"texture":"#0"},"south":{"uv":[6.0,3.75,6.75,4.75],"tintindex":0,"rotation":0,"texture":"#0"},"north":{"uv":[4.5,2.0,5.25,3.0],"tintindex":0,"rotation":0,"texture":"#0"},"west":{"uv":[8.125,5.125,8.875,6.125],"tintindex":0,"rotation":0,"texture":"#0"},"up":{"uv":[9.0,2.5,8.25,1.75],"tintindex":0,"rotation":0,"texture":"#0"},"down":{"uv":[9.0,2.5,8.25,3.25],"tintindex":0,"rotation":0,"texture":"#0"}},"rotation":{"origin":[8.0,3.31534,15.368469],"angle":-22.5,"axis":"x"}}],"display":{"head":{"rotation":[0.0,0.0,0.0]},"firstperson_righthand":{"rotation":[0.0,0.0,0.0]},"thirdperson_lefthand":{"rotation":[0.0,-0.0,-0.0]},"firstperson_lefthand":{"rotation":[0.0,-0.0,-0.0]},"fixed":{"rotation":[0.0,0.0,0.0]},"ground":{"rotation":[0.0,0.0,0.0]},"thirdperson_righthand":{"rotation":[0.0,0.0,0.0]},"gui":{"rotation":[-150.0,-45.0,180.0]}}}