{"texture_size":[256, 256],"textures":{"0":"custom/furniture/medieval_market/medievalmarket","particle":"custom/furniture/medieval_market/medievalmarket"},"elements":[{"from":[9, 0, 6],"to":[13, 14, 10],"rotation":{"angle":0,"axis":"y","origin":[-5, 16, 13]},"faces":{"north":{"uv":[0.25, 5.8125, 0, 6.6875],"texture":"#0"},"east":{"uv":[0.25, 5.8125, 0, 6.6875],"texture":"#0"},"south":{"uv":[0.25, 5.8125, 0, 6.6875],"texture":"#0"},"west":{"uv":[0.25, 5.8125, 0, 6.6875],"texture":"#0"},"up":{"uv":[1.4375, 5.8125, 1.1875, 5.5625],"texture":"#0"},"down":{"uv":[1.4375, 5.8125, 1.1875, 5.5625],"texture":"#0"}}},{"from":[-13, 0, 6],"to":[-9, 14, 10],"rotation":{"angle":0,"axis":"y","origin":[-1, 16, 13]},"faces":{"north":{"uv":[0.25, 5.8125, 0, 6.6875],"texture":"#0"},"east":{"uv":[0.25, 5.8125, 0, 6.6875],"texture":"#0"},"south":{"uv":[0.25, 5.8125, 0, 6.6875],"texture":"#0"},"west":{"uv":[0.25, 5.8125, 0, 6.6875],"texture":"#0"},"up":{"uv":[1.4375, 5.8125, 1.1875, 5.5625],"texture":"#0"},"down":{"uv":[1.4375, 5.8125, 1.1875, 5.5625],"texture":"#0"}}},{"from":[-13, 0, 21],"to":[-9, 21, 25],"rotation":{"angle":0,"axis":"y","origin":[7, 16, 12]},"faces":{"north":{"uv":[0, 6, 0.25, 4.6875],"texture":"#0"},"east":{"uv":[0.25, 4.6875, 0.5, 6],"texture":"#0"},"south":{"uv":[0, 6, 0.25, 4.6875],"texture":"#0"},"west":{"uv":[0.5, 6, 0.25, 4.6875],"texture":"#0"},"up":{"uv":[1.1875, 5.8125, 1.4375, 5.5625],"texture":"#0"},"down":{"uv":[1.1875, 5.8125, 1.4375, 5.5625],"texture":"#0"}}},{"from":[9, 0, 21],"to":[13, 21, 25],"rotation":{"angle":0,"axis":"y","origin":[-9, 16, 12]},"faces":{"north":{"uv":[0.25, 6, 0, 4.6875],"texture":"#0"},"east":{"uv":[0.25, 6, 0.5, 4.6875],"texture":"#0"},"south":{"uv":[0.25, 6, 0, 4.6875],"texture":"#0"},"west":{"uv":[0.5, 4.6875, 0.25, 6],"texture":"#0"},"up":{"uv":[1.4375, 5.8125, 1.1875, 5.5625],"texture":"#0"},"down":{"uv":[1.4375, 5.8125, 1.1875, 5.5625],"texture":"#0"}}},{"from":[-14, 15, -1],"to":[14, 18, 10],"rotation":{"angle":-22.5,"axis":"x","origin":[1, 17, 12]},"faces":{"north":{"uv":[6.125, 2.1875, 8.125, 2.375],"texture":"#0"},"east":{"uv":[4.875, 5.5, 5.5625, 5.6875],"texture":"#0"},"south":{"uv":[6.125, 2.1875, 8.125, 2.375],"texture":"#0"},"west":{"uv":[4.875, 5.5, 5.5625, 5.6875],"texture":"#0"},"up":{"uv":[3.4375, 6.625, 2.75, 4.625],"rotation":270,"texture":"#0"},"down":{"uv":[3.4375, 6.625, 2.75, 4.625],"rotation":270,"texture":"#0"}}},{"from":[-14, 15, 15],"to":[14, 18, 26],"rotation":{"angle":-22.5,"axis":"x","origin":[1, 17, 12]},"faces":{"north":{"uv":[6.125, 2.1875, 8.125, 2.375],"texture":"#0"},"east":{"uv":[4.875, 5.5, 5.5625, 5.6875],"texture":"#0"},"south":{"uv":[6.125, 2.1875, 8.125, 2.375],"texture":"#0"},"west":{"uv":[4.875, 5.5, 5.5625, 5.6875],"texture":"#0"},"up":{"uv":[2.75, 6.625, 3.4375, 4.625],"rotation":270,"texture":"#0"},"down":{"uv":[3.4375, 6.625, 2.75, 4.625],"rotation":270,"texture":"#0"}}},{"from":[-16, 16.5, 4],"to":[16, 19.5, 6],"rotation":{"angle":-22.5,"axis":"x","origin":[15, 7.5, 14]},"faces":{"north":{"uv":[5.5, 2.5625, 7.75, 2.75],"texture":"#0"},"east":{"uv":[2.1875, 5.6875, 2.3125, 5.875],"texture":"#0"},"south":{"uv":[5.5, 2.5625, 7.75, 2.75],"texture":"#0"},"west":{"uv":[2.1875, 5.6875, 2.3125, 5.875],"texture":"#0"},"up":{"uv":[2.75, 6.9375, 2.625, 4.6875],"rotation":90,"texture":"#0"},"down":{"uv":[2.75, 6.9375, 2.625, 4.6875],"rotation":270,"texture":"#0"}}},{"from":[-16, 16.5, 18.5],"to":[16, 19.5, 20.5],"rotation":{"angle":-22.5,"axis":"x","origin":[15, 7.5, 14]},"faces":{"north":{"uv":[5.5, 2.5625, 7.75, 2.75],"texture":"#0"},"east":{"uv":[2.1875, 5.6875, 2.3125, 5.875],"texture":"#0"},"south":{"uv":[5.5, 2.5625, 7.75, 2.75],"texture":"#0"},"west":{"uv":[2.1875, 5.6875, 2.3125, 5.875],"texture":"#0"},"up":{"uv":[2.75, 6.9375, 2.625, 4.6875],"rotation":90,"texture":"#0"},"down":{"uv":[2.75, 6.9375, 2.625, 4.6875],"rotation":270,"texture":"#0"}}},{"from":[-14, 3, 7],"to":[14, 6, 9],"rotation":{"angle":0,"axis":"y","origin":[-1, 16, 13]},"faces":{"north":{"uv":[5.5, 2.375, 7.5, 2.5625],"texture":"#0"},"east":{"uv":[1.9375, 5.5625, 2.0625, 5.75],"texture":"#0"},"south":{"uv":[5.5, 2.375, 7.5, 2.5625],"texture":"#0"},"west":{"uv":[1.9375, 5.5625, 2.0625, 5.75],"texture":"#0"},"up":{"uv":[8, 2.875, 5.5, 2.75],"texture":"#0"},"down":{"uv":[8, 2.875, 5.5, 2.75],"texture":"#0"}}},{"from":[-14, 3, 22],"to":[14, 6, 24],"rotation":{"angle":0,"axis":"y","origin":[-1, 16, 13]},"faces":{"north":{"uv":[5.5, 2.375, 7.5, 2.5625],"texture":"#0"},"east":{"uv":[1.9375, 5.5625, 2.0625, 5.75],"texture":"#0"},"south":{"uv":[5.5, 2.375, 7.5, 2.5625],"texture":"#0"},"west":{"uv":[1.9375, 5.5625, 2.0625, 5.75],"texture":"#0"},"up":{"uv":[8, 2.875, 5.5, 2.75],"texture":"#0"},"down":{"uv":[8, 2.875, 5.5, 2.75],"texture":"#0"}}},{"from":[-14, 16, 22],"to":[14, 19, 24],"rotation":{"angle":0,"axis":"y","origin":[-1, 16, 13]},"faces":{"north":{"uv":[5.5, 2.375, 7.5, 2.5625],"texture":"#0"},"east":{"uv":[1.9375, 5.5625, 2.0625, 5.75],"texture":"#0"},"south":{"uv":[5.5, 2.375, 7.5, 2.5625],"texture":"#0"},"west":{"uv":[1.9375, 5.5625, 2.0625, 5.75],"texture":"#0"},"up":{"uv":[8, 2.875, 5.5, 2.75],"texture":"#0"},"down":{"uv":[8, 2.875, 5.5, 2.75],"texture":"#0"}}},{"from":[10, 3, 4],"to":[12, 6, 27],"rotation":{"angle":0,"axis":"y","origin":[-11, 16, 0]},"faces":{"north":{"uv":[2.0625, 5.6875, 2.1875, 5.875],"texture":"#0"},"east":{"uv":[5.5, 2.5625, 6.9375, 2.75],"texture":"#0"},"south":{"uv":[2.0625, 5.6875, 2.1875, 5.875],"texture":"#0"},"west":{"uv":[5.5, 2.5625, 6.9375, 2.75],"texture":"#0"},"up":{"uv":[2.75, 6.125, 2.625, 4.6875],"texture":"#0"},"down":{"uv":[2.75, 6.125, 2.625, 4.6875],"texture":"#0"}}},{"from":[-12, 3, 4],"to":[-10, 6, 27],"rotation":{"angle":0,"axis":"y","origin":[9, 16, 0]},"faces":{"north":{"uv":[2.1875, 5.6875, 2.0625, 5.875],"texture":"#0"},"east":{"uv":[6.9375, 2.5625, 5.5, 2.75],"texture":"#0"},"south":{"uv":[2.1875, 5.6875, 2.0625, 5.875],"texture":"#0"},"west":{"uv":[6.9375, 2.5625, 5.5, 2.75],"texture":"#0"},"up":{"uv":[2.625, 6.125, 2.75, 4.6875],"texture":"#0"},"down":{"uv":[2.625, 6.125, 2.75, 4.6875],"texture":"#0"}}},{"from":[-14, 15, 10],"to":[14, 18, 15],"rotation":{"angle":-22.5,"axis":"x","origin":[1, 17, 12]},"faces":{"north":{"uv":[6.125, 2.1875, 8.125, 2.375],"texture":"#0"},"east":{"uv":[5.25, 5.5, 5.5625, 5.6875],"texture":"#0"},"south":{"uv":[6.125, 2.1875, 8.125, 2.375],"texture":"#0"},"west":{"uv":[5.5625, 5.5, 5.25, 5.6875],"texture":"#0"},"up":{"uv":[2.8125, 6.625, 3.125, 4.625],"rotation":270,"texture":"#0"},"down":{"uv":[2.8125, 6.625, 3.125, 4.625],"rotation":270,"texture":"#0"}}},{"from":[-14, 15, 26],"to":[14, 18, 31],"rotation":{"angle":-22.5,"axis":"x","origin":[1, 17, 12]},"faces":{"north":{"uv":[6.125, 2.1875, 8.125, 2.375],"texture":"#0"},"east":{"uv":[5.25, 5.5, 5.5625, 5.6875],"texture":"#0"},"south":{"uv":[6.125, 2.1875, 8.125, 2.375],"texture":"#0"},"west":{"uv":[5.5625, 5.5, 5.25, 5.6875],"texture":"#0"},"up":{"uv":[2.8125, 6.625, 3.125, 4.625],"rotation":270,"texture":"#0"},"down":{"uv":[2.8125, 6.625, 3.125, 4.625],"rotation":270,"texture":"#0"}}},{"from":[-14.4, 17.1, 6],"to":[-14.4, 19.1, 10],"rotation":{"angle":-22.5,"axis":"z","origin":[-15, 19, 8]},"faces":{"north":{"uv":[1.8125, 5.5, 1.8125, 5.625],"texture":"#0"},"east":{"uv":[0.75, 5.75, 0.5, 5.875],"texture":"#0"},"south":{"uv":[1.8125, 5.5, 1.8125, 5.625],"texture":"#0"},"west":{"uv":[0.75, 5.75, 0.5, 5.875],"texture":"#0"},"up":{"uv":[1.84375, 5.5, 1.84375, 5.75],"texture":"#0"},"down":{"uv":[1.84375, 5.5, 1.84375, 5.75],"texture":"#0"}}},{"from":[-5.6, 17.1, 6],"to":[-5.6, 19.1, 10],"rotation":{"angle":22.5,"axis":"z","origin":[-5, 19, 8]},"faces":{"north":{"uv":[1.8125, 5.5, 1.8125, 5.625],"texture":"#0"},"east":{"uv":[0.5, 5.75, 0.75, 5.875],"texture":"#0"},"south":{"uv":[1.8125, 5.5, 1.8125, 5.625],"texture":"#0"},"west":{"uv":[0.5, 5.75, 0.75, 5.875],"texture":"#0"},"up":{"uv":[1.84375, 5.5, 1.84375, 5.75],"texture":"#0"},"down":{"uv":[1.84375, 5.5, 1.84375, 5.75],"texture":"#0"}}},{"from":[-14, 13.3, 1.7],"to":[-6, 16.3, 2.2],"rotation":{"angle":-22.5,"axis":"x","origin":[-29, 16, 0]},"faces":{"north":{"uv":[0.5, 5.9375, 1, 6.125],"texture":"#0"},"east":{"uv":[1, 5.9375, 1.03125, 6.125],"texture":"#0"},"south":{"uv":[0.5, 5.9375, 1, 6.125],"texture":"#0"},"west":{"uv":[1, 5.9375, 1.03125, 6.125],"texture":"#0"},"up":{"uv":[0.5, 6.125, 1, 6.15625],"texture":"#0"},"down":{"uv":[0.5, 6.125, 1, 6.15625],"texture":"#0"}}},{"from":[-14.5, 13.3, 1.7],"to":[-14, 16.3, 13.7],"rotation":{"angle":-22.5,"axis":"x","origin":[-13, 16, 0]},"faces":{"north":{"uv":[2.34375, 5.6875, 2.3125, 5.875],"texture":"#0"},"east":{"uv":[1.75, 5.9375, 1, 6.125],"texture":"#0"},"south":{"uv":[2.34375, 5.6875, 2.3125, 5.875],"texture":"#0"},"west":{"uv":[1.75, 5.9375, 1, 6.125],"texture":"#0"},"up":{"uv":[2.375, 5.6875, 2.34375, 6.4375],"texture":"#0"},"down":{"uv":[2.375, 5.6875, 2.34375, 6.4375],"texture":"#0"}}},{"from":[-6, 13.3, 1.7],"to":[-5.5, 16.3, 13.7],"rotation":{"angle":-22.5,"axis":"x","origin":[-29, 16, 0]},"faces":{"north":{"uv":[2.3125, 5.6875, 2.34375, 5.875],"texture":"#0"},"east":{"uv":[1, 5.9375, 1.75, 6.125],"texture":"#0"},"south":{"uv":[2.3125, 5.6875, 2.34375, 5.875],"texture":"#0"},"west":{"uv":[1, 5.9375, 1.75, 6.125],"texture":"#0"},"up":{"uv":[2.34375, 5.6875, 2.375, 6.4375],"texture":"#0"},"down":{"uv":[2.34375, 5.6875, 2.375, 6.4375],"texture":"#0"}}},{"from":[-14, 13.3, 13.2],"to":[-6, 16.3, 13.7],"rotation":{"angle":-22.5,"axis":"x","origin":[-13, 16, 0]},"faces":{"north":{"uv":[1, 5.9375, 0.5, 6.125],"texture":"#0"},"east":{"uv":[1.03125, 5.9375, 1, 6.125],"texture":"#0"},"south":{"uv":[1, 5.9375, 0.5, 6.125],"texture":"#0"},"west":{"uv":[1.03125, 5.9375, 1, 6.125],"texture":"#0"},"up":{"uv":[1, 6.125, 0.5, 6.15625],"texture":"#0"},"down":{"uv":[1, 6.125, 0.5, 6.15625],"texture":"#0"}}},{"from":[-14, 13.4, 2.2],"to":[-6, 13.4, 13.2],"rotation":{"angle":-22.5,"axis":"x","origin":[9, 16, 0]},"faces":{"north":{"uv":[1, 5.9375, 0.5, 6.125],"texture":"#0"},"east":{"uv":[1.03125, 5.9375, 1, 6.125],"texture":"#0"},"south":{"uv":[1, 5.9375, 0.5, 6.125],"texture":"#0"},"west":{"uv":[1.03125, 5.9375, 1, 6.125],"texture":"#0"},"up":{"uv":[1, 6.15625, 0.5, 6.84375],"texture":"#0"},"down":{"uv":[1, 6.15625, 0.5, 6.84375],"texture":"#0"}}},{"from":[-11.5, 15.7, 8.2],"to":[-10, 16.2, 9.7],"rotation":{"angle":-22.5,"axis":"x","origin":[9, 16, 0]},"faces":{"north":{"uv":[2.3125, 6.03125, 2.21875, 6.0625],"texture":"#0"},"east":{"uv":[2.3125, 6.03125, 2.21875, 6.0625],"texture":"#0"},"south":{"uv":[2.3125, 6.03125, 2.21875, 6.0625],"texture":"#0"},"west":{"uv":[2.3125, 6.03125, 2.21875, 6.0625],"texture":"#0"},"up":{"uv":[2.3125, 5.9375, 2.21875, 6.03125],"texture":"#0"},"down":{"uv":[2.3125, 5.9375, 2.21875, 6.03125],"texture":"#0"}}},{"from":[-9.5, 15.7, 6.2],"to":[-8.5, 16.2, 7.2],"rotation":{"angle":-22.5,"axis":"x","origin":[9, 16, 0]},"faces":{"north":{"uv":[2, 5.8125, 1.9375, 5.84375],"texture":"#0"},"east":{"uv":[2, 5.8125, 1.9375, 5.84375],"texture":"#0"},"south":{"uv":[2, 5.8125, 1.9375, 5.84375],"texture":"#0"},"west":{"uv":[2, 5.8125, 1.9375, 5.84375],"texture":"#0"},"up":{"uv":[2, 5.75, 1.9375, 5.8125],"texture":"#0"},"down":{"uv":[2, 5.75, 1.9375, 5.8125],"texture":"#0"}}},{"from":[-12, 15.7, 5.2],"to":[-11, 16.2, 6.2],"rotation":{"angle":-22.5,"axis":"x","origin":[9, 16, 0]},"faces":{"north":{"uv":[2, 5.8125, 1.9375, 5.84375],"texture":"#0"},"east":{"uv":[2, 5.8125, 1.9375, 5.84375],"texture":"#0"},"south":{"uv":[2, 5.8125, 1.9375, 5.84375],"texture":"#0"},"west":{"uv":[2, 5.8125, 1.9375, 5.84375],"texture":"#0"},"up":{"uv":[2, 5.75, 1.9375, 5.8125],"texture":"#0"},"down":{"uv":[2, 5.75, 1.9375, 5.8125],"texture":"#0"}}},{"from":[-14, 15.7, 2.2],"to":[-6, 15.7, 13.2],"rotation":{"angle":-22.5,"axis":"x","origin":[9, 16, 0]},"faces":{"north":{"uv":[1, 5.9375, 0.5, 6.125],"texture":"#0"},"east":{"uv":[1.03125, 5.9375, 1, 6.125],"texture":"#0"},"south":{"uv":[1, 5.9375, 0.5, 6.125],"texture":"#0"},"west":{"uv":[1.03125, 5.9375, 1, 6.125],"texture":"#0"},"up":{"uv":[0.5, 6.6875, 0, 7.375],"texture":"#0"},"down":{"uv":[0.5, 6.6875, 0, 7.375],"texture":"#0"}}},{"from":[-4, 13.4, 2.2],"to":[4, 13.4, 13.2],"rotation":{"angle":-22.5,"axis":"x","origin":[8, 16, 0]},"faces":{"north":{"uv":[1, 5.9375, 0.5, 6.125],"texture":"#0"},"east":{"uv":[1.03125, 5.9375, 1, 6.125],"texture":"#0"},"south":{"uv":[1, 5.9375, 0.5, 6.125],"texture":"#0"},"west":{"uv":[1.03125, 5.9375, 1, 6.125],"texture":"#0"},"up":{"uv":[1, 6.15625, 0.5, 6.84375],"texture":"#0"},"down":{"uv":[1, 6.15625, 0.5, 6.84375],"texture":"#0"}}},{"from":[-4.4, 17.1, 6],"to":[-4.4, 19.1, 10],"rotation":{"angle":-22.5,"axis":"z","origin":[-5, 19, 8]},"faces":{"north":{"uv":[1.8125, 5.5, 1.8125, 5.625],"texture":"#0"},"east":{"uv":[0.75, 5.75, 0.5, 5.875],"texture":"#0"},"south":{"uv":[1.8125, 5.5, 1.8125, 5.625],"texture":"#0"},"west":{"uv":[0.75, 5.75, 0.5, 5.875],"texture":"#0"},"up":{"uv":[1.84375, 5.5, 1.84375, 5.75],"texture":"#0"},"down":{"uv":[1.84375, 5.5, 1.84375, 5.75],"texture":"#0"}}},{"from":[-4, 13.3, 1.7],"to":[4, 16.3, 2.2],"rotation":{"angle":-22.5,"axis":"x","origin":[-19, 16, 0]},"faces":{"north":{"uv":[0.5, 5.9375, 1, 6.125],"texture":"#0"},"east":{"uv":[1, 5.9375, 1.03125, 6.125],"texture":"#0"},"south":{"uv":[0.5, 5.9375, 1, 6.125],"texture":"#0"},"west":{"uv":[1, 5.9375, 1.03125, 6.125],"texture":"#0"},"up":{"uv":[0.5, 6.125, 1, 6.15625],"texture":"#0"},"down":{"uv":[0.5, 6.125, 1, 6.15625],"texture":"#0"}}},{"from":[-4.5, 13.3, 1.7],"to":[-4, 16.3, 13.7],"rotation":{"angle":-22.5,"axis":"x","origin":[-3, 16, 0]},"faces":{"north":{"uv":[2.34375, 5.6875, 2.3125, 5.875],"texture":"#0"},"east":{"uv":[1.75, 5.9375, 1, 6.125],"texture":"#0"},"south":{"uv":[2.34375, 5.6875, 2.3125, 5.875],"texture":"#0"},"west":{"uv":[1.75, 5.9375, 1, 6.125],"texture":"#0"},"up":{"uv":[2.375, 5.6875, 2.34375, 6.4375],"texture":"#0"},"down":{"uv":[2.375, 5.6875, 2.34375, 6.4375],"texture":"#0"}}},{"from":[4.4, 17.1, 6],"to":[4.4, 19.1, 10],"rotation":{"angle":22.5,"axis":"z","origin":[5, 19, 8]},"faces":{"north":{"uv":[1.8125, 5.5, 1.8125, 5.625],"texture":"#0"},"east":{"uv":[0.5, 5.75, 0.75, 5.875],"texture":"#0"},"south":{"uv":[1.8125, 5.5, 1.8125, 5.625],"texture":"#0"},"west":{"uv":[0.5, 5.75, 0.75, 5.875],"texture":"#0"},"up":{"uv":[1.84375, 5.5, 1.84375, 5.75],"texture":"#0"},"down":{"uv":[1.84375, 5.5, 1.84375, 5.75],"texture":"#0"}}},{"from":[4, 13.3, 1.7],"to":[4.5, 16.3, 13.7],"rotation":{"angle":-22.5,"axis":"x","origin":[-19, 16, 0]},"faces":{"north":{"uv":[2.3125, 5.6875, 2.34375, 5.875],"texture":"#0"},"east":{"uv":[1, 5.9375, 1.75, 6.125],"texture":"#0"},"south":{"uv":[2.3125, 5.6875, 2.34375, 5.875],"texture":"#0"},"west":{"uv":[1, 5.9375, 1.75, 6.125],"texture":"#0"},"up":{"uv":[2.34375, 5.6875, 2.375, 6.4375],"texture":"#0"},"down":{"uv":[2.34375, 5.6875, 2.375, 6.4375],"texture":"#0"}}},{"from":[-4, 13.3, 13.2],"to":[4, 16.3, 13.7],"rotation":{"angle":-22.5,"axis":"x","origin":[-3, 16, 0]},"faces":{"north":{"uv":[1, 5.9375, 0.5, 6.125],"texture":"#0"},"east":{"uv":[1.03125, 5.9375, 1, 6.125],"texture":"#0"},"south":{"uv":[1, 5.9375, 0.5, 6.125],"texture":"#0"},"west":{"uv":[1.03125, 5.9375, 1, 6.125],"texture":"#0"},"up":{"uv":[1, 6.125, 0.5, 6.15625],"texture":"#0"},"down":{"uv":[1, 6.125, 0.5, 6.15625],"texture":"#0"}}},{"from":[-2, 20.8, 8.3],"to":[2, 23.3, 12.3],"rotation":{"angle":22.5,"axis":"z","origin":[8, 16, 0]},"faces":{"north":{"uv":[1.25, 6.125, 1, 6.28125],"texture":"#0"},"east":{"uv":[1.5, 6.125, 1.25, 6.28125],"texture":"#0"},"south":{"uv":[1.25, 6.125, 1, 6.28125],"texture":"#0"},"west":{"uv":[1.5, 6.125, 1.25, 6.28125],"texture":"#0"},"up":{"uv":[1.25, 6.28125, 1, 6.53125],"texture":"#0"},"down":{"uv":[1.25, 6.28125, 1, 6.53125],"texture":"#0"}}},{"from":[-0.4, 23.3, 9.9],"to":[0.4, 24.3, 10.7],"rotation":{"angle":22.5,"axis":"z","origin":[8, 16, 0]},"faces":{"north":{"uv":[1.20625, 5.8125, 1.15625, 5.875],"texture":"#0"},"east":{"uv":[1.20625, 5.8125, 1.15625, 5.875],"texture":"#0"},"south":{"uv":[1.20625, 5.8125, 1.15625, 5.875],"texture":"#0"},"west":{"uv":[1.20625, 5.8125, 1.15625, 5.875],"texture":"#0"},"up":{"uv":[1.26875, 5.8125, 1.21875, 5.8625],"texture":"#0"},"down":{"uv":[1.26875, 5.8125, 1.21875, 5.8625],"texture":"#0"}}},{"from":[-2.4, 18, 5],"to":[-1.6, 19, 5.8],"rotation":{"angle":0,"axis":"y","origin":[8, 16, 0]},"faces":{"north":{"uv":[1.20625, 5.8125, 1.15625, 5.875],"texture":"#0"},"east":{"uv":[1.20625, 5.8125, 1.15625, 5.875],"texture":"#0"},"south":{"uv":[1.20625, 5.8125, 1.15625, 5.875],"texture":"#0"},"west":{"uv":[1.20625, 5.8125, 1.15625, 5.875],"texture":"#0"},"up":{"uv":[1.26875, 5.8125, 1.21875, 5.8625],"texture":"#0"},"down":{"uv":[1.26875, 5.8125, 1.21875, 5.8625],"texture":"#0"}}},{"from":[-4, 15.5, 3.4],"to":[0, 18, 7.4],"rotation":{"angle":0,"axis":"y","origin":[8, 16, 0]},"faces":{"north":{"uv":[1.25, 6.125, 1, 6.28125],"texture":"#0"},"east":{"uv":[1.5, 6.125, 1.25, 6.28125],"texture":"#0"},"south":{"uv":[1.25, 6.125, 1, 6.28125],"texture":"#0"},"west":{"uv":[1.5, 6.125, 1.25, 6.28125],"texture":"#0"},"up":{"uv":[1.25, 6.28125, 1, 6.53125],"texture":"#0"},"down":{"uv":[1.25, 6.28125, 1, 6.53125],"texture":"#0"}}},{"from":[0, 14.3, 7.3],"to":[4, 16.8, 11.3],"rotation":{"angle":-22.5,"axis":"x","origin":[8, 16, 0]},"faces":{"north":{"uv":[1.25, 6.125, 1, 6.28125],"texture":"#0"},"east":{"uv":[1.5, 6.125, 1.25, 6.28125],"texture":"#0"},"south":{"uv":[1.25, 6.125, 1, 6.28125],"texture":"#0"},"west":{"uv":[1.5, 6.125, 1.25, 6.28125],"texture":"#0"},"up":{"uv":[1.25, 6.28125, 1, 6.53125],"texture":"#0"},"down":{"uv":[1.25, 6.28125, 1, 6.53125],"texture":"#0"}}},{"from":[1.6, 16.8, 8.9],"to":[2.4, 17.8, 9.7],"rotation":{"angle":-22.5,"axis":"x","origin":[8, 16, 0]},"faces":{"north":{"uv":[1.20625, 5.8125, 1.15625, 5.875],"texture":"#0"},"east":{"uv":[1.20625, 5.8125, 1.15625, 5.875],"texture":"#0"},"south":{"uv":[1.20625, 5.8125, 1.15625, 5.875],"texture":"#0"},"west":{"uv":[1.20625, 5.8125, 1.15625, 5.875],"texture":"#0"},"up":{"uv":[1.26875, 5.8125, 1.21875, 5.8625],"texture":"#0"},"down":{"uv":[1.26875, 5.8125, 1.21875, 5.8625],"texture":"#0"}}},{"from":[1.6, 15.9, 4.1],"to":[2.4, 16.9, 4.9],"rotation":{"angle":-22.5,"axis":"z","origin":[8, 16, 0]},"faces":{"north":{"uv":[1.20625, 5.8125, 1.15625, 5.875],"texture":"#0"},"east":{"uv":[1.20625, 5.8125, 1.15625, 5.875],"texture":"#0"},"south":{"uv":[1.20625, 5.8125, 1.15625, 5.875],"texture":"#0"},"west":{"uv":[1.20625, 5.8125, 1.15625, 5.875],"texture":"#0"},"up":{"uv":[1.26875, 5.8125, 1.21875, 5.8625],"texture":"#0"},"down":{"uv":[1.26875, 5.8125, 1.21875, 5.8625],"texture":"#0"}}},{"from":[0, 13.4, 2.5],"to":[4, 15.9, 6.5],"rotation":{"angle":-22.5,"axis":"z","origin":[8, 16, 0]},"faces":{"north":{"uv":[1.25, 6.125, 1, 6.28125],"texture":"#0"},"east":{"uv":[1.5, 6.125, 1.25, 6.28125],"texture":"#0"},"south":{"uv":[1.25, 6.125, 1, 6.28125],"texture":"#0"},"west":{"uv":[1.5, 6.125, 1.25, 6.28125],"texture":"#0"},"up":{"uv":[1.25, 6.28125, 1, 6.53125],"texture":"#0"},"down":{"uv":[1.25, 6.28125, 1, 6.53125],"texture":"#0"}}},{"from":[5.5, 13.3, 1.7],"to":[6, 16.3, 13.7],"rotation":{"angle":-22.5,"axis":"x","origin":[7, 16, 0]},"faces":{"north":{"uv":[2.34375, 5.6875, 2.3125, 5.875],"texture":"#0"},"east":{"uv":[1.75, 5.9375, 1, 6.125],"texture":"#0"},"south":{"uv":[2.34375, 5.6875, 2.3125, 5.875],"texture":"#0"},"west":{"uv":[1.75, 5.9375, 1, 6.125],"texture":"#0"},"up":{"uv":[2.375, 5.6875, 2.34375, 6.4375],"texture":"#0"},"down":{"uv":[2.375, 5.6875, 2.34375, 6.4375],"texture":"#0"}}},{"from":[5.6, 17.1, 6],"to":[5.6, 19.1, 10],"rotation":{"angle":-22.5,"axis":"z","origin":[5, 19, 8]},"faces":{"north":{"uv":[1.8125, 5.5, 1.8125, 5.625],"texture":"#0"},"east":{"uv":[0.75, 5.75, 0.5, 5.875],"texture":"#0"},"south":{"uv":[1.8125, 5.5, 1.8125, 5.625],"texture":"#0"},"west":{"uv":[0.75, 5.75, 0.5, 5.875],"texture":"#0"},"up":{"uv":[1.84375, 5.5, 1.84375, 5.75],"texture":"#0"},"down":{"uv":[1.84375, 5.5, 1.84375, 5.75],"texture":"#0"}}},{"from":[14.4, 17.1, 6],"to":[14.4, 19.1, 10],"rotation":{"angle":22.5,"axis":"z","origin":[15, 19, 8]},"faces":{"north":{"uv":[1.8125, 5.5, 1.8125, 5.625],"texture":"#0"},"east":{"uv":[0.5, 5.75, 0.75, 5.875],"texture":"#0"},"south":{"uv":[1.8125, 5.5, 1.8125, 5.625],"texture":"#0"},"west":{"uv":[0.5, 5.75, 0.75, 5.875],"texture":"#0"},"up":{"uv":[1.84375, 5.5, 1.84375, 5.75],"texture":"#0"},"down":{"uv":[1.84375, 5.5, 1.84375, 5.75],"texture":"#0"}}},{"from":[14, 13.3, 1.7],"to":[14.5, 16.3, 13.7],"rotation":{"angle":-22.5,"axis":"x","origin":[-9, 16, 0]},"faces":{"north":{"uv":[2.3125, 5.6875, 2.34375, 5.875],"texture":"#0"},"east":{"uv":[1, 5.9375, 1.75, 6.125],"texture":"#0"},"south":{"uv":[2.3125, 5.6875, 2.34375, 5.875],"texture":"#0"},"west":{"uv":[1, 5.9375, 1.75, 6.125],"texture":"#0"},"up":{"uv":[2.34375, 5.6875, 2.375, 6.4375],"texture":"#0"},"down":{"uv":[2.34375, 5.6875, 2.375, 6.4375],"texture":"#0"}}},{"from":[9.3, 18.2, 7],"to":[11.8, 20.7, 9.5],"rotation":{"angle":-22.5,"axis":"z","origin":[7, 16, 0]},"faces":{"north":{"uv":[1.90625, 5.9375, 1.75, 6.09375],"texture":"#0"},"east":{"uv":[2.0625, 5.9375, 1.90625, 6.09375],"texture":"#0"},"south":{"uv":[1.90625, 5.9375, 1.75, 6.09375],"texture":"#0"},"west":{"uv":[2.0625, 5.9375, 1.90625, 6.09375],"texture":"#0"},"up":{"uv":[2.21875, 5.9375, 2.0625, 6.09375],"texture":"#0"},"down":{"uv":[2.21875, 5.9375, 2.0625, 6.09375],"texture":"#0"}}},{"from":[8.8, 20.7, 8.3],"to":[11.3, 23.2, 8.3],"rotation":{"angle":-22.5,"axis":"z","origin":[7, 16, 0]},"faces":{"north":{"uv":[2.46875, 6.46875, 2.625, 6.625],"texture":"#0"},"east":{"uv":[2.0625, 5.9375, 1.90625, 6.09375],"texture":"#0"},"south":{"uv":[2.625, 6.46875, 2.46875, 6.625],"texture":"#0"},"west":{"uv":[2.0625, 5.9375, 1.90625, 6.09375],"texture":"#0"},"up":{"uv":[2.21875, 5.9375, 2.0625, 5.9375],"texture":"#0"},"down":{"uv":[2.21875, 5.9375, 2.0625, 6.09375],"texture":"#0"}}},{"from":[9.5, 14, 4.7],"to":[12, 16.5, 7.2],"rotation":{"angle":-22.5,"axis":"x","origin":[7, 16, 0]},"faces":{"north":{"uv":[1.90625, 5.9375, 1.75, 6.09375],"texture":"#0"},"east":{"uv":[2.0625, 5.9375, 1.90625, 6.09375],"texture":"#0"},"south":{"uv":[1.90625, 5.9375, 1.75, 6.09375],"texture":"#0"},"west":{"uv":[2.0625, 5.9375, 1.90625, 6.09375],"texture":"#0"},"up":{"uv":[2.21875, 5.9375, 2.0625, 6.09375],"texture":"#0"},"down":{"uv":[2.21875, 5.9375, 2.0625, 6.09375],"texture":"#0"}}},{"from":[8.2, 16, 3.4],"to":[10.7, 18.5, 3.4],"rotation":{"angle":-22.5,"axis":"x","origin":[7, 16, 0]},"faces":{"north":{"uv":[2.625, 6.46875, 2.46875, 6.625],"texture":"#0"},"east":{"uv":[2.0625, 5.9375, 1.90625, 6.09375],"texture":"#0"},"south":{"uv":[2.625, 6.46875, 2.46875, 6.625],"texture":"#0"},"west":{"uv":[2.0625, 5.9375, 1.90625, 6.09375],"texture":"#0"},"up":{"uv":[2.21875, 5.9375, 2.0625, 5.9375],"texture":"#0"},"down":{"uv":[2.21875, 5.9375, 2.0625, 6.09375],"texture":"#0"}}},{"from":[10, 16.5, 6],"to":[12.5, 19, 6],"rotation":{"angle":-22.5,"axis":"x","origin":[7, 16, 0]},"faces":{"north":{"uv":[2.625, 6.46875, 2.46875, 6.625],"texture":"#0"},"east":{"uv":[2.0625, 5.9375, 1.90625, 6.09375],"texture":"#0"},"south":{"uv":[2.625, 6.46875, 2.46875, 6.625],"texture":"#0"},"west":{"uv":[2.0625, 5.9375, 1.90625, 6.09375],"texture":"#0"},"up":{"uv":[2.21875, 5.9375, 2.0625, 5.9375],"texture":"#0"},"down":{"uv":[2.21875, 5.9375, 2.0625, 6.09375],"texture":"#0"}}},{"from":[7.7, 13.4, 2.2],"to":[10.2, 15.9, 4.7],"rotation":{"angle":-22.5,"axis":"x","origin":[7, 16, 0]},"faces":{"north":{"uv":[1.90625, 5.9375, 1.75, 6.09375],"texture":"#0"},"east":{"uv":[2.0625, 5.9375, 1.90625, 6.09375],"texture":"#0"},"south":{"uv":[1.90625, 5.9375, 1.75, 6.09375],"texture":"#0"},"west":{"uv":[2.0625, 5.9375, 1.90625, 6.09375],"texture":"#0"},"up":{"uv":[2.21875, 5.9375, 2.0625, 6.09375],"texture":"#0"},"down":{"uv":[2.21875, 5.9375, 2.0625, 6.09375],"texture":"#0"}}},{"from":[7.5, 16.8, 7.4],"to":[10, 19.3, 9.9],"rotation":{"angle":22.5,"axis":"z","origin":[7, 16, 0]},"faces":{"north":{"uv":[1.90625, 5.9375, 1.75, 6.09375],"texture":"#0"},"east":{"uv":[2.0625, 5.9375, 1.90625, 6.09375],"texture":"#0"},"south":{"uv":[1.90625, 5.9375, 1.75, 6.09375],"texture":"#0"},"west":{"uv":[2.0625, 5.9375, 1.90625, 6.09375],"texture":"#0"},"up":{"uv":[2.21875, 5.9375, 2.0625, 6.09375],"texture":"#0"},"down":{"uv":[2.21875, 5.9375, 2.0625, 6.09375],"texture":"#0"}}},{"from":[7, 19.3, 8.7],"to":[9.5, 21.8, 8.7],"rotation":{"angle":22.5,"axis":"z","origin":[7, 16, 0]},"faces":{"north":{"uv":[2.46875, 6.3125, 2.625, 6.46875],"texture":"#0"},"east":{"uv":[2.0625, 5.9375, 1.90625, 6.09375],"texture":"#0"},"south":{"uv":[2.625, 6.3125, 2.46875, 6.46875],"texture":"#0"},"west":{"uv":[2.0625, 5.9375, 1.90625, 6.09375],"texture":"#0"},"up":{"uv":[2.21875, 5.9375, 2.0625, 5.9375],"texture":"#0"},"down":{"uv":[2.21875, 5.9375, 2.0625, 6.09375],"texture":"#0"}}},{"from":[6.3, 13.4, 5.6],"to":[8.8, 15.9, 8.1],"rotation":{"angle":-22.5,"axis":"x","origin":[7, 16, 0]},"faces":{"north":{"uv":[1.90625, 5.9375, 1.75, 6.09375],"texture":"#0"},"east":{"uv":[2.0625, 5.9375, 1.90625, 6.09375],"texture":"#0"},"south":{"uv":[1.90625, 5.9375, 1.75, 6.09375],"texture":"#0"},"west":{"uv":[2.0625, 5.9375, 1.90625, 6.09375],"texture":"#0"},"up":{"uv":[2.21875, 5.9375, 2.0625, 6.09375],"texture":"#0"},"down":{"uv":[2.21875, 5.9375, 2.0625, 6.09375],"texture":"#0"}}},{"from":[6.8, 15.9, 6.9],"to":[9.3, 18.4, 6.9],"rotation":{"angle":-22.5,"axis":"x","origin":[7, 16, 0]},"faces":{"north":{"uv":[2.625, 6.3125, 2.46875, 6.46875],"texture":"#0"},"east":{"uv":[2.0625, 5.9375, 1.90625, 6.09375],"texture":"#0"},"south":{"uv":[2.46875, 6.3125, 2.625, 6.46875],"texture":"#0"},"west":{"uv":[2.0625, 5.9375, 1.90625, 6.09375],"texture":"#0"},"up":{"uv":[2.21875, 5.9375, 2.0625, 5.9375],"texture":"#0"},"down":{"uv":[2.21875, 5.9375, 2.0625, 6.09375],"texture":"#0"}}},{"from":[12, 15.9, 3.5],"to":[14.5, 18.4, 3.5],"rotation":{"angle":-22.5,"axis":"x","origin":[7, 16, 0]},"faces":{"north":{"uv":[2.625, 6.3125, 2.46875, 6.46875],"texture":"#0"},"east":{"uv":[2.0625, 5.9375, 1.90625, 6.09375],"texture":"#0"},"south":{"uv":[2.46875, 6.3125, 2.625, 6.46875],"texture":"#0"},"west":{"uv":[2.0625, 5.9375, 1.90625, 6.09375],"texture":"#0"},"up":{"uv":[2.21875, 5.9375, 2.0625, 5.9375],"texture":"#0"},"down":{"uv":[2.21875, 5.9375, 2.0625, 6.09375],"texture":"#0"}}},{"from":[11.5, 13.4, 2.2],"to":[14, 15.9, 4.7],"rotation":{"angle":-22.5,"axis":"x","origin":[7, 16, 0]},"faces":{"north":{"uv":[1.90625, 5.9375, 1.75, 6.09375],"texture":"#0"},"east":{"uv":[2.0625, 5.9375, 1.90625, 6.09375],"texture":"#0"},"south":{"uv":[1.90625, 5.9375, 1.75, 6.09375],"texture":"#0"},"west":{"uv":[2.0625, 5.9375, 1.90625, 6.09375],"texture":"#0"},"up":{"uv":[2.21875, 5.9375, 2.0625, 6.09375],"texture":"#0"},"down":{"uv":[2.21875, 5.9375, 2.0625, 6.09375],"texture":"#0"}}},{"from":[6, 13.4, 2.2],"to":[14, 13.4, 13.2],"rotation":{"angle":-22.5,"axis":"x","origin":[7, 16, 0]},"faces":{"north":{"uv":[1, 5.9375, 0.5, 6.125],"texture":"#0"},"east":{"uv":[1.03125, 5.9375, 1, 6.125],"texture":"#0"},"south":{"uv":[1, 5.9375, 0.5, 6.125],"texture":"#0"},"west":{"uv":[1.03125, 5.9375, 1, 6.125],"texture":"#0"},"up":{"uv":[1, 6.15625, 0.5, 6.84375],"texture":"#0"},"down":{"uv":[1, 6.15625, 0.5, 6.84375],"texture":"#0"}}},{"from":[6, 13.3, 13.2],"to":[14, 16.3, 13.7],"rotation":{"angle":-22.5,"axis":"x","origin":[7, 16, 0]},"faces":{"north":{"uv":[1, 5.9375, 0.5, 6.125],"texture":"#0"},"east":{"uv":[1.03125, 5.9375, 1, 6.125],"texture":"#0"},"south":{"uv":[1, 5.9375, 0.5, 6.125],"texture":"#0"},"west":{"uv":[1.03125, 5.9375, 1, 6.125],"texture":"#0"},"up":{"uv":[1, 6.125, 0.5, 6.15625],"texture":"#0"},"down":{"uv":[1, 6.125, 0.5, 6.15625],"texture":"#0"}}},{"from":[6, 13.3, 1.7],"to":[14, 16.3, 2.2],"rotation":{"angle":-22.5,"axis":"x","origin":[-9, 16, 0]},"faces":{"north":{"uv":[0.5, 5.9375, 1, 6.125],"texture":"#0"},"east":{"uv":[1, 5.9375, 1.03125, 6.125],"texture":"#0"},"south":{"uv":[0.5, 5.9375, 1, 6.125],"texture":"#0"},"west":{"uv":[1, 5.9375, 1.03125, 6.125],"texture":"#0"},"up":{"uv":[0.5, 6.125, 1, 6.15625],"texture":"#0"},"down":{"uv":[0.5, 6.125, 1, 6.15625],"texture":"#0"}}},{"from":[5.6, 22.7, 19.4],"to":[5.6, 24.7, 23.4],"rotation":{"angle":-22.5,"axis":"z","origin":[5, 24.6, 21.4]},"faces":{"north":{"uv":[1.8125, 5.5, 1.8125, 5.625],"texture":"#0"},"east":{"uv":[0.75, 5.75, 0.5, 5.875],"texture":"#0"},"south":{"uv":[1.8125, 5.5, 1.8125, 5.625],"texture":"#0"},"west":{"uv":[0.75, 5.75, 0.5, 5.875],"texture":"#0"},"up":{"uv":[1.84375, 5.5, 1.84375, 5.75],"texture":"#0"},"down":{"uv":[1.84375, 5.5, 1.84375, 5.75],"texture":"#0"}}},{"from":[5.5, 18.9, 15.1],"to":[6, 21.9, 27.1],"rotation":{"angle":-22.5,"axis":"x","origin":[7, 21.6, 13.4]},"faces":{"north":{"uv":[2.34375, 5.6875, 2.3125, 5.875],"texture":"#0"},"east":{"uv":[1.75, 5.9375, 1, 6.125],"texture":"#0"},"south":{"uv":[2.34375, 5.6875, 2.3125, 5.875],"texture":"#0"},"west":{"uv":[1.75, 5.9375, 1, 6.125],"texture":"#0"},"up":{"uv":[2.375, 5.6875, 2.34375, 6.4375],"texture":"#0"},"down":{"uv":[2.375, 5.6875, 2.34375, 6.4375],"texture":"#0"}}},{"from":[6, 18.9, 15.1],"to":[14, 21.9, 15.6],"rotation":{"angle":-22.5,"axis":"x","origin":[-9, 21.6, 13.4]},"faces":{"north":{"uv":[0.5, 5.9375, 1, 6.125],"texture":"#0"},"east":{"uv":[1, 5.9375, 1.03125, 6.125],"texture":"#0"},"south":{"uv":[0.5, 5.9375, 1, 6.125],"texture":"#0"},"west":{"uv":[1, 5.9375, 1.03125, 6.125],"texture":"#0"},"up":{"uv":[0.5, 6.125, 1, 6.15625],"texture":"#0"},"down":{"uv":[0.5, 6.125, 1, 6.15625],"texture":"#0"}}},{"from":[14.4, 22.7, 19.4],"to":[14.4, 24.7, 23.4],"rotation":{"angle":22.5,"axis":"z","origin":[15, 24.6, 21.4]},"faces":{"north":{"uv":[1.8125, 5.5, 1.8125, 5.625],"texture":"#0"},"east":{"uv":[0.5, 5.75, 0.75, 5.875],"texture":"#0"},"south":{"uv":[1.8125, 5.5, 1.8125, 5.625],"texture":"#0"},"west":{"uv":[0.5, 5.75, 0.75, 5.875],"texture":"#0"},"up":{"uv":[1.84375, 5.5, 1.84375, 5.75],"texture":"#0"},"down":{"uv":[1.84375, 5.5, 1.84375, 5.75],"texture":"#0"}}},{"from":[14, 18.9, 15.1],"to":[14.5, 21.9, 27.1],"rotation":{"angle":-22.5,"axis":"x","origin":[-9, 21.6, 13.4]},"faces":{"north":{"uv":[2.3125, 5.6875, 2.34375, 5.875],"texture":"#0"},"east":{"uv":[1, 5.9375, 1.75, 6.125],"texture":"#0"},"south":{"uv":[2.3125, 5.6875, 2.34375, 5.875],"texture":"#0"},"west":{"uv":[1, 5.9375, 1.75, 6.125],"texture":"#0"},"up":{"uv":[2.34375, 5.6875, 2.375, 6.4375],"texture":"#0"},"down":{"uv":[2.34375, 5.6875, 2.375, 6.4375],"texture":"#0"}}},{"from":[6, 18.9, 26.6],"to":[14, 21.9, 27.1],"rotation":{"angle":-22.5,"axis":"x","origin":[7, 21.6, 13.4]},"faces":{"north":{"uv":[1, 5.9375, 0.5, 6.125],"texture":"#0"},"east":{"uv":[1.03125, 5.9375, 1, 6.125],"texture":"#0"},"south":{"uv":[1, 5.9375, 0.5, 6.125],"texture":"#0"},"west":{"uv":[1.03125, 5.9375, 1, 6.125],"texture":"#0"},"up":{"uv":[1, 6.125, 0.5, 6.15625],"texture":"#0"},"down":{"uv":[1, 6.125, 0.5, 6.15625],"texture":"#0"}}},{"from":[6, 19, 15.6],"to":[14, 19, 26.6],"rotation":{"angle":-22.5,"axis":"x","origin":[7, 21.6, 13.4]},"faces":{"north":{"uv":[1, 5.9375, 0.5, 6.125],"texture":"#0"},"east":{"uv":[1.03125, 5.9375, 1, 6.125],"texture":"#0"},"south":{"uv":[1, 5.9375, 0.5, 6.125],"texture":"#0"},"west":{"uv":[1.03125, 5.9375, 1, 6.125],"texture":"#0"},"up":{"uv":[1, 6.15625, 0.5, 6.84375],"texture":"#0"},"down":{"uv":[1, 6.15625, 0.5, 6.84375],"texture":"#0"}}},{"from":[9.4, 22.9, 18.3],"to":[11.9, 25.4, 18.3],"rotation":{"angle":0,"axis":"y","origin":[7, 16, 0]},"faces":{"north":{"uv":[2.46875, 6.46875, 2.625, 6.625],"texture":"#0"},"east":{"uv":[2.0625, 5.9375, 1.90625, 6.09375],"texture":"#0"},"south":{"uv":[2.625, 6.46875, 2.46875, 6.625],"texture":"#0"},"west":{"uv":[2.0625, 5.9375, 1.90625, 6.09375],"texture":"#0"},"up":{"uv":[2.21875, 5.9375, 2.0625, 5.9375],"texture":"#0"},"down":{"uv":[2.21875, 5.9375, 2.0625, 6.09375],"texture":"#0"}}},{"from":[9.9, 20.4, 17],"to":[12.4, 22.9, 19.5],"rotation":{"angle":0,"axis":"y","origin":[7, 16, 0]},"faces":{"north":{"uv":[2.21875, 6.09375, 2.0625, 6.25],"texture":"#0"},"east":{"uv":[2.21875, 6.25, 2.0625, 6.40625],"texture":"#0"},"south":{"uv":[2.21875, 6.09375, 2.0625, 6.25],"texture":"#0"},"west":{"uv":[2.21875, 6.25, 2.0625, 6.40625],"texture":"#0"},"up":{"uv":[2.21875, 6.40625, 2.0625, 6.5625],"texture":"#0"},"down":{"uv":[2.21875, 6.40625, 2.0625, 6.5625],"texture":"#0"}}},{"from":[3.9, 21.4, 19],"to":[6.4, 23.9, 21.5],"rotation":{"angle":-22.5,"axis":"z","origin":[7, 16, 0]},"faces":{"north":{"uv":[2.21875, 6.09375, 2.0625, 6.25],"texture":"#0"},"east":{"uv":[2.21875, 6.25, 2.0625, 6.40625],"texture":"#0"},"south":{"uv":[2.21875, 6.09375, 2.0625, 6.25],"texture":"#0"},"west":{"uv":[2.21875, 6.25, 2.0625, 6.40625],"texture":"#0"},"up":{"uv":[2.21875, 6.40625, 2.0625, 6.5625],"texture":"#0"},"down":{"uv":[2.21875, 6.40625, 2.0625, 6.5625],"texture":"#0"}}},{"from":[4.4, 23.9, 20.3],"to":[6.9, 26.4, 20.3],"rotation":{"angle":-22.5,"axis":"z","origin":[7, 16, 0]},"faces":{"north":{"uv":[2.625, 6.3125, 2.46875, 6.46875],"texture":"#0"},"east":{"uv":[2.0625, 5.9375, 1.90625, 6.09375],"texture":"#0"},"south":{"uv":[2.46875, 6.3125, 2.625, 6.46875],"texture":"#0"},"west":{"uv":[2.0625, 5.9375, 1.90625, 6.09375],"texture":"#0"},"up":{"uv":[2.21875, 5.9375, 2.0625, 5.9375],"texture":"#0"},"down":{"uv":[2.21875, 5.9375, 2.0625, 6.09375],"texture":"#0"}}},{"from":[7.4, 15.9, 18.3],"to":[9.9, 18.4, 18.3],"rotation":{"angle":-22.5,"axis":"x","origin":[7, 16, 0]},"faces":{"north":{"uv":[2.625, 6.3125, 2.46875, 6.46875],"texture":"#0"},"east":{"uv":[2.0625, 5.9375, 1.90625, 6.09375],"texture":"#0"},"south":{"uv":[2.46875, 6.3125, 2.625, 6.46875],"texture":"#0"},"west":{"uv":[2.0625, 5.9375, 1.90625, 6.09375],"texture":"#0"},"up":{"uv":[2.21875, 5.9375, 2.0625, 5.9375],"texture":"#0"},"down":{"uv":[2.21875, 5.9375, 2.0625, 6.09375],"texture":"#0"}}},{"from":[6.9, 13.4, 17],"to":[9.4, 15.9, 19.5],"rotation":{"angle":-22.5,"axis":"x","origin":[7, 16, 0]},"faces":{"north":{"uv":[2.21875, 6.09375, 2.0625, 6.25],"texture":"#0"},"east":{"uv":[2.21875, 6.25, 2.0625, 6.40625],"texture":"#0"},"south":{"uv":[2.21875, 6.09375, 2.0625, 6.25],"texture":"#0"},"west":{"uv":[2.21875, 6.25, 2.0625, 6.40625],"texture":"#0"},"up":{"uv":[2.21875, 6.40625, 2.0625, 6.5625],"texture":"#0"},"down":{"uv":[2.21875, 6.40625, 2.0625, 6.5625],"texture":"#0"}}},{"from":[-4.4, 22.7, 19.4],"to":[-4.4, 24.7, 23.4],"rotation":{"angle":-22.5,"axis":"z","origin":[-5, 24.6, 21.4]},"faces":{"north":{"uv":[1.8125, 5.5, 1.8125, 5.625],"texture":"#0"},"east":{"uv":[0.75, 5.75, 0.5, 5.875],"texture":"#0"},"south":{"uv":[1.8125, 5.5, 1.8125, 5.625],"texture":"#0"},"west":{"uv":[0.75, 5.75, 0.5, 5.875],"texture":"#0"},"up":{"uv":[1.84375, 5.5, 1.84375, 5.75],"texture":"#0"},"down":{"uv":[1.84375, 5.5, 1.84375, 5.75],"texture":"#0"}}},{"from":[-4.5, 18.9, 15.1],"to":[-4, 21.9, 27.1],"rotation":{"angle":-22.5,"axis":"x","origin":[-3, 21.6, 13.4]},"faces":{"north":{"uv":[2.34375, 5.6875, 2.3125, 5.875],"texture":"#0"},"east":{"uv":[1.75, 5.9375, 1, 6.125],"texture":"#0"},"south":{"uv":[2.34375, 5.6875, 2.3125, 5.875],"texture":"#0"},"west":{"uv":[1.75, 5.9375, 1, 6.125],"texture":"#0"},"up":{"uv":[2.375, 5.6875, 2.34375, 6.4375],"texture":"#0"},"down":{"uv":[2.375, 5.6875, 2.34375, 6.4375],"texture":"#0"}}},{"from":[-4, 18.9, 15.1],"to":[4, 21.9, 15.6],"rotation":{"angle":-22.5,"axis":"x","origin":[-19, 21.6, 13.4]},"faces":{"north":{"uv":[0.5, 5.9375, 1, 6.125],"texture":"#0"},"east":{"uv":[1, 5.9375, 1.03125, 6.125],"texture":"#0"},"south":{"uv":[0.5, 5.9375, 1, 6.125],"texture":"#0"},"west":{"uv":[1, 5.9375, 1.03125, 6.125],"texture":"#0"},"up":{"uv":[0.5, 6.125, 1, 6.15625],"texture":"#0"},"down":{"uv":[0.5, 6.125, 1, 6.15625],"texture":"#0"}}},{"from":[4.4, 22.7, 19.4],"to":[4.4, 24.7, 23.4],"rotation":{"angle":22.5,"axis":"z","origin":[5, 24.6, 21.4]},"faces":{"north":{"uv":[1.8125, 5.5, 1.8125, 5.625],"texture":"#0"},"east":{"uv":[0.5, 5.75, 0.75, 5.875],"texture":"#0"},"south":{"uv":[1.8125, 5.5, 1.8125, 5.625],"texture":"#0"},"west":{"uv":[0.5, 5.75, 0.75, 5.875],"texture":"#0"},"up":{"uv":[1.84375, 5.5, 1.84375, 5.75],"texture":"#0"},"down":{"uv":[1.84375, 5.5, 1.84375, 5.75],"texture":"#0"}}},{"from":[4, 18.9, 15.1],"to":[4.5, 21.9, 27.1],"rotation":{"angle":-22.5,"axis":"x","origin":[-19, 21.6, 13.4]},"faces":{"north":{"uv":[2.3125, 5.6875, 2.34375, 5.875],"texture":"#0"},"east":{"uv":[1, 5.9375, 1.75, 6.125],"texture":"#0"},"south":{"uv":[2.3125, 5.6875, 2.34375, 5.875],"texture":"#0"},"west":{"uv":[1, 5.9375, 1.75, 6.125],"texture":"#0"},"up":{"uv":[2.34375, 5.6875, 2.375, 6.4375],"texture":"#0"},"down":{"uv":[2.34375, 5.6875, 2.375, 6.4375],"texture":"#0"}}},{"from":[-4, 18.9, 26.6],"to":[4, 21.9, 27.1],"rotation":{"angle":-22.5,"axis":"x","origin":[-3, 21.6, 13.4]},"faces":{"north":{"uv":[1, 5.9375, 0.5, 6.125],"texture":"#0"},"east":{"uv":[1.03125, 5.9375, 1, 6.125],"texture":"#0"},"south":{"uv":[1, 5.9375, 0.5, 6.125],"texture":"#0"},"west":{"uv":[1.03125, 5.9375, 1, 6.125],"texture":"#0"},"up":{"uv":[1, 6.125, 0.5, 6.15625],"texture":"#0"},"down":{"uv":[1, 6.125, 0.5, 6.15625],"texture":"#0"}}},{"from":[-4, 19, 15.6],"to":[4, 19, 26.6],"rotation":{"angle":-22.5,"axis":"x","origin":[-3, 21.6, 13.4]},"faces":{"north":{"uv":[1, 5.9375, 0.5, 6.125],"texture":"#0"},"east":{"uv":[1.03125, 5.9375, 1, 6.125],"texture":"#0"},"south":{"uv":[1, 5.9375, 0.5, 6.125],"texture":"#0"},"west":{"uv":[1.03125, 5.9375, 1, 6.125],"texture":"#0"},"up":{"uv":[1, 6.15625, 0.5, 6.84375],"texture":"#0"},"down":{"uv":[1, 6.15625, 0.5, 6.84375],"texture":"#0"}}},{"from":[0.2, 25.5, 19.3],"to":[4.7, 29.5, 23.8],"rotation":{"angle":22.5,"axis":"z","origin":[8, 16, 0]},"faces":{"north":{"uv":[2.0625, 6.125, 1.78125, 6.375],"texture":"#0"},"east":{"uv":[2.0625, 6.125, 1.78125, 6.375],"texture":"#0"},"south":{"uv":[2.0625, 6.125, 1.78125, 6.375],"texture":"#0"},"west":{"uv":[2.0625, 6.125, 1.78125, 6.375],"texture":"#0"},"up":{"uv":[1.8125, 6.375, 1.53125, 6.65625],"texture":"#0"},"down":{"uv":[1.8125, 6.375, 1.53125, 6.65625],"texture":"#0"}}},{"from":[-3, 20, 21.1],"to":[1, 23.5, 25.1],"rotation":{"angle":-22.5,"axis":"z","origin":[8, 16, 0]},"faces":{"north":{"uv":[1.75, 6.125, 1.5, 6.34375],"texture":"#0"},"east":{"uv":[1.75, 6.125, 1.5, 6.34375],"texture":"#0"},"south":{"uv":[1.75, 6.125, 1.5, 6.34375],"texture":"#0"},"west":{"uv":[1.75, 6.125, 1.5, 6.34375],"texture":"#0"},"up":{"uv":[1.5, 6.28125, 1.25, 6.53125],"texture":"#0"},"down":{"uv":[1.5, 6.28125, 1.25, 6.53125],"texture":"#0"}}},{"from":[-1.5, 13.5, 17.1],"to":[2.5, 17, 21.1],"rotation":{"angle":-22.5,"axis":"x","origin":[8, 16, 0]},"faces":{"north":{"uv":[1.75, 6.125, 1.5, 6.34375],"texture":"#0"},"east":{"uv":[1.75, 6.125, 1.5, 6.34375],"texture":"#0"},"south":{"uv":[1.75, 6.125, 1.5, 6.34375],"texture":"#0"},"west":{"uv":[1.75, 6.125, 1.5, 6.34375],"texture":"#0"},"up":{"uv":[1.5, 6.28125, 1.25, 6.53125],"texture":"#0"},"down":{"uv":[1.5, 6.28125, 1.25, 6.53125],"texture":"#0"}}},{"from":[-14, 19, 15.6],"to":[-6, 19, 26.6],"rotation":{"angle":-22.5,"axis":"x","origin":[-13, 21.6, 13.4]},"faces":{"north":{"uv":[1, 5.9375, 0.5, 6.125],"texture":"#0"},"east":{"uv":[1.03125, 5.9375, 1, 6.125],"texture":"#0"},"south":{"uv":[1, 5.9375, 0.5, 6.125],"texture":"#0"},"west":{"uv":[1.03125, 5.9375, 1, 6.125],"texture":"#0"},"up":{"uv":[1, 6.15625, 0.5, 6.84375],"texture":"#0"},"down":{"uv":[1, 6.15625, 0.5, 6.84375],"texture":"#0"}}},{"from":[-14, 15, 16.7],"to":[-6, 15, 27.7],"rotation":{"angle":-22.5,"axis":"x","origin":[9, 16, 0]},"faces":{"north":{"uv":[1, 5.9375, 0.5, 6.125],"texture":"#0"},"east":{"uv":[1.03125, 5.9375, 1, 6.125],"texture":"#0"},"south":{"uv":[1, 5.9375, 0.5, 6.125],"texture":"#0"},"west":{"uv":[1.03125, 5.9375, 1, 6.125],"texture":"#0"},"up":{"uv":[0.5, 7.53125, 1, 6.84375],"texture":"#0"},"down":{"uv":[1, 6.84375, 0.5, 7.53125],"texture":"#0"}}},{"from":[-14.4, 22.7, 19.4],"to":[-14.4, 24.7, 23.4],"rotation":{"angle":-22.5,"axis":"z","origin":[-15, 24.6, 21.4]},"faces":{"north":{"uv":[1.8125, 5.5, 1.8125, 5.625],"texture":"#0"},"east":{"uv":[0.75, 5.75, 0.5, 5.875],"texture":"#0"},"south":{"uv":[1.8125, 5.5, 1.8125, 5.625],"texture":"#0"},"west":{"uv":[0.75, 5.75, 0.5, 5.875],"texture":"#0"},"up":{"uv":[1.84375, 5.5, 1.84375, 5.75],"texture":"#0"},"down":{"uv":[1.84375, 5.5, 1.84375, 5.75],"texture":"#0"}}},{"from":[-14.5, 18.9, 15.1],"to":[-14, 21.9, 27.1],"rotation":{"angle":-22.5,"axis":"x","origin":[-13, 21.6, 13.4]},"faces":{"north":{"uv":[2.34375, 5.6875, 2.3125, 5.875],"texture":"#0"},"east":{"uv":[1.75, 5.9375, 1, 6.125],"texture":"#0"},"south":{"uv":[2.34375, 5.6875, 2.3125, 5.875],"texture":"#0"},"west":{"uv":[1.75, 5.9375, 1, 6.125],"texture":"#0"},"up":{"uv":[2.375, 5.6875, 2.34375, 6.4375],"texture":"#0"},"down":{"uv":[2.375, 5.6875, 2.34375, 6.4375],"texture":"#0"}}},{"from":[-14, 18.9, 15.1],"to":[-6, 21.9, 15.6],"rotation":{"angle":-22.5,"axis":"x","origin":[-29, 21.6, 13.4]},"faces":{"north":{"uv":[0.5, 5.9375, 1, 6.125],"texture":"#0"},"east":{"uv":[1, 5.9375, 1.03125, 6.125],"texture":"#0"},"south":{"uv":[0.5, 5.9375, 1, 6.125],"texture":"#0"},"west":{"uv":[1, 5.9375, 1.03125, 6.125],"texture":"#0"},"up":{"uv":[0.5, 6.125, 1, 6.15625],"texture":"#0"},"down":{"uv":[0.5, 6.125, 1, 6.15625],"texture":"#0"}}},{"from":[-5.6, 22.7, 19.4],"to":[-5.6, 24.7, 23.4],"rotation":{"angle":22.5,"axis":"z","origin":[-5, 24.6, 21.4]},"faces":{"north":{"uv":[1.8125, 5.5, 1.8125, 5.625],"texture":"#0"},"east":{"uv":[0.5, 5.75, 0.75, 5.875],"texture":"#0"},"south":{"uv":[1.8125, 5.5, 1.8125, 5.625],"texture":"#0"},"west":{"uv":[0.5, 5.75, 0.75, 5.875],"texture":"#0"},"up":{"uv":[1.84375, 5.5, 1.84375, 5.75],"texture":"#0"},"down":{"uv":[1.84375, 5.5, 1.84375, 5.75],"texture":"#0"}}},{"from":[-6, 18.9, 15.1],"to":[-5.5, 21.9, 27.1],"rotation":{"angle":-22.5,"axis":"x","origin":[-29, 21.6, 13.4]},"faces":{"north":{"uv":[2.3125, 5.6875, 2.34375, 5.875],"texture":"#0"},"east":{"uv":[1, 5.9375, 1.75, 6.125],"texture":"#0"},"south":{"uv":[2.3125, 5.6875, 2.34375, 5.875],"texture":"#0"},"west":{"uv":[1, 5.9375, 1.75, 6.125],"texture":"#0"},"up":{"uv":[2.34375, 5.6875, 2.375, 6.4375],"texture":"#0"},"down":{"uv":[2.34375, 5.6875, 2.375, 6.4375],"texture":"#0"}}},{"from":[-14, 18.9, 26.6],"to":[-6, 21.9, 27.1],"rotation":{"angle":-22.5,"axis":"x","origin":[-13, 21.6, 13.4]},"faces":{"north":{"uv":[1, 5.9375, 0.5, 6.125],"texture":"#0"},"east":{"uv":[1.03125, 5.9375, 1, 6.125],"texture":"#0"},"south":{"uv":[1, 5.9375, 0.5, 6.125],"texture":"#0"},"west":{"uv":[1.03125, 5.9375, 1, 6.125],"texture":"#0"},"up":{"uv":[1, 6.125, 0.5, 6.15625],"texture":"#0"},"down":{"uv":[1, 6.125, 0.5, 6.15625],"texture":"#0"}}},{"from":[-11.5, 15, 21.2],"to":[-10.5, 15.5, 22.2],"rotation":{"angle":-22.5,"axis":"x","origin":[9, 16, 0]},"faces":{"north":{"uv":[2.28125, 6.25, 2.21875, 6.28125],"texture":"#0"},"east":{"uv":[2.28125, 6.25, 2.21875, 6.28125],"texture":"#0"},"south":{"uv":[2.28125, 6.25, 2.21875, 6.28125],"texture":"#0"},"west":{"uv":[2.28125, 6.25, 2.21875, 6.28125],"texture":"#0"},"up":{"uv":[2.28125, 6.1875, 2.21875, 6.25],"texture":"#0"},"down":{"uv":[2.28125, 6.1875, 2.21875, 6.25],"texture":"#0"}}},{"from":[-8.5, 15, 20.7],"to":[-7.5, 15.5, 21.7],"rotation":{"angle":-22.5,"axis":"x","origin":[9, 16, 0]},"faces":{"north":{"uv":[2.28125, 6.25, 2.21875, 6.28125],"texture":"#0"},"east":{"uv":[2.28125, 6.25, 2.21875, 6.28125],"texture":"#0"},"south":{"uv":[2.28125, 6.25, 2.21875, 6.28125],"texture":"#0"},"west":{"uv":[2.28125, 6.25, 2.21875, 6.28125],"texture":"#0"},"up":{"uv":[2.28125, 6.1875, 2.21875, 6.25],"texture":"#0"},"down":{"uv":[2.28125, 6.1875, 2.21875, 6.25],"texture":"#0"}}},{"from":[-12, 15, 23.7],"to":[-10.5, 15.5, 25.2],"rotation":{"angle":-22.5,"axis":"x","origin":[9, 16, 0]},"faces":{"north":{"uv":[2.3125, 6.15625, 2.21875, 6.1875],"texture":"#0"},"east":{"uv":[2.3125, 6.15625, 2.21875, 6.1875],"texture":"#0"},"south":{"uv":[2.3125, 6.15625, 2.21875, 6.1875],"texture":"#0"},"west":{"uv":[2.3125, 6.15625, 2.21875, 6.1875],"texture":"#0"},"up":{"uv":[2.3125, 6.0625, 2.21875, 6.15625],"texture":"#0"},"down":{"uv":[2.3125, 6.0625, 2.21875, 6.15625],"texture":"#0"}}}],"gui_light":"front","display":{"thirdperson_righthand":{"rotation":[67.5, 0, 0],"translation":[-0.25, 4, 2.25],"scale":[0.22657, 0.22657, 0.22657]},"thirdperson_lefthand":{"rotation":[67.5, 0, 0],"translation":[0.25, 4, 2.25],"scale":[0.22657, 0.22657, 0.22657]},"firstperson_righthand":{"rotation":[180, 57.5, 180],"translation":[-0.75, 4.25, 0],"scale":[0.3043, 0.3043, 0.3043]},"firstperson_lefthand":{"rotation":[180, 57.5, 180],"translation":[-0.75, 4.25, 0],"scale":[0.3043, 0.3043, 0.3043]},"ground":{"translation":[0, 5.5, 0],"scale":[0.25, 0.25, 0.25]},"gui":{"rotation":[30, 225, 0],"translation":[-0.5, -3.25, 0],"scale":[0.32969, 0.32969, 0.32969]},"head":{"rotation":[0, -180, 0],"translation":[2.25, -1.5, 22.5],"scale":[0, 0, 0]},"fixed":{"rotation":[-90, 0, 0],"translation":[0, 0, -16],"scale":[2, 2, 2]}}}