{"textures":{"0":"modelengine:entity/rabbit_normal","particle":"#0"},"elements":[{"from":[6.6,6.6,3.1],"to":[9.4,9.4,8.9],"faces":{"east":{"uv":[7.5,9.25,6.0,10.0],"tintindex":0,"rotation":0,"texture":"#0"},"south":{"uv":[8.25,9.25,7.5,10.0],"tintindex":0,"rotation":0,"texture":"#0"},"north":{"uv":[6.0,9.25,5.25,10.0],"tintindex":0,"rotation":0,"texture":"#0"},"west":{"uv":[5.25,9.25,3.75,10.0],"tintindex":0,"rotation":0,"texture":"#0"},"up":{"uv":[5.25,9.25,6.0,7.75],"tintindex":0,"rotation":0,"texture":"#0"},"down":{"uv":[6.0,7.75,6.75,9.25],"tintindex":0,"rotation":0,"texture":"#0"}}}],"display":{"head":{"rotation":[0.0,0.0,0.0]},"firstperson_righthand":{"rotation":[0.0,0.0,0.0]},"thirdperson_lefthand":{"rotation":[0.0,-0.0,-0.0]},"firstperson_lefthand":{"rotation":[0.0,-0.0,-0.0]},"fixed":{"rotation":[0.0,0.0,0.0]},"ground":{"rotation":[0.0,0.0,0.0]},"thirdperson_righthand":{"rotation":[0.0,0.0,0.0]},"gui":{"rotation":[-150.0,-45.0,180.0]}}}