{"texture_size":[128,128],"textures":{"0":"custom/furniture/vending/claw","particle":"custom/furniture/vending/claw"},"elements":[{"from":[0,-14,0],"to":[16,3,16],"rotation":{"angle":0,"axis":"y","origin":[8,6.75,8.75]},"faces":{"north":{"uv":[0,0,2,2.125],"texture":"#0"},"east":{"uv":[2,0,4,2.125],"texture":"#0"},"south":{"uv":[0,2.125,2,4.25],"texture":"#0"},"west":{"uv":[4,0,2,2.125],"texture":"#0"},"up":{"uv":[4,4.125,2,2.125],"texture":"#0"},"down":{"uv":[7,3.75,9,5.75],"texture":"#0"}}},{"from":[0,25,1],"to":[16,32,16],"rotation":{"angle":0,"axis":"y","origin":[8,6.75,8.75]},"faces":{"north":{"uv":[0.875,4.25,2.875,5.125],"texture":"#0"},"east":{"uv":[0.875,5.125,2.75,6],"texture":"#0"},"south":{"uv":[2.875,4.25,4.875,5.125],"texture":"#0"},"west":{"uv":[2.75,5.125,0.875,6],"texture":"#0"},"up":{"uv":[9,1.875,7,0],"texture":"#0"},"down":{"uv":[9,1.875,7,3.75],"texture":"#0"}}},{"from":[14,3,12],"to":[16,25,16],"rotation":{"angle":0,"axis":"y","origin":[8,6.75,8.75]},"faces":{"north":{"uv":[1.875,6,2.125,8.75],"texture":"#0"},"east":{"uv":[0.875,6,1.375,8.75],"texture":"#0"},"south":{"uv":[2.125,6,2.375,8.75],"texture":"#0"},"west":{"uv":[1.375,6,1.875,8.75],"texture":"#0"}}},{"from":[14,3,3],"to":[16,25,5],"rotation":{"angle":0,"axis":"y","origin":[8,6.75,8.75]},"faces":{"north":{"uv":[3.25,5.125,3.5,7.875],"texture":"#0"},"east":{"uv":[2.75,5.125,3,7.875],"texture":"#0"},"south":{"uv":[3.5,5.125,3.75,7.875],"texture":"#0"},"west":{"uv":[3,5.125,3.25,7.875],"texture":"#0"}}},{"from":[2,3,3],"to":[14,5,5],"rotation":{"angle":0,"axis":"y","origin":[8,6.75,8.75]},"faces":{"north":{"uv":[4,3,5.5,2.75],"texture":"#0"},"south":{"uv":[4,3,5.5,3.25],"texture":"#0"},"up":{"uv":[5.5,3.5,4,3.25],"texture":"#0"}}},{"from":[2,23,3],"to":[14,25,5],"rotation":{"angle":0,"axis":"y","origin":[8,9.25,8.75]},"faces":{"north":{"uv":[4,3,5.5,2.75],"texture":"#0"},"south":{"uv":[4,3.25,5.5,3],"texture":"#0"},"down":{"uv":[5.5,3.25,4,3.5],"texture":"#0"}}},{"from":[2,5,4],"to":[14,25,4],"rotation":{"angle":0,"axis":"y","origin":[8,6.75,8.75]},"faces":{"north":{"uv":[5.5,2.75,7,5.25],"texture":"#0"},"south":{"uv":[7,2.75,5.5,5.25],"texture":"#0"}}},{"from":[15,5,5],"to":[15,23,12],"rotation":{"angle":0,"axis":"y","origin":[8,6.75,8.75]},"faces":{"east":{"uv":[0,4.25,0.875,6.5],"texture":"#0"},"west":{"uv":[0.875,4.25,0,6.5],"texture":"#0"}}},{"from":[4,2.5,0.5],"to":[6,3.5,2.5],"rotation":{"angle":0,"axis":"y","origin":[8,6.75,8.75]},"faces":{"north":{"uv":[5,3.875,5.25,4],"texture":"#0"},"east":{"uv":[5,3.875,5.25,4],"texture":"#0"},"south":{"uv":[5,3.875,5.25,4],"texture":"#0"},"west":{"uv":[5,3.875,5.25,4],"texture":"#0"},"up":{"uv":[5.25,4.25,5,4],"texture":"#0"}}},{"from":[4.5,3.5,1],"to":[5.5,4.5,2],"rotation":{"angle":0,"axis":"y","origin":[5,4.5,1.5]},"faces":{"north":{"uv":[4.625,4.125,4.75,4.25],"texture":"#0"},"east":{"uv":[4.625,4.125,4.75,4.25],"texture":"#0"},"south":{"uv":[4.625,4.125,4.75,4.25],"texture":"#0"},"west":{"uv":[4.625,4.125,4.75,4.25],"texture":"#0"}}},{"from":[4,4.5,0.5],"to":[6,6.5,2.5],"rotation":{"angle":0,"axis":"y","origin":[5,4.5,1.5]},"faces":{"north":{"uv":[4.5,3.875,4.75,4.125],"texture":"#0"},"east":{"uv":[4.5,3.875,4.75,4.125],"texture":"#0"},"south":{"uv":[4.5,3.875,4.75,4.125],"texture":"#0"},"west":{"uv":[4.5,3.875,4.75,4.125],"texture":"#0"},"up":{"uv":[5,4.125,4.75,3.875],"texture":"#0"},"down":{"uv":[4.75,3.875,4.5,4.125],"texture":"#0"}}},{"from":[10,2.5,0.5],"to":[12,3.5,2.5],"rotation":{"angle":0,"axis":"y","origin":[8,6.75,8.75]},"faces":{"north":{"uv":[4.75,4.125,5,4.25],"texture":"#0"},"east":{"uv":[4.75,4.125,5,4.25],"texture":"#0"},"south":{"uv":[4.75,4.125,5,4.25],"texture":"#0"},"west":{"uv":[4.75,4.125,5,4.25],"texture":"#0"},"up":{"uv":[5,4.125,4.75,3.875],"texture":"#0"}}},{"from":[14,3,5],"to":[16,5,12],"rotation":{"angle":0,"axis":"y","origin":[8,6.75,8.75]},"faces":{"east":{"uv":[0,7,0.875,7.25],"texture":"#0"},"west":{"uv":[0,7.25,0.875,7.5],"texture":"#0"},"up":{"uv":[0.5,8.375,0.25,7.5],"texture":"#0"}}},{"from":[1,5,5],"to":[1,23,12],"rotation":{"angle":0,"axis":"y","origin":[8,6.75,8.75]},"faces":{"east":{"uv":[0,4.25,0.875,6.5],"texture":"#0"},"west":{"uv":[0.875,4.25,0,6.5],"texture":"#0"}}},{"from":[10,3,9],"to":[14,5,9],"rotation":{"angle":0,"axis":"y","origin":[8,6.75,8.75]},"faces":{"north":{"uv":[4,3.875,4.5,4.125],"texture":"#0"},"south":{"uv":[4,3.875,4.5,4.125],"texture":"#0"}}},{"from":[10,3,5],"to":[10,5,9],"rotation":{"angle":0,"axis":"y","origin":[12,4,9]},"faces":{"east":{"uv":[4,3.875,4.5,4.125],"texture":"#0"},"west":{"uv":[4,3.875,4.5,4.125],"texture":"#0"}}},{"from":[14,23,5],"to":[16,25,12],"rotation":{"angle":0,"axis":"y","origin":[8,6.75,8.75]},"faces":{"east":{"uv":[0,6.5,0.875,6.75],"texture":"#0"},"west":{"uv":[0,6.75,0.875,7],"texture":"#0"},"down":{"uv":[0.25,7.5,0,8.375],"texture":"#0"}}},{"from":[0,3,3],"to":[2,25,5],"rotation":{"angle":0,"axis":"y","origin":[8,6.75,8.75]},"faces":{"north":{"uv":[3.5,5.125,3.25,7.875],"texture":"#0"},"east":{"uv":[3.25,5.125,3,7.875],"texture":"#0"},"south":{"uv":[3.75,5.125,3.5,7.875],"texture":"#0"},"west":{"uv":[3,5.125,2.75,7.875],"texture":"#0"}}},{"from":[0,3,12],"to":[2,25,16],"rotation":{"angle":0,"axis":"y","origin":[8,6.75,8.75]},"faces":{"north":{"uv":[2.125,6,1.875,8.75],"texture":"#0"},"east":{"uv":[1.875,6,1.375,8.75],"texture":"#0"},"south":{"uv":[2.375,6,2.125,8.75],"texture":"#0"},"west":{"uv":[1.375,6,0.875,8.75],"texture":"#0"}}},{"from":[0,23,5],"to":[2,25,12],"rotation":{"angle":0,"axis":"y","origin":[8,6.75,8.75]},"faces":{"east":{"uv":[0.875,6.75,0,7],"texture":"#0"},"west":{"uv":[0.875,6.5,0,6.75],"texture":"#0"},"down":{"uv":[0,7.5,0.25,8.375],"texture":"#0"}}},{"from":[0,3,5],"to":[2,5,12],"rotation":{"angle":0,"axis":"y","origin":[8,6.75,8.75]},"faces":{"east":{"uv":[0.875,7.25,0,7.5],"texture":"#0"},"west":{"uv":[0.875,7,0,7.25],"texture":"#0"},"up":{"uv":[0.25,8.375,0.5,7.5],"texture":"#0"}}},{"from":[2,23.5,8],"to":[14,24.5,10],"rotation":{"angle":0,"axis":"y","origin":[8,6.75,8.75]},"faces":{"north":{"uv":[4,3.75,5.5,3.875],"texture":"#0"},"south":{"uv":[4,3.75,5.5,3.875],"texture":"#0"},"up":{"uv":[5.5,3.75,4,3.5],"texture":"#0"},"down":{"uv":[5.5,3.5,4,3.75],"texture":"#0"}}},{"from":[8,18.5,8],"to":[10,19.5,10],"rotation":{"angle":0,"axis":"y","origin":[8,6.75,8.75]},"faces":{"north":{"uv":[5.25,4.125,5.5,4.25],"texture":"#0"},"east":{"uv":[5.25,4.125,5.5,4.25],"texture":"#0"},"south":{"uv":[5.25,4.125,5.5,4.25],"texture":"#0"},"west":{"uv":[5.25,4.125,5.5,4.25],"texture":"#0"},"up":{"uv":[5.5,4.125,5.25,3.875],"texture":"#0"},"down":{"uv":[5.5,3.875,5.25,4.125],"texture":"#0"}}},{"from":[8.5,19.5,9],"to":[9.5,23.5,9],"rotation":{"angle":0,"axis":"y","origin":[8,6.75,8.75]},"faces":{"north":{"uv":[4.875,4.25,5,4.75],"texture":"#0"},"south":{"uv":[4.875,4.25,5,4.75],"texture":"#0"}}},{"from":[0.3986,16.67983,8.5],"to":[2.3986,16.67983,9.5],"rotation":{"angle":-45,"axis":"z","origin":[8,6.25,8.75]},"faces":{"up":{"uv":[4.625,4.25,4.375,4.125],"texture":"#0"},"down":{"uv":[4.625,4.125,4.375,4.25],"texture":"#0"}}},{"from":[9.70781,16.87939,8.5],"to":[11.70781,16.87939,9.5],"rotation":{"angle":45,"axis":"z","origin":[10.70781,16.87939,9]},"faces":{"up":{"uv":[4.625,4.25,4.375,4.125],"texture":"#0"},"down":{"uv":[4.625,4.125,4.375,4.25],"texture":"#0"}}},{"from":[15.6014,16.67983,8.5],"to":[17.6014,16.67983,9.5],"rotation":{"angle":45,"axis":"z","origin":[10,6.25,8.75]},"faces":{"up":{"uv":[4.375,4.25,4.625,4.125],"texture":"#0"},"down":{"uv":[4.375,4.125,4.625,4.25],"texture":"#0"}}},{"from":[6.29219,16.87939,8.5],"to":[8.29219,16.87939,9.5],"rotation":{"angle":-45,"axis":"z","origin":[7.29219,16.87939,9]},"faces":{"up":{"uv":[4.375,4.25,4.625,4.125],"texture":"#0"},"down":{"uv":[4.375,4.125,4.625,4.25],"texture":"#0"}}},{"from":[2,3,14],"to":[14,25,16],"rotation":{"angle":0,"axis":"y","origin":[8,14,15]},"faces":{"north":{"uv":[4,0,5.5,2.75],"texture":"#0"},"south":{"uv":[5.5,0,7,2.75],"texture":"#0"}}},{"from":[12,-16,1],"to":[15,-14,4],"rotation":{"angle":0,"axis":"y","origin":[8,6.75,8.75]},"faces":{"north":{"uv":[0.5,7.875,0.875,8.125],"texture":"#0"},"east":{"uv":[0.5,7.875,0.875,8.125],"texture":"#0"},"south":{"uv":[0.5,7.875,0.875,8.125],"texture":"#0"},"west":{"uv":[0.5,7.875,0.875,8.125],"texture":"#0"},"down":{"uv":[0.875,7.5,0.5,7.875],"texture":"#0"}}},{"from":[12,-16,12],"to":[15,-14,15],"rotation":{"angle":0,"axis":"y","origin":[8,6.75,7.25]},"faces":{"north":{"uv":[0.875,7.875,0.5,8.125],"texture":"#0"},"east":{"uv":[0.875,7.875,0.5,8.125],"texture":"#0"},"south":{"uv":[0.875,7.875,0.5,8.125],"texture":"#0"},"west":{"uv":[0.875,7.875,0.5,8.125],"texture":"#0"},"down":{"uv":[0.875,7.875,0.5,7.5],"texture":"#0"}}},{"from":[1,-16,12],"to":[4,-14,15],"rotation":{"angle":0,"axis":"y","origin":[8,6.75,7.25]},"faces":{"north":{"uv":[0.5,7.875,0.875,8.125],"texture":"#0"},"east":{"uv":[0.5,7.875,0.875,8.125],"texture":"#0"},"south":{"uv":[0.5,7.875,0.875,8.125],"texture":"#0"},"west":{"uv":[0.5,7.875,0.875,8.125],"texture":"#0"},"down":{"uv":[0.5,7.875,0.875,7.5],"texture":"#0"}}},{"from":[1,-16,1],"to":[4,-14,4],"rotation":{"angle":0,"axis":"y","origin":[8,6.75,8.75]},"faces":{"north":{"uv":[0.875,7.875,0.5,8.125],"texture":"#0"},"east":{"uv":[0.875,7.875,0.5,8.125],"texture":"#0"},"south":{"uv":[0.875,7.875,0.5,8.125],"texture":"#0"},"west":{"uv":[0.875,7.875,0.5,8.125],"texture":"#0"},"down":{"uv":[0.5,7.5,0.875,7.875],"texture":"#0"}}},{"from":[3,3,11],"to":[6,6,14],"rotation":{"angle":-45,"axis":"y","origin":[4.5,4.5,12.5]},"faces":{"north":{"uv":[7.5625,5.8125,7.9375,6.1875],"texture":"#0"},"east":{"uv":[7.5625,5.8125,7.9375,6.1875],"texture":"#0"},"south":{"uv":[7.5625,5.8125,7.9375,6.1875],"texture":"#0"},"west":{"uv":[7.5625,5.8125,7.9375,6.1875],"texture":"#0"},"up":{"uv":[7.5625,6.1875,7.9375,6.5625],"texture":"#0"},"down":{"uv":[7.5625,6.1875,7.9375,6.5625],"texture":"#0"}}},{"from":[3,3,6],"to":[6,6,9],"rotation":{"angle":22.5,"axis":"y","origin":[7.5,4.5,7.5]},"faces":{"north":{"uv":[8.0625,5.8125,8.4375,6.1875],"texture":"#0"},"east":{"uv":[8.0625,5.8125,8.4375,6.1875],"texture":"#0"},"south":{"uv":[8.0625,5.8125,8.4375,6.1875],"texture":"#0"},"west":{"uv":[8.0625,5.8125,8.4375,6.1875],"texture":"#0"},"up":{"uv":[8.0625,6.1875,8.4375,6.5625],"rotation":90,"texture":"#0"},"down":{"uv":[8.0625,6.1875,8.4375,6.5625],"rotation":270,"texture":"#0"}}},{"from":[2.5,6,7.25],"to":[5.5,9,10.25],"rotation":{"angle":-45,"axis":"y","origin":[4.5,4.5,12.5]},"faces":{"north":{"uv":[7.5625,5.8125,7.9375,6.1875],"texture":"#0"},"east":{"uv":[7.5625,5.8125,7.9375,6.1875],"texture":"#0"},"south":{"uv":[7.5625,5.8125,7.9375,6.1875],"texture":"#0"},"west":{"uv":[7.5625,5.8125,7.9375,6.1875],"texture":"#0"},"up":{"uv":[7.5625,6.1875,7.9375,6.5625],"texture":"#0"},"down":{"uv":[7.5625,6.1875,7.9375,6.5625],"texture":"#0"}}},{"from":[6.31703,3,5.53912],"to":[9.31703,6,8.53912],"rotation":{"angle":0,"axis":"y","origin":[7.81703,4.5,7.03912]},"faces":{"north":{"uv":[8.5625,5.8125,8.9375,6.1875],"texture":"#0"},"east":{"uv":[8.5625,5.8125,8.9375,6.1875],"texture":"#0"},"south":{"uv":[8.5625,5.8125,8.9375,6.1875],"texture":"#0"},"west":{"uv":[8.5625,5.8125,8.9375,6.1875],"texture":"#0"},"up":{"uv":[8.5625,6.1875,8.9375,6.5625],"rotation":90,"texture":"#0"},"down":{"uv":[8.5625,6.1875,8.9375,6.5625],"rotation":270,"texture":"#0"}}},{"from":[6.5,3,10],"to":[9.5,6,13],"rotation":{"angle":22.5,"axis":"y","origin":[7.5,4.5,11.5]},"faces":{"north":{"uv":[8.5625,5.8125,8.9375,6.1875],"texture":"#0"},"east":{"uv":[8.5625,5.8125,8.9375,6.1875],"texture":"#0"},"south":{"uv":[8.5625,5.8125,8.9375,6.1875],"texture":"#0"},"west":{"uv":[8.5625,5.8125,8.9375,6.1875],"texture":"#0"},"up":{"uv":[8.5625,6.1875,8.9375,6.5625],"texture":"#0"},"down":{"uv":[8.5625,6.1875,8.9375,6.5625],"texture":"#0"}}},{"from":[10.14386,3,10.77791],"to":[13.14386,6,13.77791],"rotation":{"angle":-22.5,"axis":"y","origin":[11.64386,4.5,12.27791]},"faces":{"north":{"uv":[8.0625,5.8125,8.4375,6.1875],"texture":"#0"},"east":{"uv":[8.0625,5.8125,8.4375,6.1875],"texture":"#0"},"south":{"uv":[8.0625,5.8125,8.4375,6.1875],"texture":"#0"},"west":{"uv":[8.0625,5.8125,8.4375,6.1875],"texture":"#0"},"up":{"uv":[8.0625,6.1875,8.4375,6.5625],"rotation":90,"texture":"#0"},"down":{"uv":[8.0625,6.1875,8.4375,6.5625],"rotation":270,"texture":"#0"}}}],"gui_light":"front","display":{"thirdperson_righthand":{"rotation":[67.5,0,0],"translation":[0,1,0.25],"scale":[0.13906,0.13906,0.13906]},"thirdperson_lefthand":{"rotation":[67.5,0,0],"translation":[0,1,0.25],"scale":[0.13906,0.13906,0.13906]},"firstperson_righthand":{"rotation":[0,-180,0],"translation":[-1.5,4.5,0],"scale":[0.35,0.35,0.35]},"firstperson_lefthand":{"rotation":[0,-180,0],"translation":[-1.5,4.5,0],"scale":[0.35,0.35,0.35]},"ground":{"translation":[-0.25,7.5,0],"scale":[0.32,0.32,0.32]},"gui":{"rotation":[30,225,0],"translation":[0.25,-0.25,0],"scale":[0.27734,0.27734,0.27734]},"head":{"rotation":[0,-180,0],"translation":[0,-5,0],"scale":[0,0,0]},"fixed":{"rotation":[-90,0,0],"translation":[0,0,-48],"scale":[2,2,2]}},"groups":[0,1,2,3,4,5,6,7,8,9,10,11,12,13,14,15,16,17,18,19,20,21,22,23,24,25,26,27,28,29,30,31,32,{"name":"group","origin":[8,6.75,8.75],"color":0,"children":[33,34,35,36,37,38]}]}