{"texture_size":[128, 128],"textures":{"0":"custom/furniture/vending/coffee","particle":"custom/furniture/vending/coffee"},"elements":[{"from":[-4, -16, 1],"to":[16, 32, 16],"faces":{"north":{"uv":[0, 0, 2.5, 6],"texture":"#0"},"east":{"uv":[5, 0, 6.875, 6],"texture":"#0"},"south":{"uv":[2.5, 0, 5, 6],"texture":"#0"},"west":{"uv":[6.875, 0, 5, 6],"texture":"#0"},"up":{"uv":[2.5, 7.875, 0, 6],"texture":"#0"},"down":{"uv":[5, 6, 2.5, 7.875],"texture":"#0"}}},{"from":[5, 2, 0],"to":[11, 4, 1],"faces":{"north":{"uv":[6.875, 0, 7.625, 0.25],"texture":"#0"},"east":{"uv":[6.875, 0.375, 7, 0.625],"texture":"#0"},"west":{"uv":[6.875, 0.375, 7, 0.625],"texture":"#0"},"up":{"uv":[7.625, 0.375, 6.875, 0.25],"texture":"#0"},"down":{"uv":[7.625, 0.25, 6.875, 0.375],"texture":"#0"}}}],"gui_light":"front","display":{"thirdperson_righthand":{"rotation":[67.5, 0, 0],"translation":[0.25, 1, 0.25],"scale":[0.13906, 0.13906, 0.13906]},"thirdperson_lefthand":{"rotation":[67.5, 0, 0],"translation":[-0.25, 1, 0.25],"scale":[0.13906, 0.13906, 0.13906]},"firstperson_righthand":{"rotation":[0, -180, 0],"translation":[1.5, 3.75, 0],"scale":[0.27266, 0.27266, 0.27266]},"firstperson_lefthand":{"rotation":[0, -180, 0],"translation":[1.5, 3.75, 0],"scale":[0.27266, 0.27266, 0.27266]},"ground":{"translation":[0.25, 4.25, -0.5],"scale":[0.21, 0.21, 0.21]},"gui":{"rotation":[30, 225, 0],"translation":[-0.25, -0.5, 0],"scale":[0.26367, 0.26367, 0.26367]},"head":{"rotation":[0, -180, 0],"translation":[-2.5, -14.25, 0.75],"scale":[0, 0, 0]},"fixed":{"rotation":[-90, 0, 0],"translation":[4, 0, -48],"scale":[2, 2, 2]}}}