{"textures":{"0":"modelengine:entity/nm_elephant_baby_texture","particle":"#0"},"elements":[{"from":[6.0,2.3986502,5.912546],"to":[10.0,9.39865,9.912545],"faces":{"east":{"uv":[8.5,10.75,9.0,11.625],"tintindex":0,"rotation":0,"texture":"#0"},"south":{"uv":[10.75,9.0,11.25,9.875],"tintindex":0,"rotation":0,"texture":"#0"},"north":{"uv":[10.75,8.125,11.25,9.0],"tintindex":0,"rotation":0,"texture":"#0"},"west":{"uv":[10.75,9.875,11.25,10.75],"tintindex":0,"rotation":0,"texture":"#0"},"up":{"uv":[10.5,6.375,10.0,5.875],"tintindex":0,"rotation":0,"texture":"#0"},"down":{"uv":[11.5,0.0,11.0,0.5],"tintindex":0,"rotation":0,"texture":"#0"}},"rotation":{"origin":[8.0,10.648737,7.865466],"angle":-22.5,"axis":"x"}}],"display":{"head":{"rotation":[0.0,0.0,0.0]},"firstperson_righthand":{"rotation":[0.0,0.0,0.0]},"thirdperson_lefthand":{"rotation":[0.0,-0.0,-0.0]},"firstperson_lefthand":{"rotation":[0.0,-0.0,-0.0]},"fixed":{"rotation":[0.0,0.0,0.0]},"ground":{"rotation":[0.0,0.0,0.0]},"thirdperson_righthand":{"rotation":[0.0,0.0,0.0]},"gui":{"rotation":[-150.0,-45.0,180.0]}}}