{"texture_size":[32,32],"textures":{"0":"custom/gifts/turquoise_gift"},"elements":[{"from":[2,0,2],"to":[14,8,14],"faces":{"north":{"uv":[6,0.5,12,6.5],"texture":"#0"},"east":{"uv":[6,0.5,12,6.5],"texture":"#0"},"south":{"uv":[6,0.5,12,6.5],"texture":"#0"},"west":{"uv":[6,0.5,12,6.5],"texture":"#0"},"up":{"uv":[12,12.5,6,6.5],"texture":"#0"},"down":{"uv":[12,6.5,6,12.5],"texture":"#0"}}},{"from":[1.5,6,1.5],"to":[14.5,12,14.5],"rotation":{"angle":0,"axis":"y","origin":[8,9,8]},"faces":{"north":{"uv":[6,0,12,2.5],"texture":"#0"},"east":{"uv":[6,0,12,2.5],"texture":"#0"},"south":{"uv":[6,0,12,2.5],"texture":"#0"},"west":{"uv":[6,0,12,2.5],"texture":"#0"},"up":{"uv":[6,6,0,0],"texture":"#0"},"down":{"uv":[6,6,0,12],"texture":"#0"}}},{"from":[8,12,2.5],"to":[8,16,13.5],"rotation":{"angle":45,"axis":"y","origin":[8,13.5,8]},"faces":{"north":{"uv":[0,0,0,0.75],"texture":"#0"},"east":{"uv":[0,12,5.5,13.5],"texture":"#0"},"south":{"uv":[0,0,0,0.75],"texture":"#0"},"west":{"uv":[0,12,5.5,13.5],"texture":"#0"},"up":{"uv":[0,2.25,0,0],"texture":"#0"},"down":{"uv":[0,0,0,2.25],"texture":"#0"}}},{"from":[2.5,12,8],"to":[13.5,16,8],"rotation":{"angle":45,"axis":"y","origin":[8,13.5,8]},"faces":{"north":{"uv":[0,12,5.5,13.5],"texture":"#0"},"east":{"uv":[0,0,0,0.75],"texture":"#0"},"south":{"uv":[0,12,5.5,13.5],"texture":"#0"},"west":{"uv":[0,0,0,0.75],"texture":"#0"},"up":{"uv":[2.25,0,0,0],"texture":"#0"},"down":{"uv":[2.25,0,0,0],"texture":"#0"}}}],"gui_light":"front","display":{"thirdperson_righthand":{"rotation":[22.25,0,0],"scale":[0.5,0.5,0.5]},"thirdperson_lefthand":{"rotation":[22.25,0,0],"scale":[0.5,0.5,0.5]},"firstperson_righthand":{"scale":[0.6,0.6,0.6]},"firstperson_lefthand":{"scale":[0.5,0.5,0.5]},"ground":{"translation":[0,2,0],"scale":[0.7,0.7,0.7]},"gui":{"scale":[0.8,0.8,0.8]},"head":{"translation":[0,2.5,0],"scale":[1.3,1.3,1.3]}}}