{"texture_size":[64, 64],"textures":{"0":"custom/furniture/playground/bunny_chair","particle":"custom/furniture/playground/bunny_chair"},"elements":[{"from":[4, 0, 4],"to":[12, 1, 12],"faces":{"north":{"uv":[5.5, 10.375, 7.5, 10.625],"texture":"#0"},"east":{"uv":[5.5, 10.125, 7.5, 10.375],"texture":"#0"},"south":{"uv":[5.5, 10.875, 7.5, 11.125],"texture":"#0"},"west":{"uv":[5.5, 10.625, 7.5, 10.875],"texture":"#0"},"up":{"uv":[2, 10.875, 0, 8.875],"texture":"#0"},"down":{"uv":[4, 8.875, 2, 10.875],"texture":"#0"}}},{"from":[5, 6, 5],"to":[11, 7, 11],"faces":{"north":{"uv":[4, 10.375, 5.5, 10.625],"texture":"#0"},"east":{"uv":[4, 10.875, 5.5, 11.125],"texture":"#0"},"south":{"uv":[4, 11.125, 5.5, 11.375],"texture":"#0"},"west":{"uv":[4, 10.625, 5.5, 10.875],"texture":"#0"},"down":{"uv":[5.5, 8.875, 4, 10.375],"texture":"#0"}}},{"from":[7, 1, 7],"to":[9, 6, 9],"faces":{"north":{"uv":[7, 8.875, 7.5, 10.125],"texture":"#0"},"east":{"uv":[6.5, 8.875, 7, 10.125],"texture":"#0"},"south":{"uv":[6, 8.875, 6.5, 10.125],"texture":"#0"},"west":{"uv":[5.5, 8.875, 6, 10.125],"texture":"#0"}}},{"from":[2, 7, 2],"to":[14, 10, 14],"faces":{"north":{"uv":[3, 3, 6, 3.75],"texture":"#0"},"east":{"uv":[0, 3, 3, 3.75],"texture":"#0"},"south":{"uv":[3, 3.75, 6, 4.5],"texture":"#0"},"west":{"uv":[0, 3.75, 3, 4.5],"texture":"#0"},"up":{"uv":[3, 3, 0, 0],"texture":"#0"},"down":{"uv":[6, 0, 3, 3],"texture":"#0"}}},{"from":[2, 10, 12],"to":[14, 17.5, 14],"faces":{"north":{"uv":[0, 4.5, 3, 6.25],"texture":"#0"},"east":{"uv":[0, 6.25, 0.5, 8],"texture":"#0"},"south":{"uv":[3, 4.5, 6, 6.25],"texture":"#0"},"west":{"uv":[0.5, 6.25, 1, 8],"texture":"#0"},"up":{"uv":[3, 8.5, 0, 8],"texture":"#0"}}},{"from":[7.75, 13.75, 11.95],"to":[8.25, 14.75, 11.95],"faces":{"north":{"uv":[5.125, 8.625, 5.25, 8.875],"texture":"#0"}}},{"from":[7.5, 14.75, 11.95],"to":[8.5, 15.25, 11.95],"faces":{"north":{"uv":[5.25, 8.75, 5.5, 8.875],"texture":"#0"}}},{"from":[3, 17.5, 12],"to":[13, 19, 14],"faces":{"north":{"uv":[2.5, 8.5, 5, 8.875],"texture":"#0"},"east":{"uv":[3, 8.125, 3.5, 8.5],"texture":"#0"},"south":{"uv":[0, 8.5, 2.5, 8.875],"texture":"#0"},"west":{"uv":[3.5, 8.125, 4, 8.5],"texture":"#0"},"up":{"uv":[5, 8, 2.5, 7.5],"texture":"#0"}}},{"from":[8.5, 19, 12],"to":[11.5, 24, 14],"faces":{"north":{"uv":[1.5, 6.25, 2.25, 7.5],"texture":"#0"},"east":{"uv":[1, 6.25, 1.5, 7.5],"texture":"#0"},"south":{"uv":[2.75, 6.25, 3.5, 7.5],"texture":"#0"},"west":{"uv":[2.25, 6.25, 2.75, 7.5],"texture":"#0"},"up":{"uv":[1.75, 8, 1, 7.5],"texture":"#0"}}},{"from":[4.5, 19, 12],"to":[7.5, 24, 14],"rotation":{"angle":0,"axis":"y","origin":[16, 0, 0]},"faces":{"north":{"uv":[4, 6.25, 4.75, 7.5],"texture":"#0"},"east":{"uv":[3.5, 6.25, 4, 7.5],"texture":"#0"},"south":{"uv":[5.25, 6.25, 6, 7.5],"texture":"#0"},"west":{"uv":[4.75, 6.25, 5.25, 7.5],"texture":"#0"},"up":{"uv":[2.5, 8, 1.75, 7.5],"texture":"#0"}}}],"gui_light":"front","display":{"thirdperson_righthand":{"rotation":[67.5, 0, 0],"translation":[0, 1.25, 0.75],"scale":[0.25, 0.25, 0.25]},"thirdperson_lefthand":{"rotation":[67.5, 0, 0],"translation":[0, 1.25, 0.75],"scale":[0.25, 0.25, 0.25]},"firstperson_righthand":{"translation":[3.25, 2.5, 0],"scale":[0.30039, 0.30039, 0.30039]},"firstperson_lefthand":{"translation":[3.25, 2.5, 0],"scale":[0.30039, 0.30039, 0.30039]},"ground":{"translation":[0, 6, 0],"scale":[0.45, 0.45, 0.45]},"gui":{"rotation":[30, -135, 0],"translation":[0.25, -2.25, 0],"scale":[0.55039, 0.55039, 0.55039]},"head":{"rotation":[0, 180, 0],"translation":[0, -30.4, 0],"scale":[1.6, 1.6, 1.6]},"fixed":{"rotation":[-90, 0, 0],"translation":[0, 0, -16],"scale":[2, 2, 2]}},"groups":[{"name":"pinv_group","origin":[8, 8, 8],"color":0,"children":[0, 1, 2, 3, 4, 5, 6, 7, 8, 9]}]}