{"texture_size":[128,128],"textures":{"1":"custom/furniture/modern/modernclean_02","particle":"custom/furniture/modern/modernclean_01"},"elements":[{"from":[3,-16,3],"to":[13,-14,13],"faces":{"north":{"uv":[6.5,4,7.75,4.25],"texture":"#1"},"east":{"uv":[6.5,4,7.75,4.25],"texture":"#1"},"south":{"uv":[6.5,4,7.75,4.25],"texture":"#1"},"west":{"uv":[6.5,4,7.75,4.25],"texture":"#1"},"up":{"uv":[6.5,2.75,7.75,4],"texture":"#1"},"down":{"uv":[6.5,2.75,7.75,4],"texture":"#1"}}},{"from":[4,-15,4],"to":[12,-12,12],"faces":{"north":{"uv":[5.625,2.25,6.625,2.625],"texture":"#1"},"east":{"uv":[5.625,2.25,6.625,2.625],"texture":"#1"},"south":{"uv":[5.625,2.25,6.625,2.625],"texture":"#1"},"west":{"uv":[5.625,2.25,6.625,2.625],"texture":"#1"},"up":{"uv":[6.25,2.625,7.25,3.625],"texture":"#1"},"down":{"uv":[6.25,2.625,7.25,3.625],"texture":"#1"}}},{"from":[3,-12,3],"to":[13,-5,13],"faces":{"north":{"uv":[5,2.625,6.25,3.5],"texture":"#1"},"east":{"uv":[5,2.625,6.25,3.5],"texture":"#1"},"south":{"uv":[5,2.625,6.25,3.5],"texture":"#1"},"west":{"uv":[5,2.625,6.25,3.5],"texture":"#1"},"up":{"uv":[5,3.5,6.25,4.75],"texture":"#1"},"down":{"uv":[5,3.5,6.25,4.75],"texture":"#1"}}},{"from":[2,-6,2],"to":[14,-4,4],"faces":{"north":{"uv":[6.625,2.5,8.125,2.75],"texture":"#1"},"east":{"uv":[7.75,2,7.5,2.25],"texture":"#1"},"south":{"uv":[6.625,2.75,8.125,2.5],"texture":"#1"},"west":{"uv":[7.5,2,7.75,2.25],"texture":"#1"},"up":{"uv":[6.625,2.25,8.125,2.5],"texture":"#1"},"down":{"uv":[6.625,2.25,8.125,2.5],"texture":"#1"}}},{"from":[2,-6,12],"to":[14,-4,14],"rotation":{"angle":0,"axis":"y","origin":[0,0,16]},"faces":{"north":{"uv":[8.125,2.75,6.625,2.5],"texture":"#1"},"east":{"uv":[7.5,2,7.75,2.25],"texture":"#1"},"south":{"uv":[8.125,2.5,6.625,2.75],"texture":"#1"},"west":{"uv":[7.75,2,7.5,2.25],"texture":"#1"},"up":{"uv":[6.625,2.5,8.125,2.25],"texture":"#1"},"down":{"uv":[6.625,2.5,8.125,2.25],"texture":"#1"}}},{"from":[2,-6,4],"to":[4,-4,12],"rotation":{"angle":0,"axis":"y","origin":[9,-4,9]},"faces":{"north":{"uv":[6.75,2,7,2.25],"texture":"#1"},"east":{"uv":[6.5,2.25,7.5,2],"texture":"#1"},"south":{"uv":[6.75,2,7,2.25],"texture":"#1"},"west":{"uv":[6.5,2,7.5,2.25],"texture":"#1"},"up":{"uv":[6.25,2.625,6.5,3.625],"texture":"#1"},"down":{"uv":[6.25,2.625,6.5,3.625],"texture":"#1"}}},{"from":[12,-6,4],"to":[14,-4,12],"rotation":{"angle":0,"axis":"y","origin":[16,0,0]},"faces":{"north":{"uv":[7,2,6.75,2.25],"texture":"#1"},"east":{"uv":[7.5,2,6.5,2.25],"texture":"#1"},"south":{"uv":[7,2,6.75,2.25],"texture":"#1"},"west":{"uv":[7.5,2.25,6.5,2],"texture":"#1"},"up":{"uv":[6.5,2.625,6.25,3.625],"texture":"#1"},"down":{"uv":[6.5,2.625,6.25,3.625],"texture":"#1"}}},{"from":[6,-5,10],"to":[11,9,10],"rotation":{"angle":0,"axis":"y","origin":[0,0,12]},"faces":{"north":{"uv":[1.3125,6.625,1.9375,8.375],"texture":"#1"},"east":{"uv":[1.3125,5.375,1.3125,7.125],"texture":"#1"},"south":{"uv":[1.3125,6.625,1.9375,8.375],"texture":"#1"},"west":{"uv":[0,0,0,1.75],"texture":"#1"},"up":{"uv":[0,0,0.625,0],"texture":"#1"},"down":{"uv":[0,0,0.625,0],"texture":"#1"}}},{"from":[7,-6,16],"to":[12,18,16],"rotation":{"angle":45,"axis":"y","origin":[0,0,11]},"faces":{"north":{"uv":[1.3125,5.375,1.9375,8.375],"texture":"#1"},"east":{"uv":[1.3125,5.375,1.3125,8.375],"texture":"#1"},"south":{"uv":[1.3125,5.375,1.9375,8.375],"texture":"#1"},"west":{"uv":[0,0,0,3],"texture":"#1"},"up":{"uv":[0,0,0.625,0],"texture":"#1"},"down":{"uv":[0,0,0.625,0],"texture":"#1"}}},{"from":[5,-5,6],"to":[10,5,6],"rotation":{"angle":0,"axis":"y","origin":[-1,0,10]},"faces":{"north":{"uv":[1.9375,7.0625,1.3125,8.3125],"texture":"#1"},"east":{"uv":[1.3125,5.125,1.3125,6.375],"texture":"#1"},"south":{"uv":[1.3125,7.0625,1.9375,8.3125],"texture":"#1"},"west":{"uv":[0,0,0,1.25],"texture":"#1"},"up":{"uv":[0,0,0.625,0],"texture":"#1"},"down":{"uv":[0,0,0.625,0],"texture":"#1"}}},{"from":[5,5,6],"to":[10,13,6],"rotation":{"angle":-22.5,"axis":"x","origin":[5,5,6]},"faces":{"north":{"uv":[1.25,7.1875,1.875,6.1875],"texture":"#1"},"east":{"uv":[1.3125,5.125,1.3125,6.125],"texture":"#1"},"south":{"uv":[1.875,7.1875,1.25,6.1875],"texture":"#1"},"west":{"uv":[0,0,0,1],"texture":"#1"},"up":{"uv":[0,0,0.625,0],"texture":"#1"},"down":{"uv":[0,0,0.625,0],"texture":"#1"}}},{"from":[5,4.41524,2.93978],"to":[10,12.41524,2.93978],"rotation":{"angle":45,"axis":"x","origin":[5,12.4,3]},"faces":{"north":{"uv":[1.9375,6.375,1.3125,5.375],"texture":"#1"},"east":{"uv":[1.3125,5.125,1.3125,6.125],"texture":"#1"},"south":{"uv":[1.3125,6.375,1.9375,5.375],"texture":"#1"},"west":{"uv":[0,0,0,1],"texture":"#1"},"up":{"uv":[0,0,0.625,0],"texture":"#1"},"down":{"uv":[0,0,0.625,0],"texture":"#1"}}},{"from":[13.06022,-6.58476,5],"to":[13.06022,1.41524,10],"rotation":{"angle":45,"axis":"z","origin":[13,1.4,5]},"faces":{"north":{"uv":[0,0,0,1],"texture":"#1"},"east":{"uv":[1.9375,6.375,1.3125,5.375],"texture":"#1"},"south":{"uv":[1.3125,5.125,1.3125,6.125],"texture":"#1"},"west":{"uv":[1.3125,6.375,1.9375,5.375],"texture":"#1"},"up":{"uv":[0,0,0.625,0],"rotation":90,"texture":"#1"},"down":{"uv":[0,0,0.625,0],"rotation":270,"texture":"#1"}}},{"from":[10,-6,5],"to":[10,2,10],"rotation":{"angle":-22.5,"axis":"z","origin":[10,-6,5]},"faces":{"north":{"uv":[0,0,0,1],"texture":"#1"},"east":{"uv":[1.25,7.1875,1.875,6.1875],"texture":"#1"},"south":{"uv":[1.3125,5.125,1.3125,6.125],"texture":"#1"},"west":{"uv":[1.875,7.1875,1.25,6.1875],"texture":"#1"},"up":{"uv":[0,0,0.625,0],"rotation":90,"texture":"#1"},"down":{"uv":[0,0,0.625,0],"rotation":270,"texture":"#1"}}},{"from":[6,9,10],"to":[11,9,14],"rotation":{"angle":-45,"axis":"x","origin":[10,9,10]},"faces":{"north":{"uv":[0,0.0625,0.625,0.0625],"rotation":180,"texture":"#1"},"east":{"uv":[1.3125,5.4375,1.3125,5.9375],"rotation":270,"texture":"#1"},"south":{"uv":[0,0.0625,0.625,0.0625],"texture":"#1"},"west":{"uv":[0,0.0625,0,0.5625],"rotation":90,"texture":"#1"},"up":{"uv":[1.9375,6.6875,1.3125,6.1875],"texture":"#1"},"down":{"uv":[1.3125,6.1875,1.9375,6.6875],"texture":"#1"}}},{"from":[5.7,11.8,12.95736],"to":[10.7,11.8,21.95736],"rotation":{"angle":45,"axis":"x","origin":[10,12,13]},"faces":{"north":{"uv":[0,0,0.625,0],"rotation":180,"texture":"#1"},"east":{"uv":[1.3125,5.375,1.3125,6.5],"rotation":270,"texture":"#1"},"south":{"uv":[0,0,0.625,0],"texture":"#1"},"west":{"uv":[0,0,0,1.125],"rotation":90,"texture":"#1"},"up":{"uv":[1.3125,5.375,1.9375,6.5],"rotation":180,"texture":"#1"},"down":{"uv":[1.3125,6.5,1.9375,5.375],"rotation":180,"texture":"#1"}}},{"from":[-5.95736,7.8,5.7],"to":[3.04264,7.8,10.7],"rotation":{"angle":45,"axis":"z","origin":[3,8,10]},"faces":{"north":{"uv":[0,0,0,1.125],"rotation":90,"texture":"#1"},"east":{"uv":[0,0,0.625,0],"rotation":180,"texture":"#1"},"south":{"uv":[1.3125,5.375,1.3125,6.5],"rotation":270,"texture":"#1"},"west":{"uv":[0,0,0.625,0],"texture":"#1"},"up":{"uv":[1.3125,5.375,1.9375,6.5],"rotation":270,"texture":"#1"},"down":{"uv":[1.3125,6.5,1.9375,5.375],"rotation":90,"texture":"#1"}}},{"from":[2,5,6],"to":[6,5,11],"rotation":{"angle":-45,"axis":"z","origin":[6,5,10]},"faces":{"north":{"uv":[0,0.0625,0,0.5625],"rotation":90,"texture":"#1"},"east":{"uv":[0,0.0625,0.625,0.0625],"rotation":180,"texture":"#1"},"south":{"uv":[1.3125,5.4375,1.3125,5.9375],"rotation":270,"texture":"#1"},"west":{"uv":[0,0.0625,0.625,0.0625],"texture":"#1"},"up":{"uv":[1.9375,6.6875,1.3125,6.1875],"rotation":90,"texture":"#1"},"down":{"uv":[1.3125,6.1875,1.9375,6.6875],"rotation":270,"texture":"#1"}}},{"from":[6,-9,6],"to":[6,5,11],"rotation":{"angle":0,"axis":"y","origin":[4,-4,0]},"faces":{"north":{"uv":[0,0,0,1.75],"texture":"#1"},"east":{"uv":[1.3125,6.625,1.9375,8.375],"texture":"#1"},"south":{"uv":[1.3125,5.375,1.3125,7.125],"texture":"#1"},"west":{"uv":[1.3125,6.625,1.9375,8.375],"texture":"#1"},"up":{"uv":[0,0,0.625,0],"rotation":90,"texture":"#1"},"down":{"uv":[0,0,0.625,0],"rotation":270,"texture":"#1"}}}],"gui_light":"front","display":{"thirdperson_righthand":{"rotation":[67.5,0,0],"translation":[0,3.75,5],"scale":[0.33,0.33,0.33]},"thirdperson_lefthand":{"rotation":[67.5,0,0],"translation":[0,3.75,5],"scale":[0.33,0.33,0.33]},"firstperson_righthand":{"translation":[0.75,9,0],"scale":[0.38125,0.38125,0.38125]},"firstperson_lefthand":{"translation":[0.75,9,0],"scale":[0.38125,0.38125,0.38125]},"ground":{"translation":[0,8.5,0],"scale":[0.38,0.38,0.38]},"gui":{"rotation":[30,-135,0],"translation":[0,4.25,0],"scale":[0.47422,0.47422,0.47422]},"head":{"scale":[0,0,0]},"fixed":{"rotation":[-90,0,0],"translation":[0,0,-48],"scale":[2,2,2]}}}