{"texture_size":[8, 8],"textures":{"0":"custom/furniture/modern/shelf_3","1":"custom/furniture/modern/animation_sheet","particle":"custom/furniture/modern/shelf_3"},"elements":[{"from":[5, 2, 5],"to":[11, 6, 11],"faces":{"north":{"uv":[8.25, 4.25, 9.75, 5.25],"texture":"#0"},"east":{"uv":[8.25, 4.25, 9.75, 5.25],"texture":"#0"},"south":{"uv":[8.25, 4.25, 9.75, 5.25],"texture":"#0"},"west":{"uv":[8.25, 4.25, 9.75, 5.25],"texture":"#0"},"up":{"uv":[8, 1.5, 6.5, 0],"texture":"#0"},"down":{"uv":[8, 1.5, 6.5, 3],"texture":"#0"}}},{"from":[7, 3, 4.5],"to":[9, 6, 5],"faces":{"north":{"uv":[7, 9.5, 7.5, 10.25],"texture":"#0"},"east":{"uv":[5.75, 10.25, 5.875, 11],"texture":"#0"},"south":{"uv":[9.75, 4.5, 10.25, 5.25],"texture":"#0"},"west":{"uv":[5.75, 10.25, 5.875, 11],"texture":"#0"},"up":{"uv":[6.5, 10.375, 6, 10.25],"texture":"#0"},"down":{"uv":[10.75, 6.25, 10.25, 6.375],"texture":"#0"}}},{"from":[0, 0, 0],"to":[16, 2, 16],"faces":{"north":{"uv":[1, 7.5, 5, 8],"texture":"#0"},"east":{"uv":[1, 8, 5, 8.5],"texture":"#0"},"south":{"uv":[1, 7.5, 5, 8],"texture":"#0"},"west":{"uv":[1, 8, 5, 8.5],"texture":"#0"},"up":{"uv":[4, 4, 0, 0],"texture":"#0"},"down":{"uv":[4, 4, 0, 0],"texture":"#0"}}},{"from":[4, 15, 4],"to":[12, 17, 12],"faces":{"north":{"uv":[8.75, 8.75, 10.75, 9.25],"texture":"#0"},"east":{"uv":[8.75, 8.75, 10.75, 9.25],"texture":"#0"},"south":{"uv":[8.75, 8.75, 10.75, 9.25],"texture":"#0"},"west":{"uv":[8.75, 8.75, 10.75, 9.25],"texture":"#0"},"up":{"uv":[6, 6, 4, 4],"texture":"#0"},"down":{"uv":[6, 6, 4, 4],"texture":"#0"}}},{"from":[9, 17, 9],"to":[11, 21, 11],"faces":{"north":{"uv":[3, 9, 3.5, 10],"texture":"#0"},"east":{"uv":[3, 9, 3.5, 10],"texture":"#0"},"south":{"uv":[3, 9, 3.5, 10],"texture":"#0"},"west":{"uv":[3, 9, 3.5, 10],"texture":"#0"},"up":{"uv":[9.25, 10.25, 8.75, 9.75],"texture":"#0"},"down":{"uv":[9.75, 9.75, 9.25, 10.25],"texture":"#0"}}},{"from":[5, 17, 4.5],"to":[9, 18, 8.5],"faces":{"north":{"uv":[9.75, 9.75, 10.75, 10],"texture":"#0"},"east":{"uv":[9.75, 9.75, 10.75, 10],"texture":"#0"},"south":{"uv":[9.75, 9.75, 10.75, 10],"texture":"#0"},"west":{"uv":[9.75, 9.75, 10.75, 10],"texture":"#0"},"up":{"uv":[7.5, 4, 6.5, 3],"texture":"#0"},"down":{"uv":[6, 9.25, 5, 10.25],"texture":"#0"}}},{"from":[5, 18, 4.5],"to":[6, 19, 8.5],"faces":{"north":{"uv":[8, 2.75, 8.25, 3],"texture":"#0"},"east":{"uv":[10, 2.75, 11, 3],"texture":"#0"},"south":{"uv":[8.25, 2.75, 8, 3],"texture":"#0"},"west":{"uv":[10, 3, 11, 3.25],"texture":"#0"},"up":{"uv":[7.75, 4, 7.5, 3],"texture":"#0"},"down":{"uv":[7.75, 9.5, 7.5, 10.5],"texture":"#0"}}},{"from":[6, 18, 4.5],"to":[8, 19, 5.5],"faces":{"north":{"uv":[1, 10.25, 1.5, 10.5],"texture":"#0"},"east":{"uv":[10.25, 7, 10.5, 7.25],"texture":"#0"},"south":{"uv":[1.5, 10.25, 2, 10.5],"texture":"#0"},"west":{"uv":[7.25, 10.25, 7.5, 10.5],"texture":"#0"},"up":{"uv":[2.5, 10.5, 2, 10.25],"texture":"#0"},"down":{"uv":[3, 10.25, 2.5, 10.5],"texture":"#0"}}},{"from":[6, 18, 7.5],"to":[8, 19, 8.5],"faces":{"north":{"uv":[10.25, 4.5, 10.75, 4.75],"texture":"#0"},"east":{"uv":[10.25, 7.25, 10.5, 7.5],"texture":"#0"},"south":{"uv":[1.5, 10.25, 1, 10.5],"texture":"#0"},"west":{"uv":[10.25, 7.5, 10.5, 7.75],"texture":"#0"},"up":{"uv":[5.5, 10.5, 5, 10.25],"texture":"#0"},"down":{"uv":[10.75, 5, 10.25, 5.25],"texture":"#0"}}},{"from":[8, 18, 4.5],"to":[9, 19, 8.5],"faces":{"north":{"uv":[10.25, 6.75, 10.5, 7],"texture":"#0"},"east":{"uv":[11, 3, 10, 3.25],"texture":"#0"},"south":{"uv":[10.5, 6.75, 10.25, 7],"texture":"#0"},"west":{"uv":[9.75, 10, 10.75, 10.25],"texture":"#0"},"up":{"uv":[3.25, 11, 3, 10],"texture":"#0"},"down":{"uv":[3.5, 10, 3.25, 11],"texture":"#0"}}},{"from":[6.5, 21, 10],"to":[13.5, 29, 10],"faces":{"north":{"uv":[6, 4, 7.75, 6],"texture":"#0"},"east":{"uv":[0, 0, 0, 2],"texture":"#0"},"south":{"uv":[7.75, 4, 6, 6],"texture":"#0"},"west":{"uv":[0, 0, 0, 2],"texture":"#0"},"up":{"uv":[1.75, 0, 0, 0],"texture":"#0"},"down":{"uv":[1.75, 0, 0, 0],"texture":"#0"}}},{"from":[3, 7.5, 4],"to":[13, 9.5, 12],"faces":{"north":{"uv":[8.25, 8.25, 10.75, 8.75],"texture":"#0"},"east":{"uv":[9.5, 2, 11.5, 2.5],"texture":"#0"},"south":{"uv":[8.25, 8.25, 10.75, 8.75],"texture":"#0"},"west":{"uv":[9.5, 2, 11.5, 2.5],"texture":"#0"},"up":{"uv":[6.5, 2, 4, 0],"texture":"#0"},"down":{"uv":[6.5, 4, 4, 2],"texture":"#0"}}},{"from":[0, 2, 7],"to":[2, 18, 9],"rotation":{"angle":-22.5,"axis":"z","origin":[0, 2, 8]},"faces":{"north":{"uv":[7.75, 3, 8.25, 7],"texture":"#0"},"east":{"uv":[7.75, 3, 8.25, 7],"texture":"#0"},"south":{"uv":[7.75, 3, 8.25, 7],"texture":"#0"},"west":{"uv":[7.75, 3, 8.25, 7],"texture":"#0"},"up":{"uv":[10.25, 6.75, 9.75, 6.25],"texture":"#0"},"down":{"uv":[10.25, 6.75, 9.75, 7.25],"texture":"#0"}}},{"from":[14, 2, 7],"to":[16, 10, 9],"rotation":{"angle":22.5,"axis":"z","origin":[16, 2, 8]},"faces":{"north":{"uv":[7.75, 5, 8.25, 7],"texture":"#0"},"east":{"uv":[7.75, 5, 8.25, 7],"texture":"#0"},"south":{"uv":[7.75, 5, 8.25, 7],"texture":"#0"},"west":{"uv":[7.75, 7, 8.25, 9],"texture":"#0"},"up":{"uv":[10.25, 7.75, 9.75, 7.25],"texture":"#0"},"down":{"uv":[10.25, 7.75, 9.75, 8.25],"texture":"#0"}}},{"from":[6.5, 9.5, 4],"to":[12.5, 10.5, 9],"rotation":{"angle":-22.5,"axis":"y","origin":[8.5, 13, 7.5]},"faces":{"north":{"uv":[9.5, 3.5, 11, 3.75],"texture":"#0"},"east":{"uv":[9.75, 5.25, 11, 5.5],"texture":"#0"},"south":{"uv":[9.5, 3.75, 11, 4],"texture":"#0"},"west":{"uv":[9.75, 5.5, 11, 5.75],"texture":"#0"},"up":{"uv":[2.875, 6.75, 1.375, 5.5],"texture":"#0"},"down":{"uv":[1.375, 6.75, 2.875, 5.5],"texture":"#0"}}},{"from":[7.30656, 10.5, 3.9588],"to":[12.30656, 11.5, 9.9588],"rotation":{"angle":0,"axis":"y","origin":[9.80656, 11, 6.9588]},"faces":{"north":{"uv":[9.75, 5.75, 11, 6],"texture":"#0"},"east":{"uv":[9.5, 4, 11, 4.25],"texture":"#0"},"south":{"uv":[9.75, 6, 11, 6.25],"texture":"#0"},"west":{"uv":[9.75, 4.25, 11.25, 4.5],"texture":"#0"},"up":{"uv":[2.75, 5.5, 1.5, 4],"texture":"#0"},"down":{"uv":[2.75, 5.5, 1.5, 4],"texture":"#0"}}},{"from":[5, 18, 6.5],"to":[9, 24, 6.5],"faces":{"north":{"uv":[0, 0, 8, 12],"texture":"#1"},"east":{"uv":[0, 0, 0, 12],"texture":"#missing"},"south":{"uv":[8, 0, 0, 12],"texture":"#1"},"west":{"uv":[0, 0, 0, 12],"texture":"#missing"},"up":{"uv":[8, 0, 0, 0],"texture":"#missing"},"down":{"uv":[8, 0, 0, 0],"texture":"#missing"}}}],"gui_light":"front","display":{"thirdperson_righthand":{"rotation":[66.5, 0, 0],"translation":[0, 1.75, 2.25],"scale":[0.29, 0.29, 0.29]},"thirdperson_lefthand":{"rotation":[66.5, 0, 0],"translation":[0, 1.75, 2.25],"scale":[0.29, 0.29, 0.29]},"firstperson_righthand":{"translation":[0, 3, 0],"scale":[0.42336, 0.42336, 0.42336]},"firstperson_lefthand":{"translation":[0, 3, 0],"scale":[0.42336, 0.42336, 0.42336]},"ground":{"translation":[0, 3, 0],"scale":[0.35, 0.35, 0.35]},"gui":{"rotation":[30, -135, 0],"translation":[0, -2, 0],"scale":[0.45, 0.45, 0.45]},"head":{"scale":[0, 0, 0]},"fixed":{"rotation":[-90, 180, 0],"translation":[0, 0, -16],"scale":[2.00266, 2.00266, 2.00266]}}}