{"texture_size":[64,64],"textures":{"0":"custom/furniture/modern/shelf_decorations","particle":"custom/furniture/modern/shelf_decorations"},"elements":[{"from":[0,0,14],"to":[2,23,16],"rotation":{"angle":0,"axis":"y","origin":[1,16,15]},"faces":{"north":{"uv":[5.5,0,5,5.75],"texture":"#0"},"east":{"uv":[5,0,5.5,5.75],"texture":"#0"},"south":{"uv":[5.5,0,5,5.75],"texture":"#0"},"west":{"uv":[5,0,5.5,5.75],"texture":"#0"},"up":{"uv":[6.5,4.5,6,4],"rotation":90,"texture":"#0"},"down":{"uv":[6.5,4.5,6,4],"texture":"#0"}}},{"from":[14,0,14],"to":[16,23,16],"rotation":{"angle":0,"axis":"y","origin":[1,16,15]},"faces":{"north":{"uv":[5.5,0,5,5.75],"texture":"#0"},"east":{"uv":[5,0,5.5,5.75],"texture":"#0"},"south":{"uv":[5.5,0,5,5.75],"texture":"#0"},"west":{"uv":[5,0,5.5,5.75],"texture":"#0"},"up":{"uv":[6.5,4.5,6,4],"rotation":90,"texture":"#0"},"down":{"uv":[6.5,4.5,6,4],"texture":"#0"}}},{"from":[14,0,0],"to":[16,23,2],"rotation":{"angle":0,"axis":"y","origin":[1,16,15]},"faces":{"north":{"uv":[5.5,0,5,5.75],"texture":"#0"},"east":{"uv":[5,0,5.5,5.75],"texture":"#0"},"south":{"uv":[5.5,0,5,5.75],"texture":"#0"},"west":{"uv":[5,0,5.5,5.75],"texture":"#0"},"up":{"uv":[6.5,4.5,6,4],"rotation":90,"texture":"#0"},"down":{"uv":[6.5,4.5,6,4],"texture":"#0"}}},{"from":[0,0,0],"to":[2,23,2],"rotation":{"angle":0,"axis":"y","origin":[1,16,15]},"faces":{"north":{"uv":[5.5,0,5,5.75],"texture":"#0"},"east":{"uv":[5,0,5.5,5.75],"texture":"#0"},"south":{"uv":[5.5,0,5,5.75],"texture":"#0"},"west":{"uv":[5,0,5.5,5.75],"texture":"#0"},"up":{"uv":[6.5,4.5,6,4],"rotation":90,"texture":"#0"},"down":{"uv":[6.5,4.5,6,4],"texture":"#0"}}},{"from":[2,6,0],"to":[14,8,2],"faces":{"north":{"uv":[6,1,9,1.5],"texture":"#0"},"east":{"uv":[6,6,6.5,6.5],"texture":"#0"},"south":{"uv":[6,1.5,9,1],"texture":"#0"},"west":{"uv":[6.5,4,7,4.5],"texture":"#0"},"up":{"uv":[9,1,6,1.5],"texture":"#0"},"down":{"uv":[6,1,9,1.5],"texture":"#0"}}},{"from":[2,6,14],"to":[14,8,16],"rotation":{"angle":0,"axis":"y","origin":[0,0,16]},"faces":{"north":{"uv":[9,1.5,6,1],"texture":"#0"},"east":{"uv":[6.5,6,6,6.5],"texture":"#0"},"south":{"uv":[9,1,6,1.5],"texture":"#0"},"west":{"uv":[7,4,6.5,4.5],"texture":"#0"},"up":{"uv":[9,1.5,6,1],"texture":"#0"},"down":{"uv":[6,1.5,9,1],"texture":"#0"}}},{"from":[0,6,2],"to":[2,8,14],"rotation":{"angle":0,"axis":"y","origin":[1,9,8]},"faces":{"north":{"uv":[6.5,4,7,4.5],"rotation":270,"texture":"#0"},"east":{"uv":[9,1,6,1.5],"rotation":180,"texture":"#0"},"south":{"uv":[6,6,6.5,6.5],"rotation":90,"texture":"#0"},"west":{"uv":[6,1,9,1.5],"texture":"#0"},"up":{"uv":[6,1.5,9,1],"rotation":90,"texture":"#0"},"down":{"uv":[6,1,9,1.5],"rotation":90,"texture":"#0"}}},{"from":[14,6,2],"to":[16,8,14],"rotation":{"angle":0,"axis":"y","origin":[15,9,8]},"faces":{"north":{"uv":[6.5,4.5,7,4],"rotation":270,"texture":"#0"},"east":{"uv":[9,1,6,1.5],"texture":"#0"},"south":{"uv":[6,6.5,6.5,6],"rotation":90,"texture":"#0"},"west":{"uv":[6,1,9,1.5],"rotation":180,"texture":"#0"},"up":{"uv":[6,1,9,1.5],"rotation":90,"texture":"#0"},"down":{"uv":[6,1.5,9,1],"rotation":90,"texture":"#0"}}},{"from":[1,8,1],"to":[15,9,15],"faces":{"north":{"uv":[6,3.5,9.5,3.75],"texture":"#0"},"east":{"uv":[6,3.5,9.5,3.75],"texture":"#0"},"south":{"uv":[6,3.5,9.5,3.75],"texture":"#0"},"west":{"uv":[6,3.5,9.5,3.75],"texture":"#0"},"up":{"uv":[3.5,3.5,0,0],"texture":"#0"},"down":{"uv":[3.5,0,0,3.5],"texture":"#0"}}},{"from":[14,19,2],"to":[16,21,14],"rotation":{"angle":0,"axis":"y","origin":[15,9,8]},"faces":{"north":{"uv":[6.5,4.5,7,4],"rotation":270,"texture":"#0"},"east":{"uv":[9,1,6,1.5],"texture":"#0"},"south":{"uv":[6,6.5,6.5,6],"rotation":90,"texture":"#0"},"west":{"uv":[6,1,9,1.5],"rotation":180,"texture":"#0"},"up":{"uv":[6,1,9,1.5],"rotation":90,"texture":"#0"},"down":{"uv":[6,1.5,9,1],"rotation":90,"texture":"#0"}}},{"from":[1,21,1],"to":[15,22,15],"faces":{"north":{"uv":[6,3.5,9.5,3.75],"texture":"#0"},"east":{"uv":[6,3.5,9.5,3.75],"texture":"#0"},"south":{"uv":[6,3.5,9.5,3.75],"texture":"#0"},"west":{"uv":[6,3.5,9.5,3.75],"texture":"#0"},"up":{"uv":[3.5,3.5,0,0],"texture":"#0"},"down":{"uv":[3.5,0,0,3.5],"texture":"#0"}}},{"from":[4,22,3],"to":[12,23,13],"faces":{"north":{"uv":[5.5,0.5,7.5,0.75],"texture":"#0"},"east":{"uv":[8.625,0,11.125,0.25],"texture":"#0"},"south":{"uv":[5.5,0.5,7.5,0.75],"texture":"#0"},"west":{"uv":[5.5,0.5,7.5,0.75],"texture":"#0"},"up":{"uv":[2,6,0,3.5],"texture":"#0"},"down":{"uv":[4,3.5,2,6],"texture":"#0"}}},{"from":[5.25,23,8.75],"to":[8.25,25,11.75],"faces":{"north":{"uv":[1.5,6.5,2.25,7],"texture":"#0"},"east":{"uv":[1.5,6.5,2.25,7],"texture":"#0"},"south":{"uv":[1.5,6.5,2.25,7],"texture":"#0"},"west":{"uv":[1.5,6.5,2.25,7],"texture":"#0"},"up":{"uv":[4.25,2.25,3.5,1.5],"texture":"#0"},"down":{"uv":[4.25,2.25,3.5,3],"texture":"#0"}}},{"from":[5,25,10.25],"to":[8,32,10.25],"faces":{"north":{"uv":[0,6,0.75,7.75],"texture":"#0"},"east":{"uv":[0,0,0,1.75],"texture":"#0"},"south":{"uv":[0.75,6,0,7.75],"texture":"#0"},"west":{"uv":[0,0,0,1.75],"texture":"#0"},"up":{"uv":[0.75,0,0,0],"texture":"#0"},"down":{"uv":[0.75,0,0,0],"texture":"#0"}}},{"from":[7.5,23,4.5],"to":[10.5,25,7.5],"faces":{"north":{"uv":[1.5,6.5,2.25,7],"texture":"#0"},"east":{"uv":[1.5,6.5,2.25,7],"texture":"#0"},"south":{"uv":[1.5,6.5,2.25,7],"texture":"#0"},"west":{"uv":[1.5,6.5,2.25,7],"texture":"#0"},"up":{"uv":[4.25,2.25,3.5,1.5],"texture":"#0"},"down":{"uv":[4.25,0.75,3.5,1.5],"texture":"#0"}}},{"from":[5.25,23,6.5],"to":[7.25,25,8.5],"faces":{"north":{"uv":[5.5,4,6,4.5],"texture":"#0"},"east":{"uv":[5.5,4,6,4.5],"texture":"#0"},"south":{"uv":[5.5,4,6,4.5],"texture":"#0"},"west":{"uv":[5.5,4,6,4.5],"texture":"#0"},"up":{"uv":[5,6,4.5,5.5],"texture":"#0"},"down":{"uv":[6,5.75,5.5,6.25],"texture":"#0"}}},{"from":[5.75,25,7],"to":[6.75,27,8],"faces":{"north":{"uv":[5.5,0,5.75,0.5],"texture":"#0"},"east":{"uv":[5.5,0,5.75,0.5],"texture":"#0"},"south":{"uv":[5.5,0,5.75,0.5],"texture":"#0"},"west":{"uv":[5.5,0,5.75,0.5],"texture":"#0"},"up":{"uv":[3.75,0.75,3.5,0.5],"texture":"#0"},"down":{"uv":[4,0.5,3.75,0.75],"texture":"#0"}}},{"from":[5.25,27,6.5],"to":[7.25,30.25,8.5],"faces":{"north":{"uv":[0.75,6,1.25,6.875],"texture":"#0"},"east":{"uv":[0.75,6,1.25,6.875],"texture":"#0"},"south":{"uv":[0.75,6,1.25,6.875],"texture":"#0"},"west":{"uv":[0.75,6,1.25,6.875],"texture":"#0"},"up":{"uv":[4,0.5,3.5,0],"texture":"#0"},"down":{"uv":[4,0.5,3.5,0],"texture":"#0"}}},{"from":[8,25,5],"to":[10,28.25,7],"faces":{"north":{"uv":[4.5,2,5,2.875],"texture":"#0"},"east":{"uv":[4.5,2,5,2.875],"texture":"#0"},"south":{"uv":[4.5,2,5,2.875],"texture":"#0"},"west":{"uv":[4.5,2,5,2.875],"texture":"#0"},"up":{"uv":[4,3.5,3.5,3],"texture":"#0"},"down":{"uv":[5,5,4.5,5.5],"texture":"#0"}}},{"from":[6,25,6],"to":[13,32,6],"faces":{"north":{"uv":[4.5,6.5,6.25,8.25],"texture":"#0"},"east":{"uv":[0,0,0,1.75],"texture":"#0"},"south":{"uv":[6.25,6.5,4.5,8.25],"texture":"#0"},"west":{"uv":[0,0,0,1.75],"texture":"#0"},"up":{"uv":[1.75,0,0,0],"texture":"#0"},"down":{"uv":[1.75,0,0,0],"texture":"#0"}}},{"from":[7,30.5,5.5],"to":[9,31.5,6.5],"rotation":{"angle":-45,"axis":"z","origin":[9,28.125,6]},"faces":{"north":{"uv":[6,1.5,5.5,1.25],"texture":"#0"},"east":{"uv":[4,0.5,4.25,0.75],"texture":"#0"},"south":{"uv":[6,1.5,5.5,1.25],"texture":"#0"},"west":{"uv":[5.5,3.25,5.75,3.5],"texture":"#0"},"up":{"uv":[6,1.5,5.5,1.25],"texture":"#0"},"down":{"uv":[6,1.5,5.5,1.25],"texture":"#0"}}},{"from":[9,28.25,5.5],"to":[10,31.5,6.5],"rotation":{"angle":-45,"axis":"z","origin":[9,28.125,6]},"faces":{"north":{"uv":[1.25,6,1.5,6.875],"texture":"#0"},"east":{"uv":[1.25,6,1.5,6.875],"texture":"#0"},"south":{"uv":[1.25,6,1.5,6.875],"texture":"#0"},"west":{"uv":[1.25,6,1.5,6.875],"texture":"#0"},"up":{"uv":[4.25,0.25,4,0],"texture":"#0"},"down":{"uv":[4.25,0.25,4,0.5],"texture":"#0"}}},{"from":[5.25,23,4.25],"to":[7.25,25,6.25],"faces":{"north":{"uv":[5.5,4,6,4.5],"texture":"#0"},"east":{"uv":[5.5,4,6,4.5],"texture":"#0"},"south":{"uv":[5.5,4,6,4.5],"texture":"#0"},"west":{"uv":[5.5,4,6,4.5],"texture":"#0"},"up":{"uv":[5,6,4.5,5.5],"texture":"#0"},"down":{"uv":[6,5.75,5.5,6.25],"texture":"#0"}}},{"from":[8.5,23,7.75],"to":[10.5,25,11.5],"faces":{"north":{"uv":[2.25,6.5,2.75,7],"texture":"#0"},"east":{"uv":[5.5,5.25,6.5,5.75],"texture":"#0"},"south":{"uv":[2.25,6.5,2.75,7],"texture":"#0"},"west":{"uv":[5.5,5.25,6.5,5.75],"texture":"#0"},"up":{"uv":[5,1,4.5,0],"texture":"#0"},"down":{"uv":[5,1,4.5,2],"texture":"#0"}}},{"from":[7.75,23,9.5],"to":[16.75,30,9.5],"faces":{"north":{"uv":[8.75,5.25,6.5,7],"texture":"#0"},"east":{"uv":[0,0,0,1.75],"texture":"#0"},"south":{"uv":[6.5,5.25,8.75,7],"texture":"#0"},"west":{"uv":[0,0,0,1.75],"texture":"#0"},"up":{"uv":[2.25,0,0,0],"texture":"#0"},"down":{"uv":[2.25,0,0,0],"texture":"#0"}}},{"from":[4,23,3],"to":[12,24,4],"faces":{"north":{"uv":[5.5,3.75,7.5,4],"texture":"#0"},"east":{"uv":[4.75,6,5,6.25],"texture":"#0"},"south":{"uv":[5.5,4.5,7.5,4.75],"texture":"#0"},"west":{"uv":[5,6,4.75,6.25],"texture":"#0"},"up":{"uv":[7.5,5,5.5,4.75],"texture":"#0"},"down":{"uv":[7.5,5,5.5,5.25],"texture":"#0"}}},{"from":[4,23,12],"to":[12,24,13],"faces":{"north":{"uv":[5.5,2,7.5,2.25],"texture":"#0"},"east":{"uv":[5.5,3.5,5.75,3.75],"texture":"#0"},"south":{"uv":[5.5,3.75,7.5,4],"texture":"#0"},"west":{"uv":[4.75,6,5,6.25],"texture":"#0"},"up":{"uv":[7.5,2.75,5.5,2.5],"texture":"#0"},"down":{"uv":[7.5,2.75,5.5,3],"texture":"#0"}}},{"from":[4,23,4],"to":[5,24,12],"faces":{"north":{"uv":[5.75,3.5,6,3.75],"texture":"#0"},"east":{"uv":[5.5,3,7.5,3.25],"texture":"#0"},"south":{"uv":[4,5.75,4.25,6],"texture":"#0"},"west":{"uv":[5.5,1.5,7.5,1.75],"texture":"#0"},"up":{"uv":[4.5,4,4.25,2],"texture":"#0"},"down":{"uv":[4.5,4,4.25,6],"texture":"#0"}}},{"from":[11,23,4],"to":[12,24,12],"faces":{"north":{"uv":[4,5,4.25,5.25],"texture":"#0"},"east":{"uv":[5.5,1.5,7.5,1.75],"texture":"#0"},"south":{"uv":[4,5.25,4.25,5.5],"texture":"#0"},"west":{"uv":[5.5,1.75,7.5,2],"texture":"#0"},"up":{"uv":[4.25,5,4,3],"texture":"#0"},"down":{"uv":[4.5,0,4.25,2],"texture":"#0"}}},{"from":[2,19,0],"to":[14,21,2],"faces":{"north":{"uv":[6,1,9,1.5],"texture":"#0"},"east":{"uv":[6,6,6.5,6.5],"texture":"#0"},"south":{"uv":[6,1.5,9,1],"texture":"#0"},"west":{"uv":[6.5,4,7,4.5],"texture":"#0"},"up":{"uv":[9,1,6,1.5],"texture":"#0"},"down":{"uv":[6,1,9,1.5],"texture":"#0"}}},{"from":[0,19,2],"to":[2,21,14],"rotation":{"angle":0,"axis":"y","origin":[1,9,8]},"faces":{"north":{"uv":[6.5,4,7,4.5],"rotation":270,"texture":"#0"},"east":{"uv":[9,1,6,1.5],"rotation":180,"texture":"#0"},"south":{"uv":[6,6,6.5,6.5],"rotation":90,"texture":"#0"},"west":{"uv":[6,1,9,1.5],"texture":"#0"},"up":{"uv":[6,1.5,9,1],"rotation":90,"texture":"#0"},"down":{"uv":[6,1,9,1.5],"rotation":90,"texture":"#0"}}},{"from":[2,19,14],"to":[14,21,16],"rotation":{"angle":0,"axis":"y","origin":[0,0,16]},"faces":{"north":{"uv":[9,1.5,6,1],"texture":"#0"},"east":{"uv":[6.5,6,6,6.5],"texture":"#0"},"south":{"uv":[9,1,6,1.5],"texture":"#0"},"west":{"uv":[7,4,6.5,4.5],"texture":"#0"},"up":{"uv":[9,1.5,6,1],"texture":"#0"},"down":{"uv":[6,1.5,9,1],"texture":"#0"}}}],"gui_light":"front","display":{"thirdperson_righthand":{"rotation":[66.5,0,0],"translation":[0,1.5,0],"scale":[0.22,0.22,0.22]},"thirdperson_lefthand":{"rotation":[66.5,0,0],"translation":[0,1.5,0],"scale":[0.22,0.22,0.22]},"firstperson_righthand":{"translation":[-1,0.25,0],"scale":[0.36086,0.36086,0.36086]},"firstperson_lefthand":{"translation":[-1,0.25,0],"scale":[0.36086,0.36086,0.36086]},"ground":{"translation":[0,3.75,0],"scale":[0.3,0.3,0.3]},"gui":{"rotation":[30,-135,0],"translation":[0,-2.25,0],"scale":[0.43,0.43,0.43]},"head":{"scale":[0,0,0]},"fixed":{"rotation":[-90,180,0],"translation":[0,0,-16],"scale":[2.00266,2.00266,2.00266]}}}