{"texture_size":[64, 64],"textures":{"0":"custom/furniture/modern/sofa_desk","particle":"custom/furniture/modern/sofa_desk"},"elements":[{"from":[17, 3, 3],"to":[29, 4, 14],"rotation":{"angle":0,"axis":"y","origin":[15, 0, 1]},"faces":{"north":{"uv":[11.75, 9.5, 14.75, 9.75],"texture":"#0"},"east":{"uv":[11.75, 10.25, 14.5, 10.5],"texture":"#0"},"south":{"uv":[11.75, 9.5, 14.75, 9.75],"texture":"#0"},"west":{"uv":[11.75, 10.5, 14.5, 10.75],"texture":"#0"},"up":{"uv":[11, 5.5, 8, 2.75],"texture":"#0"},"down":{"uv":[11, 5.5, 8, 2.75],"texture":"#0"}}},{"from":[29, 3, 3],"to":[30, 10, 14],"rotation":{"angle":0,"axis":"y","origin":[31, 5, 1]},"faces":{"north":{"uv":[5.5, 12.75, 5.75, 14.5],"texture":"#0"},"east":{"uv":[9, 8, 11.75, 9.75],"texture":"#0"},"south":{"uv":[5.5, 12.75, 5.75, 14.5],"texture":"#0"},"west":{"uv":[9, 9.75, 11.75, 11.5],"texture":"#0"},"up":{"uv":[10, 14.75, 9.75, 12],"texture":"#0"},"down":{"uv":[10, 14.75, 9.75, 12],"texture":"#0"}}},{"from":[-10, 1, 4],"to":[-9, 4.75, 5],"rotation":{"angle":-22.5,"axis":"z","origin":[-12, 3, 0]},"faces":{"north":{"uv":[8.25, 12.75, 8, 13.75],"texture":"#0"},"east":{"uv":[8.25, 12.75, 8, 13.75],"texture":"#0"},"south":{"uv":[8.25, 12.75, 8, 13.75],"texture":"#0"},"west":{"uv":[8.25, 12.75, 8, 13.75],"texture":"#0"},"up":{"uv":[8.25, 11.25, 8.5, 11],"texture":"#0"},"down":{"uv":[8.5, 11, 8.75, 11.25],"texture":"#0"}}},{"from":[25, 1, 4],"to":[26, 4.75, 5],"rotation":{"angle":22.5,"axis":"z","origin":[28, 3, 0]},"faces":{"north":{"uv":[8, 12.75, 8.25, 13.75],"texture":"#0"},"east":{"uv":[8, 12.75, 8.25, 13.75],"texture":"#0"},"south":{"uv":[8, 12.75, 8.25, 13.75],"texture":"#0"},"west":{"uv":[8, 12.75, 8.25, 13.75],"texture":"#0"},"up":{"uv":[8.5, 11.25, 8.25, 11],"texture":"#0"},"down":{"uv":[8.75, 11, 8.5, 11.25],"texture":"#0"}}},{"from":[25, 1, 11],"to":[26, 4.75, 12],"rotation":{"angle":22.5,"axis":"z","origin":[28, 3, 16]},"faces":{"north":{"uv":[8.25, 12.75, 8, 13.75],"texture":"#0"},"east":{"uv":[8.25, 12.75, 8, 13.75],"texture":"#0"},"south":{"uv":[8.25, 12.75, 8, 13.75],"texture":"#0"},"west":{"uv":[8.25, 12.75, 8, 13.75],"texture":"#0"},"up":{"uv":[8.5, 11, 8.25, 11.25],"texture":"#0"},"down":{"uv":[8.75, 11.25, 8.5, 11],"texture":"#0"}}},{"from":[-10, 1, 11],"to":[-9, 4.75, 12],"rotation":{"angle":-22.5,"axis":"z","origin":[-12, 3, 16]},"faces":{"north":{"uv":[8, 12.75, 8.25, 13.75],"texture":"#0"},"east":{"uv":[8, 12.75, 8.25, 13.75],"texture":"#0"},"south":{"uv":[8, 12.75, 8.25, 13.75],"texture":"#0"},"west":{"uv":[8, 12.75, 8.25, 13.75],"texture":"#0"},"up":{"uv":[8.25, 11, 8.5, 11.25],"texture":"#0"},"down":{"uv":[8.5, 11.25, 8.75, 11],"texture":"#0"}}},{"from":[17, 9, 3],"to":[29, 10, 14],"rotation":{"angle":0,"axis":"y","origin":[15, 0, 1]},"faces":{"north":{"uv":[11.75, 9.5, 14.75, 9.75],"texture":"#0"},"east":{"uv":[11.75, 10.75, 14.5, 11],"texture":"#0"},"south":{"uv":[11.75, 9.5, 14.75, 9.75],"texture":"#0"},"west":{"uv":[11.75, 11, 14.5, 11.25],"texture":"#0"},"up":{"uv":[6, 11, 3, 8.25],"texture":"#0"},"down":{"uv":[11, 5.5, 8, 2.75],"texture":"#0"}}},{"from":[16, 3, 3],"to":[17, 10, 14],"rotation":{"angle":0,"axis":"y","origin":[31, 5, 1]},"faces":{"north":{"uv":[5.5, 12.75, 5.75, 14.5],"texture":"#0"},"east":{"uv":[9, 9.75, 11.75, 11.5],"texture":"#0"},"south":{"uv":[5.5, 12.75, 5.75, 14.5],"texture":"#0"},"west":{"uv":[9, 9.75, 11.75, 11.5],"texture":"#0"},"up":{"uv":[10, 14.75, 9.75, 12],"texture":"#0"},"down":{"uv":[10, 14.75, 9.75, 12],"texture":"#0"}}},{"from":[-1, 3, 3],"to":[0, 10, 14],"rotation":{"angle":0,"axis":"y","origin":[15, 5, 1]},"faces":{"north":{"uv":[5.5, 12.75, 5.75, 14.5],"texture":"#0"},"east":{"uv":[9, 9.75, 11.75, 11.5],"texture":"#0"},"south":{"uv":[5.5, 12.75, 5.75, 14.5],"texture":"#0"},"west":{"uv":[9, 9.75, 11.75, 11.5],"texture":"#0"},"up":{"uv":[10, 14.75, 9.75, 12],"texture":"#0"},"down":{"uv":[10, 14.75, 9.75, 12],"texture":"#0"}}},{"from":[-14, 3, 3],"to":[-13, 10, 14],"rotation":{"angle":0,"axis":"y","origin":[15, 5, 1]},"faces":{"north":{"uv":[5.5, 12.75, 5.75, 14.5],"texture":"#0"},"east":{"uv":[9, 9.75, 11.75, 11.5],"texture":"#0"},"south":{"uv":[5.5, 12.75, 5.75, 14.5],"texture":"#0"},"west":{"uv":[9, 8, 11.75, 9.75],"texture":"#0"},"up":{"uv":[10, 14.75, 9.75, 12],"texture":"#0"},"down":{"uv":[10, 14.75, 9.75, 12],"texture":"#0"}}},{"from":[-10.25, 4, 7],"to":[-8.25, 5.5, 9],"rotation":{"angle":0,"axis":"y","origin":[-1, 0, 1]},"faces":{"north":{"uv":[5.5, 5.25, 6, 5.625],"texture":"#0"},"east":{"uv":[5.5, 5.25, 6, 5.625],"texture":"#0"},"south":{"uv":[5.5, 5.25, 6, 5.625],"texture":"#0"},"west":{"uv":[5.5, 5.25, 6, 5.625],"texture":"#0"},"up":{"uv":[0.5, 4, 0, 3.5],"texture":"#0"},"down":{"uv":[1, 5.5, 0.5, 6],"texture":"#0"}}},{"from":[-11, 5.5, 8],"to":[-8, 8, 8],"rotation":{"angle":0,"axis":"y","origin":[-1, 0, 1]},"faces":{"north":{"uv":[5.5, 3.5, 6.25, 4.125],"texture":"#0"},"east":{"uv":[0, 0, 0, 0.625],"texture":"#0"},"south":{"uv":[5.5, 3.5, 6.25, 4.125],"texture":"#0"},"west":{"uv":[0, 0, 0, 0.625],"texture":"#0"},"up":{"uv":[0.75, 0, 0, 0],"texture":"#0"},"down":{"uv":[0.75, 0, 0, 0],"texture":"#0"}}},{"from":[-13, 3, 3],"to":[-1, 4, 14],"rotation":{"angle":0,"axis":"y","origin":[-1, 0, 1]},"faces":{"north":{"uv":[11.75, 9.5, 14.75, 9.75],"texture":"#0"},"east":{"uv":[11.75, 11.25, 14.5, 11.5],"texture":"#0"},"south":{"uv":[11.75, 9.5, 14.75, 9.75],"texture":"#0"},"west":{"uv":[10.25, 12, 13, 12.25],"texture":"#0"},"up":{"uv":[11, 5.5, 8, 2.75],"texture":"#0"},"down":{"uv":[11, 5.5, 8, 2.75],"texture":"#0"}}},{"from":[-13, 9, 3],"to":[-1, 10, 14],"rotation":{"angle":0,"axis":"y","origin":[-1, 0, 1]},"faces":{"north":{"uv":[11.75, 9.5, 14.75, 9.75],"texture":"#0"},"east":{"uv":[10.25, 12.25, 13, 12.5],"texture":"#0"},"south":{"uv":[11.75, 9.5, 14.75, 9.75],"texture":"#0"},"west":{"uv":[12.25, 11.5, 15, 11.75],"texture":"#0"},"up":{"uv":[6, 11, 3, 8.25],"texture":"#0"},"down":{"uv":[11, 5.5, 8, 2.75],"texture":"#0"}}},{"from":[0, 4, 4],"to":[16, 9, 4],"rotation":{"angle":0,"axis":"y","origin":[-8, 0, 1]},"faces":{"north":{"uv":[9, 5.5, 13, 6.75],"texture":"#0"},"south":{"uv":[13, 5.5, 9, 6.75],"texture":"#0"}}},{"from":[0, 4, 13],"to":[16, 9, 13],"rotation":{"angle":0,"axis":"y","origin":[-8, 0, 1]},"faces":{"north":{"uv":[9, 5.5, 13, 6.75],"texture":"#0"},"south":{"uv":[13, 5.5, 9, 6.75],"texture":"#0"}}},{"from":[0, 3, 3],"to":[16, 4, 14],"faces":{"north":{"uv":[8.25, 11.75, 12.25, 12],"texture":"#0"},"east":{"uv":[12.25, 11.75, 15, 12],"texture":"#0"},"south":{"uv":[8.25, 11.75, 12.25, 12],"texture":"#0"},"west":{"uv":[10.25, 12.5, 13, 12.75],"texture":"#0"},"up":{"uv":[4, 2.75, 0, 0],"texture":"#0"},"down":{"uv":[4, 2.75, 0, 0],"texture":"#0"}}},{"from":[0, 9, 3],"to":[16, 10, 14],"faces":{"north":{"uv":[8.25, 11.75, 12.25, 12],"texture":"#0"},"east":{"uv":[0, 12.75, 2.75, 13],"texture":"#0"},"south":{"uv":[8.25, 11.75, 12.25, 12],"texture":"#0"},"west":{"uv":[2.75, 12.75, 5.5, 13],"texture":"#0"},"up":{"uv":[8, 2.75, 4, 0],"texture":"#0"},"down":{"uv":[4, 2.75, 0, 0],"texture":"#0"}}},{"from":[3.75, 6, 12.5],"to":[12.75, 6.5, 13.5],"faces":{"north":{"uv":[2.25, 3, 4.5, 3.125],"texture":"#0"},"east":{"uv":[0, 3.25, 0.25, 3.375],"texture":"#0"},"south":{"uv":[2.25, 3, 4.5, 3.125],"texture":"#0"},"west":{"uv":[0.25, 3.25, 0.5, 3.375],"texture":"#0"},"up":{"uv":[2.25, 3, 0, 2.75],"texture":"#0"},"down":{"uv":[2.25, 3, 0, 2.75],"texture":"#0"}}},{"from":[3.75, 6, 3.5],"to":[12.75, 6.5, 4.5],"rotation":{"angle":0,"axis":"y","origin":[0, 0, -5]},"faces":{"north":{"uv":[2.25, 3, 4.5, 3.125],"texture":"#0"},"east":{"uv":[0, 3.25, 0.25, 3.375],"texture":"#0"},"south":{"uv":[2.25, 3, 4.5, 3.125],"texture":"#0"},"west":{"uv":[0.25, 3.25, 0.5, 3.375],"texture":"#0"},"up":{"uv":[2.25, 3, 0, 2.75],"texture":"#0"},"down":{"uv":[2.25, 3, 0, 2.75],"texture":"#0"}}},{"from":[-7, 4, 5],"to":[-6, 9, 9],"rotation":{"angle":-22.5,"axis":"z","origin":[-6, 4, 5]},"faces":{"north":{"uv":[3, 4.5, 3.25, 5.75],"texture":"#0"},"east":{"uv":[0.5, 3, 1.5, 4.25],"texture":"#0"},"south":{"uv":[3.25, 4.5, 3.5, 5.75],"texture":"#0"},"west":{"uv":[1.5, 3.25, 2.5, 4.5],"texture":"#0"},"up":{"uv":[5.25, 5, 5, 4],"texture":"#0"},"down":{"uv":[5.25, 5, 5, 6],"texture":"#0"}}},{"from":[-4, 4, 6],"to":[-3, 9, 10],"faces":{"north":{"uv":[3.5, 4.5, 3.75, 5.75],"texture":"#0"},"east":{"uv":[2.5, 3.25, 3.5, 4.5],"texture":"#0"},"south":{"uv":[3.75, 4.5, 4, 5.75],"texture":"#0"},"west":{"uv":[3.5, 3.25, 4.5, 4.5],"texture":"#0"},"up":{"uv":[5.5, 5, 5.25, 4],"texture":"#0"},"down":{"uv":[4.75, 5.25, 4.5, 6.25],"texture":"#0"}}},{"from":[-3, 4, 7],"to":[-2, 9, 11],"faces":{"north":{"uv":[4, 4.5, 4.25, 5.75],"texture":"#0"},"east":{"uv":[0, 4.25, 1, 5.5],"texture":"#0"},"south":{"uv":[4.5, 4, 4.75, 5.25],"texture":"#0"},"west":{"uv":[1, 4.5, 2, 5.75],"texture":"#0"},"up":{"uv":[5, 6.25, 4.75, 5.25],"texture":"#0"},"down":{"uv":[5.5, 5, 5.25, 6],"texture":"#0"}}},{"from":[-2, 4, 5],"to":[-1, 9, 9],"rotation":{"angle":0,"axis":"y","origin":[-14, -6, 0]},"faces":{"north":{"uv":[4.25, 4.5, 4.5, 5.75],"texture":"#0"},"east":{"uv":[2, 4.5, 3, 5.75],"texture":"#0"},"south":{"uv":[4.75, 4, 5, 5.25],"texture":"#0"},"west":{"uv":[4.5, 2.75, 5.5, 4],"texture":"#0"},"up":{"uv":[0.25, 6.5, 0, 5.5],"texture":"#0"},"down":{"uv":[0.5, 5.5, 0.25, 6.5],"texture":"#0"}}},{"from":[-7.5, 5.9, 6],"to":[-6.5, 10.9, 10],"rotation":{"angle":-22.5,"axis":"z","origin":[-11.5, 6.5, 8]},"faces":{"north":{"uv":[3.75, 4.5, 4, 5.75],"texture":"#0"},"east":{"uv":[3.5, 3.25, 4.5, 4.5],"texture":"#0"},"south":{"uv":[3.5, 4.5, 3.75, 5.75],"texture":"#0"},"west":{"uv":[3.5, 3.25, 4.5, 4.5],"texture":"#0"},"up":{"uv":[5.5, 5, 5.25, 4],"rotation":180,"texture":"#0"},"down":{"uv":[4.75, 5.25, 4.5, 6.25],"rotation":180,"texture":"#0"}}},{"from":[-12, 4, 5],"to":[-11, 9, 9],"rotation":{"angle":0,"axis":"y","origin":[-11.5, 6.5, 8]},"faces":{"north":{"uv":[4.5, 4, 4.75, 5.25],"texture":"#0"},"east":{"uv":[1, 4.5, 2, 5.75],"texture":"#0"},"south":{"uv":[4, 4.5, 4.25, 5.75],"texture":"#0"},"west":{"uv":[0, 4.25, 1, 5.5],"texture":"#0"},"up":{"uv":[5, 6.25, 4.75, 5.25],"rotation":180,"texture":"#0"},"down":{"uv":[5.5, 5, 5.25, 6],"rotation":180,"texture":"#0"}}},{"from":[-13, 4, 7],"to":[-12, 9, 11],"rotation":{"angle":0,"axis":"y","origin":[-11.5, 6.5, 8]},"faces":{"north":{"uv":[4.75, 4, 5, 5.25],"texture":"#0"},"east":{"uv":[4.5, 2.75, 5.5, 4],"texture":"#0"},"south":{"uv":[4.25, 4.5, 4.5, 5.75],"texture":"#0"},"west":{"uv":[2, 4.5, 3, 5.75],"texture":"#0"},"up":{"uv":[0.25, 6.5, 0, 5.5],"rotation":180,"texture":"#0"},"down":{"uv":[0.5, 5.5, 0.25, 6.5],"rotation":180,"texture":"#0"}}},{"from":[28, 4, 7],"to":[29, 9, 11],"rotation":{"angle":0,"axis":"y","origin":[27.5, 6.5, 8]},"faces":{"north":{"uv":[5, 4, 4.75, 5.25],"texture":"#0"},"east":{"uv":[3, 4.5, 2, 5.75],"texture":"#0"},"south":{"uv":[4.5, 4.5, 4.25, 5.75],"texture":"#0"},"west":{"uv":[5.5, 2.75, 4.5, 4],"texture":"#0"},"up":{"uv":[0, 6.5, 0.25, 5.5],"rotation":180,"texture":"#0"},"down":{"uv":[0.25, 5.5, 0.5, 6.5],"rotation":180,"texture":"#0"}}},{"from":[27, 4, 5],"to":[28, 9, 9],"rotation":{"angle":-22.5,"axis":"z","origin":[27, 9, 7]},"faces":{"north":{"uv":[4.75, 4, 4.5, 5.25],"texture":"#0"},"east":{"uv":[1, 4.25, 0, 5.5],"texture":"#0"},"south":{"uv":[4.25, 4.5, 4, 5.75],"texture":"#0"},"west":{"uv":[2, 4.5, 1, 5.75],"texture":"#0"},"up":{"uv":[4.75, 6.25, 5, 5.25],"rotation":180,"texture":"#0"},"down":{"uv":[5.25, 5, 5.5, 6],"rotation":180,"texture":"#0"}}},{"from":[22.375, 4, 4.625],"to":[24.375, 5.5, 6.625],"rotation":{"angle":22.5,"axis":"y","origin":[23.375, 5.75, 8]},"faces":{"north":{"uv":[6, 5.25, 5.5, 5.625],"texture":"#0"},"east":{"uv":[6, 5.25, 5.5, 5.625],"texture":"#0"},"south":{"uv":[6, 5.25, 5.5, 5.625],"texture":"#0"},"west":{"uv":[6, 5.25, 5.5, 5.625],"texture":"#0"},"up":{"uv":[0, 4, 0.5, 3.5],"rotation":90,"texture":"#0"},"down":{"uv":[0.5, 5.5, 1, 6],"rotation":270,"texture":"#0"}}},{"from":[21.0618, 5.5, 6.03676],"to":[24.0618, 8, 6.03676],"rotation":{"angle":22.5,"axis":"y","origin":[22.5618, 6.75, 6.03676]},"faces":{"north":{"uv":[5.5, 3.5, 6.25, 4.125],"texture":"#0"},"east":{"uv":[0, 0, 0, 0.625],"texture":"#0"},"south":{"uv":[6.25, 3.5, 5.5, 4.125],"texture":"#0"},"west":{"uv":[0, 0, 0, 0.625],"texture":"#0"},"up":{"uv":[0, 0, 0.75, 0],"texture":"#0"},"down":{"uv":[0, 0, 0.75, 0],"texture":"#0"}}},{"from":[19.5, 6, 7],"to":[23.5, 7, 12],"rotation":{"angle":-22.5,"axis":"y","origin":[18.5, 6.5, 8]},"faces":{"north":{"uv":[4.5, 5.25, 4.75, 6.25],"rotation":270,"texture":"#0"},"east":{"uv":[4, 4.5, 3.75, 5.75],"rotation":270,"texture":"#0"},"south":{"uv":[5.25, 5, 5.5, 4],"rotation":270,"texture":"#0"},"west":{"uv":[3.75, 4.5, 3.5, 5.75],"rotation":90,"texture":"#0"},"up":{"uv":[4.5, 3.25, 3.5, 4.5],"rotation":180,"texture":"#0"},"down":{"uv":[3.5, 3.25, 2.5, 4.5],"texture":"#0"}}},{"from":[20.5, 5, 7],"to":[24.5, 6, 12],"rotation":{"angle":-22.5,"axis":"y","origin":[18.5, 6.5, 8]},"faces":{"north":{"uv":[5.25, 5, 5.5, 6],"rotation":270,"texture":"#0"},"east":{"uv":[4.75, 4, 4.5, 5.25],"rotation":270,"texture":"#0"},"south":{"uv":[4.75, 6.25, 5, 5.25],"rotation":270,"texture":"#0"},"west":{"uv":[4.25, 4.5, 4, 5.75],"rotation":90,"texture":"#0"},"up":{"uv":[2, 4.5, 1, 5.75],"rotation":180,"texture":"#0"},"down":{"uv":[1, 4.25, 0, 5.5],"texture":"#0"}}},{"from":[18.5, 4, 7],"to":[22.5, 5, 12],"rotation":{"angle":-22.5,"axis":"y","origin":[18.5, 6.5, 8]},"faces":{"north":{"uv":[0.25, 5.5, 0.5, 6.5],"rotation":270,"texture":"#0"},"east":{"uv":[5, 4, 4.75, 5.25],"rotation":270,"texture":"#0"},"south":{"uv":[0, 6.5, 0.25, 5.5],"rotation":270,"texture":"#0"},"west":{"uv":[4.5, 4.5, 4.25, 5.75],"rotation":90,"texture":"#0"},"up":{"uv":[5.5, 2.75, 4.5, 4],"rotation":180,"texture":"#0"},"down":{"uv":[3, 4.5, 2, 5.75],"texture":"#0"}}}],"gui_light":"front","display":{"thirdperson_righthand":{"rotation":[65.5, 0, 0],"translation":[0, 1.5, 1.25],"scale":[0.22055, 0.22055, 0.22055]},"thirdperson_lefthand":{"rotation":[65.5, 0, 0],"translation":[0, 1.5, 1.25],"scale":[0.22055, 0.22055, 0.22055]},"firstperson_righthand":{"translation":[-1.5, 2.25, 0],"scale":[0.24641, 0.24641, 0.24641]},"firstperson_lefthand":{"translation":[-1.5, 2.25, 0],"scale":[0.24641, 0.24641, 0.24641]},"ground":{"translation":[0, 3.25, 0],"scale":[0.34836, 0.34836, 0.34836]},"gui":{"rotation":[30, -135, 0],"scale":[0.35734, 0.35734, 0.35734]},"head":{"scale":[0, 0, 0]},"fixed":{"rotation":[-90, 0, 0],"translation":[0, 0, -20],"scale":[2.1, 2.1, 2.1]}}}