{"texture_size":[128,128],"textures":{"0":"custom/furniture/modern/modernclean_01","1":"custom/furniture/modern/modernclean_02","particle":"custom/furniture/modern/modernclean_01"},"elements":[{"from":[-13,0,3],"to":[-11,15.5,5],"rotation":{"angle":0,"axis":"y","origin":[-7,12,2]},"faces":{"north":{"uv":[4.5,9.5,6.4375,9.75],"rotation":90,"texture":"#0"},"east":{"uv":[6.625,7.25,6.875,9.1875],"texture":"#0"},"south":{"uv":[4.5,9.75,6.4375,9.5],"rotation":90,"texture":"#0"},"west":{"uv":[6.625,7.25,6.875,9.1875],"texture":"#0"},"up":{"uv":[6.625,9.1875,6.875,9.4375],"rotation":270,"texture":"#0"},"down":{"uv":[6.625,9.1875,6.875,9.4375],"rotation":270,"texture":"#0"}}},{"from":[11,0,3],"to":[13,15.5,5],"rotation":{"angle":0,"axis":"y","origin":[7,12,2]},"faces":{"north":{"uv":[4.5,9.75,6.4375,9.5],"rotation":90,"texture":"#0"},"east":{"uv":[6.875,7.25,6.625,9.1875],"texture":"#0"},"south":{"uv":[4.5,9.75,6.4375,9.5],"rotation":90,"texture":"#0"},"west":{"uv":[6.875,7.25,6.625,9.1875],"texture":"#0"},"up":{"uv":[6.625,9.4375,6.875,9.1875],"rotation":270,"texture":"#0"},"down":{"uv":[6.625,9.4375,6.875,9.1875],"rotation":270,"texture":"#0"}}},{"from":[-13,0,27],"to":[-11,15.5,29],"rotation":{"angle":0,"axis":"y","origin":[-7,12,14]},"faces":{"north":{"uv":[4.5,9.5,6.4375,9.75],"rotation":90,"texture":"#0"},"east":{"uv":[6.875,7.25,6.625,9.1875],"texture":"#0"},"south":{"uv":[4.5,9.75,6.4375,9.5],"rotation":90,"texture":"#0"},"west":{"uv":[6.875,7.25,6.625,9.1875],"texture":"#0"},"up":{"uv":[6.875,9.1875,6.625,9.4375],"rotation":270,"texture":"#0"},"down":{"uv":[6.875,9.1875,6.625,9.4375],"rotation":270,"texture":"#0"}}},{"from":[11,0,27],"to":[13,15.5,29],"rotation":{"angle":0,"axis":"y","origin":[7,12,14]},"faces":{"north":{"uv":[4.5,9.5,6.4375,9.75],"rotation":90,"texture":"#0"},"east":{"uv":[6.625,7.25,6.875,9.1875],"texture":"#0"},"south":{"uv":[4.5,9.5,6.4375,9.75],"rotation":90,"texture":"#0"},"west":{"uv":[6.625,7.25,6.875,9.1875],"texture":"#0"},"up":{"uv":[6.875,9.4375,6.625,9.1875],"rotation":270,"texture":"#0"},"down":{"uv":[6.875,9.4375,6.625,9.1875],"rotation":270,"texture":"#0"}}},{"from":[-15,13,1],"to":[15,16,31],"faces":{"north":{"uv":[12.25,11.75,16,12.125],"texture":"#1"},"east":{"uv":[12.25,11.75,16,12.125],"texture":"#1"},"south":{"uv":[12.25,11.75,16,12.125],"texture":"#1"},"west":{"uv":[12.25,11.75,16,12.125],"texture":"#1"},"up":{"uv":[12.25,8,16,11.75],"texture":"#1"},"down":{"uv":[12.25,8,16,11.75],"texture":"#1"}}},{"from":[-11,11,3.5],"to":[11,12,4.5],"rotation":{"angle":0,"axis":"y","origin":[0,16,16]},"faces":{"north":{"uv":[9.875,5.625,10,8.375],"rotation":90,"texture":"#0"},"east":{"uv":[9.75,1.75,9.875,1.875],"rotation":270,"texture":"#0"},"south":{"uv":[9.875,5.625,10,8.375],"rotation":90,"texture":"#0"},"west":{"uv":[9.75,1.75,9.875,1.875],"rotation":270,"texture":"#0"},"up":{"uv":[9.875,5.625,10,8.375],"rotation":90,"texture":"#0"},"down":{"uv":[9.875,5.625,10,8.375],"rotation":90,"texture":"#0"}}},{"from":[-11,11,27.5],"to":[11,12,28.5],"rotation":{"angle":0,"axis":"y","origin":[0,16,0]},"faces":{"north":{"uv":[9.875,8.375,10,5.625],"rotation":90,"texture":"#0"},"east":{"uv":[9.75,1.875,9.875,1.75],"rotation":270,"texture":"#0"},"south":{"uv":[9.875,8.375,10,5.625],"rotation":90,"texture":"#0"},"west":{"uv":[9.75,1.875,9.875,1.75],"rotation":270,"texture":"#0"},"up":{"uv":[10,5.625,9.875,8.375],"rotation":90,"texture":"#0"},"down":{"uv":[10,5.625,9.875,8.375],"rotation":90,"texture":"#0"}}},{"from":[-12.5,11,5],"to":[-11.5,12,27],"rotation":{"angle":0,"axis":"y","origin":[-16,16,0]},"faces":{"north":{"uv":[9.75,1.75,9.875,1.875],"rotation":270,"texture":"#0"},"east":{"uv":[9.875,5.625,10,8.375],"rotation":90,"texture":"#0"},"south":{"uv":[9.75,1.75,9.875,1.875],"rotation":270,"texture":"#0"},"west":{"uv":[9.875,5.625,10,8.375],"rotation":90,"texture":"#0"},"up":{"uv":[9.875,5.625,10,8.375],"rotation":180,"texture":"#0"},"down":{"uv":[9.875,5.625,10,8.375],"texture":"#0"}}},{"from":[11.5,11,5],"to":[12.5,12,27],"rotation":{"angle":0,"axis":"y","origin":[32,16,0]},"faces":{"north":{"uv":[9.75,1.875,9.875,1.75],"rotation":270,"texture":"#0"},"east":{"uv":[9.875,8.375,10,5.625],"rotation":90,"texture":"#0"},"south":{"uv":[9.75,1.875,9.875,1.75],"rotation":270,"texture":"#0"},"west":{"uv":[9.875,8.375,10,5.625],"rotation":90,"texture":"#0"},"up":{"uv":[10,5.625,9.875,8.375],"rotation":180,"texture":"#0"},"down":{"uv":[10,5.625,9.875,8.375],"texture":"#0"}}},{"from":[-15.1,16.1,8],"to":[15.1,16.1,24],"faces":{"north":{"uv":[12.25,11.75,16,12.125],"texture":"#1"},"east":{"uv":[12.25,11.75,16,12.125],"texture":"#1"},"south":{"uv":[12.25,11.75,16,12.125],"texture":"#1"},"west":{"uv":[12.25,11.75,16,12.125],"texture":"#1"},"up":{"uv":[12.225,12.125,16,14.125],"texture":"#1"},"down":{"uv":[12.225,12.125,16,14.125],"texture":"#1"}}},{"from":[15.1,8.1,8],"to":[15.1,16.1,24],"faces":{"north":{"uv":[12.25,11.75,16,12.125],"texture":"#1"},"east":{"uv":[14,14.125,16,15.125],"texture":"#1"},"south":{"uv":[12.25,11.75,16,12.125],"texture":"#1"},"west":{"uv":[14,14.125,16,15.125],"texture":"#1"},"up":{"uv":[12.225,12.125,12.225,14.125],"texture":"#1"},"down":{"uv":[12.225,12.125,16,14.125],"texture":"#1"}}},{"from":[-15.1,8.1,8],"to":[-15.1,16.1,24],"rotation":{"angle":0,"axis":"y","origin":[16,0,0]},"faces":{"north":{"uv":[16,11.75,12.25,12.125],"texture":"#1"},"east":{"uv":[16,14.125,14,15.125],"texture":"#1"},"south":{"uv":[16,11.75,12.25,12.125],"texture":"#1"},"west":{"uv":[16,14.125,14,15.125],"texture":"#1"},"up":{"uv":[12.225,12.125,12.225,14.125],"texture":"#1"},"down":{"uv":[16,12.125,12.225,14.125],"texture":"#1"}}},{"from":[-2.5,16,13.5],"to":[2.5,17,18.5],"faces":{"north":{"uv":[6.25,5.25,6.875,5.375],"texture":"#1"},"east":{"uv":[6.25,5.25,6.875,5.375],"texture":"#1"},"south":{"uv":[6.25,5.25,6.875,5.375],"texture":"#1"},"west":{"uv":[6.25,5.25,6.875,5.375],"texture":"#1"},"up":{"uv":[6.25,4.625,6.875,5.25],"texture":"#1"},"down":{"uv":[6.25,4.625,6.875,5.25],"texture":"#1"}}},{"from":[-2,17,14],"to":[2,19,18],"faces":{"north":{"uv":[6.375,4.375,6.875,4.625],"texture":"#1"},"east":{"uv":[6.375,4.375,6.875,4.625],"texture":"#1"},"south":{"uv":[6.375,4.375,6.875,4.625],"texture":"#1"},"west":{"uv":[6.375,4.375,6.875,4.625],"texture":"#1"},"up":{"uv":[6.875,4.4375,7.375,4.9375],"texture":"#1"},"down":{"uv":[6.875,4.4375,7.375,4.9375],"texture":"#1"}}},{"from":[1.5,18,14.5],"to":[2.5,19.5,17.5],"rotation":{"angle":0,"axis":"y","origin":[16,0,0]},"faces":{"north":{"uv":[7,4.4375,7.125,4.625],"texture":"#1"},"east":{"uv":[7.375,4.4375,7.75,4.625],"texture":"#1"},"south":{"uv":[7,4.4375,7.125,4.625],"texture":"#1"},"west":{"uv":[7.375,4.625,7.75,4.4375],"texture":"#1"},"up":{"uv":[7.625,4.625,7.75,5],"texture":"#1"},"down":{"uv":[7.625,4.625,7.75,5],"texture":"#1"}}},{"from":[-2.5,18,14.5],"to":[-1.5,19.5,17.5],"faces":{"north":{"uv":[7.125,4.4375,7,4.625],"texture":"#1"},"east":{"uv":[7.75,4.625,7.375,4.4375],"texture":"#1"},"south":{"uv":[7.125,4.4375,7,4.625],"texture":"#1"},"west":{"uv":[7.75,4.4375,7.375,4.625],"texture":"#1"},"up":{"uv":[7.75,4.625,7.625,5],"texture":"#1"},"down":{"uv":[7.75,4.625,7.625,5],"texture":"#1"}}},{"from":[-2.5,18,17.5],"to":[2.5,19.5,18.5],"faces":{"north":{"uv":[7.125,4.4375,7.75,4.25],"texture":"#1"},"east":{"uv":[7,4.25,7.125,4.4375],"texture":"#1"},"south":{"uv":[7.125,4.25,7.75,4.4375],"texture":"#1"},"west":{"uv":[7.125,4.25,7,4.4375],"texture":"#1"},"up":{"uv":[6.375,4.25,7,4.375],"texture":"#1"},"down":{"uv":[6.375,4.25,7,4.375],"texture":"#1"}}},{"from":[-2.5,18,13.5],"to":[2.5,19.5,14.5],"rotation":{"angle":0,"axis":"y","origin":[0,0,16]},"faces":{"north":{"uv":[7.75,4.25,7.125,4.4375],"texture":"#1"},"east":{"uv":[7.125,4.25,7,4.4375],"texture":"#1"},"south":{"uv":[7.75,4.4375,7.125,4.25],"texture":"#1"},"west":{"uv":[7,4.25,7.125,4.4375],"texture":"#1"},"up":{"uv":[6.375,4.375,7,4.25],"texture":"#1"},"down":{"uv":[6.375,4.375,7,4.25],"texture":"#1"}}},{"from":[0,19,14],"to":[0,23,18],"rotation":{"angle":-45,"axis":"y","origin":[0,19,16]},"faces":{"north":{"uv":[0,0,0,0.5],"texture":"#missing"},"east":{"uv":[9.625,4,9.125,4.5],"texture":"#1"},"south":{"uv":[0,0,0,0.5],"texture":"#missing"},"west":{"uv":[9.125,4,9.625,4.5],"texture":"#1"},"up":{"uv":[0,0,0.5,0],"rotation":90,"texture":"#missing"},"down":{"uv":[0,0,0.5,0],"rotation":270,"texture":"#missing"}}},{"from":[-2,19,16],"to":[2,23,16],"rotation":{"angle":-22.5,"axis":"y","origin":[0,19,16]},"faces":{"north":{"uv":[9.125,4,9.625,4.5],"texture":"#1"},"east":{"uv":[0,0,0,0.5],"texture":"#missing"},"south":{"uv":[9.625,4,9.125,4.5],"texture":"#1"},"west":{"uv":[0,0,0,0.5],"texture":"#missing"},"up":{"uv":[0,0,0.5,0],"rotation":180,"texture":"#missing"},"down":{"uv":[0,0,0.5,0],"rotation":180,"texture":"#missing"}}}],"gui_light":"front","display":{"thirdperson_righthand":{"rotation":[67.5,0,0],"translation":[1.75,3.75,-1.5],"scale":[0.20773,0.20773,0.20773]},"thirdperson_lefthand":{"rotation":[67.5,0,0],"translation":[-1.5,3.75,-1.5],"scale":[0.20773,0.20773,0.20773]},"firstperson_righthand":{"translation":[2.75,1.75,-2.75],"scale":[0.3,0.3,0.3]},"firstperson_lefthand":{"translation":[-1.5,1.75,-2.75],"scale":[0.3,0.3,0.3]},"ground":{"translation":[1.25,5.75,-2],"scale":[0.25,0.25,0.25]},"gui":{"rotation":[30,-135,0],"translation":[0,-2.5,0],"scale":[0.35469,0.35469,0.35469]},"head":{"scale":[0,0,0]},"fixed":{"rotation":[-90,0,0],"translation":[0,0,-16],"scale":[2,2,2]}}}