{"texture_size":[64,64],"textures":{"0":"custom/furniture/forest/barrel","particle":"custom/furniture/forest/barrel"},"elements":[{"from":[2,13,2],"to":[14,15,14],"rotation":{"angle":0,"axis":"y","origin":[0,23,8]},"faces":{"north":{"uv":[6.5,1,9.5,1.5],"texture":"#0"},"east":{"uv":[6.5,1.5,9.5,1],"rotation":180,"texture":"#0"},"south":{"uv":[9.5,1.5,6.5,1],"rotation":180,"texture":"#0"},"west":{"uv":[6.5,1.5,9.5,1],"rotation":180,"texture":"#0"},"up":{"uv":[6.5,0,3.5,3],"rotation":180,"texture":"#0"},"down":{"uv":[6.5,0,3.5,3],"rotation":180,"texture":"#0"}}},{"from":[2,1,2],"to":[14,3,14],"rotation":{"angle":0,"axis":"y","origin":[0,23,8]},"faces":{"north":{"uv":[6.5,1,9.5,1.5],"texture":"#0"},"east":{"uv":[6.5,1.5,9.5,1],"rotation":180,"texture":"#0"},"south":{"uv":[9.5,1.5,6.5,1],"rotation":180,"texture":"#0"},"west":{"uv":[6.5,1.5,9.5,1],"rotation":180,"texture":"#0"},"up":{"uv":[6.5,0,3.5,3],"rotation":180,"texture":"#0"},"down":{"uv":[6.5,0,3.5,3],"rotation":180,"texture":"#0"}}},{"from":[11,15,3],"to":[13,16,13],"faces":{"north":{"uv":[2.5,6.5,3,6.75],"texture":"#0"},"east":{"uv":[6.5,5,9,5.25],"texture":"#0"},"south":{"uv":[2.5,6.5,3,6.75],"texture":"#0"},"west":{"uv":[6.5,5,9,5.25],"texture":"#0"},"up":{"uv":[7,4,6.5,1.5],"texture":"#0"},"down":{"uv":[7,4,6.5,1.5],"texture":"#0"}}},{"from":[5,15,3],"to":[11,16,5],"faces":{"north":{"uv":[6.5,5.25,8,5.5],"texture":"#0"},"east":{"uv":[6.5,5.5,7,5.75],"texture":"#0"},"south":{"uv":[6.5,5.25,8,5.5],"texture":"#0"},"west":{"uv":[6.5,5.5,7,5.75],"texture":"#0"},"up":{"uv":[8,4.5,6.5,4],"texture":"#0"},"down":{"uv":[8,4.5,6.5,4],"texture":"#0"}}},{"from":[5,15,11],"to":[11,16,13],"faces":{"north":{"uv":[6.5,5.25,8,5.5],"texture":"#0"},"east":{"uv":[6.5,5.5,7,5.75],"texture":"#0"},"south":{"uv":[6.5,5.25,8,5.5],"texture":"#0"},"west":{"uv":[6.5,5.5,7,5.75],"texture":"#0"},"up":{"uv":[8,4.5,6.5,4],"texture":"#0"},"down":{"uv":[8,4.5,6.5,4],"texture":"#0"}}},{"from":[3,15,3],"to":[5,16,13],"faces":{"north":{"uv":[2.5,6.5,3,6.75],"texture":"#0"},"east":{"uv":[6.5,5,9,5.25],"texture":"#0"},"south":{"uv":[2.5,6.5,3,6.75],"texture":"#0"},"west":{"uv":[6.5,5,9,5.25],"texture":"#0"},"up":{"uv":[6.5,4,7,1.5],"texture":"#0"},"down":{"uv":[7,4,6.5,1.5],"texture":"#0"}}},{"from":[1,3,1],"to":[15,13,15],"faces":{"north":{"uv":[3,6,6.5,8.5],"texture":"#0"},"east":{"uv":[3,6,6.5,8.5],"texture":"#0"},"south":{"uv":[3,6,6.5,8.5],"texture":"#0"},"west":{"uv":[3,6,6.5,8.5],"texture":"#0"},"up":{"uv":[3.5,3.5,0,0],"texture":"#0"},"down":{"uv":[3.5,3.5,0,0],"texture":"#0"}}},{"from":[0.5,10,0.5],"to":[15.5,12,15.5],"faces":{"north":{"uv":[12.25,4.25,16,4.75],"texture":"#0"},"east":{"uv":[12.25,3.75,16,4.25],"texture":"#0"},"south":{"uv":[12.25,4.25,16,4.75],"texture":"#0"},"west":{"uv":[12.25,3.75,16,4.25],"texture":"#0"},"up":{"uv":[12.25,0,16,3.75],"texture":"#0"},"down":{"uv":[12.25,0,16,3.75],"texture":"#0"}}},{"from":[0.5,4,0.5],"to":[15.5,6,15.5],"faces":{"north":{"uv":[12.25,4.25,16,4.75],"texture":"#0"},"east":{"uv":[12.25,3.75,16,4.25],"texture":"#0"},"south":{"uv":[12.25,4.25,16,4.75],"texture":"#0"},"west":{"uv":[12.25,3.75,16,4.25],"texture":"#0"},"up":{"uv":[12.25,0,16,3.75],"texture":"#0"},"down":{"uv":[12.25,0,16,3.75],"texture":"#0"}}},{"from":[3,0,3],"to":[13,1,13],"faces":{"north":{"uv":[6.5,4.5,9,4.75],"texture":"#0"},"east":{"uv":[6.5,4.75,9,5],"texture":"#0"},"south":{"uv":[6.5,4.5,9,4.75],"texture":"#0"},"west":{"uv":[6.5,4.75,9,5],"texture":"#0"},"up":{"uv":[2.5,9,0,6.5],"texture":"#0"},"down":{"uv":[2.5,9,0,6.5],"texture":"#0"}}}],"gui_light":"front","display":{"thirdperson_righthand":{"rotation":[67.5,0,0],"translation":[0,2.5,0],"scale":[0.35742,0.35742,0.35742]},"thirdperson_lefthand":{"rotation":[67.5,0,0],"translation":[0,2.5,0],"scale":[0.35742,0.35742,0.35742]},"firstperson_righthand":{"translation":[-2.25,3.25,0],"scale":[0.56016,0.56016,0.56016]},"firstperson_lefthand":{"translation":[-2.25,3.25,0],"scale":[0.56016,0.56016,0.56016]},"ground":{"translation":[0,3,0],"scale":[0.5,0.5,0.5]},"gui":{"rotation":[30,225,0],"scale":[0.61914,0.61914,0.61914]},"head":{"translation":[0,-30.5,0],"scale":[0,0,0]},"fixed":{"rotation":[-90,0,0],"translation":[0,0,-17],"scale":[2.13867,2.13867,2.13867]}},"groups":[{"name":"group","origin":[0,0,0],"color":0,"children":[0,1,2,3,4,5,6,7,8,9]}]}