{"texture_size":[64,64],"textures":{"0":"custom/furniture/forest/log","particle":"custom/furniture/forest/log"},"elements":[{"from":[11,0,1],"to":[16,5,29],"faces":{"north":{"uv":[3,3,4.25,4.25],"texture":"#0"},"east":{"uv":[0,0,7,1.25],"texture":"#0"},"south":{"uv":[3,3,4.25,4.25],"texture":"#0"},"west":{"uv":[0,0,7,1.25],"texture":"#0"},"up":{"uv":[1.25,8.25,0,1.25],"texture":"#0"},"down":{"uv":[1.25,8.25,0,1.25],"texture":"#0"}}},{"from":[5,0,4],"to":[10,5,32],"faces":{"north":{"uv":[3,3,4.25,4.25],"texture":"#0"},"east":{"uv":[0,0,7,1.25],"texture":"#0"},"south":{"uv":[3,3,4.25,4.25],"texture":"#0"},"west":{"uv":[0,0,7,1.25],"texture":"#0"},"up":{"uv":[1.25,8.25,0,1.25],"texture":"#0"},"down":{"uv":[1.25,8.25,0,1.25],"texture":"#0"}}},{"from":[0,0,-1],"to":[5,5,27],"faces":{"north":{"uv":[3,3,4.25,4.25],"texture":"#0"},"east":{"uv":[0,0,7,1.25],"texture":"#0"},"south":{"uv":[3,3,4.25,4.25],"texture":"#0"},"west":{"uv":[0,0,7,1.25],"texture":"#0"},"up":{"uv":[1.25,8.25,0,1.25],"texture":"#0"},"down":{"uv":[1.25,8.25,0,1.25],"texture":"#0"}}},{"from":[9,5,2],"to":[14,10,26],"faces":{"north":{"uv":[3,4.25,4.25,5.5],"texture":"#0"},"east":{"uv":[1.25,1.25,7.25,2.5],"texture":"#0"},"south":{"uv":[3,4.25,4.25,5.5],"texture":"#0"},"west":{"uv":[1.25,1.25,7.25,2.5],"texture":"#0"},"up":{"uv":[2.5,8.5,1.25,2.5],"texture":"#0"},"down":{"uv":[2.5,8.5,1.25,2.5],"texture":"#0"}}},{"from":[3,5,2],"to":[8,10,26],"faces":{"north":{"uv":[3,4.25,4.25,5.5],"texture":"#0"},"east":{"uv":[1.25,1.25,7.25,2.5],"texture":"#0"},"south":{"uv":[3,4.25,4.25,5.5],"texture":"#0"},"west":{"uv":[7.25,1.25,1.25,2.5],"texture":"#0"},"up":{"uv":[2.5,8.5,1.25,2.5],"texture":"#0"},"down":{"uv":[2.5,8.5,1.25,2.5],"texture":"#0"}}},{"from":[5,10,4],"to":[10,15,28],"faces":{"north":{"uv":[3,4.25,4.25,5.5],"texture":"#0"},"east":{"uv":[7.25,1.25,1.25,2.5],"texture":"#0"},"south":{"uv":[3,4.25,4.25,5.5],"texture":"#0"},"west":{"uv":[1.25,1.25,7.25,2.5],"texture":"#0"},"up":{"uv":[2.5,8.5,1.25,2.5],"texture":"#0"},"down":{"uv":[2.5,8.5,1.25,2.5],"texture":"#0"}}},{"from":[6,22,-7],"to":[8,24,7],"rotation":{"angle":22.5,"axis":"x","origin":[0,0,0]},"faces":{"north":{"uv":[4.25,5.5,4.75,6],"texture":"#0"},"east":{"uv":[2.5,2.5,6,3],"texture":"#0"},"south":{"uv":[4.25,5.5,4.75,6],"texture":"#0"},"west":{"uv":[2.5,2.5,6,3],"texture":"#0"},"up":{"uv":[3,6.5,2.5,3],"texture":"#0"},"down":{"uv":[3,6.5,2.5,3],"texture":"#0"}}},{"from":[6,21,1],"to":[8,22,6],"rotation":{"angle":22.5,"axis":"x","origin":[0,0,0]},"faces":{"north":{"uv":[3,5.75,3.5,6],"texture":"#0"},"east":{"uv":[3,5.5,4.25,5.75],"texture":"#0"},"south":{"uv":[3,5.75,3.5,6],"texture":"#0"},"west":{"uv":[3,5.5,4.25,5.75],"texture":"#0"},"up":{"uv":[5.25,5,4.75,3.75],"texture":"#0"},"down":{"uv":[5.25,5,4.75,3.75],"texture":"#0"}}},{"from":[6,24,2],"to":[8,26,5],"rotation":{"angle":22.5,"axis":"x","origin":[0,0,0]},"faces":{"north":{"uv":[5.5,5.25,6,5.75],"texture":"#0"},"east":{"uv":[5.25,3.75,6,4.25],"texture":"#0"},"south":{"uv":[5.5,5.25,6,5.75],"texture":"#0"},"west":{"uv":[5.25,3.75,6,4.25],"texture":"#0"},"up":{"uv":[5.75,5,5.25,4.25],"texture":"#0"},"down":{"uv":[5.75,5,5.25,4.25],"texture":"#0"}}},{"from":[6.5,17,1],"to":[7.5,18,6],"rotation":{"angle":22.5,"axis":"x","origin":[0,0,0]},"faces":{"north":{"uv":[3.5,5.75,3.75,6],"texture":"#0"},"east":{"uv":[5.25,5,6.5,5.25],"texture":"#0"},"south":{"uv":[3.5,5.75,3.75,6],"texture":"#0"},"west":{"uv":[5.25,5,6.5,5.25],"texture":"#0"},"up":{"uv":[5.5,6.5,5.25,5.25],"texture":"#0"},"down":{"uv":[5.5,6.5,5.25,5.25],"texture":"#0"}}},{"from":[6,18,0],"to":[8,21,7],"rotation":{"angle":22.5,"axis":"x","origin":[0,0,0]},"faces":{"north":{"uv":[4.75,5,5.25,5.75],"texture":"#0"},"east":{"uv":[4.25,3,6,3.75],"texture":"#0"},"south":{"uv":[4.75,5,5.25,5.75],"texture":"#0"},"west":{"uv":[4.25,3,6,3.75],"texture":"#0"},"up":{"uv":[4.75,5.5,4.25,3.75],"texture":"#0"},"down":{"uv":[4.75,5.5,4.25,3.75],"texture":"#0"}}}],"gui_light":"front","display":{"thirdperson_righthand":{"rotation":[67.5,90,0],"translation":[-1.75,1.75,2],"scale":[0.25,0.25,0.25]},"thirdperson_lefthand":{"rotation":[67.5,90,0],"translation":[-1.75,1.75,2],"scale":[0.25,0.25,0.25]},"firstperson_righthand":{"translation":[-0.75,4,0],"scale":[0.37859,0.37859,0.37859]},"firstperson_lefthand":{"translation":[-0.75,4,0],"scale":[0.37859,0.37859,0.37859]},"ground":{"translation":[0,1,-2.5],"scale":[0.34,0.34,0.34]},"gui":{"rotation":[30,225,0],"translation":[1.75,-0.75,0],"scale":[0.4,0.4,0.4]},"head":{"translation":[0,-30.5,0],"scale":[0,0,0]},"fixed":{"rotation":[-90,-90,0],"translation":[-2,0,-16],"scale":[2,2,2]}}}