{"textures":{"0":"modelengine:entity/nm_elephant_texture","particle":"#0"},"elements":[{"from":[5.0,-5.0,5.0],"to":[11.0,9.0,11.0],"faces":{"east":{"uv":[0.0,7.0,0.75,8.75],"tintindex":0,"rotation":0,"texture":"#0"},"south":{"uv":[0.75,7.0,1.5,8.75],"tintindex":0,"rotation":0,"texture":"#0"},"north":{"uv":[6.375,6.75,7.125,8.5],"tintindex":0,"rotation":0,"texture":"#0"},"west":{"uv":[1.5,7.0,2.25,8.75],"tintindex":0,"rotation":0,"texture":"#0"},"up":{"uv":[8.75,9.25,8.0,8.5],"tintindex":0,"rotation":0,"texture":"#0"},"down":{"uv":[9.375,6.125,8.625,6.875],"tintindex":0,"rotation":0,"texture":"#0"}}}],"display":{"head":{"rotation":[0.0,0.0,0.0]},"firstperson_righthand":{"rotation":[0.0,0.0,0.0]},"thirdperson_lefthand":{"rotation":[0.0,-0.0,-0.0]},"firstperson_lefthand":{"rotation":[0.0,-0.0,-0.0]},"fixed":{"rotation":[0.0,0.0,0.0]},"ground":{"rotation":[0.0,0.0,0.0]},"thirdperson_righthand":{"rotation":[0.0,0.0,0.0]},"gui":{"rotation":[-150.0,-45.0,180.0]}}}