{"textures":{"0":"modelengine:entity/nm_elephant_texture","particle":"#0"},"elements":[{"from":[7.19487,-6.79628,6.7978096],"to":[31.19487,21.20372,8.79781],"faces":{"east":{"uv":[1.5,9.5,1.625,11.25],"tintindex":0,"rotation":0,"texture":"#0"},"south":{"uv":[6.0,2.0,7.5,3.75],"tintindex":0,"rotation":0,"texture":"#0"},"north":{"uv":[5.25,5.0,6.75,6.75],"tintindex":0,"rotation":0,"texture":"#0"},"west":{"uv":[1.625,9.5,1.75,11.25],"tintindex":0,"rotation":0,"texture":"#0"},"up":{"uv":[11.0,2.625,9.5,2.5],"tintindex":0,"rotation":0,"texture":"#0"},"down":{"uv":[11.0,4.6875,9.5,4.8125],"tintindex":0,"rotation":0,"texture":"#0"}}}],"display":{"head":{"rotation":[0.0,0.0,0.0]},"firstperson_righthand":{"rotation":[0.0,0.0,0.0]},"thirdperson_lefthand":{"rotation":[0.0,-0.0,-0.0]},"firstperson_lefthand":{"rotation":[0.0,-0.0,-0.0]},"fixed":{"rotation":[0.0,0.0,0.0]},"ground":{"rotation":[0.0,0.0,0.0]},"thirdperson_righthand":{"rotation":[0.0,0.0,0.0]},"gui":{"rotation":[-150.0,-45.0,180.0]}}}