{"texture_size":[64, 64],"textures":{"0":"custom/furniture/modern/lamp_1","particle":"custom/furniture/modern/lamp_1"},"elements":[{"from":[4, -16, 6],"to":[12, -14, 14],"faces":{"north":{"uv":[5.5, 1.5, 7.5, 2],"texture":"#0"},"east":{"uv":[1, 5.5, 3, 6],"texture":"#0"},"south":{"uv":[5.5, 1.5, 7.5, 2],"texture":"#0"},"west":{"uv":[1, 5.5, 3, 6],"texture":"#0"},"up":{"uv":[5.5, 2, 3.5, 0],"rotation":90,"texture":"#0"},"down":{"uv":[5.5, 2, 3.5, 0],"rotation":270,"texture":"#0"}}},{"from":[7, -14, 4],"to":[9, -12, 16],"faces":{"north":{"uv":[4.25, 6.5, 4.75, 6],"texture":"#0"},"east":{"uv":[8, 5.25, 5, 5.75],"texture":"#0"},"south":{"uv":[4.25, 6.5, 4.75, 6],"texture":"#0"},"west":{"uv":[5, 5.25, 8, 5.75],"texture":"#0"},"up":{"uv":[8.5, 0.5, 5.5, 0],"rotation":90,"texture":"#0"},"down":{"uv":[8.5, 0.5, 5.5, 0],"rotation":270,"texture":"#0"}}},{"from":[7, 30, 4],"to":[9, 32, 16],"faces":{"north":{"uv":[4.25, 6, 4.75, 6.5],"texture":"#0"},"east":{"uv":[5, 5.75, 8, 5.25],"texture":"#0"},"south":{"uv":[4.25, 6, 4.75, 6.5],"texture":"#0"},"west":{"uv":[5, 5.75, 8, 5.25],"texture":"#0"},"up":{"uv":[8.5, 0.5, 5.5, 0],"rotation":90,"texture":"#0"},"down":{"uv":[8.5, 0.5, 5.5, 0],"rotation":270,"texture":"#0"}}},{"from":[7, -12, 4],"to":[9, -2, 6],"faces":{"north":{"uv":[0.5, 5.25, 1, 7.75],"texture":"#0"},"east":{"uv":[2.5, 3, 3, 5.5],"texture":"#0"},"south":{"uv":[0.5, 5.25, 1, 7.75],"texture":"#0"},"west":{"uv":[3, 3, 2.5, 5.5],"texture":"#0"},"up":{"uv":[6.5, 6.5, 6, 6],"rotation":90,"texture":"#0"},"down":{"uv":[6.5, 6.5, 6, 6],"rotation":270,"texture":"#0"}}},{"from":[7, 25, 4],"to":[9, 30, 6],"faces":{"north":{"uv":[1.5, 6, 2, 7.25],"texture":"#0"},"east":{"uv":[1, 6, 1.5, 7.25],"texture":"#0"},"south":{"uv":[1.5, 6, 2, 7.25],"texture":"#0"},"west":{"uv":[1.5, 6, 1, 7.25],"texture":"#0"},"up":{"uv":[7, 3, 6.5, 2.5],"rotation":90,"texture":"#0"},"down":{"uv":[7, 3, 6.5, 2.5],"rotation":270,"texture":"#0"}}},{"from":[2, -2, 0],"to":[14, 0, 12],"faces":{"north":{"uv":[5.5, 1, 8.5, 1.5],"texture":"#0"},"east":{"uv":[5.5, 0.5, 8.5, 1],"texture":"#0"},"south":{"uv":[5.5, 1, 8.5, 1.5],"texture":"#0"},"west":{"uv":[5.5, 0.5, 8.5, 1],"texture":"#0"},"up":{"uv":[3, 3, 0, 0],"rotation":90,"texture":"#0"},"down":{"uv":[3, 3, 0, 0],"rotation":270,"texture":"#0"}}},{"from":[7, -12, 14],"to":[9, 30, 16],"faces":{"north":{"uv":[3, 0, 3.5, 10.5],"texture":"#0"},"east":{"uv":[0, 3, 0.5, 13.5],"texture":"#0"},"south":{"uv":[3, 0, 3.5, 10.5],"texture":"#0"},"west":{"uv":[0.5, 3, 0, 13.5],"texture":"#0"},"up":{"uv":[7, 2.5, 6.5, 2],"rotation":90,"texture":"#0"},"down":{"uv":[7, 2.5, 6.5, 2],"rotation":270,"texture":"#0"}}},{"from":[5, 18, 2],"to":[11, 25, 8],"faces":{"north":{"uv":[5, 2, 6.5, 3.75],"texture":"#0"},"east":{"uv":[3.5, 4.25, 5, 6],"texture":"#0"},"south":{"uv":[5, 2, 6.5, 3.75],"texture":"#0"},"west":{"uv":[3.5, 4.25, 5, 6],"texture":"#0"},"up":{"uv":[6.5, 5.25, 5, 3.75],"rotation":90,"texture":"#0"},"down":{"uv":[6.5, 5.25, 5, 3.75],"rotation":270,"texture":"#0"}}},{"from":[5, 17, 1],"to":[11, 26, 2],"faces":{"north":{"uv":[3.5, 2, 5, 4.25],"texture":"#0"},"east":{"uv":[2, 6, 2.25, 8.25],"texture":"#0"},"south":{"uv":[3.5, 2, 5, 4.25],"texture":"#0"},"west":{"uv":[2, 6, 2.25, 8.25],"texture":"#0"},"up":{"uv":[3.75, 7.5, 3.5, 6],"rotation":90,"texture":"#0"},"down":{"uv":[3.75, 7.5, 3.5, 6],"rotation":270,"texture":"#0"}}},{"from":[5, 17, 8],"to":[11, 26, 9],"faces":{"north":{"uv":[3.5, 2, 5, 4.25],"texture":"#0"},"east":{"uv":[2, 6, 2.25, 8.25],"texture":"#0"},"south":{"uv":[3.5, 2, 5, 4.25],"texture":"#0"},"west":{"uv":[2, 6, 2.25, 8.25],"texture":"#0"},"up":{"uv":[3.5, 7.5, 3.75, 6],"rotation":90,"texture":"#0"},"down":{"uv":[3.75, 7.5, 3.5, 6],"rotation":270,"texture":"#0"}}},{"from":[11, 17, 1],"to":[12, 26, 9],"faces":{"north":{"uv":[2.25, 6, 2.5, 8.25],"texture":"#0"},"east":{"uv":[0.5, 3, 2.5, 5.25],"texture":"#0"},"south":{"uv":[2.5, 6, 2.25, 8.25],"texture":"#0"},"west":{"uv":[0.5, 3, 2.5, 5.25],"texture":"#0"},"up":{"uv":[8, 6, 6, 5.75],"rotation":90,"texture":"#0"},"down":{"uv":[8, 6, 6, 5.75],"rotation":270,"texture":"#0"}}},{"from":[4, 17, 1],"to":[5, 26, 9],"faces":{"north":{"uv":[2.5, 6, 2.25, 8.25],"texture":"#0"},"east":{"uv":[0.5, 3, 2.5, 5.25],"texture":"#0"},"south":{"uv":[2.25, 6, 2.5, 8.25],"texture":"#0"},"west":{"uv":[0.5, 3, 2.5, 5.25],"texture":"#0"},"up":{"uv":[8, 5.75, 6, 6],"rotation":90,"texture":"#0"},"down":{"uv":[8, 6, 6, 5.75],"rotation":270,"texture":"#0"}}},{"from":[6, -14, 9],"to":[10, -11, 11],"faces":{"north":{"uv":[5, 5.75, 6, 6.5],"texture":"#0"},"east":{"uv":[3.75, 6, 4.25, 6.75],"texture":"#0"},"south":{"uv":[5, 5.75, 6, 6.5],"texture":"#0"},"west":{"uv":[3.75, 6, 4.25, 6.75],"texture":"#0"},"up":{"uv":[3, 7, 2.5, 6],"rotation":90,"texture":"#0"},"down":{"uv":[3, 7, 2.5, 6],"rotation":270,"texture":"#0"}}}],"gui_light":"front","display":{"thirdperson_righthand":{"rotation":[49.01, 0, -0.72],"translation":[0.25, -0.25, -0.75],"scale":[0.26, 0.26, 0.26]},"thirdperson_lefthand":{"rotation":[49.01, 0, -0.72],"translation":[0.25, -0.25, -0.75],"scale":[0.26, 0.26, 0.26]},"firstperson_righthand":{"rotation":[49.01, 0, -0.72],"translation":[0.25, -0.25, -0.75],"scale":[0.26, 0.26, 0.26]},"firstperson_lefthand":{"rotation":[49.01, 0, -0.72],"translation":[0.25, -0.25, -0.75],"scale":[0.26, 0.26, 0.26]},"ground":{"rotation":[49.01, 0, -0.72],"translation":[0.25, 3.5, -0.75],"scale":[0.26, 0.26, 0.26]},"gui":{"rotation":[30, -135, 0],"translation":[0, -0.25, 0],"scale":[0.31711, 0.31711, 0.31711]},"head":{"scale":[0, 0, 0]},"fixed":{"rotation":[-90, 0, 0],"translation":[0, 0, -48],"scale":[2, 2, 2]}}}