{"texture_size":[64, 64],"textures":{"0":"custom/furniture/modern/plantpot_4","particle":"custom/furniture/modern/plantpot_4"},"elements":[{"from":[3, 0, 3],"to":[13, 8, 13],"faces":{"north":{"uv":[2.5, 2, 5, 4],"texture":"#0"},"east":{"uv":[2.5, 2, 5, 4],"texture":"#0"},"south":{"uv":[2.5, 2, 5, 4],"texture":"#0"},"west":{"uv":[2.5, 2, 5, 4],"texture":"#0"},"up":{"uv":[2.5, 2.5, 0, 0],"texture":"#0"},"down":{"uv":[2.5, 2.5, 0, 5],"texture":"#0"}}},{"from":[3, 8, 3],"to":[13, 10, 5],"faces":{"north":{"uv":[2.5, 1.5, 5, 2],"texture":"#0"},"east":{"uv":[4.5, 1.5, 5, 2],"texture":"#0"},"south":{"uv":[5, 2, 7.5, 2.5],"texture":"#0"},"west":{"uv":[5, 1.5, 4.5, 2],"texture":"#0"},"up":{"uv":[7.5, 1.5, 5, 1],"texture":"#0"},"down":{"uv":[7.5, 1.5, 5, 2],"texture":"#0"}}},{"from":[3, 8, 11],"to":[13, 10, 13],"faces":{"north":{"uv":[5, 2, 7.5, 2.5],"texture":"#0"},"east":{"uv":[2.5, 1.5, 3, 2],"texture":"#0"},"south":{"uv":[5, 1.5, 2.5, 2],"texture":"#0"},"west":{"uv":[3, 1.5, 2.5, 2],"texture":"#0"},"up":{"uv":[7.5, 3.5, 5, 3],"texture":"#0"},"down":{"uv":[7.5, 3.5, 5, 4],"texture":"#0"}}},{"from":[3, 8, 5],"to":[5, 10, 11],"faces":{"north":{"uv":[7.75, 0.5, 8.25, 1],"texture":"#0"},"east":{"uv":[6.5, 4, 8, 4.5],"texture":"#0"},"south":{"uv":[7.75, 1, 8.25, 1.5],"texture":"#0"},"west":{"uv":[4.5, 1.5, 3, 2],"texture":"#0"},"up":{"uv":[7, 6.5, 6.5, 5],"texture":"#0"},"down":{"uv":[7, 6.5, 6.5, 8],"texture":"#0"}}},{"from":[11, 8, 5],"to":[13, 10, 11],"faces":{"north":{"uv":[7.75, 1.5, 8.25, 2],"texture":"#0"},"east":{"uv":[3, 1.5, 4.5, 2],"texture":"#0"},"south":{"uv":[7.75, 5.5, 8.25, 6],"texture":"#0"},"west":{"uv":[6.5, 4, 8, 4.5],"texture":"#0"},"up":{"uv":[2, 8.5, 1.5, 7],"texture":"#0"},"down":{"uv":[2.5, 7, 2, 8.5],"texture":"#0"}}},{"from":[12.25, 9.25, 9.5],"to":[13.25, 12, 10.5],"rotation":{"angle":-22.5,"axis":"z","origin":[12.5, 10, 10.75]},"faces":{"north":{"uv":[7.75, 7.75, 7.5, 8.5],"texture":"#0"},"east":{"uv":[8, 6.75, 7.75, 7.5],"texture":"#0"},"south":{"uv":[8, 6, 7.75, 6.75],"texture":"#0"},"west":{"uv":[7.75, 6.75, 8, 7.5],"texture":"#0"},"up":{"uv":[8.25, 4, 8, 4.25],"texture":"#0"},"down":{"uv":[8.25, 4.5, 8, 4.25],"texture":"#0"}}},{"from":[12.25, 11, 6.5],"to":[13.25, 12, 9.5],"rotation":{"angle":-22.5,"axis":"z","origin":[12.5, 10, 5.25]},"faces":{"north":{"uv":[8, 4.5, 8.25, 4.75],"texture":"#0"},"east":{"uv":[7.5, 3.75, 8.25, 4],"texture":"#0"},"south":{"uv":[8, 4.75, 8.25, 5],"texture":"#0"},"west":{"uv":[7.5, 3.75, 8.25, 4],"texture":"#0"},"up":{"uv":[8.25, 3, 8, 2.25],"texture":"#0"},"down":{"uv":[8.25, 3, 8, 3.75],"texture":"#0"}}},{"from":[7.5, 8, 7.5],"to":[8.5, 27, 8.5],"rotation":{"angle":-22.5,"axis":"z","origin":[7.5, 8, 8]},"faces":{"north":{"uv":[5, 4, 5.25, 8.75],"texture":"#0"},"east":{"uv":[5, 4, 5.25, 8.75],"texture":"#0"},"south":{"uv":[5, 4, 5.25, 8.75],"texture":"#0"},"west":{"uv":[5, 4, 5.25, 8.75],"texture":"#0"},"up":{"uv":[8.25, 6.25, 8, 6],"texture":"#0"},"down":{"uv":[8.25, 6.25, 8, 6.5],"texture":"#0"}}},{"from":[7.5, 8, 7.25],"to":[8.5, 17, 8.25],"rotation":{"angle":45,"axis":"z","origin":[8.5, 8, 8]},"faces":{"north":{"uv":[0.25, 7.5, 0.5, 9.75],"texture":"#0"},"east":{"uv":[0.25, 7.5, 0.5, 9.75],"texture":"#0"},"south":{"uv":[0.25, 7.5, 0.5, 9.75],"texture":"#0"},"west":{"uv":[0.25, 7.5, 0.5, 9.75],"texture":"#0"},"up":{"uv":[6.75, 8.25, 6.5, 8],"texture":"#0"},"down":{"uv":[8.25, 6.5, 8, 6.75],"texture":"#0"}}},{"from":[7.25, 8, 7.25],"to":[8.25, 21, 8.25],"rotation":{"angle":-45,"axis":"x","origin":[8.5, 8, 7.25]},"faces":{"north":{"uv":[3.75, 6, 4, 9.25],"texture":"#0"},"east":{"uv":[3.75, 6, 4, 9.25],"texture":"#0"},"south":{"uv":[3.75, 6, 4, 9.25],"texture":"#0"},"west":{"uv":[3.75, 6, 4, 9.25],"texture":"#0"},"up":{"uv":[7, 8.25, 6.75, 8],"texture":"#0"},"down":{"uv":[8.25, 6.75, 8, 7],"texture":"#0"}}},{"from":[7.5, 8, 7.75],"to":[8.5, 21, 8.75],"rotation":{"angle":22.5,"axis":"x","origin":[8.5, 8, 8.75]},"faces":{"north":{"uv":[6.25, 4, 6.5, 7.25],"texture":"#0"},"east":{"uv":[6.25, 4, 6.5, 7.25],"texture":"#0"},"south":{"uv":[6.25, 4, 6.5, 7.25],"texture":"#0"},"west":{"uv":[6.25, 4, 6.5, 7.25],"texture":"#0"},"up":{"uv":[8.25, 7.25, 8, 7],"texture":"#0"},"down":{"uv":[8.25, 7.25, 8, 7.5],"texture":"#0"}}},{"from":[8, 6, 6],"to":[9, 17, 7],"rotation":{"angle":-45,"axis":"z","origin":[10.5, 8, 6]},"faces":{"north":{"uv":[7, 5.5, 7.25, 8.25],"texture":"#0"},"east":{"uv":[7, 5.5, 7.25, 8.25],"texture":"#0"},"south":{"uv":[7, 5.5, 7.25, 8.25],"texture":"#0"},"west":{"uv":[7, 5.5, 7.25, 8.25],"texture":"#0"},"up":{"uv":[8.25, 8.25, 8, 8],"texture":"#0"},"down":{"uv":[8.5, 0, 8.25, 0.25],"texture":"#0"}}},{"from":[6.25, 7, 6.5],"to":[7.25, 16, 7.5],"rotation":{"angle":45,"axis":"x","origin":[5.5, 8, 6]},"faces":{"north":{"uv":[1.25, 7.5, 1.5, 9.75],"texture":"#0"},"east":{"uv":[1.25, 7.5, 1.5, 9.75],"texture":"#0"},"south":{"uv":[1.25, 7.5, 1.5, 9.75],"texture":"#0"},"west":{"uv":[1.25, 7.5, 1.5, 9.75],"texture":"#0"},"up":{"uv":[8.5, 0.5, 8.25, 0.25],"texture":"#0"},"down":{"uv":[8.5, 0.5, 8.25, 0.75],"texture":"#0"}}},{"from":[12.25, 9.25, 5.5],"to":[13.25, 12, 6.5],"rotation":{"angle":-22.5,"axis":"z","origin":[12.5, 10, 5.25]},"faces":{"north":{"uv":[7.75, 6, 8, 6.75],"texture":"#0"},"east":{"uv":[7.75, 6.75, 8, 7.5],"texture":"#0"},"south":{"uv":[7.5, 7.75, 7.75, 8.5],"texture":"#0"},"west":{"uv":[8, 6.75, 7.75, 7.5],"texture":"#0"},"up":{"uv":[8.25, 4.25, 8, 4],"texture":"#0"},"down":{"uv":[8.25, 4.25, 8, 4.5],"texture":"#0"}}},{"from":[2.75, 9.25, 5.5],"to":[3.75, 12, 6.5],"rotation":{"angle":22.5,"axis":"z","origin":[3.5, 10, 5.25]},"faces":{"north":{"uv":[8, 6, 7.75, 6.75],"texture":"#0"},"east":{"uv":[7.75, 6.75, 8, 7.5],"texture":"#0"},"south":{"uv":[7.75, 7.75, 7.5, 8.5],"texture":"#0"},"west":{"uv":[8, 6.75, 7.75, 7.5],"texture":"#0"},"up":{"uv":[8, 4.25, 8.25, 4],"texture":"#0"},"down":{"uv":[8, 4.25, 8.25, 4.5],"texture":"#0"}}},{"from":[2.75, 11, 6.5],"to":[3.75, 12, 9.5],"rotation":{"angle":22.5,"axis":"z","origin":[3.5, 10, 5.25]},"faces":{"north":{"uv":[8.25, 4.5, 8, 4.75],"texture":"#0"},"east":{"uv":[8.25, 3.75, 7.5, 4],"texture":"#0"},"south":{"uv":[8.25, 4.75, 8, 5],"texture":"#0"},"west":{"uv":[8.25, 3.75, 7.5, 4],"texture":"#0"},"up":{"uv":[8, 3, 8.25, 2.25],"texture":"#0"},"down":{"uv":[8, 3, 8.25, 3.75],"texture":"#0"}}},{"from":[2.75, 9.25, 9.5],"to":[3.75, 12, 10.5],"rotation":{"angle":22.5,"axis":"z","origin":[3.5, 10, 10.75]},"faces":{"north":{"uv":[7.5, 7.75, 7.75, 8.5],"texture":"#0"},"east":{"uv":[8, 6.75, 7.75, 7.5],"texture":"#0"},"south":{"uv":[7.75, 6, 8, 6.75],"texture":"#0"},"west":{"uv":[7.75, 6.75, 8, 7.5],"texture":"#0"},"up":{"uv":[8, 4, 8.25, 4.25],"texture":"#0"},"down":{"uv":[8, 4.5, 8.25, 4.25],"texture":"#0"}}},{"from":[-0.75, 16, -12.5],"to":[13.25, 16, 1.5],"rotation":{"angle":-45,"axis":"x","origin":[8, 18, -4]},"faces":{"north":{"uv":[0, 0, 3.5, 0],"texture":"#0"},"east":{"uv":[0, 0, 3.5, 0],"texture":"#0"},"south":{"uv":[0, 0, 3.5, 0],"texture":"#0"},"west":{"uv":[0, 0, 3.5, 0],"texture":"#0"},"up":{"uv":[11.75, 4.25, 8.25, 0.75],"rotation":270,"texture":"#0"},"down":{"uv":[11.75, 0.75, 8.25, 4.25],"rotation":90,"texture":"#0"}}},{"from":[0, 17.64645, 8.75736],"to":[14, 17.64645, 22.75736],"rotation":{"angle":45,"axis":"x","origin":[7, 17.64645, 15.75736]},"faces":{"north":{"uv":[3.5, 0, 0, 0],"texture":"#0"},"east":{"uv":[3.5, 0, 0, 0],"texture":"#0"},"south":{"uv":[3.5, 0, 0, 0],"texture":"#0"},"west":{"uv":[3.5, 0, 0, 0],"texture":"#0"},"up":{"uv":[8.25, 4.25, 11.75, 0.75],"rotation":270,"texture":"#0"},"down":{"uv":[8.25, 0.75, 11.75, 4.25],"rotation":90,"texture":"#0"}}},{"from":[16, 7.75, 2.25],"to":[16, 16.75, 11.25],"rotation":{"angle":22.5,"axis":"z","origin":[14.5, 14, 7.5]},"faces":{"north":{"uv":[0, 0, 2.25, 0],"rotation":270,"texture":"#0"},"east":{"uv":[10, 10.5, 7.75, 8.25],"texture":"#0"},"south":{"uv":[0, 0, 2.25, 0],"rotation":90,"texture":"#0"},"west":{"uv":[10, 8.25, 7.75, 10.5],"rotation":180,"texture":"#0"},"up":{"uv":[0, 0, 2.25, 0],"rotation":90,"texture":"#0"},"down":{"uv":[0, 0, 2.25, 0],"rotation":90,"texture":"#0"}}},{"from":[13, 22, -0.5],"to":[27, 22, 13.5],"rotation":{"angle":-45,"axis":"z","origin":[20, 25, 7]},"faces":{"north":{"uv":[0, 0, 3.5, 0],"texture":"#0"},"east":{"uv":[0, 0, 3.5, 0],"texture":"#0"},"south":{"uv":[0, 0, 3.5, 0],"texture":"#0"},"west":{"uv":[0, 0, 3.5, 0],"texture":"#0"},"up":{"uv":[11.75, 4.25, 8.25, 0.75],"texture":"#0"},"down":{"uv":[11.75, 0.75, 8.25, 4.25],"texture":"#0"}}},{"from":[7.5, 3, 7.5],"to":[8.5, 22, 8.5],"rotation":{"angle":22.5,"axis":"z","origin":[8.5, 8, 8]},"faces":{"north":{"uv":[5.25, 4, 5, 8.75],"texture":"#0"},"east":{"uv":[5.25, 4, 5, 8.75],"texture":"#0"},"south":{"uv":[5.25, 4, 5, 8.75],"texture":"#0"},"west":{"uv":[5.25, 4, 5, 8.75],"texture":"#0"},"up":{"uv":[8, 6.25, 8.25, 6],"texture":"#0"},"down":{"uv":[8, 6.25, 8.25, 6.5],"texture":"#0"}}},{"from":[-14, 17, -0.5],"to":[0, 17, 13.5],"rotation":{"angle":45,"axis":"z","origin":[-4, 25, 7]},"faces":{"north":{"uv":[3.5, 0, 0, 0],"texture":"#0"},"east":{"uv":[3.5, 0, 0, 0],"texture":"#0"},"south":{"uv":[3.5, 0, 0, 0],"texture":"#0"},"west":{"uv":[3.5, 0, 0, 0],"texture":"#0"},"up":{"uv":[8.25, 4.25, 11.75, 0.75],"texture":"#0"},"down":{"uv":[8.25, 0.75, 11.75, 4.25],"texture":"#0"}}},{"from":[3.75, 14.05238, 11.04067],"to":[9.75, 14.05238, 17.04067],"rotation":{"angle":22.5,"axis":"x","origin":[6, 12, 10]},"faces":{"north":{"uv":[0, 0, 1.5, 0],"rotation":180,"texture":"#0"},"east":{"uv":[0, 0, 1.5, 0],"rotation":180,"texture":"#0"},"south":{"uv":[0, 0, 1.5, 0],"rotation":180,"texture":"#0"},"west":{"uv":[0, 0, 1.5, 0],"rotation":180,"texture":"#0"},"up":{"uv":[4, 1.5, 2.5, 0],"texture":"#0"},"down":{"uv":[4, 0, 2.5, 1.5],"texture":"#0"}}},{"from":[1.25, 6.25, 3.5],"to":[1.25, 15.25, 12.5],"rotation":{"angle":-22.5,"axis":"z","origin":[1.5, 14, 7.5]},"faces":{"north":{"uv":[0, 0, 2.25, 0],"rotation":270,"texture":"#0"},"east":{"uv":[7.75, 8.25, 10, 10.5],"rotation":180,"texture":"#0"},"south":{"uv":[0, 0, 2.25, 0],"rotation":90,"texture":"#0"},"west":{"uv":[7.75, 10.5, 10, 8.25],"texture":"#0"},"up":{"uv":[0, 0, 2.25, 0],"rotation":90,"texture":"#0"},"down":{"uv":[0, 0, 2.25, 0],"rotation":90,"texture":"#0"}}}],"gui_light":"front","display":{"thirdperson_righthand":{"rotation":[66.5, 0, 0],"translation":[0, 1.75, 0.5],"scale":[0.32469, 0.32469, 0.32469]},"thirdperson_lefthand":{"rotation":[66.5, 0, 0],"translation":[0, 1.75, 0.5],"scale":[0.32469, 0.32469, 0.32469]},"firstperson_righthand":{"translation":[0, 2.75, 0],"scale":[0.44751, 0.44751, 0.44751]},"firstperson_lefthand":{"translation":[0, 2.75, 0],"scale":[0.44751, 0.44751, 0.44751]},"ground":{"translation":[0, 4.5, 0],"scale":[0.33, 0.33, 0.33]},"gui":{"rotation":[30, -135, 0],"translation":[-1, -1.5, 0],"scale":[0.52141, 0.52141, 0.52141]},"head":{"scale":[0, 0, 0]},"fixed":{"rotation":[-90, 180, 0],"translation":[0, 0, -12.75],"scale":[1.6, 1.6, 1.6]}},"groups":[{"name":"group","origin":[0, 25, 7],"color":0,"children":[0, 1, 2, 3, 4, 5, 6, 7, 8, 9, 10, 11, 12, 13, 14, 15, 16, 17, 18, 19, 20, 21, 22, 23, 24]}]}