{"texture_size":[64, 64],"textures":{"0":"custom/furniture/modern/table_shelf_4","particle":"custom/furniture/modern/table_shelf_4"},"elements":[{"from":[-12, 0, 4],"to":[12, 1, 12],"rotation":{"angle":0,"axis":"y","origin":[-8, 0, 0]},"faces":{"north":{"uv":[8, 0, 14, 0.25],"texture":"#0"},"east":{"uv":[8, 0.75, 10, 1],"texture":"#0"},"south":{"uv":[8, 0, 14, 0.25],"texture":"#0"},"west":{"uv":[8, 0.75, 10, 1],"texture":"#0"},"up":{"uv":[6, 8, 0, 6],"texture":"#0"},"down":{"uv":[6, 8, 0, 6],"texture":"#0"}}},{"from":[-16, 1, 2],"to":[14, 2, 14],"rotation":{"angle":0,"axis":"y","origin":[-8, 0, 0]},"faces":{"north":{"uv":[7.5, 5.75, 15, 6],"texture":"#0"},"east":{"uv":[8, 0.25, 11, 0.5],"texture":"#0"},"south":{"uv":[7.5, 5.75, 15, 6],"texture":"#0"},"west":{"uv":[8, 0.25, 11, 0.5],"texture":"#0"},"up":{"uv":[7.5, 6, 0, 3],"texture":"#0"},"down":{"uv":[0.5, 3, 8, 0],"texture":"#0"}}},{"from":[-16, 7, 2],"to":[16, 8, 14],"rotation":{"angle":0,"axis":"y","origin":[-8, 0, 0]},"faces":{"north":{"uv":[7.5, 5.5, 15.5, 5.75],"texture":"#0"},"east":{"uv":[11, 0.5, 14, 0.75],"texture":"#0"},"south":{"uv":[7.5, 5.5, 15.5, 5.75],"texture":"#0"},"west":{"uv":[8, 0.5, 11, 0.75],"texture":"#0"},"up":{"uv":[8, 3, 0, 0],"texture":"#0"},"down":{"uv":[8, 3, 0, 0],"texture":"#0"}}},{"from":[-16, 2, 2],"to":[-15, 7, 14],"rotation":{"angle":0,"axis":"y","origin":[-8, 0, 0]},"faces":{"north":{"uv":[8.25, 1, 8, 2.25],"texture":"#0"},"east":{"uv":[10.5, 4.25, 7.5, 5.5],"texture":"#0"},"south":{"uv":[8, 1, 8.25, 2.25],"texture":"#0"},"west":{"uv":[7.5, 4.25, 10.5, 5.5],"texture":"#0"},"up":{"uv":[2.75, 11, 2.5, 8],"texture":"#0"},"down":{"uv":[2.75, 11, 2.5, 8],"texture":"#0"}}},{"from":[-15, 2, 3],"to":[0, 7, 13],"rotation":{"angle":0,"axis":"y","origin":[-8, 0, 0]},"faces":{"north":{"uv":[7.5, 3, 11.25, 4.25],"texture":"#0"},"east":{"uv":[0, 8, 2.5, 9.25],"texture":"#0"},"south":{"uv":[7.5, 3, 11.25, 4.25],"texture":"#0"},"west":{"uv":[0, 8, 2.5, 9.25],"texture":"#0"},"up":{"uv":[10, 8.5, 6.25, 6],"texture":"#0"},"down":{"uv":[10, 8.5, 6.25, 6],"texture":"#0"}}},{"from":[11, 2, 11],"to":[12, 7, 12],"rotation":{"angle":0,"axis":"y","origin":[-8, 0, 0]},"faces":{"north":{"uv":[2.75, 8, 3, 9.25],"texture":"#0"},"east":{"uv":[3, 8, 3.25, 9.25],"texture":"#0"},"south":{"uv":[2.75, 8, 3, 9.25],"texture":"#0"},"west":{"uv":[3, 8, 3.25, 9.25],"texture":"#0"},"up":{"uv":[8.25, 2.5, 8, 2.25],"texture":"#0"},"down":{"uv":[8.25, 2.5, 8, 2.25],"texture":"#0"}}},{"from":[11, 2, 4],"to":[12, 7, 5],"rotation":{"angle":0,"axis":"y","origin":[-8, 0, 0]},"faces":{"north":{"uv":[2.75, 8, 3, 9.25],"texture":"#0"},"east":{"uv":[3, 8, 3.25, 9.25],"texture":"#0"},"south":{"uv":[2.75, 8, 3, 9.25],"texture":"#0"},"west":{"uv":[3, 8, 3.25, 9.25],"texture":"#0"},"up":{"uv":[8.25, 2.5, 8, 2.25],"texture":"#0"},"down":{"uv":[8.25, 2.5, 8, 2.25],"texture":"#0"}}},{"from":[0, 2, 2.5],"to":[1, 7, 13.5],"rotation":{"angle":0,"axis":"y","origin":[-8, 0, 0]},"faces":{"north":{"uv":[0, 12, 0.25, 13.25],"texture":"#0"},"east":{"uv":[0, 13.25, 2.75, 14.5],"texture":"#0"},"south":{"uv":[0.25, 12, 0, 13.25],"texture":"#0"},"west":{"uv":[0, 13.25, 2.75, 14.5],"texture":"#0"},"up":{"uv":[0, 13.25, 0.25, 16],"texture":"#0"},"down":{"uv":[0, 13.25, 0.25, 16],"texture":"#0"}}},{"from":[-7, 8, 6],"to":[-5, 9, 8],"rotation":{"angle":0,"axis":"y","origin":[-7, 0, 1]},"faces":{"north":{"uv":[2.125, 15.75, 2.625, 16],"texture":"#0"},"east":{"uv":[2.125, 15.75, 2.625, 16],"texture":"#0"},"south":{"uv":[2.125, 15.75, 2.625, 16],"texture":"#0"},"west":{"uv":[2.125, 15.75, 2.625, 16],"texture":"#0"},"up":{"uv":[2.625, 15.5, 3.125, 16],"texture":"#0"},"down":{"uv":[2.625, 15.5, 3.125, 16],"texture":"#0"}}},{"from":[-7.5, 8.5, 5.5],"to":[-4.5, 11, 8.5],"rotation":{"angle":0,"axis":"y","origin":[-7, 0, 1]},"faces":{"north":{"uv":[0.5, 15.375, 1.25, 16],"texture":"#0"},"east":{"uv":[0.5, 15.375, 1.25, 16],"texture":"#0"},"south":{"uv":[0.5, 15.375, 1.25, 16],"texture":"#0"},"west":{"uv":[0.5, 15.375, 1.25, 16],"texture":"#0"},"up":{"uv":[1.25, 15.25, 2, 16],"texture":"#0"},"down":{"uv":[1.25, 15.25, 2, 16],"texture":"#0"}}},{"from":[-7.5, 11, 5.5],"to":[-3.5, 14, 5.5],"rotation":{"angle":-45,"axis":"y","origin":[-7.5, 11, 5.5]},"faces":{"north":{"uv":[4.75, 15.25, 5.75, 16],"texture":"#0"},"south":{"uv":[4.75, 15.25, 5.75, 16],"texture":"#0"}}},{"from":[-7.5, 11, 8.5],"to":[-3.5, 14, 8.5],"rotation":{"angle":45,"axis":"y","origin":[-7.5, 11, 8.5]},"faces":{"north":{"uv":[5.75, 15.25, 4.75, 16],"texture":"#0"},"south":{"uv":[5.75, 15.25, 4.75, 16],"texture":"#0"}}},{"from":[0, 8, 4],"to":[4, 9, 9],"rotation":{"angle":-22.5,"axis":"y","origin":[-8, 0, 0]},"faces":{"north":{"uv":[1.25, 11.125, 2.25, 11.375],"texture":"#0"},"east":{"uv":[1.25, 10.625, 2.5, 10.875],"texture":"#0"},"south":{"uv":[2.25, 11.125, 1.25, 11.375],"texture":"#0"},"west":{"uv":[1.25, 10.875, 2.5, 11.125],"texture":"#0"},"up":{"uv":[1, 9.375, 2, 10.625],"texture":"#0"}}},{"from":[-2, 8, 7],"to":[2, 9, 12],"rotation":{"angle":22.5,"axis":"y","origin":[-8, 0, 0]},"faces":{"north":{"uv":[0, 11.125, 1, 11.375],"texture":"#0"},"east":{"uv":[0, 10.625, 1.25, 10.875],"texture":"#0"},"south":{"uv":[0, 11.125, 1, 11.375],"texture":"#0"},"west":{"uv":[0, 10.875, 1.25, 11.125],"texture":"#0"},"up":{"uv":[0, 9.375, 1, 10.625],"texture":"#0"},"down":{"uv":[0, 9.375, 0.75, 10.375],"texture":"#0"}}}],"gui_light":"front","display":{"thirdperson_righthand":{"translation":[2, 0.25, 0.25],"scale":[0.27, 0.27, 0.27]},"thirdperson_lefthand":{"translation":[-2, 0.25, 0.25],"scale":[0.27, 0.27, 0.27]},"firstperson_righthand":{"translation":[0, 2.5, 0.25],"scale":[0.27, 0.27, 0.27]},"firstperson_lefthand":{"translation":[-3.75, 2.5, 0.25],"scale":[0.27, 0.27, 0.27]},"gui":{"rotation":[30, -135, 0],"translation":[-3.25, 0, 0],"scale":[0.43617, 0.43617, 0.43617]},"head":{"scale":[0, 0, 0]},"fixed":{"rotation":[-90, 0, 0],"translation":[0, -1.5, -16.25],"scale":[2, 2, 2]}},"groups":[0,1,2,3,4,5,6,7,{"name":"group","origin":[-0.5, 11, 7.5],"color":0,"children":[8, 9, 10, 11, 12, 13]}]}