{"texture_size":[128,128],"textures":{"1":"custom/furniture/modern/modernclean_02","particle":"custom/furniture/modern/modernclean_01"},"elements":[{"from":[-5,1.5,12],"to":[21,15.5,13],"rotation":{"angle":0,"axis":"y","origin":[0,-0.5,0]},"faces":{"north":{"uv":[0,0,3.25,1.75],"texture":"#1"},"east":{"uv":[3.375,0,3.25,1.75],"texture":"#1"},"south":{"uv":[0,1.75,3.25,3.5],"texture":"#1"},"west":{"uv":[3.25,0,3.375,1.75],"texture":"#1"},"up":{"uv":[3.25,3.5,0,3.625],"texture":"#1"},"down":{"uv":[3.25,3.5,0,3.625],"texture":"#1"}}},{"from":[-2,1.5,13],"to":[18,12.5,14],"rotation":{"angle":0,"axis":"y","origin":[0,-0.5,0]},"faces":{"north":{"uv":[0,3.625,2.5,5],"texture":"#1"},"east":{"uv":[2.5,3.625,2.625,5],"texture":"#1"},"south":{"uv":[0,3.625,2.5,5],"texture":"#1"},"west":{"uv":[2.5,3.625,2.625,5],"texture":"#1"},"up":{"uv":[2.5,5,0,5.125],"texture":"#1"},"down":{"uv":[2.5,5,0,5.125],"texture":"#1"}}},{"from":[-5.1,0,8.6],"to":[-3.1,0.5,14.6],"rotation":{"angle":22.5,"axis":"y","origin":[2.9,-0.5,0.6]},"faces":{"north":{"uv":[2.625,4.875,2.875,4.9375],"texture":"#1"},"east":{"uv":[3.25,5,2.5,5.0625],"texture":"#1"},"south":{"uv":[2.625,4.875,2.875,4.9375],"texture":"#1"},"west":{"uv":[2.5,5,3.25,5.0625],"texture":"#1"},"up":{"uv":[2.875,4.125,2.625,4.875],"texture":"#1"},"down":{"uv":[2.875,4.125,2.625,4.875],"texture":"#1"}}},{"from":[0,0.5,14],"to":[2,3.5,15],"rotation":{"angle":0,"axis":"y","origin":[3,-0.5,0]},"faces":{"north":{"uv":[2.625,3.75,2.875,4.125],"texture":"#1"},"east":{"uv":[2.875,3.75,3,4.125],"texture":"#1"},"south":{"uv":[2.625,3.75,2.875,4.125],"texture":"#1"},"west":{"uv":[2.875,3.75,3,4.125],"texture":"#1"},"up":{"uv":[2.875,3.625,2.625,3.75],"texture":"#1"},"down":{"uv":[2.875,3.625,2.625,3.75],"texture":"#1"}}},{"from":[14,0.5,14],"to":[16,3.5,15],"rotation":{"angle":0,"axis":"y","origin":[13,-0.5,0]},"faces":{"north":{"uv":[2.875,3.75,2.625,4.125],"texture":"#1"},"east":{"uv":[3,3.75,2.875,4.125],"texture":"#1"},"south":{"uv":[2.875,3.75,2.625,4.125],"texture":"#1"},"west":{"uv":[3,3.75,2.875,4.125],"texture":"#1"},"up":{"uv":[2.625,3.625,2.875,3.75],"texture":"#1"},"down":{"uv":[2.625,3.625,2.875,3.75],"texture":"#1"}}},{"from":[19.1,0,8.6],"to":[21.1,0.5,14.6],"rotation":{"angle":-22.5,"axis":"y","origin":[13.1,-0.5,0.6]},"faces":{"north":{"uv":[2.875,4.875,2.625,4.9375],"texture":"#1"},"east":{"uv":[3.25,5,2.5,5.0625],"texture":"#1"},"south":{"uv":[2.875,4.875,2.625,4.9375],"texture":"#1"},"west":{"uv":[2.5,5,3.25,5.0625],"texture":"#1"},"up":{"uv":[2.625,4.125,2.875,4.875],"texture":"#1"},"down":{"uv":[2.625,4.125,2.875,4.875],"texture":"#1"}}},{"from":[3,1.5,14],"to":[13,6.5,15],"rotation":{"angle":0,"axis":"y","origin":[16,-0.5,0]},"faces":{"north":{"uv":[4.625,0,3.375,0.625],"texture":"#1"},"east":{"uv":[4.75,0,4.625,0.625],"texture":"#1"},"south":{"uv":[4.625,0,3.375,0.625],"texture":"#1"},"west":{"uv":[4.75,0,4.625,0.625],"texture":"#1"},"up":{"uv":[3.375,0.625,4.625,0.75],"texture":"#1"},"down":{"uv":[3.375,0.625,4.625,0.75],"texture":"#1"}}}],"gui_light":"front","display":{"thirdperson_righthand":{"rotation":[67.5,0,0],"translation":[0.25,1.75,-0.25],"scale":[0.27,0.27,0.27]},"thirdperson_lefthand":{"rotation":[67.5,0,0],"translation":[0.25,1.75,-0.25],"scale":[0.27,0.27,0.27]},"firstperson_righthand":{"translation":[-0.75,4.5,0],"scale":[0.40375,0.40375,0.40375]},"firstperson_lefthand":{"translation":[-0.75,4.5,0],"scale":[0.40375,0.40375,0.40375]},"ground":{"translation":[0,6.25,-2],"scale":[0.39,0.39,0.39]},"gui":{"rotation":[30,-135,0],"translation":[2,-1,0],"scale":[0.60648,0.60648,0.60648]},"head":{"scale":[0,0,0]},"fixed":{"rotation":[-90,0,0],"translation":[0,-10.5,-16],"scale":[2,2,2]}}}