{"textures":{"0":"modelengine:entity/nm_penguin_texture","particle":"#0"},"elements":[{"from":[7.0,8.75,-2.0],"to":[9.0,10.75,3.0],"faces":{"east":{"uv":[7.25,5.5,8.5,6.0],"tintindex":0,"rotation":0,"texture":"#0"},"south":{"uv":[6.0,7.75,6.5,8.25],"tintindex":0,"rotation":0,"texture":"#0"},"north":{"uv":[5.25,7.75,5.75,8.25],"tintindex":0,"rotation":0,"texture":"#0"},"west":{"uv":[7.25,6.25,8.5,6.75],"tintindex":0,"rotation":0,"texture":"#0"},"up":{"uv":[7.75,8.25,7.25,7.0],"tintindex":0,"rotation":0,"texture":"#0"},"down":{"uv":[4.0,7.75,3.5,9.0],"tintindex":0,"rotation":0,"texture":"#0"}}},{"from":[6.0,7.75,3.0],"to":[10.0,11.75,9.0],"faces":{"east":{"uv":[4.5,1.75,6.0,2.75],"tintindex":0,"rotation":0,"texture":"#0"},"south":{"uv":[1.25,7.0,2.25,8.0],"tintindex":0,"rotation":0,"texture":"#0"},"north":{"uv":[0.0,7.0,1.0,8.0],"tintindex":0,"rotation":0,"texture":"#0"},"west":{"uv":[5.75,3.0,7.25,4.0],"tintindex":0,"rotation":0,"texture":"#0"},"up":{"uv":[7.0,5.75,6.0,4.25],"tintindex":0,"rotation":0,"texture":"#0"},"down":{"uv":[7.0,6.0,6.0,7.5],"tintindex":0,"rotation":0,"texture":"#0"}}}],"display":{"head":{"rotation":[0.0,0.0,0.0]},"firstperson_righthand":{"rotation":[0.0,0.0,0.0]},"thirdperson_lefthand":{"rotation":[0.0,-0.0,-0.0]},"firstperson_lefthand":{"rotation":[0.0,-0.0,-0.0]},"fixed":{"rotation":[0.0,0.0,0.0]},"ground":{"rotation":[0.0,0.0,0.0]},"thirdperson_righthand":{"rotation":[0.0,0.0,0.0]},"gui":{"rotation":[-150.0,-45.0,180.0]}}}