{"textures":{"0":"modelengine:entity/nm_penguin_texture","particle":"#0"},"elements":[{"from":[4.0,8.0,5.0],"to":[12.0,21.0,11.0],"faces":{"east":{"uv":[0.0,3.5,1.5,6.75],"tintindex":0,"rotation":0,"texture":"#0"},"south":{"uv":[2.25,0.0,4.25,3.25],"tintindex":0,"rotation":0,"texture":"#0"},"north":{"uv":[0.0,0.0,2.0,3.25],"tintindex":0,"rotation":0,"texture":"#0"},"west":{"uv":[1.75,3.5,3.25,6.75],"tintindex":0,"rotation":0,"texture":"#0"},"up":{"uv":[5.5,5.0,3.5,3.5],"tintindex":0,"rotation":0,"texture":"#0"},"down":{"uv":[6.5,0.0,4.5,1.5],"tintindex":0,"rotation":0,"texture":"#0"}}}],"display":{"head":{"rotation":[0.0,0.0,0.0]},"firstperson_righthand":{"rotation":[0.0,0.0,0.0]},"thirdperson_lefthand":{"rotation":[0.0,-0.0,-0.0]},"firstperson_lefthand":{"rotation":[0.0,-0.0,-0.0]},"fixed":{"rotation":[0.0,0.0,0.0]},"ground":{"rotation":[0.0,0.0,0.0]},"thirdperson_righthand":{"rotation":[0.0,0.0,0.0]},"gui":{"rotation":[-150.0,-45.0,180.0]}}}