{"textures":{"0":"modelengine:entity/rabbit_infected","particle":"#0"},"elements":[{"from":[6.456583,8.169032,7.0],"to":[8.456583,11.169031,9.0],"faces":{"east":{"uv":[8.25,13.75,8.75,14.5],"tintindex":0,"rotation":0,"texture":"#0"},"south":{"uv":[8.25,13.75,8.75,14.5],"tintindex":0,"rotation":0,"texture":"#0"},"north":{"uv":[8.25,13.75,8.75,14.5],"tintindex":0,"rotation":0,"texture":"#0"},"west":{"uv":[8.75,13.75,8.25,14.5],"tintindex":0,"rotation":0,"texture":"#0"},"up":{"uv":[8.75,13.75,8.25,13.25],"tintindex":0,"rotation":0,"texture":"#0"},"down":{"uv":[9.25,13.25,8.75,13.75],"tintindex":0,"rotation":0,"texture":"#0"}}},{"from":[5.456583,11.169031,6.0],"to":[9.456583,14.169031,10.0],"faces":{"east":{"uv":[6.0,14.25,7.0,15.0],"tintindex":0,"rotation":0,"texture":"#0"},"south":{"uv":[6.0,14.25,7.0,15.0],"tintindex":0,"rotation":0,"texture":"#0"},"north":{"uv":[6.0,14.25,7.0,15.0],"tintindex":0,"rotation":0,"texture":"#0"},"west":{"uv":[7.0,14.25,6.0,15.0],"tintindex":0,"rotation":0,"texture":"#0"},"up":{"uv":[7.0,14.25,6.0,13.25],"tintindex":0,"rotation":0,"texture":"#0"},"down":{"uv":[8.0,13.25,7.0,14.25],"tintindex":0,"rotation":0,"texture":"#0"}}}],"display":{"head":{"rotation":[-0.0,0.0,12.5]},"firstperson_righthand":{"rotation":[-0.0,0.0,12.5]},"thirdperson_lefthand":{"rotation":[-0.0,-0.0,-12.5]},"firstperson_lefthand":{"rotation":[-0.0,-0.0,-12.5]},"fixed":{"rotation":[-0.0,0.0,12.5]},"ground":{"rotation":[-0.0,0.0,12.5]},"thirdperson_righthand":{"rotation":[-0.0,0.0,12.5]},"gui":{"rotation":[-150.0,-45.0,-167.5]}}}