{"textures":{"0":"modelengine:entity/nm_raccoon_texture","particle":"#0"},"elements":[{"from":[7.0,4.0,7.0],"to":[9.0,8.0,9.0],"faces":{"east":{"uv":[5.0,13.5,6.0,15.5],"tintindex":0,"rotation":0,"texture":"#0"},"south":{"uv":[13.5,6.0,14.5,8.0],"tintindex":0,"rotation":0,"texture":"#0"},"north":{"uv":[13.5,0.0,14.5,2.0],"tintindex":0,"rotation":0,"texture":"#0"},"west":{"uv":[6.5,13.5,7.5,15.5],"tintindex":0,"rotation":0,"texture":"#0"},"up":{"uv":[10.5,15.5,9.5,14.5],"tintindex":0,"rotation":0,"texture":"#0"},"down":{"uv":[12.0,14.5,11.0,15.5],"tintindex":0,"rotation":0,"texture":"#0"}}}],"display":{"head":{"rotation":[0.0,0.0,0.0]},"firstperson_righthand":{"rotation":[0.0,0.0,0.0]},"thirdperson_lefthand":{"rotation":[0.0,-0.0,-0.0]},"firstperson_lefthand":{"rotation":[0.0,-0.0,-0.0]},"fixed":{"rotation":[0.0,0.0,0.0]},"ground":{"rotation":[0.0,0.0,0.0]},"thirdperson_righthand":{"rotation":[0.0,0.0,0.0]},"gui":{"rotation":[-150.0,-45.0,180.0]}}}