{
	"texture_size": [32, 32],
	"textures": {
		"1": "custom/items/weekly_trophy"
	},
	"elements": [
		{
			"from": [4, 0, 5],
			"to": [12, 1, 11],
			"faces": {
				"north": {"uv": [9.5, 6, 10, 6.5], "texture": "#1", "tintindex": 0},
				"east": {"uv": [9.5, 6, 10, 6.5], "texture": "#1", "tintindex": 0},
				"south": {"uv": [9.5, 6, 10, 6.5], "texture": "#1", "tintindex": 0},
				"west": {"uv": [10, 4, 13, 4.5], "texture": "#1", "tintindex": 0},
				"up": {"uv": [4, 3, 0, 0], "texture": "#1", "tintindex": 0},
				"down": {"uv": [0.5, 0, 0, 0.5], "texture": "#1", "tintindex": 0}
			}
		},
		{
			"from": [5, 0, 4],
			"to": [11, 1, 12],
			"faces": {
				"north": {"uv": [9.5, 6, 10, 6.5], "texture": "#1", "tintindex": 0},
				"east": {"uv": [9.5, 6, 10, 6.5], "texture": "#1", "tintindex": 0},
				"south": {"uv": [9.5, 6, 10, 6.5], "texture": "#1", "tintindex": 0},
				"west": {"uv": [9.5, 6, 10, 6.5], "texture": "#1", "tintindex": 0},
				"up": {"uv": [7, 4, 4, 0], "texture": "#1", "tintindex": 0},
				"down": {"uv": [0.5, 0, 0, 0.5], "texture": "#1", "tintindex": 0}
			}
		},
		{
			"from": [5, 1, 5],
			"to": [11, 2, 11],
			"faces": {
				"north": {"uv": [4, 7.5, 7, 8], "texture": "#1", "tintindex": 0},
				"east": {"uv": [4, 8, 7, 8.5], "texture": "#1", "tintindex": 0},
				"south": {"uv": [9.5, 6, 10, 6.5], "texture": "#1", "tintindex": 0},
				"west": {"uv": [10, 2.5, 13, 3], "texture": "#1", "tintindex": 0},
				"up": {"uv": [10, 3, 7, 0], "texture": "#1", "tintindex": 0}
			}
		},
		{
			"from": [5, 8, 5],
			"to": [11, 10, 11],
			"faces": {
				"north": {"uv": [4, 6.5, 7, 7.5], "texture": "#1", "tintindex": 0},
				"east": {"uv": [4, 6.5, 7, 7.5], "texture": "#1", "tintindex": 0},
				"south": {"uv": [4, 6.5, 7, 7.5], "texture": "#1", "tintindex": 0},
				"west": {"uv": [4, 6.5, 7, 7.5], "texture": "#1", "tintindex": 0},
				"up": {"uv": [3, 6, 0, 3], "texture": "#1", "tintindex": 0},
				"down": {"uv": [10, 7, 9.5, 7.5], "texture": "#1", "tintindex": 0}
			}
		},
		{
			"from": [6, 6, 6],
			"to": [10, 8, 10],
			"faces": {
				"north": {"uv": [7.5, 5.5, 9.5, 6.5], "texture": "#1", "tintindex": 0},
				"east": {"uv": [7.5, 5.5, 9.5, 6.5], "texture": "#1", "tintindex": 0},
				"south": {"uv": [7.5, 5.5, 9.5, 6.5], "texture": "#1", "tintindex": 0},
				"west": {"uv": [7.5, 5.5, 9.5, 6.5], "texture": "#1", "tintindex": 0},
				"down": {"uv": [10, 7, 9.5, 7.5], "texture": "#1", "tintindex": 0}
			}
		},
		{
			"from": [7, 2, 7],
			"to": [9, 6, 9],
			"faces": {
				"north": {"uv": [3, 3, 4, 5], "texture": "#1", "tintindex": 0},
				"east": {"uv": [3, 3, 4, 5], "texture": "#1", "tintindex": 0},
				"south": {"uv": [3, 3, 4, 5], "texture": "#1", "tintindex": 0},
				"west": {"uv": [3, 3, 4, 5], "texture": "#1", "tintindex": 0}
			}
		},
		{
			"from": [5, 10, 4],
			"to": [11, 15, 6],
			"faces": {
				"north": {"uv": [4, 4, 7, 6.5], "texture": "#1", "tintindex": 0},
				"east": {"uv": [0, 6, 0.5, 8.5], "texture": "#1", "tintindex": 0},
				"south": {"uv": [0, 6, 3, 8.5], "texture": "#1", "tintindex": 0},
				"west": {"uv": [10, 6.5, 10.5, 7], "texture": "#1", "tintindex": 0},
				"up": {"uv": [13, 3.5, 10, 3], "texture": "#1", "tintindex": 0},
				"down": {"uv": [10, 6, 9.5, 6.5], "texture": "#1", "tintindex": 0}
			}
		},
		{
			"from": [5, 10, 10],
			"to": [11, 15, 12],
			"faces": {
				"north": {"uv": [0, 6, 3, 8.5], "texture": "#1", "tintindex": 0},
				"east": {"uv": [9.5, 6.5, 10, 7], "texture": "#1", "tintindex": 0},
				"south": {"uv": [7, 3, 10, 5.5], "texture": "#1", "tintindex": 0},
				"west": {"uv": [0, 6, 0.5, 8.5], "texture": "#1", "tintindex": 0},
				"up": {"uv": [13, 3.5, 10, 3], "texture": "#1", "tintindex": 0},
				"down": {"uv": [13, 3.5, 10, 4], "texture": "#1", "tintindex": 0}
			}
		},
		{
			"from": [4, 10, 5],
			"to": [6, 15, 11],
			"faces": {
				"north": {"uv": [3, 6, 2.5, 8.5], "texture": "#1", "tintindex": 0},
				"east": {"uv": [10, 0, 13, 2.5], "texture": "#1", "tintindex": 0},
				"south": {"uv": [9.5, 6.5, 10, 7], "texture": "#1", "tintindex": 0},
				"west": {"uv": [10, 4.5, 13, 7], "texture": "#1", "tintindex": 0},
				"up": {"uv": [7.5, 8.5, 7, 5.5], "texture": "#1", "tintindex": 0},
				"down": {"uv": [10, 7, 9.5, 7.5], "texture": "#1", "tintindex": 0}
			}
		},
		{
			"from": [10, 10, 5],
			"to": [12, 15, 11],
			"faces": {
				"north": {"uv": [9.5, 6.5, 10, 7], "texture": "#1", "tintindex": 0},
				"east": {"uv": [10, 4.5, 13, 7], "texture": "#1", "tintindex": 0},
				"south": {"uv": [0, 6, 0.5, 8.5], "texture": "#1", "tintindex": 0},
				"west": {"uv": [0, 6, 3, 8.5], "texture": "#1", "tintindex": 0},
				"up": {"uv": [7.5, 8.5, 7, 5.5], "texture": "#1", "tintindex": 0},
				"down": {"uv": [10, 6, 9.5, 6.5], "texture": "#1", "tintindex": 0}
			}
		},
		{
			"from": [7.5, 4, 13],
			"to": [8.5, 11, 14],
			"rotation": {"angle": 45, "axis": "x", "origin": [8, 10, 14.5]},
			"faces": {
				"north": {"uv": [3, 5, 3.5, 8.5], "texture": "#1", "tintindex": 0},
				"east": {"uv": [3.5, 5, 4, 8.5], "texture": "#1", "tintindex": 0},
				"south": {"uv": [3, 5, 3.5, 8.5], "texture": "#1", "tintindex": 0},
				"west": {"uv": [3.5, 5, 4, 8.5], "texture": "#1", "tintindex": 0}
			}
		},
		{
			"from": [7.5, 11, 14],
			"to": [8.5, 13, 15],
			"rotation": {"angle": 0, "axis": "y", "origin": [0, 0, 16]},
			"faces": {
				"north": {"uv": [7.5, 7, 8, 8], "texture": "#1", "tintindex": 0},
				"east": {"uv": [8, 7, 8.5, 8], "texture": "#1", "tintindex": 0},
				"south": {"uv": [7.5, 7, 8, 8], "texture": "#1", "tintindex": 0},
				"west": {"uv": [8, 7, 8.5, 8], "texture": "#1", "tintindex": 0},
				"up": {"uv": [10, 6, 9.5, 5.5], "texture": "#1", "tintindex": 0},
				"down": {"uv": [10, 5.5, 9.5, 6], "texture": "#1", "tintindex": 0}
			}
		},
		{
			"from": [7.5, 13, 14],
			"to": [8.5, 13.5, 14.5],
			"rotation": {"angle": 0, "axis": "y", "origin": [0, 0, 16]},
			"faces": {
				"east": {"uv": [8, 6.5, 8.5, 7], "texture": "#1", "tintindex": 0},
				"south": {"uv": [9.5, 5.5, 10, 6], "texture": "#1", "tintindex": 0},
				"west": {"uv": [8, 6.5, 8.5, 7], "texture": "#1", "tintindex": 0},
				"up": {"uv": [10, 6, 9.5, 5.5], "texture": "#1", "tintindex": 0}
			}
		},
		{
			"from": [7.5, 13, 12],
			"to": [8.5, 14, 14],
			"rotation": {"angle": 0, "axis": "y", "origin": [0, 0, 16]},
			"faces": {
				"east": {"uv": [8.5, 6.5, 9.5, 7], "texture": "#1", "tintindex": 0},
				"south": {"uv": [9.5, 6, 10, 6.5], "texture": "#1", "tintindex": 0},
				"west": {"uv": [7.5, 6.5, 8.5, 7], "texture": "#1", "tintindex": 0},
				"up": {"uv": [10.5, 8, 10, 7], "texture": "#1", "tintindex": 0},
				"down": {"uv": [8, 7, 7.5, 8], "texture": "#1", "tintindex": 0}
			}
		},
		{
			"from": [7.5, 4, 2],
			"to": [8.5, 11, 3],
			"rotation": {"angle": -45, "axis": "x", "origin": [8, 10, 1.5]},
			"faces": {
				"north": {"uv": [3, 5, 3.5, 8.5], "texture": "#1", "tintindex": 0},
				"east": {"uv": [3.5, 5, 4, 8.5], "texture": "#1", "tintindex": 0},
				"south": {"uv": [3, 5, 3.5, 8.5], "texture": "#1", "tintindex": 0},
				"west": {"uv": [3.5, 5, 4, 8.5], "texture": "#1", "tintindex": 0}
			}
		},
		{
			"from": [7.5, 11, 1],
			"to": [8.5, 13, 2],
			"faces": {
				"north": {"uv": [8, 7, 8.5, 8], "texture": "#1", "tintindex": 0},
				"east": {"uv": [8, 7, 8.5, 8], "texture": "#1", "tintindex": 0},
				"south": {"uv": [8, 7, 8.5, 8], "texture": "#1", "tintindex": 0},
				"west": {"uv": [8, 7, 8.5, 8], "texture": "#1", "tintindex": 0},
				"up": {"uv": [10, 6, 9.5, 5.5], "texture": "#1", "tintindex": 0},
				"down": {"uv": [10, 6, 9.5, 6.5], "texture": "#1", "tintindex": 0}
			}
		},
		{
			"from": [7.5, 13, 1.5],
			"to": [8.5, 13.5, 2],
			"faces": {
				"north": {"uv": [9.5, 5.5, 10, 6], "texture": "#1", "tintindex": 0},
				"east": {"uv": [8, 6.5, 8.5, 7], "texture": "#1", "tintindex": 0},
				"west": {"uv": [8, 6.5, 8.5, 7], "texture": "#1", "tintindex": 0},
				"up": {"uv": [10, 6, 9.5, 5.5], "texture": "#1", "tintindex": 0}
			}
		},
		{
			"from": [7.5, 13, 2],
			"to": [8.5, 14, 4],
			"faces": {
				"north": {"uv": [9.5, 7.5, 10, 8], "texture": "#1", "tintindex": 0},
				"east": {"uv": [7.5, 6.5, 8.5, 7], "texture": "#1", "tintindex": 0},
				"west": {"uv": [8.5, 6.5, 9.5, 7], "texture": "#1", "tintindex": 0},
				"up": {"uv": [9, 8, 8.5, 7], "texture": "#1", "tintindex": 0},
				"down": {"uv": [9.5, 7, 9, 8], "texture": "#1", "tintindex": 0}
			}
		}
	],
	"gui_light": "front",
	"display": {
		"thirdperson_righthand": {
			"translation": [0, 5.5, 0],
			"scale": [0.75, 0.75, 0.75]
		},
		"thirdperson_lefthand": {
			"translation": [0, 5.5, 0],
			"scale": [0.75, 0.75, 0.75]
		},
		"firstperson_righthand": {
			"scale": [0.75, 0.75, 0.75]
		},
		"firstperson_lefthand": {
			"scale": [0.75, 0.75, 0.75]
		},
		"ground": {
			"translation": [0, 4.25, 0]
		},
		"gui": {
			"rotation": [0, 90, 0],
			"translation": [0, 0.5, 0]
		},
		"head": {
			"translation": [0, 14, 0]
		},
		"fixed": {
			"rotation": [-90, 90, 0],
			"translation": [0, 0, -10.75],
			"scale": [1.4, 1.4, 1.4]
		}
	},
	"groups": [
		0,
		1,
		2,
		3,
		4,
		5,
		6,
		7,
		8,
		9,
		{
			"name": "group",
			"origin": [0, 0, 0],
			"color": 0,
			"children": [10, 11, 12, 13]
		},
		{
			"name": "group",
			"origin": [0, 0, 0],
			"color": 0,
			"children": [14, 15, 16, 17]
		}
	]
}