{"textures":{"0":"modelengine:entity/rabbit_normal","particle":"#0"},"elements":[{"from":[7.35937,7.925,7.5599],"to":[7.35937,8.425,8.0599],"faces":{"west":{"uv":[5.0,1.25,5.25,1.5],"tintindex":0,"rotation":0,"texture":"#0"}}},{"from":[7.39062,7.075,7.4401],"to":[9.89062,8.575,8.9401],"faces":{"east":{"uv":[4.75,0.75,5.0,1.0],"tintindex":0,"rotation":0,"texture":"#0"},"south":{"uv":[5.75,0.75,6.25,1.0],"tintindex":0,"rotation":0,"texture":"#0"},"north":{"uv":[5.0,0.75,5.5,1.0],"tintindex":0,"rotation":0,"texture":"#0"},"west":{"uv":[5.5,0.75,5.75,1.0],"tintindex":0,"rotation":0,"texture":"#0"},"up":{"uv":[5.5,0.75,5.0,0.5],"tintindex":0,"rotation":0,"texture":"#0"},"down":{"uv":[6.0,0.5,5.5,0.75],"tintindex":0,"rotation":0,"texture":"#0"}}}],"display":{"head":{"rotation":[0.0,0.0,0.0]},"firstperson_righthand":{"rotation":[0.0,0.0,0.0]},"thirdperson_lefthand":{"rotation":[0.0,-0.0,-0.0]},"firstperson_lefthand":{"rotation":[0.0,-0.0,-0.0]},"fixed":{"rotation":[0.0,0.0,0.0]},"ground":{"rotation":[0.0,0.0,0.0]},"thirdperson_righthand":{"rotation":[0.0,0.0,0.0]},"gui":{"rotation":[-150.0,-45.0,180.0]}}}