{"textures":{"0":"modelengine:entity/rabbit_normal","particle":"#0"},"elements":[{"from":[6.5,4.5,6.5],"to":[9.5,9.5,9.5],"faces":{"east":{"uv":[0.25,8.5,1.0,9.75],"tintindex":0,"rotation":0,"texture":"#0"},"south":{"uv":[2.5,8.5,3.25,9.75],"tintindex":0,"rotation":0,"texture":"#0"},"north":{"uv":[1.0,8.5,1.75,9.75],"tintindex":0,"rotation":0,"texture":"#0"},"west":{"uv":[1.75,8.5,2.5,9.75],"tintindex":0,"rotation":0,"texture":"#0"},"up":{"uv":[1.75,8.5,1.0,7.75],"tintindex":0,"rotation":0,"texture":"#0"},"down":{"uv":[2.5,7.75,1.75,8.5],"tintindex":0,"rotation":0,"texture":"#0"}}}],"display":{"head":{"rotation":[0.0,0.0,0.0]},"firstperson_righthand":{"rotation":[0.0,0.0,0.0]},"thirdperson_lefthand":{"rotation":[0.0,-0.0,-0.0]},"firstperson_lefthand":{"rotation":[0.0,-0.0,-0.0]},"fixed":{"rotation":[0.0,0.0,0.0]},"ground":{"rotation":[0.0,0.0,0.0]},"thirdperson_righthand":{"rotation":[0.0,0.0,0.0]},"gui":{"rotation":[-150.0,-45.0,180.0]}}}