{"textures":{"0":"modelengine:entity/nm_reindeer_texture","particle":"#0"},"elements":[{"from":[12.341698,11.503521,6.0169754],"to":[15.341698,13.503521,7.0169754],"faces":{"east":{"uv":[3.25,5.625,3.125,5.875],"tintindex":0,"rotation":0,"texture":"#0"},"south":{"uv":[8.875,3.25,8.5,3.5],"tintindex":0,"rotation":0,"texture":"#0"},"north":{"uv":[7.0,3.75,6.625,4.0],"tintindex":0,"rotation":0,"texture":"#0"},"west":{"uv":[3.25,5.25,3.125,5.5],"tintindex":0,"rotation":0,"texture":"#0"},"up":{"uv":[7.5,6.125,7.875,6.0],"tintindex":0,"rotation":0,"texture":"#0"},"down":{"uv":[8.75,2.25,9.125,2.375],"tintindex":0,"rotation":0,"texture":"#0"}},"rotation":{"origin":[13.485661,10.180033,10.930151],"angle":22.5,"axis":"z"}},{"from":[5.0,7.0259895,-5.4830256],"to":[11.0,12.02599,0.5169754],"faces":{"east":{"uv":[7.375,6.25,8.125,6.875],"tintindex":0,"rotation":0,"texture":"#0"},"south":{"uv":[0.625,7.5,1.375,8.125],"tintindex":0,"rotation":0,"texture":"#0"},"north":{"uv":[6.75,7.25,7.5,7.875],"tintindex":0,"rotation":0,"texture":"#0"},"west":{"uv":[7.5,5.25,8.25,5.875],"tintindex":0,"rotation":0,"texture":"#0"},"up":{"uv":[8.0,2.75,7.25,2.0],"tintindex":0,"rotation":0,"texture":"#0"},"down":{"uv":[8.0,2.875,7.25,3.625],"tintindex":0,"rotation":0,"texture":"#0"}}},{"from":[4.0,7.0259895,0.5169754],"to":[12.0,14.02599,9.516975],"faces":{"east":{"uv":[5.875,4.25,7.0,5.125],"tintindex":0,"rotation":0,"texture":"#0"},"south":{"uv":[0.875,6.5,1.875,7.375],"tintindex":0,"rotation":0,"texture":"#0"},"north":{"uv":[6.25,6.25,7.25,7.125],"tintindex":0,"rotation":0,"texture":"#0"},"west":{"uv":[6.25,5.25,7.375,6.125],"tintindex":0,"rotation":0,"texture":"#0"},"up":{"uv":[1.875,6.375,0.875,5.25],"tintindex":0,"rotation":0,"texture":"#0"},"down":{"uv":[3.0,5.25,2.0,6.375],"tintindex":0,"rotation":0,"texture":"#0"}}}],"display":{"head":{"rotation":[0.0,0.0,0.0]},"firstperson_righthand":{"rotation":[0.0,0.0,0.0]},"thirdperson_lefthand":{"rotation":[0.0,-0.0,-0.0]},"firstperson_lefthand":{"rotation":[0.0,-0.0,-0.0]},"fixed":{"rotation":[0.0,0.0,0.0]},"ground":{"rotation":[0.0,0.0,0.0]},"thirdperson_righthand":{"rotation":[0.0,0.0,0.0]},"gui":{"rotation":[-150.0,-45.0,180.0]}}}