{"textures":{"0":"modelengine:entity/nm_reindeer_texture","particle":"#0"},"elements":[{"from":[5.025,9.605555,5.46194],"to":[11.025,23.605556,12.46194],"faces":{"east":{"uv":[5.0,0.0,5.875,1.75],"tintindex":0,"rotation":0,"texture":"#0"},"south":{"uv":[0.0,5.25,0.75,7.0],"tintindex":0,"rotation":0,"texture":"#0"},"north":{"uv":[5.0,3.75,5.75,5.5],"tintindex":0,"rotation":0,"texture":"#0"},"west":{"uv":[5.0,1.875,5.875,3.625],"tintindex":0,"rotation":0,"texture":"#0"},"up":{"uv":[8.0,0.875,7.25,0.0],"tintindex":0,"rotation":0,"texture":"#0"},"down":{"uv":[8.0,1.0,7.25,1.875],"tintindex":0,"rotation":0,"texture":"#0"}}},{"from":[6.025,12.605555,1.4619398],"to":[10.025,23.605556,5.46194],"faces":{"east":{"uv":[3.875,6.75,4.375,8.125],"tintindex":0,"rotation":0,"texture":"#0"},"south":{"uv":[0.0,7.125,0.5,8.5],"tintindex":0,"rotation":0,"texture":"#0"},"north":{"uv":[3.25,6.75,3.75,8.125],"tintindex":0,"rotation":0,"texture":"#0"},"west":{"uv":[7.125,3.75,7.625,5.125],"tintindex":0,"rotation":0,"texture":"#0"},"up":{"uv":[8.5,7.5,8.0,7.0],"tintindex":0,"rotation":0,"texture":"#0"},"down":{"uv":[8.5,7.625,8.0,8.125],"tintindex":0,"rotation":0,"texture":"#0"}}}],"display":{"head":{"rotation":[0.0,0.0,0.0]},"firstperson_righthand":{"rotation":[0.0,0.0,0.0]},"thirdperson_lefthand":{"rotation":[0.0,-0.0,-0.0]},"firstperson_lefthand":{"rotation":[0.0,-0.0,-0.0]},"fixed":{"rotation":[0.0,0.0,0.0]},"ground":{"rotation":[0.0,0.0,0.0]},"thirdperson_righthand":{"rotation":[0.0,0.0,0.0]},"gui":{"rotation":[-150.0,-45.0,180.0]}}}