{"textures":{"0":"modelengine:entity/nm_reindeer_texture","particle":"#0"},"elements":[{"from":[4.387802,9.856483,4.0868244],"to":[6.387802,21.856483,6.0868244],"faces":{"east":{"uv":[7.625,7.0,7.875,8.5],"tintindex":0,"rotation":0,"texture":"#0"},"south":{"uv":[5.0,7.75,5.25,9.25],"tintindex":0,"rotation":0,"texture":"#0"},"north":{"uv":[1.5,7.5,1.75,9.0],"tintindex":0,"rotation":0,"texture":"#0"},"west":{"uv":[5.375,7.75,5.625,9.25],"tintindex":0,"rotation":0,"texture":"#0"},"up":{"uv":[6.125,5.5,5.875,5.25],"tintindex":0,"rotation":0,"texture":"#0"},"down":{"uv":[4.5,8.625,4.25,8.875],"tintindex":0,"rotation":0,"texture":"#0"}}},{"from":[4.387802,12.856483,0.08682442],"to":[6.387802,14.856483,4.0868244],"faces":{"east":{"uv":[1.875,8.375,2.375,8.625],"tintindex":0,"rotation":0,"texture":"#0"},"south":{"uv":[8.625,5.875,8.875,6.125],"tintindex":0,"rotation":0,"texture":"#0"},"north":{"uv":[4.625,8.625,4.875,8.875],"tintindex":0,"rotation":0,"texture":"#0"},"west":{"uv":[2.5,8.375,3.0,8.625],"tintindex":0,"rotation":0,"texture":"#0"},"up":{"uv":[8.625,5.75,8.375,5.25],"tintindex":0,"rotation":0,"texture":"#0"},"down":{"uv":[8.625,8.25,8.375,8.75],"tintindex":0,"rotation":0,"texture":"#0"}}},{"from":[4.387802,16.856483,-0.9131756],"to":[6.387802,18.856483,4.0868244],"faces":{"east":{"uv":[3.25,8.25,3.875,8.5],"tintindex":0,"rotation":0,"texture":"#0"},"south":{"uv":[2.25,8.75,2.5,9.0],"tintindex":0,"rotation":0,"texture":"#0"},"north":{"uv":[8.75,1.875,9.0,2.125],"tintindex":0,"rotation":0,"texture":"#0"},"west":{"uv":[4.0,8.25,4.625,8.5],"tintindex":0,"rotation":0,"texture":"#0"},"up":{"uv":[8.5,6.625,8.25,6.0],"tintindex":0,"rotation":0,"texture":"#0"},"down":{"uv":[8.25,8.25,8.0,8.875],"tintindex":0,"rotation":0,"texture":"#0"}}},{"from":[-2.612197,26.856483,10.086824],"to":[-0.6121979,28.856483,12.086824],"faces":{"east":{"uv":[9.0,3.25,9.25,3.5],"tintindex":0,"rotation":0,"texture":"#0"},"south":{"uv":[4.25,9.0,4.5,9.25],"tintindex":0,"rotation":0,"texture":"#0"},"north":{"uv":[8.75,8.875,9.0,9.125],"tintindex":0,"rotation":0,"texture":"#0"},"west":{"uv":[4.625,9.0,4.875,9.25],"tintindex":0,"rotation":0,"texture":"#0"},"up":{"uv":[9.25,5.875,9.0,5.625],"tintindex":0,"rotation":0,"texture":"#0"},"down":{"uv":[9.25,6.0,9.0,6.25],"tintindex":0,"rotation":0,"texture":"#0"}}},{"from":[2.3878021,16.856483,-0.9131756],"to":[4.387802,18.856483,1.0868244],"faces":{"east":{"uv":[8.75,0.375,9.0,0.625],"tintindex":0,"rotation":0,"texture":"#0"},"south":{"uv":[8.75,0.75,9.0,1.0],"tintindex":0,"rotation":0,"texture":"#0"},"north":{"uv":[8.75,0.0,9.0,0.25],"tintindex":0,"rotation":0,"texture":"#0"},"west":{"uv":[8.75,1.125,9.0,1.375],"tintindex":0,"rotation":0,"texture":"#0"},"up":{"uv":[9.0,1.75,8.75,1.5],"tintindex":0,"rotation":0,"texture":"#0"},"down":{"uv":[2.125,8.75,1.875,9.0],"tintindex":0,"rotation":0,"texture":"#0"}}},{"from":[-0.6121979,26.856483,8.086824],"to":[1.3878021,28.856483,12.086824],"faces":{"east":{"uv":[8.5,2.5,9.0,2.75],"tintindex":0,"rotation":0,"texture":"#0"},"south":{"uv":[8.375,8.875,8.625,9.125],"tintindex":0,"rotation":0,"texture":"#0"},"north":{"uv":[8.75,8.5,9.0,8.75],"tintindex":0,"rotation":0,"texture":"#0"},"west":{"uv":[8.5,2.875,9.0,3.125],"tintindex":0,"rotation":0,"texture":"#0"},"up":{"uv":[0.25,9.125,0.0,8.625],"tintindex":0,"rotation":0,"texture":"#0"},"down":{"uv":[3.375,8.625,3.125,9.125],"tintindex":0,"rotation":0,"texture":"#0"}}},{"from":[-0.6121979,21.856483,6.0868244],"to":[1.3878021,28.856483,8.086824],"faces":{"east":{"uv":[8.125,2.5,8.375,3.375],"tintindex":0,"rotation":0,"texture":"#0"},"south":{"uv":[0.625,8.25,0.875,9.125],"tintindex":0,"rotation":0,"texture":"#0"},"north":{"uv":[7.125,8.0,7.375,8.875],"tintindex":0,"rotation":0,"texture":"#0"},"west":{"uv":[1.0,8.25,1.25,9.125],"tintindex":0,"rotation":0,"texture":"#0"},"up":{"uv":[6.375,9.0,6.125,8.75],"tintindex":0,"rotation":0,"texture":"#0"},"down":{"uv":[9.0,8.125,8.75,8.375],"tintindex":0,"rotation":0,"texture":"#0"}}},{"from":[2.3878021,12.856483,0.08682442],"to":[4.387802,14.856483,2.0868244],"faces":{"east":{"uv":[8.625,6.625,8.875,6.875],"tintindex":0,"rotation":0,"texture":"#0"},"south":{"uv":[8.625,7.0,8.875,7.25],"tintindex":0,"rotation":0,"texture":"#0"},"north":{"uv":[8.625,6.25,8.875,6.5],"tintindex":0,"rotation":0,"texture":"#0"},"west":{"uv":[8.625,7.375,8.875,7.625],"tintindex":0,"rotation":0,"texture":"#0"},"up":{"uv":[7.75,8.875,7.5,8.625],"tintindex":0,"rotation":0,"texture":"#0"},"down":{"uv":[8.875,7.75,8.625,8.0],"tintindex":0,"rotation":0,"texture":"#0"}}},{"from":[-5.612197,19.856483,6.0868244],"to":[6.387802,21.856483,8.086824],"faces":{"east":{"uv":[2.625,8.75,2.875,9.0],"tintindex":0,"rotation":0,"texture":"#0"},"south":{"uv":[7.75,4.125,9.25,4.375],"tintindex":0,"rotation":0,"texture":"#0"},"north":{"uv":[7.75,3.75,9.25,4.0],"tintindex":0,"rotation":0,"texture":"#0"},"west":{"uv":[8.75,5.25,9.0,5.5],"tintindex":0,"rotation":0,"texture":"#0"},"up":{"uv":[9.25,4.75,7.75,4.5],"tintindex":0,"rotation":0,"texture":"#0"},"down":{"uv":[9.25,4.875,7.75,5.125],"tintindex":0,"rotation":0,"texture":"#0"}}}],"display":{"head":{"rotation":[0.0,0.0,0.0]},"firstperson_righthand":{"rotation":[0.0,0.0,0.0]},"thirdperson_lefthand":{"rotation":[0.0,-0.0,-0.0]},"firstperson_lefthand":{"rotation":[0.0,-0.0,-0.0]},"fixed":{"rotation":[0.0,0.0,0.0]},"ground":{"rotation":[0.0,0.0,0.0]},"thirdperson_righthand":{"rotation":[0.0,0.0,0.0]},"gui":{"rotation":[-150.0,-45.0,180.0]}}}