{"textures":{"0":"modelengine:entity/nm_reindeer_texture","particle":"#0"},"elements":[{"from":[2.0,7.5,-15.0],"to":[14.0,20.5,11.0],"faces":{"east":{"uv":[0.0,0.0,3.25,1.625],"tintindex":0,"rotation":0,"texture":"#0"},"south":{"uv":[1.625,3.5,3.125,5.125],"tintindex":0,"rotation":0,"texture":"#0"},"north":{"uv":[0.0,3.5,1.5,5.125],"tintindex":0,"rotation":0,"texture":"#0"},"west":{"uv":[0.0,1.75,3.25,3.375],"tintindex":0,"rotation":0,"texture":"#0"},"up":{"uv":[4.875,3.25,3.375,0.0],"tintindex":0,"rotation":0,"texture":"#0"},"down":{"uv":[4.875,3.375,3.375,6.625],"tintindex":0,"rotation":0,"texture":"#0"}}}],"display":{"head":{"rotation":[0.0,0.0,0.0]},"firstperson_righthand":{"rotation":[0.0,0.0,0.0]},"thirdperson_lefthand":{"rotation":[0.0,-0.0,-0.0]},"firstperson_lefthand":{"rotation":[0.0,-0.0,-0.0]},"fixed":{"rotation":[0.0,0.0,0.0]},"ground":{"rotation":[0.0,0.0,0.0]},"thirdperson_righthand":{"rotation":[0.0,0.0,0.0]},"gui":{"rotation":[-150.0,-45.0,180.0]}}}