{"textures":{"0":"modelengine:entity/nm_elephant_texture","particle":"#0"},"elements":[{"from":[-1.0,3.9684658,-4.144145],"to":[17.0,19.968466,19.855854],"faces":{"east":{"uv":[0.0,3.0,3.0,5.0],"tintindex":0,"rotation":0,"texture":"#0"},"south":{"uv":[0.0,5.0,2.25,7.0],"tintindex":0,"rotation":0,"texture":"#0"},"north":{"uv":[4.5,0.0,6.75,2.0],"tintindex":0,"rotation":0,"texture":"#0"},"west":{"uv":[3.0,3.0,6.0,5.0],"tintindex":0,"rotation":0,"texture":"#0"},"up":{"uv":[2.25,3.0,0.0,0.0],"tintindex":0,"rotation":0,"texture":"#0"},"down":{"uv":[4.5,0.0,2.25,3.0],"tintindex":0,"rotation":0,"texture":"#0"}}}],"display":{"head":{"rotation":[0.0,0.0,0.0]},"firstperson_righthand":{"rotation":[0.0,0.0,0.0]},"thirdperson_lefthand":{"rotation":[0.0,-0.0,-0.0]},"firstperson_lefthand":{"rotation":[0.0,-0.0,-0.0]},"fixed":{"rotation":[0.0,0.0,0.0]},"ground":{"rotation":[0.0,0.0,0.0]},"thirdperson_righthand":{"rotation":[0.0,0.0,0.0]},"gui":{"rotation":[-150.0,-45.0,180.0]}}}