{"textures":{"0":"modelengine:entity/nm_elephant_texture","particle":"#0"},"elements":[{"from":[5.0,-5.0,5.0],"to":[11.0,9.0,11.0],"faces":{"east":{"uv":[7.5,1.625,8.25,3.375],"tintindex":0,"rotation":0,"texture":"#0"},"south":{"uv":[7.875,6.75,8.625,8.5],"tintindex":0,"rotation":0,"texture":"#0"},"north":{"uv":[7.125,6.75,7.875,8.5],"tintindex":0,"rotation":0,"texture":"#0"},"west":{"uv":[8.125,3.375,8.875,5.125],"tintindex":0,"rotation":0,"texture":"#0"},"up":{"uv":[9.375,7.625,8.625,6.875],"tintindex":0,"rotation":0,"texture":"#0"},"down":{"uv":[9.375,7.625,8.625,8.375],"tintindex":0,"rotation":0,"texture":"#0"}}}],"display":{"head":{"rotation":[0.0,0.0,0.0]},"firstperson_righthand":{"rotation":[0.0,0.0,0.0]},"thirdperson_lefthand":{"rotation":[0.0,-0.0,-0.0]},"firstperson_lefthand":{"rotation":[0.0,-0.0,-0.0]},"fixed":{"rotation":[0.0,0.0,0.0]},"ground":{"rotation":[0.0,0.0,0.0]},"thirdperson_righthand":{"rotation":[0.0,0.0,0.0]},"gui":{"rotation":[-150.0,-45.0,180.0]}}}