{"textures":{"0":"modelengine:entity/nm_elephant_texture","particle":"#0"},"elements":[{"from":[6.0,-6.23172,7.1216297],"to":[10.0,11.76828,9.12163],"faces":{"east":{"uv":[8.125,0.0,8.25,1.125],"tintindex":0,"rotation":0,"texture":"#0"},"south":{"uv":[4.75,9.25,5.0,10.375],"tintindex":0,"rotation":0,"texture":"#0"},"north":{"uv":[4.5,9.25,4.75,10.375],"tintindex":0,"rotation":0,"texture":"#0"},"west":{"uv":[9.5625,9.75,9.6875,10.875],"tintindex":0,"rotation":0,"texture":"#0"},"up":{"uv":[6.25,4.875,6.0,4.75],"tintindex":0,"rotation":0,"texture":"#0"},"down":{"uv":[6.25,4.875,6.0,5.0],"tintindex":0,"rotation":0,"texture":"#0"}}},{"from":[5.0,-14.23172,8.12163],"to":[11.0,-6.23172,8.12163],"faces":{"south":{"uv":[9.5,4.1875,9.875,4.6875],"tintindex":0,"rotation":0,"texture":"#0"},"north":{"uv":[9.5,3.6875,9.875,4.1875],"tintindex":0,"rotation":0,"texture":"#0"}}}],"display":{"head":{"rotation":[0.0,0.0,0.0]},"firstperson_righthand":{"rotation":[0.0,0.0,0.0]},"thirdperson_lefthand":{"rotation":[0.0,-0.0,-0.0]},"firstperson_lefthand":{"rotation":[0.0,-0.0,-0.0]},"fixed":{"rotation":[0.0,0.0,0.0]},"ground":{"rotation":[0.0,0.0,0.0]},"thirdperson_righthand":{"rotation":[0.0,0.0,0.0]},"gui":{"rotation":[-150.0,-45.0,180.0]}}}