{"textures":{"0":"modelengine:entity/nm_elephant_texture","particle":"#0"},"elements":[{"from":[3.0,-3.4477596,6.1903706],"to":[13.0,10.55224,16.19037],"faces":{"east":{"uv":[8.875,4.125,9.5,5.0],"tintindex":0,"rotation":0,"texture":"#0"},"south":{"uv":[8.875,5.0,9.5,5.875],"tintindex":0,"rotation":0,"texture":"#0"},"north":{"uv":[8.875,3.25,9.5,4.125],"tintindex":0,"rotation":0,"texture":"#0"},"west":{"uv":[9.0,0.0,9.625,0.875],"tintindex":0,"rotation":0,"texture":"#0"},"up":{"uv":[9.625,3.25,9.0,2.625],"tintindex":0,"rotation":0,"texture":"#0"},"down":{"uv":[8.625,9.25,8.0,9.875],"tintindex":0,"rotation":0,"texture":"#0"}},"rotation":{"origin":[8.0,0.5522404,11.190371],"angle":-22.5,"axis":"x"}}],"display":{"head":{"rotation":[0.0,0.0,0.0]},"firstperson_righthand":{"rotation":[0.0,0.0,0.0]},"thirdperson_lefthand":{"rotation":[0.0,-0.0,-0.0]},"firstperson_lefthand":{"rotation":[0.0,-0.0,-0.0]},"fixed":{"rotation":[0.0,0.0,0.0]},"ground":{"rotation":[0.0,0.0,0.0]},"thirdperson_righthand":{"rotation":[0.0,0.0,0.0]},"gui":{"rotation":[-150.0,-45.0,180.0]}}}