{"textures":{"0":"modelengine:entity/nm_elephant_texture","particle":"#0"},"elements":[{"from":[4.0,-4.28508,2.7308502],"to":[12.0,9.71492,10.73085],"faces":{"east":{"uv":[9.0,0.875,9.5,1.75],"tintindex":0,"rotation":0,"texture":"#0"},"south":{"uv":[9.0,1.75,9.5,2.625],"tintindex":0,"rotation":0,"texture":"#0"},"north":{"uv":[4.5,8.375,5.0,9.25],"tintindex":0,"rotation":0,"texture":"#0"},"west":{"uv":[8.75,9.125,9.25,10.0],"tintindex":0,"rotation":0,"texture":"#0"},"up":{"uv":[1.375,10.0,0.875,9.5],"tintindex":0,"rotation":0,"texture":"#0"},"down":{"uv":[10.0,0.875,9.5,1.375],"tintindex":0,"rotation":0,"texture":"#0"}},"rotation":{"origin":[8.0,11.71492,6.73085],"angle":-22.5,"axis":"x"}}],"display":{"head":{"rotation":[0.0,0.0,0.0]},"firstperson_righthand":{"rotation":[0.0,0.0,0.0]},"thirdperson_lefthand":{"rotation":[0.0,-0.0,-0.0]},"firstperson_lefthand":{"rotation":[0.0,-0.0,-0.0]},"fixed":{"rotation":[0.0,0.0,0.0]},"ground":{"rotation":[0.0,0.0,0.0]},"thirdperson_righthand":{"rotation":[0.0,0.0,0.0]},"gui":{"rotation":[-150.0,-45.0,180.0]}}}