{"textures":{"0":"modelengine:entity/nm_bison_texture","particle":"#0"},"elements":[{"from":[11.2,-10.9,3.5],"to":[11.2,-6.8999996,12.5],"faces":{"east":{"uv":[12.0,9.75,13.125,10.25],"tintindex":0,"rotation":0,"texture":"#0"},"west":{"uv":[12.0,9.75,13.125,10.25],"tintindex":0,"rotation":0,"texture":"#0"}}},{"from":[7.2,-10.9,12.5],"to":[11.2,-6.8999996,12.5],"faces":{"south":{"uv":[8.75,12.5,9.25,13.0],"tintindex":0,"rotation":0,"texture":"#0"},"north":{"uv":[9.25,12.5,8.75,13.0],"tintindex":0,"rotation":0,"texture":"#0"}}},{"from":[7.2,-10.9,3.5],"to":[11.2,-6.8999996,3.5],"faces":{"south":{"uv":[9.75,12.5,9.25,13.0],"tintindex":0,"rotation":0,"texture":"#0"},"north":{"uv":[9.25,12.5,9.75,13.0],"tintindex":0,"rotation":0,"texture":"#0"}}},{"from":[5.2,-13.9,5.5],"to":[10.2,-6.8999996,10.5],"faces":{"east":{"uv":[12.125,5.375,12.75,6.25],"tintindex":0,"rotation":0,"texture":"#0"},"south":{"uv":[12.125,6.25,12.75,7.125],"tintindex":0,"rotation":0,"texture":"#0"},"north":{"uv":[12.125,4.5,12.75,5.375],"tintindex":0,"rotation":0,"texture":"#0"},"west":{"uv":[12.125,7.75,12.75,8.625],"tintindex":0,"rotation":0,"texture":"#0"},"up":{"uv":[12.75,9.25,12.125,8.625],"tintindex":0,"rotation":0,"texture":"#0"},"down":{"uv":[4.75,12.25,4.125,12.875],"tintindex":0,"rotation":0,"texture":"#0"}}},{"from":[4.2,-6.8999996,3.5],"to":[11.2,11.1,12.5],"faces":{"east":{"uv":[5.0,10.0,6.125,12.25],"tintindex":0,"rotation":0,"texture":"#0"},"south":{"uv":[9.875,10.0,10.75,12.25],"tintindex":0,"rotation":0,"texture":"#0"},"north":{"uv":[9.0,10.0,9.875,12.25],"tintindex":0,"rotation":0,"texture":"#0"},"west":{"uv":[6.125,10.0,7.25,12.25],"tintindex":0,"rotation":0,"texture":"#0"},"up":{"uv":[1.75,13.0,0.875,11.875],"tintindex":0,"rotation":0,"texture":"#0"},"down":{"uv":[12.875,3.375,12.0,4.5],"tintindex":0,"rotation":0,"texture":"#0"}}}],"display":{"head":{"rotation":[0.0,0.0,0.0]},"firstperson_righthand":{"rotation":[0.0,0.0,0.0]},"thirdperson_lefthand":{"rotation":[0.0,-0.0,-0.0]},"firstperson_lefthand":{"rotation":[0.0,-0.0,-0.0]},"fixed":{"rotation":[0.0,0.0,0.0]},"ground":{"rotation":[0.0,0.0,0.0]},"thirdperson_righthand":{"rotation":[0.0,0.0,0.0]},"gui":{"rotation":[-150.0,-45.0,180.0]}}}