{"texture_size":[64,64],"textures":{"0":"custom/furniture/forest/camp","particle":"custom/furniture/forest/camp"},"elements":[{"from":[3,0,11],"to":[6,1,14],"faces":{"north":{"uv":[8.5,1,9.25,1.25],"texture":"#0"},"east":{"uv":[8.5,6.75,9.25,7],"texture":"#0"},"south":{"uv":[8.5,1,9.25,1.25],"texture":"#0"},"west":{"uv":[8.5,6.75,9.25,7],"texture":"#0"},"up":{"uv":[1.75,7.75,1,7],"texture":"#0"},"down":{"uv":[1.75,7.75,1,7],"texture":"#0"}}},{"from":[-7,0,2],"to":[-4,2,5],"faces":{"north":{"uv":[4.25,7.75,5,8.25],"texture":"#0"},"east":{"uv":[5,7.75,5.75,8.25],"texture":"#0"},"south":{"uv":[4.25,7.75,5,8.25],"texture":"#0"},"west":{"uv":[5,7.75,5.75,8.25],"texture":"#0"},"up":{"uv":[4,7.75,3.25,7],"texture":"#0"},"down":{"uv":[4,7.75,3.25,7],"texture":"#0"}}},{"from":[4,0,2],"to":[7,2,5],"faces":{"north":{"uv":[7.5,6.25,8.25,6.75],"texture":"#0"},"east":{"uv":[2,7.75,2.75,8.25],"texture":"#0"},"south":{"uv":[7.5,6.25,8.25,6.75],"texture":"#0"},"west":{"uv":[2,7.75,2.75,8.25],"texture":"#0"},"up":{"uv":[2.5,7.75,1.75,7],"texture":"#0"},"down":{"uv":[2.5,7.75,1.75,7],"texture":"#0"}}},{"from":[-8,0,11],"to":[-5,2,14],"faces":{"north":{"uv":[2.75,7.75,3.5,8.25],"texture":"#0"},"east":{"uv":[3.5,7.75,4.25,8.25],"texture":"#0"},"south":{"uv":[2.75,7.75,3.5,8.25],"texture":"#0"},"west":{"uv":[3.5,7.75,4.25,8.25],"texture":"#0"},"up":{"uv":[3.25,7.75,2.5,7],"texture":"#0"},"down":{"uv":[3.25,7.75,2.5,7],"texture":"#0"}}},{"from":[5,0,8],"to":[8,2,11],"faces":{"north":{"uv":[7,7.75,7.75,8.25],"texture":"#0"},"east":{"uv":[7.75,7.75,8.5,8.25],"texture":"#0"},"south":{"uv":[7,7.75,7.75,8.25],"texture":"#0"},"west":{"uv":[7.75,7.75,8.5,8.25],"texture":"#0"},"up":{"uv":[4.75,7.75,4,7],"texture":"#0"},"down":{"uv":[4.75,7.75,4,7],"texture":"#0"}}},{"from":[2,0,1],"to":[4,1,3],"faces":{"north":{"uv":[8.5,7,9,7.25],"texture":"#0"},"east":{"uv":[8.5,7.75,9,8],"texture":"#0"},"south":{"uv":[8.5,7,9,7.25],"texture":"#0"},"west":{"uv":[8.5,7.75,9,8],"texture":"#0"},"up":{"uv":[8.5,7.25,8,6.75],"texture":"#0"},"down":{"uv":[8.5,7.25,8,6.75],"texture":"#0"}}},{"from":[-6,0,5],"to":[-4,1,7],"faces":{"north":{"uv":[8.5,8.5,9,8.75],"texture":"#0"},"east":{"uv":[1,8.75,1.5,9],"texture":"#0"},"south":{"uv":[1.5,8.75,2,9],"texture":"#0"},"west":{"uv":[2.5,8.75,3,9],"texture":"#0"},"up":{"uv":[3,8.75,2.5,8.25],"texture":"#0"},"down":{"uv":[3.5,8.25,3,8.75],"texture":"#0"}}},{"from":[-5,0,12],"to":[-3,1,14],"faces":{"north":{"uv":[3,8.75,3.5,9],"texture":"#0"},"east":{"uv":[3.5,8.75,4,9],"texture":"#0"},"south":{"uv":[3,8.75,3.5,9],"texture":"#0"},"west":{"uv":[3.5,8.75,4,9],"texture":"#0"},"up":{"uv":[9,0.5,8.5,0],"texture":"#0"},"down":{"uv":[9,0.5,8.5,0],"texture":"#0"}}},{"from":[-3,0,13],"to":[-1,2,15],"faces":{"north":{"uv":[5.5,8.25,6,8.75],"texture":"#0"},"east":{"uv":[8.25,6.25,8.75,6.75],"texture":"#0"},"south":{"uv":[6.5,8.25,7,8.75],"texture":"#0"},"west":{"uv":[7,8.25,7.5,8.75],"texture":"#0"},"up":{"uv":[8,8.75,7.5,8.25],"texture":"#0"},"down":{"uv":[8.5,8.25,8,8.75],"texture":"#0"}}},{"from":[-4,0,1],"to":[-2,2,3],"faces":{"north":{"uv":[8.5,0.5,9,1],"texture":"#0"},"east":{"uv":[8.5,2.25,9,2.75],"texture":"#0"},"south":{"uv":[8.5,0.5,9,1],"texture":"#0"},"west":{"uv":[8.5,2.25,9,2.75],"texture":"#0"},"up":{"uv":[9,3.25,8.5,2.75],"texture":"#0"},"down":{"uv":[9,3.25,8.5,2.75],"texture":"#0"}}},{"from":[-2,0,2],"to":[2,1,4],"faces":{"north":{"uv":[8,5.75,9,6],"texture":"#0"},"east":{"uv":[7.5,4.75,8,5],"texture":"#0"},"south":{"uv":[8,5.75,9,6],"texture":"#0"},"west":{"uv":[7.5,4.75,8,5],"texture":"#0"},"up":{"uv":[8,7.25,7,6.75],"texture":"#0"},"down":{"uv":[8,7.25,7,6.75],"texture":"#0"}}},{"from":[-1,0,13],"to":[3,1,15],"faces":{"north":{"uv":[8,6,9,6.25],"texture":"#0"},"east":{"uv":[8.5,8,9,8.25],"texture":"#0"},"south":{"uv":[8,6,9,6.25],"texture":"#0"},"west":{"uv":[8.5,8,9,8.25],"texture":"#0"},"up":{"uv":[5.75,7.75,4.75,7.25],"texture":"#0"},"down":{"uv":[5.75,7.75,4.75,7.25],"texture":"#0"}}},{"from":[4,0,5],"to":[6,1,9],"faces":{"north":{"uv":[8.5,8.25,9,8.5],"texture":"#0"},"east":{"uv":[8,7.25,9,7.5],"texture":"#0"},"south":{"uv":[8.5,8.25,9,8.5],"texture":"#0"},"west":{"uv":[9,7.25,8,7.5],"texture":"#0"},"up":{"uv":[6.25,8.25,5.75,7.25],"texture":"#0"},"down":{"uv":[6.25,8.25,5.75,7.25],"texture":"#0"}}},{"from":[-8,0,7],"to":[-6,1,11],"faces":{"north":{"uv":[4,8.75,4.5,9],"texture":"#0"},"east":{"uv":[8,7.5,9,7.75],"texture":"#0"},"south":{"uv":[4,8.75,4.5,9],"texture":"#0"},"west":{"uv":[8,7.5,9,7.75],"texture":"#0"},"up":{"uv":[2,8.75,1.5,7.75],"texture":"#0"},"down":{"uv":[2,8.75,1.5,7.75],"texture":"#0"}}},{"from":[-6,0,2],"to":[6,0,14],"faces":{"up":{"uv":[3,3,0,0],"texture":"#0"},"down":{"uv":[3,3,0,0],"texture":"#0"}}},{"from":[10,0,7],"to":[12,20,9],"faces":{"north":{"uv":[0,6,0.5,11],"texture":"#0"},"east":{"uv":[0.5,6,1,11],"texture":"#0"},"south":{"uv":[0,6,0.5,11],"texture":"#0"},"west":{"uv":[0.5,6,1,11],"texture":"#0"},"up":{"uv":[8.5,5.75,8,5.25],"texture":"#0"},"down":{"uv":[8.5,5.75,8,5.25],"texture":"#0"}}},{"from":[-14,22,7],"to":[14,24,9],"faces":{"north":{"uv":[5.5,1.25,12.5,1.75],"texture":"#0"},"east":{"uv":[5,8.25,5.5,8.75],"texture":"#0"},"south":{"uv":[5.5,1.25,12.5,1.75],"texture":"#0"},"west":{"uv":[5,8.25,5.5,8.75],"texture":"#0"},"up":{"uv":[12.5,2.25,5.5,1.75],"texture":"#0"},"down":{"uv":[12.5,2.25,5.5,1.75],"texture":"#0"}}},{"from":[14,23,7],"to":[16,25,9],"faces":{"north":{"uv":[9,4.25,8.5,4.75],"texture":"#0"},"east":{"uv":[8.5,4.75,9,5.25],"texture":"#0"},"south":{"uv":[8.5,4.25,9,4.75],"texture":"#0"},"west":{"uv":[8.5,4.75,9,5.25],"texture":"#0"},"up":{"uv":[9,5.75,8.5,5.25],"texture":"#0"},"down":{"uv":[9,5.75,8.5,5.25],"texture":"#0"}}},{"from":[10,22,9],"to":[12,25,11],"faces":{"north":{"uv":[8,3.75,8.5,4.5],"texture":"#0"},"east":{"uv":[8,4.5,8.5,5.25],"texture":"#0"},"south":{"uv":[8,3.75,8.5,4.5],"texture":"#0"},"west":{"uv":[8.5,4.5,8,5.25],"texture":"#0"},"up":{"uv":[5,8.75,4.5,8.25],"texture":"#0"},"down":{"uv":[5,8.75,4.5,8.25],"texture":"#0"}}},{"from":[10,20,6],"to":[12,22,10],"faces":{"north":{"uv":[3.5,8.25,4,8.75],"texture":"#0"},"east":{"uv":[7,7.25,8,7.75],"texture":"#0"},"south":{"uv":[3.5,8.25,4,8.75],"texture":"#0"},"west":{"uv":[7,7.25,8,7.75],"texture":"#0"},"up":{"uv":[1.5,8.75,1,7.75],"texture":"#0"},"down":{"uv":[1.5,8.75,1,7.75],"texture":"#0"}}},{"from":[-12,22,9],"to":[-10,25,11],"rotation":{"angle":0,"axis":"y","origin":[16,0,0]},"faces":{"north":{"uv":[8.5,3.75,8,4.5],"texture":"#0"},"east":{"uv":[8,4.5,8.5,5.25],"texture":"#0"},"south":{"uv":[8.5,3.75,8,4.5],"texture":"#0"},"west":{"uv":[8.5,4.5,8,5.25],"texture":"#0"},"up":{"uv":[4.5,8.75,5,8.25],"texture":"#0"},"down":{"uv":[4.5,8.75,5,8.25],"texture":"#0"}}},{"from":[-12,22,5],"to":[-10,25,7],"rotation":{"angle":0,"axis":"y","origin":[16,0,16]},"faces":{"north":{"uv":[8,3.75,8.5,4.5],"texture":"#0"},"east":{"uv":[8.5,4.5,8,5.25],"texture":"#0"},"south":{"uv":[8,3.75,8.5,4.5],"texture":"#0"},"west":{"uv":[8,4.5,8.5,5.25],"texture":"#0"},"up":{"uv":[4.5,8.25,5,8.75],"texture":"#0"},"down":{"uv":[4.5,8.25,5,8.75],"texture":"#0"}}},{"from":[10,22,5],"to":[12,25,7],"rotation":{"angle":0,"axis":"y","origin":[0,0,16]},"faces":{"north":{"uv":[8.5,3.75,8,4.5],"texture":"#0"},"east":{"uv":[8.5,4.5,8,5.25],"texture":"#0"},"south":{"uv":[8.5,3.75,8,4.5],"texture":"#0"},"west":{"uv":[8,4.5,8.5,5.25],"texture":"#0"},"up":{"uv":[5,8.25,4.5,8.75],"texture":"#0"},"down":{"uv":[5,8.25,4.5,8.75],"texture":"#0"}}},{"from":[-12,20,6],"to":[-10,22,10],"rotation":{"angle":0,"axis":"y","origin":[16,0,0]},"faces":{"north":{"uv":[4,8.25,3.5,8.75],"texture":"#0"},"east":{"uv":[8,7.25,7,7.75],"texture":"#0"},"south":{"uv":[4,8.25,3.5,8.75],"texture":"#0"},"west":{"uv":[8,7.25,7,7.75],"texture":"#0"},"up":{"uv":[1,8.75,1.5,7.75],"texture":"#0"},"down":{"uv":[1,8.75,1.5,7.75],"texture":"#0"}}},{"from":[-12,0,7],"to":[-10,20,9],"rotation":{"angle":0,"axis":"y","origin":[16,0,0]},"faces":{"north":{"uv":[0.5,6,0,11],"texture":"#0"},"east":{"uv":[1,6,0.5,11],"texture":"#0"},"south":{"uv":[0.5,6,0,11],"texture":"#0"},"west":{"uv":[1,6,0.5,11],"texture":"#0"},"up":{"uv":[8,5.75,8.5,5.25],"texture":"#0"},"down":{"uv":[8,5.75,8.5,5.25],"texture":"#0"}}},{"from":[-16,23,7],"to":[-14,25,9],"rotation":{"angle":0,"axis":"y","origin":[16,0,0]},"faces":{"north":{"uv":[8.5,4.25,9,4.75],"texture":"#0"},"east":{"uv":[9,4.75,8.5,5.25],"texture":"#0"},"south":{"uv":[9,4.25,8.5,4.75],"texture":"#0"},"west":{"uv":[9,4.75,8.5,5.25],"texture":"#0"},"up":{"uv":[8.5,5.75,9,5.25],"texture":"#0"},"down":{"uv":[8.5,5.75,9,5.25],"texture":"#0"}}},{"from":[-5,16,3],"to":[5,18,5],"faces":{"north":{"uv":[5.5,2.25,8,2.75],"texture":"#0"},"east":{"uv":[8.5,3.25,9,3.75],"texture":"#0"},"south":{"uv":[5.5,2.25,8,2.75],"texture":"#0"},"west":{"uv":[9,3.25,8.5,3.75],"texture":"#0"},"up":{"uv":[8,3.25,5.5,2.75],"texture":"#0"},"down":{"uv":[8,3.25,5.5,2.75],"texture":"#0"}}},{"from":[-5,16,11],"to":[5,18,13],"rotation":{"angle":0,"axis":"y","origin":[0,0,16]},"faces":{"north":{"uv":[8,2.25,5.5,2.75],"texture":"#0"},"east":{"uv":[9,3.25,8.5,3.75],"texture":"#0"},"south":{"uv":[8,2.25,5.5,2.75],"texture":"#0"},"west":{"uv":[8.5,3.25,9,3.75],"texture":"#0"},"up":{"uv":[8,2.75,5.5,3.25],"texture":"#0"},"down":{"uv":[8,2.75,5.5,3.25],"texture":"#0"}}},{"from":[3,16,5],"to":[5,18,11],"faces":{"north":{"uv":[8.5,3.75,9,4.25],"texture":"#0"},"east":{"uv":[5,6.75,6.5,7.25],"texture":"#0"},"south":{"uv":[8.5,3.75,9,4.25],"texture":"#0"},"west":{"uv":[5,6.75,6.5,7.25],"texture":"#0"},"up":{"uv":[7,8.25,6.5,6.75],"texture":"#0"},"down":{"uv":[7,8.25,6.5,6.75],"texture":"#0"}}},{"from":[-5,16,5],"to":[-3,18,11],"rotation":{"angle":0,"axis":"y","origin":[16,0,0]},"faces":{"north":{"uv":[9,3.75,8.5,4.25],"texture":"#0"},"east":{"uv":[6.5,6.75,5,7.25],"texture":"#0"},"south":{"uv":[9,3.75,8.5,4.25],"texture":"#0"},"west":{"uv":[6.5,6.75,5,7.25],"texture":"#0"},"up":{"uv":[6.5,8.25,7,6.75],"texture":"#0"},"down":{"uv":[6.5,8.25,7,6.75],"texture":"#0"}}},{"from":[-4,14,4],"to":[4,16,12],"faces":{"north":{"uv":[1,6,3,6.5],"texture":"#0"},"east":{"uv":[1,6.5,3,7],"texture":"#0"},"south":{"uv":[1,6,3,6.5],"texture":"#0"},"west":{"uv":[1,6.5,3,7],"texture":"#0"},"up":{"uv":[5,7,3,5],"texture":"#0"},"down":{"uv":[5,7,3,5],"texture":"#0"}}},{"from":[-5,12,3],"to":[5,14,13],"faces":{"north":{"uv":[5.5,3.25,8,3.75],"texture":"#0"},"east":{"uv":[5.5,3.75,8,4.25],"texture":"#0"},"south":{"uv":[5.5,3.25,8,3.75],"texture":"#0"},"west":{"uv":[5.5,3.75,8,4.25],"texture":"#0"},"up":{"uv":[5.5,2.5,3,0],"texture":"#0"},"down":{"uv":[5.5,2.5,3,0],"texture":"#0"}}},{"from":[-5,5,3],"to":[5,7,13],"faces":{"north":{"uv":[5.5,4.25,8,4.75],"texture":"#0"},"east":{"uv":[5,6.25,7.5,6.75],"texture":"#0"},"south":{"uv":[5.5,4.25,8,4.75],"texture":"#0"},"west":{"uv":[5,6.25,7.5,6.75],"texture":"#0"},"up":{"uv":[5.5,5,3,2.5],"texture":"#0"},"down":{"uv":[5.5,5,3,2.5],"texture":"#0"}}},{"from":[-6,7,2],"to":[6,12,14],"faces":{"north":{"uv":[5,5,8,6.25],"texture":"#0"},"east":{"uv":[5.5,0,8.5,1.25],"texture":"#0"},"south":{"uv":[5,5,8,6.25],"texture":"#0"},"west":{"uv":[5.5,0,8.5,1.25],"texture":"#0"},"up":{"uv":[3,6,0,3],"texture":"#0"},"down":{"uv":[3,6,0,3],"texture":"#0"}}},{"from":[-0.5,18,4],"to":[0.5,24,5],"faces":{"north":{"uv":[2,8.25,2.25,9.75],"texture":"#0"},"east":{"uv":[2.25,8.25,2.5,9.75],"texture":"#0"},"south":{"uv":[2,8.25,2.25,9.75],"texture":"#0"},"west":{"uv":[2.5,8.25,2.25,9.75],"texture":"#0"},"up":{"uv":[5,7.25,4.75,7],"texture":"#0"},"down":{"uv":[5,7.25,4.75,7],"texture":"#0"}}},{"from":[-0.5,18,11],"to":[0.5,24,12],"rotation":{"angle":0,"axis":"y","origin":[0,0,16]},"faces":{"north":{"uv":[2.25,8.25,2,9.75],"texture":"#0"},"east":{"uv":[2.5,8.25,2.25,9.75],"texture":"#0"},"south":{"uv":[2.25,8.25,2,9.75],"texture":"#0"},"west":{"uv":[2.25,8.25,2.5,9.75],"texture":"#0"},"up":{"uv":[5,7,4.75,7.25],"texture":"#0"},"down":{"uv":[5,7,4.75,7.25],"texture":"#0"}}},{"from":[-0.5,24,4],"to":[0.5,25,12],"faces":{"north":{"uv":[6,8.25,6.25,8.5],"texture":"#0"},"east":{"uv":[5.5,4.75,7.5,5],"texture":"#0"},"south":{"uv":[6,8.25,6.25,8.5],"texture":"#0"},"west":{"uv":[5.5,4.75,7.5,5],"texture":"#0"},"up":{"uv":[6.5,9.25,6.25,7.25],"texture":"#0"},"down":{"uv":[6.5,9.25,6.25,7.25],"texture":"#0"}}}],"gui_light":"front","display":{"thirdperson_righthand":{"rotation":[67.5,0,0],"translation":[1.75,1,2],"scale":[0.21758,0.21758,0.21758]},"thirdperson_lefthand":{"rotation":[67.5,0,0],"translation":[-1.75,1,2],"scale":[0.21758,0.21758,0.21758]},"firstperson_righthand":{"translation":[3.25,2.5,0],"scale":[0.40586,0.40586,0.40586]},"firstperson_lefthand":{"translation":[-3.25,2.5,0],"scale":[0.40586,0.40586,0.40586]},"ground":{"translation":[2.5,1.5,-0.25],"scale":[0.27,0.27,0.27]},"gui":{"rotation":[30,225,0],"translation":[-2.25,-3,0],"scale":[0.42539,0.42539,0.42539]},"head":{"translation":[0,-30.5,0],"scale":[0,0,0]},"fixed":{"rotation":[-90,0,0],"translation":[16,0,-16.03],"scale":[2,2,2]}}}