{"texture_size":[64,64],"textures":{"0":"custom/furniture/forest/lantern","particle":"custom/furniture/forest/lantern"},"elements":[{"from":[5,-16,21],"to":[11,0,27],"faces":{"north":{"uv":[3,1,4.5,5],"texture":"#0"},"east":{"uv":[4.5,1,6,5],"texture":"#0"},"south":{"uv":[3,1,4.5,5],"texture":"#0"},"west":{"uv":[4.5,1,6,5],"texture":"#0"},"up":{"uv":[6.75,8.5,5.25,7],"texture":"#0"},"down":{"uv":[6.75,8.5,5.25,7],"texture":"#0"}}},{"from":[6,0,22],"to":[10,32,26],"faces":{"north":{"uv":[0,0,1,8],"texture":"#0"},"east":{"uv":[1,0,2,8],"texture":"#0"},"south":{"uv":[0,0,1,8],"texture":"#0"},"west":{"uv":[1,0,2,8],"texture":"#0"},"up":{"uv":[3,8.25,2,7.25],"texture":"#0"},"down":{"uv":[3,8.25,2,7.25],"texture":"#0"}}},{"from":[5.9,25,6],"to":[10.1,29,31],"faces":{"north":{"uv":[0,8,1,9],"texture":"#0"},"east":{"uv":[2,0,8.25,1],"texture":"#0"},"south":{"uv":[0,8,1,9],"texture":"#0"},"west":{"uv":[2,0,8.25,1],"texture":"#0"},"up":{"uv":[3,7.25,2,1],"texture":"#0"},"down":{"uv":[3,7.25,2,1],"texture":"#0"}}},{"from":[4.9,13,21],"to":[11.1,17,27],"faces":{"north":{"uv":[6.75,7.75,8.25,8.75],"texture":"#0"},"east":{"uv":[6.75,7.75,8.25,8.75],"texture":"#0"},"south":{"uv":[6.75,7.75,8.25,8.75],"texture":"#0"},"west":{"uv":[6.75,7.75,8.25,8.75],"texture":"#0"},"up":{"uv":[7.5,4.5,6,3],"texture":"#0"},"down":{"uv":[7.5,4.5,6,3],"texture":"#0"}}},{"from":[10,16,23],"to":[11,32,26],"rotation":{"angle":-45,"axis":"x","origin":[11,17,25]},"faces":{"north":{"uv":[2,8.25,2.25,12.25],"texture":"#0"},"east":{"uv":[3,7,3.75,11],"texture":"#0"},"south":{"uv":[2,8.25,2.25,12.25],"texture":"#0"},"west":{"uv":[3,7,3.75,11],"texture":"#0"},"up":{"uv":[7,7.75,6.75,7],"texture":"#0"},"down":{"uv":[7,7.75,6.75,7],"texture":"#0"}}},{"from":[5,16,23],"to":[6,32,26],"rotation":{"angle":-45,"axis":"x","origin":[5,17,25]},"faces":{"north":{"uv":[2.25,8.25,2,12.25],"texture":"#0"},"east":{"uv":[3.75,7,3,11],"texture":"#0"},"south":{"uv":[2.25,8.25,2,12.25],"texture":"#0"},"west":{"uv":[3.75,7,3,11],"texture":"#0"},"up":{"uv":[6.75,7.75,7,7],"texture":"#0"},"down":{"uv":[6.75,7.75,7,7],"texture":"#0"}}},{"from":[8,22,9],"to":[8,25,11],"faces":{"east":{"uv":[8,2,8.5,2.75],"texture":"#0"},"west":{"uv":[8,2,8.5,2.75],"texture":"#0"}}},{"from":[6,21,8],"to":[10,22,12],"faces":{"north":{"uv":[6,4.5,7,4.75],"texture":"#0"},"east":{"uv":[6,4.75,7,5],"texture":"#0"},"south":{"uv":[6,4.5,7,4.75],"texture":"#0"},"west":{"uv":[6,4.75,7,5],"texture":"#0"},"up":{"uv":[2,9,1,8],"texture":"#0"},"down":{"uv":[2,9,1,8],"texture":"#0"}}},{"from":[5,20,7],"to":[11,21,13],"faces":{"north":{"uv":[8,2.75,9.5,3],"texture":"#0"},"east":{"uv":[8.25,0,9.75,0.25],"texture":"#0"},"south":{"uv":[8,2.75,9.5,3],"texture":"#0"},"west":{"uv":[8.25,0,9.75,0.25],"texture":"#0"},"up":{"uv":[5.25,8.5,3.75,7],"texture":"#0"},"down":{"uv":[5.25,8.5,3.75,7],"texture":"#0"}}},{"from":[5,10,7],"to":[11,11,13],"faces":{"north":{"uv":[8.25,0.25,9.75,0.5],"texture":"#0"},"east":{"uv":[8.25,0.5,9.75,0.75],"texture":"#0"},"south":{"uv":[8.25,0.25,9.75,0.5],"texture":"#0"},"west":{"uv":[8.25,0.5,9.75,0.75],"texture":"#0"},"up":{"uv":[8.5,6,7,4.5],"texture":"#0"},"down":{"uv":[8.5,6,7,4.5],"texture":"#0"}}},{"from":[4,19,6],"to":[12,20,14],"faces":{"north":{"uv":[7.5,4,9.5,4.25],"texture":"#0"},"east":{"uv":[7.5,4.25,9.5,4.5],"texture":"#0"},"south":{"uv":[7.5,4,9.5,4.25],"texture":"#0"},"west":{"uv":[7.5,4.25,9.5,4.5],"texture":"#0"},"up":{"uv":[5,7,3,5],"texture":"#0"},"down":{"uv":[5,7,3,5],"texture":"#0"}}},{"from":[4,13,6],"to":[12,14,14],"faces":{"north":{"uv":[8,1,10,1.25],"texture":"#0"},"east":{"uv":[8,1.25,10,1.5],"texture":"#0"},"south":{"uv":[8,1,10,1.25],"texture":"#0"},"west":{"uv":[8,1.25,10,1.5],"texture":"#0"},"up":{"uv":[7,7,5,5],"texture":"#0"},"down":{"uv":[7,7,5,5],"texture":"#0"}}},{"from":[4,11,6],"to":[12,12,14],"faces":{"north":{"uv":[8,1.5,10,1.75],"texture":"#0"},"east":{"uv":[8,1.75,10,2],"texture":"#0"},"south":{"uv":[8,1.5,10,1.75],"texture":"#0"},"west":{"uv":[8,1.75,10,2],"texture":"#0"},"up":{"uv":[8,3,6,1],"texture":"#0"},"down":{"uv":[8,3,6,1],"texture":"#0"}}},{"from":[10,12,7],"to":[11,19,8],"faces":{"north":{"uv":[8,6,8.25,7.75],"texture":"#0"},"east":{"uv":[8,6,8.25,7.75],"texture":"#0"},"south":{"uv":[8,6,8.25,7.75],"texture":"#0"},"west":{"uv":[8,6,8.25,7.75],"texture":"#0"},"up":{"uv":[8.5,1,8.25,0.75],"texture":"#0"},"down":{"uv":[8.5,1,8.25,0.75],"texture":"#0"}}},{"from":[5,12,7],"to":[6,19,8],"rotation":{"angle":0,"axis":"y","origin":[16,0,0]},"faces":{"north":{"uv":[8.25,6,8,7.75],"texture":"#0"},"east":{"uv":[8.25,6,8,7.75],"texture":"#0"},"south":{"uv":[8.25,6,8,7.75],"texture":"#0"},"west":{"uv":[8.25,6,8,7.75],"texture":"#0"},"up":{"uv":[8.25,1,8.5,0.75],"texture":"#0"},"down":{"uv":[8.25,1,8.5,0.75],"texture":"#0"}}},{"from":[5,12,12],"to":[6,19,13],"rotation":{"angle":0,"axis":"y","origin":[16,0,16]},"faces":{"north":{"uv":[8,6,8.25,7.75],"texture":"#0"},"east":{"uv":[8,6,8.25,7.75],"texture":"#0"},"south":{"uv":[8,6,8.25,7.75],"texture":"#0"},"west":{"uv":[8,6,8.25,7.75],"texture":"#0"},"up":{"uv":[8.25,0.75,8.5,1],"texture":"#0"},"down":{"uv":[8.25,0.75,8.5,1],"texture":"#0"}}},{"from":[10,12,12],"to":[11,19,13],"rotation":{"angle":0,"axis":"y","origin":[0,0,16]},"faces":{"north":{"uv":[8.25,6,8,7.75],"texture":"#0"},"east":{"uv":[8.25,6,8,7.75],"texture":"#0"},"south":{"uv":[8.25,6,8,7.75],"texture":"#0"},"west":{"uv":[8.25,6,8,7.75],"texture":"#0"},"up":{"uv":[8.5,0.75,8.25,1],"texture":"#0"},"down":{"uv":[8.5,0.75,8.25,1],"texture":"#0"}}},{"from":[6,12,8],"to":[10,19,12],"faces":{"north":{"uv":[7,6,8,7.75],"texture":"#0"},"east":{"uv":[7,6,8,7.75],"texture":"#0"},"south":{"uv":[7,6,8,7.75],"texture":"#0"},"west":{"uv":[7,6,8,7.75],"texture":"#0"}}}],"gui_light":"front","display":{"thirdperson_righthand":{"rotation":[67.5,0,0],"translation":[0,4.5,1.75],"scale":[0.2,0.2,0.2]},"thirdperson_lefthand":{"rotation":[67.5,0,0],"translation":[0,4.5,1.75],"scale":[0.2,0.2,0.2]},"firstperson_righthand":{"translation":[-1.5,6,0],"scale":[0.24805,0.24805,0.24805]},"firstperson_lefthand":{"translation":[-1.5,6,0],"scale":[0.24805,0.24805,0.24805]},"ground":{"translation":[0,3,-2.5],"scale":[0.28,0.28,0.28]},"gui":{"rotation":[30,225,0],"translation":[2.75,-1.75,0],"scale":[0.31758,0.31758,0.31758]},"head":{"translation":[0,-30.5,0],"scale":[0,0,0]},"fixed":{"rotation":[-90,0,0],"translation":[0,-31,-48],"scale":[2,2,2]}}}