{"texture_size":[64,64],"textures":{"0":"custom/furniture/forest/storage_axe","particle":"custom/furniture/forest/storage_axe"},"elements":[{"from":[7,24,6],"to":[9,29,7],"rotation":{"angle":0,"axis":"y","origin":[0,0,16]},"faces":{"north":{"uv":[4.75,5,5.25,3.75],"texture":"#0"},"east":{"uv":[3,5.75,4.25,5.5],"rotation":90,"texture":"#0"},"south":{"uv":[4.75,5,5.25,3.75],"rotation":180,"texture":"#0"},"west":{"uv":[3,5.75,4.25,5.5],"rotation":270,"texture":"#0"},"up":{"uv":[3,6,3.5,5.75],"texture":"#0"},"down":{"uv":[3,6,3.5,5.75],"rotation":180,"texture":"#0"}}},{"from":[7,25,9],"to":[9,28,11],"rotation":{"angle":0,"axis":"y","origin":[0,0,16]},"faces":{"north":{"uv":[5.25,5,5.75,4.25],"texture":"#0"},"east":{"uv":[5.25,4.25,6,3.75],"rotation":90,"texture":"#0"},"south":{"uv":[5.25,5,5.75,4.25],"rotation":180,"texture":"#0"},"west":{"uv":[5.25,4.25,6,3.75],"rotation":270,"texture":"#0"},"up":{"uv":[5.5,5.75,6,5.25],"texture":"#0"},"down":{"uv":[5.5,5.75,6,5.25],"rotation":180,"texture":"#0"}}},{"from":[7.5,24,2],"to":[8.5,29,3],"rotation":{"angle":0,"axis":"y","origin":[0,0,16]},"faces":{"north":{"uv":[5.25,6.5,5.5,5.25],"texture":"#0"},"east":{"uv":[5.25,5.25,6.5,5],"rotation":90,"texture":"#0"},"south":{"uv":[5.25,6.5,5.5,5.25],"rotation":180,"texture":"#0"},"west":{"uv":[5.25,5.25,6.5,5],"rotation":270,"texture":"#0"},"up":{"uv":[3.5,6,3.75,5.75],"texture":"#0"},"down":{"uv":[3.5,6,3.75,5.75],"rotation":180,"texture":"#0"}}},{"from":[7,23,3],"to":[9,30,6],"rotation":{"angle":0,"axis":"y","origin":[0,0,16]},"faces":{"north":{"uv":[4.25,5.5,4.75,3.75],"texture":"#0"},"east":{"uv":[4.25,3.75,6,3],"rotation":90,"texture":"#0"},"south":{"uv":[4.25,5.5,4.75,3.75],"rotation":180,"texture":"#0"},"west":{"uv":[4.25,3.75,6,3],"rotation":270,"texture":"#0"},"up":{"uv":[4.75,5.75,5.25,5],"texture":"#0"},"down":{"uv":[4.75,5.75,5.25,5],"rotation":180,"texture":"#0"}}},{"from":[1,25,9],"to":[3,28,11],"rotation":{"angle":0,"axis":"y","origin":[0,0,16]},"faces":{"north":{"uv":[5.25,5,5.75,4.25],"texture":"#0"},"east":{"uv":[5.25,4.25,6,3.75],"rotation":90,"texture":"#0"},"south":{"uv":[5.25,5,5.75,4.25],"rotation":180,"texture":"#0"},"west":{"uv":[5.25,4.25,6,3.75],"rotation":270,"texture":"#0"},"up":{"uv":[5.5,5.75,6,5.25],"texture":"#0"},"down":{"uv":[5.5,5.75,6,5.25],"rotation":180,"texture":"#0"}}},{"from":[1,16,7],"to":[3,30,9],"rotation":{"angle":0,"axis":"y","origin":[0,0,16]},"faces":{"north":{"uv":[2.5,6.5,3,3],"texture":"#0"},"east":{"uv":[2.5,3,6,2.5],"rotation":90,"texture":"#0"},"south":{"uv":[2.5,6.5,3,3],"rotation":180,"texture":"#0"},"west":{"uv":[2.5,3,6,2.5],"rotation":270,"texture":"#0"},"up":{"uv":[4.25,6,4.75,5.5],"texture":"#0"},"down":{"uv":[4.25,6,4.75,5.5],"rotation":180,"texture":"#0"}}},{"from":[1,24,6],"to":[3,29,7],"rotation":{"angle":0,"axis":"y","origin":[0,0,16]},"faces":{"north":{"uv":[4.75,5,5.25,3.75],"texture":"#0"},"east":{"uv":[3,5.75,4.25,5.5],"rotation":90,"texture":"#0"},"south":{"uv":[4.75,5,5.25,3.75],"rotation":180,"texture":"#0"},"west":{"uv":[3,5.75,4.25,5.5],"rotation":270,"texture":"#0"},"up":{"uv":[3,6,3.5,5.75],"texture":"#0"},"down":{"uv":[3,6,3.5,5.75],"rotation":180,"texture":"#0"}}},{"from":[1,23,3],"to":[3,30,6],"rotation":{"angle":0,"axis":"y","origin":[0,0,16]},"faces":{"north":{"uv":[4.25,5.5,4.75,3.75],"texture":"#0"},"east":{"uv":[4.25,3.75,6,3],"rotation":90,"texture":"#0"},"south":{"uv":[4.25,5.5,4.75,3.75],"rotation":180,"texture":"#0"},"west":{"uv":[4.25,3.75,6,3],"rotation":270,"texture":"#0"},"up":{"uv":[4.75,5.75,5.25,5],"texture":"#0"},"down":{"uv":[4.75,5.75,5.25,5],"rotation":180,"texture":"#0"}}},{"from":[1.5,24,2],"to":[2.5,29,3],"rotation":{"angle":0,"axis":"y","origin":[0,0,16]},"faces":{"north":{"uv":[5.25,6.5,5.5,5.25],"texture":"#0"},"east":{"uv":[5.25,5.25,6.5,5],"rotation":90,"texture":"#0"},"south":{"uv":[5.25,6.5,5.5,5.25],"rotation":180,"texture":"#0"},"west":{"uv":[5.25,5.25,6.5,5],"rotation":270,"texture":"#0"},"up":{"uv":[3.5,6,3.75,5.75],"texture":"#0"},"down":{"uv":[3.5,6,3.75,5.75],"rotation":180,"texture":"#0"}}},{"from":[-4,8,7],"to":[-2,25,9],"rotation":{"angle":0,"axis":"y","origin":[0,0,16]},"faces":{"north":{"uv":[4.875,16,5.375,11.75],"texture":"#0"},"east":{"uv":[5.875,16,10.125,15.5],"rotation":90,"texture":"#0"},"south":{"uv":[4.875,16,5.375,11.75],"texture":"#0"},"west":{"uv":[5.875,16,10.125,15.5],"rotation":90,"texture":"#0"},"up":{"uv":[5.875,15.25,6.375,14.75],"texture":"#0"},"down":{"uv":[5.875,15.25,6.375,14.75],"texture":"#0"}}},{"from":[7,13,7],"to":[9,30,9],"rotation":{"angle":0,"axis":"y","origin":[0,0,16]},"faces":{"north":{"uv":[4.875,16,5.375,11.75],"texture":"#0"},"east":{"uv":[5.875,16,10.125,15.5],"rotation":90,"texture":"#0"},"south":{"uv":[4.875,16,5.375,11.75],"texture":"#0"},"west":{"uv":[5.875,16,10.125,15.5],"rotation":90,"texture":"#0"},"up":{"uv":[5.875,15.25,6.375,14.75],"texture":"#0"},"down":{"uv":[5.875,15.25,6.375,14.75],"texture":"#0"}}},{"from":[-7.5,22,0],"to":[-6.5,28,2],"rotation":{"angle":0,"axis":"y","origin":[0,0,16]},"faces":{"north":{"uv":[3.375,15.25,3.625,13.75],"texture":"#0"},"east":{"uv":[1.75,15.25,3.25,14.75],"rotation":90,"texture":"#0"},"south":{"uv":[3.375,15.25,3.625,13.75],"texture":"#0"},"west":{"uv":[1.75,15.25,3.25,14.75],"rotation":90,"texture":"#0"},"up":{"uv":[2.625,14.25,2.875,14],"texture":"#0"},"down":{"uv":[2.625,14.25,2.875,14],"texture":"#0"}}},{"from":[-8,23,2],"to":[-6,28,6],"rotation":{"angle":0,"axis":"y","origin":[0,0,16]},"faces":{"north":{"uv":[0.625,14.5,1.125,13.25],"texture":"#0"},"east":{"uv":[1.25,14.5,2.5,13.5],"rotation":90,"texture":"#0"},"south":{"uv":[0.625,14.5,1.125,13.25],"texture":"#0"},"west":{"uv":[1.25,14.5,2.5,13.5],"rotation":90,"texture":"#0"},"up":{"uv":[0.625,13.125,1.125,12.125],"texture":"#0"},"down":{"uv":[0.625,13.125,1.125,12.125],"texture":"#0"}}},{"from":[-8,24,6],"to":[-6,28,7],"rotation":{"angle":0,"axis":"y","origin":[0,0,16]},"faces":{"north":{"uv":[4.75,5,5.25,3.75],"texture":"#0"},"east":{"uv":[1.25,13.375,2.5,13.125],"rotation":90,"texture":"#0"},"south":{"uv":[4.75,5,5.25,3.75],"rotation":180,"texture":"#0"},"west":{"uv":[1.25,13.375,2.25,13.125],"rotation":90,"texture":"#0"},"up":{"uv":[1.25,13,1.75,12.75],"texture":"#0"},"down":{"uv":[1.25,13,1.75,12.75],"texture":"#0"}}},{"from":[-8,25,7],"to":[-6,28,10],"rotation":{"angle":0,"axis":"y","origin":[0,0,16]},"faces":{"north":{"uv":[4.125,13.75,4.625,13],"rotation":180,"texture":"#0"},"east":{"uv":[2.625,13.75,3.375,13],"rotation":90,"texture":"#0"},"south":{"uv":[4.125,13.75,4.625,13],"rotation":180,"texture":"#0"},"west":{"uv":[2.625,13.75,3.375,13],"rotation":90,"texture":"#0"},"up":{"uv":[3.5,13.75,4,13],"texture":"#0"},"down":{"uv":[3.5,13.75,4,13],"texture":"#0"}}},{"from":[-7.5,26,10],"to":[-6.5,28,12],"rotation":{"angle":0,"axis":"y","origin":[0,0,16]},"faces":{"north":{"uv":[3.75,14.375,4,13.875],"rotation":180,"texture":"#0"},"east":{"uv":[3.725,14.9125,4.225,14.4125],"rotation":90,"texture":"#0"},"south":{"uv":[3.75,14.375,4,13.875],"rotation":180,"texture":"#0"},"west":{"uv":[3.725,14.9125,4.225,14.4125],"rotation":90,"texture":"#0"},"up":{"uv":[3.75,15.25,4,15],"texture":"#0"},"down":{"uv":[3.75,15.25,4,15],"texture":"#0"}}},{"from":[-8,11,7],"to":[-6,25,9],"rotation":{"angle":0,"axis":"y","origin":[0,0,16]},"faces":{"north":{"uv":[2.5,6.5,3,3],"rotation":180,"texture":"#0"},"east":{"uv":[0.75,16,4.25,15.5],"rotation":90,"texture":"#0"},"south":{"uv":[2.5,6.5,3,3],"rotation":180,"texture":"#0"},"west":{"uv":[2.5,3,6,2.5],"rotation":270,"texture":"#0"},"up":{"uv":[4.25,6,4.75,5.5],"texture":"#0"},"down":{"uv":[0.875,15.25,1.375,14.75],"rotation":180,"texture":"#0"}}},{"from":[-3.5,22,0],"to":[-2.5,28,2],"rotation":{"angle":0,"axis":"y","origin":[0,0,16]},"faces":{"north":{"uv":[3.375,15.25,3.625,13.75],"texture":"#0"},"east":{"uv":[1.75,15.25,3.25,14.75],"rotation":90,"texture":"#0"},"south":{"uv":[3.375,15.25,3.625,13.75],"texture":"#0"},"west":{"uv":[1.75,15.25,3.25,14.75],"rotation":90,"texture":"#0"},"up":{"uv":[2.625,14.25,2.875,14],"texture":"#0"},"down":{"uv":[2.625,14.25,2.875,14],"texture":"#0"}}},{"from":[-4,23,2],"to":[-2,28,6],"rotation":{"angle":0,"axis":"y","origin":[0,0,16]},"faces":{"north":{"uv":[0.625,14.5,1.125,13.25],"texture":"#0"},"east":{"uv":[1.25,14.5,2.5,13.5],"rotation":90,"texture":"#0"},"south":{"uv":[0.625,14.5,1.125,13.25],"texture":"#0"},"west":{"uv":[1.25,14.5,2.5,13.5],"rotation":90,"texture":"#0"},"up":{"uv":[0.625,13.125,1.125,12.125],"texture":"#0"},"down":{"uv":[0.625,13.125,1.125,12.125],"texture":"#0"}}},{"from":[-4,24,6],"to":[-2,28,7],"rotation":{"angle":0,"axis":"y","origin":[0,0,16]},"faces":{"north":{"uv":[4.75,5,5.25,3.75],"texture":"#0"},"east":{"uv":[1.25,13.375,2.5,13.125],"rotation":90,"texture":"#0"},"south":{"uv":[4.75,5,5.25,3.75],"rotation":180,"texture":"#0"},"west":{"uv":[1.25,13.375,2.5,13.125],"rotation":90,"texture":"#0"},"up":{"uv":[1.25,13,1.75,12.75],"texture":"#0"},"down":{"uv":[1.25,13,1.75,12.75],"texture":"#0"}}},{"from":[-4,25,7],"to":[-2,28,10],"rotation":{"angle":0,"axis":"y","origin":[0,0,16]},"faces":{"north":{"uv":[4.125,13.75,4.625,13],"rotation":180,"texture":"#0"},"east":{"uv":[2.625,13.75,3.375,13],"rotation":90,"texture":"#0"},"south":{"uv":[4.125,13.75,4.625,13],"rotation":180,"texture":"#0"},"west":{"uv":[2.625,13.75,3.375,13],"rotation":90,"texture":"#0"},"up":{"uv":[3.5,13.75,4,13],"texture":"#0"},"down":{"uv":[3.5,13.75,4,13],"texture":"#0"}}},{"from":[-3.5,26,10],"to":[-2.5,28,12],"rotation":{"angle":0,"axis":"y","origin":[0,0,16]},"faces":{"north":{"uv":[3.75,14.375,4,13.875],"rotation":180,"texture":"#0"},"east":{"uv":[3.725,14.9125,4.225,14.4125],"rotation":90,"texture":"#0"},"south":{"uv":[3.75,14.375,4,13.875],"rotation":180,"texture":"#0"},"west":{"uv":[3.725,14.9125,4.225,14.4125],"rotation":90,"texture":"#0"},"up":{"uv":[3.75,15.25,4,15],"texture":"#0"},"down":{"uv":[3.75,15.25,4,15],"texture":"#0"}}},{"from":[-11,2,8.75],"to":[15,4,9.75],"rotation":{"angle":22.5,"axis":"z","origin":[-10,2,10]},"faces":{"north":{"uv":[9.5,5.75,16,6.25],"texture":"#0"},"east":{"uv":[8.875,5.75,9.375,6],"rotation":90,"texture":"#0"},"south":{"uv":[9.5,5.75,16,6.25],"texture":"#0"},"west":{"uv":[8.875,5.75,9.375,6],"rotation":90,"texture":"#0"},"up":{"uv":[9.5,6.375,16,6.625],"texture":"#0"},"down":{"uv":[9.5,6.375,16,6.625],"texture":"#0"}}},{"from":[11,2,7],"to":[13,26,9],"faces":{"north":{"uv":[15.5,10,16,16],"texture":"#0"},"east":{"uv":[14.75,10,15.25,16],"texture":"#0"},"south":{"uv":[15.5,10,16,16],"texture":"#0"},"west":{"uv":[14.75,10,15.25,16],"texture":"#0"},"up":{"uv":[15.5,9.375,16,9.875],"texture":"#0"},"down":{"uv":[15.5,9.375,16,9.875],"texture":"#0"}}},{"from":[10,0,1],"to":[14,2,15],"faces":{"north":{"uv":[15,3.75,16,4.25],"texture":"#0"},"east":{"uv":[11.375,0,14.875,0.5],"texture":"#0"},"south":{"uv":[15,3.75,16,4.25],"texture":"#0"},"west":{"uv":[11.375,0,14.875,0.5],"texture":"#0"},"up":{"uv":[15,0,16,3.5],"texture":"#0"},"down":{"uv":[15,0,16,3.5],"texture":"#0"}}},{"from":[10,2,4],"to":[14,4,12],"faces":{"north":{"uv":[11.75,0.625,12.75,1.125],"texture":"#0"},"east":{"uv":[12.875,0.625,14.875,1.125],"texture":"#0"},"south":{"uv":[11.75,0.625,12.75,1.125],"texture":"#0"},"west":{"uv":[12.875,0.625,14.875,1.125],"texture":"#0"},"up":{"uv":[13.875,1.25,14.875,3.25],"texture":"#0"},"down":{"uv":[13.875,1.25,14.875,3.25],"texture":"#0"}}},{"from":[-13,0,1],"to":[-9,2,15],"rotation":{"angle":0,"axis":"y","origin":[16,0,0]},"faces":{"north":{"uv":[16,3.75,15,4.25],"texture":"#0"},"east":{"uv":[14.875,0,11.375,0.5],"texture":"#0"},"south":{"uv":[16,3.75,15,4.25],"texture":"#0"},"west":{"uv":[14.875,0,11.375,0.5],"texture":"#0"},"up":{"uv":[16,0,15,3.5],"texture":"#0"},"down":{"uv":[16,0,15,3.5],"texture":"#0"}}},{"from":[-12,2,7],"to":[-10,26,9],"rotation":{"angle":0,"axis":"y","origin":[16,0,0]},"faces":{"north":{"uv":[16,10,15.5,16],"texture":"#0"},"east":{"uv":[15.25,10,14.75,16],"texture":"#0"},"south":{"uv":[16,10,15.5,16],"texture":"#0"},"west":{"uv":[15.25,10,14.75,16],"texture":"#0"},"up":{"uv":[16,9.375,15.5,9.875],"texture":"#0"},"down":{"uv":[16,9.375,15.5,9.875],"texture":"#0"}}},{"from":[-13,2,4],"to":[-9,4,12],"rotation":{"angle":0,"axis":"y","origin":[16,0,0]},"faces":{"north":{"uv":[12.75,0.625,11.75,1.125],"texture":"#0"},"east":{"uv":[14.875,0.625,12.875,1.125],"texture":"#0"},"south":{"uv":[12.75,0.625,11.75,1.125],"texture":"#0"},"west":{"uv":[14.875,0.625,12.875,1.125],"texture":"#0"},"up":{"uv":[14.875,1.25,13.875,3.25],"texture":"#0"},"down":{"uv":[14.875,1.25,13.875,3.25],"texture":"#0"}}},{"from":[-12,21,9],"to":[13,24,10],"faces":{"north":{"uv":[9.75,4.5,16,5.25],"texture":"#0"},"east":{"uv":[9.5,4.5,9.75,5.25],"texture":"#0"},"south":{"uv":[9.75,4.5,16,5.25],"texture":"#0"},"west":{"uv":[9.75,4.5,9.5,5.25],"texture":"#0"},"up":{"uv":[9.75,5.25,16,5.5],"texture":"#0"},"down":{"uv":[9.75,5.5,16,5.25],"texture":"#0"}}},{"from":[-12,21,6],"to":[13,24,7],"rotation":{"angle":0,"axis":"y","origin":[0,0,16]},"faces":{"north":{"uv":[16,4.5,9.75,5.25],"texture":"#0"},"east":{"uv":[9.75,4.5,9.5,5.25],"texture":"#0"},"south":{"uv":[16,4.5,9.75,5.25],"texture":"#0"},"west":{"uv":[9.5,4.5,9.75,5.25],"texture":"#0"},"up":{"uv":[9.75,5.5,16,5.25],"texture":"#0"},"down":{"uv":[9.75,5.25,16,5.5],"texture":"#0"}}},{"from":[-14,10,8.9],"to":[12,12,10.1],"rotation":{"angle":-22.5,"axis":"z","origin":[11,10,10]},"faces":{"north":{"uv":[14.125,9.5,14.625,16],"rotation":270,"texture":"#0"},"east":{"uv":[14.125,9.125,14.625,9.425],"rotation":90,"texture":"#0"},"south":{"uv":[14.125,9.5,14.625,16],"rotation":270,"texture":"#0"},"west":{"uv":[14.125,9.125,14.625,9.425],"rotation":90,"texture":"#0"},"up":{"uv":[13.625,9.5,13.925,16],"rotation":90,"texture":"#0"},"down":{"uv":[13.625,9.5,13.925,16],"rotation":90,"texture":"#0"}}},{"from":[-9,2,6],"to":[10,3,10],"faces":{"north":{"uv":[11.25,8,16,8.25],"texture":"#0"},"south":{"uv":[11.25,8,16,8.25],"texture":"#0"},"up":{"uv":[11.25,6.875,16,7.875],"texture":"#0"},"down":{"uv":[11.25,6.875,16,7.875],"texture":"#0"}}}],"gui_light":"front","display":{"thirdperson_righthand":{"rotation":[67.5,0,0],"translation":[1.5,0.25,0.5],"scale":[0.2,0.2,0.2]},"thirdperson_lefthand":{"rotation":[67.5,0,0],"translation":[-1.5,0.25,0.5],"scale":[0.2,0.2,0.2]},"firstperson_righthand":{"translation":[2.25,2.5,0],"scale":[0.37656,0.37656,0.37656]},"firstperson_lefthand":{"translation":[-3,2.5,0],"scale":[0.37656,0.37656,0.37656]},"ground":{"translation":[2.75,-0.25,0],"scale":[0.33,0.33,0.33]},"gui":{"rotation":[30,225,0],"translation":[-1.5,-2.5,0],"scale":[0.37055,0.37055,0.37055]},"head":{"translation":[0,-30.5,0],"scale":[0,0,0]},"fixed":{"rotation":[-90,0,0],"translation":[2.25,0,-18.25],"scale":[2.29297,2.29297,2.29297]}}}