{"texture_size":[128,128],"textures":{"2":"custom/furniture/forest/foresttexture_1","particle":"custom/furniture/forest/foresttexture_1"},"elements":[{"from":[3,0,3],"to":[13,10,13],"faces":{"north":{"uv":[0,14.75,1.25,16],"texture":"#2"},"east":{"uv":[0,14.75,1.25,16],"texture":"#2"},"south":{"uv":[0,14.75,1.25,16],"texture":"#2"},"west":{"uv":[0,14.75,1.25,16],"texture":"#2"},"up":{"uv":[1.3125,14.75,2.5625,16],"texture":"#2"},"down":{"uv":[1.3125,14.75,2.5625,16],"texture":"#2"}}},{"from":[13,0,3],"to":[14,10,13],"faces":{"north":{"uv":[1.4375,13.5,1.5625,14.75],"texture":"#2"},"east":{"uv":[0,13.375,1.25,14.625],"texture":"#2"},"south":{"uv":[1.5625,13.5,1.4375,14.75],"texture":"#2"},"west":{"uv":[0,13.375,1.25,14.625],"texture":"#2"},"up":{"uv":[1.3125,14.625,1.4375,13.375],"texture":"#2"},"down":{"uv":[1.3125,13.375,1.4375,14.625],"texture":"#2"}}},{"from":[2,0,3],"to":[3,10,13],"faces":{"north":{"uv":[1.5625,13.5,1.4375,14.75],"texture":"#2"},"east":{"uv":[0,13.375,1.25,14.625],"texture":"#2"},"south":{"uv":[1.4375,13.5,1.5625,14.75],"texture":"#2"},"west":{"uv":[0,13.375,1.25,14.625],"texture":"#2"},"up":{"uv":[1.3125,13.375,1.4375,14.625],"texture":"#2"},"down":{"uv":[1.3125,13.375,1.4375,14.625],"texture":"#2"}}},{"from":[3,0,2],"to":[13,10,3],"faces":{"north":{"uv":[0,13.375,1.25,14.625],"texture":"#2"},"east":{"uv":[1.5625,13.5,1.4375,14.75],"texture":"#2"},"south":{"uv":[0,13.375,1.25,14.625],"texture":"#2"},"west":{"uv":[1.4375,13.5,1.5625,14.75],"texture":"#2"},"up":{"uv":[1.4375,13.375,2.6875,13.5],"texture":"#2"},"down":{"uv":[1.3125,13.375,1.4375,14.625],"texture":"#2"}}},{"from":[3,0,13],"to":[13,10,14],"faces":{"north":{"uv":[0,13.375,1.25,14.625],"texture":"#2"},"east":{"uv":[1.4375,13.5,1.5625,14.75],"texture":"#2"},"south":{"uv":[0,13.375,1.25,14.625],"texture":"#2"},"west":{"uv":[1.5625,13.5,1.4375,14.75],"texture":"#2"},"up":{"uv":[2.6875,13.5,1.4375,13.375],"texture":"#2"},"down":{"uv":[1.3125,13.375,1.4375,14.625],"texture":"#2"}}},{"from":[14,3,9],"to":[15,8,10],"rotation":{"angle":-22.5,"axis":"z","origin":[15,6,5]},"faces":{"north":{"uv":[0,12.6875,0.125,13.3125],"texture":"#2"},"east":{"uv":[0,12.6875,0.125,13.3125],"texture":"#2"},"south":{"uv":[0,12.6875,0.125,13.3125],"texture":"#2"},"west":{"uv":[0,12.6875,0.125,13.3125],"texture":"#2"},"up":{"uv":[0.1875,13.1875,0.3125,13.3125],"texture":"#2"},"down":{"uv":[0.1875,13.1875,0.3125,13.3125],"texture":"#2"}}},{"from":[12,8,9.5],"to":[17,11,9.5],"rotation":{"angle":-22.5,"axis":"z","origin":[15,6,5]},"faces":{"north":{"uv":[0.8125,12.875,1.4375,13.25],"texture":"#2"},"east":{"uv":[0,0,0,0],"texture":"#2"},"south":{"uv":[0.8125,12.875,1.4375,13.25],"texture":"#2"},"west":{"uv":[0,0,0,0],"texture":"#2"},"up":{"uv":[0,0,0,0],"texture":"#2"},"down":{"uv":[0,0,0,0],"texture":"#2"}}},{"from":[0,0,9],"to":[2,4,11],"faces":{"north":{"uv":[1.5,8.625,1.75,9.125],"texture":"#2"},"east":{"uv":[1.5,8.625,1.75,9.125],"texture":"#2"},"south":{"uv":[1.5,8.625,1.75,9.125],"texture":"#2"},"west":{"uv":[1.5,8.625,1.75,9.125],"texture":"#2"},"up":{"uv":[1.5,8.3125,1.75,8.5625],"texture":"#2"},"down":{"uv":[2.5625,8.125,2.8125,8.375],"texture":"#2"}}},{"from":[6,0,14],"to":[11,2,15],"faces":{"north":{"uv":[1.8125,8.875,2.4375,9.125],"texture":"#2"},"east":{"uv":[1.8125,8.375,1.9375,8.625],"texture":"#2"},"south":{"uv":[1.8125,8.875,2.4375,9.125],"texture":"#2"},"west":{"uv":[1.8125,8.375,1.9375,8.625],"texture":"#2"},"up":{"uv":[1.8125,8.6875,2.4375,8.8125],"texture":"#2"},"down":{"uv":[1.8125,8.6875,2.4375,8.8125],"texture":"#2"}}},{"from":[14,0,10],"to":[16,3,12],"faces":{"north":{"uv":[0.5625,8.75,0.8125,9.125],"texture":"#2"},"east":{"uv":[0.5625,8.75,0.8125,9.125],"texture":"#2"},"south":{"uv":[0.5625,8.75,0.8125,9.125],"texture":"#2"},"west":{"uv":[0.5625,8.75,0.8125,9.125],"texture":"#2"},"up":{"uv":[0.5625,8.4375,0.8125,8.6875],"texture":"#2"},"down":{"uv":[0.5625,8.4375,0.8125,8.6875],"texture":"#2"}}},{"from":[8,0,0],"to":[11,5,2],"faces":{"north":{"uv":[0.875,8.75,1.25,9.375],"texture":"#2"},"east":{"uv":[0.875,9.4375,1.125,10.0625],"texture":"#2"},"south":{"uv":[0.875,8.75,1.25,9.375],"texture":"#2"},"west":{"uv":[0.875,9.4375,1.125,10.0625],"texture":"#2"},"up":{"uv":[1.3125,9.1875,1.6875,9.4375],"texture":"#2"},"down":{"uv":[1.3125,9.1875,1.6875,9.4375],"texture":"#2"}}},{"from":[9,0,14],"to":[12,5,16],"faces":{"north":{"uv":[0.875,8.75,1.25,9.375],"texture":"#2"},"east":{"uv":[0.875,9.4375,1.125,10.0625],"texture":"#2"},"south":{"uv":[0.875,8.75,1.25,9.375],"texture":"#2"},"west":{"uv":[0.875,9.4375,1.125,10.0625],"texture":"#2"},"up":{"uv":[1.3125,9.1875,1.6875,9.4375],"texture":"#2"},"down":{"uv":[1.3125,9.1875,1.6875,9.4375],"texture":"#2"}}},{"from":[9,0,-1],"to":[11,1,0],"faces":{"north":{"uv":[1.1875,8.1875,1.4375,8.3125],"texture":"#2"},"east":{"uv":[1.1875,8.375,1.3125,8.5],"texture":"#2"},"south":{"uv":[1.1875,8.1875,1.4375,8.3125],"texture":"#2"},"west":{"uv":[1.1875,8.375,1.3125,8.5],"texture":"#2"},"up":{"uv":[1.1875,8.5625,1.4375,8.6875],"texture":"#2"},"down":{"uv":[1.1875,8.5625,1.4375,8.6875],"texture":"#2"}}},{"from":[1,0,7],"to":[2,1,9],"faces":{"north":{"uv":[1.1875,8.375,1.3125,8.5],"texture":"#2"},"east":{"uv":[1.1875,8.1875,1.4375,8.3125],"texture":"#2"},"south":{"uv":[1.1875,8.375,1.3125,8.5],"texture":"#2"},"west":{"uv":[1.1875,8.1875,1.4375,8.3125],"texture":"#2"},"up":{"uv":[1.1875,8.5625,1.4375,8.6875],"rotation":270,"texture":"#2"},"down":{"uv":[1.1875,8.5625,1.4375,8.6875],"rotation":90,"texture":"#2"}}},{"from":[16,0,10],"to":[17,1,12],"faces":{"north":{"uv":[1.1875,8.375,1.3125,8.5],"texture":"#2"},"east":{"uv":[1.1875,8.1875,1.4375,8.3125],"texture":"#2"},"south":{"uv":[1.1875,8.375,1.3125,8.5],"texture":"#2"},"west":{"uv":[1.1875,8.1875,1.4375,8.3125],"texture":"#2"},"up":{"uv":[1.1875,8.5625,1.4375,8.6875],"rotation":90,"texture":"#2"},"down":{"uv":[1.1875,8.5625,1.4375,8.6875],"rotation":270,"texture":"#2"}}}],"gui_light":"front","display":{"thirdperson_righthand":{"rotation":[67.5,0,0],"translation":[0,2.5,0.75],"scale":[0.32031,0.32031,0.32031]},"thirdperson_lefthand":{"rotation":[67.5,0,0],"translation":[0,2.5,0.75],"scale":[0.32031,0.32031,0.32031]},"firstperson_righthand":{"translation":[-1.75,4.75,0],"scale":[0.57188,0.57188,0.57188]},"firstperson_lefthand":{"translation":[-1.75,4.75,0],"scale":[0.57188,0.57188,0.57188]},"ground":{"translation":[0,3,0],"scale":[0.63,0.63,0.63]},"gui":{"rotation":[30,225,0],"translation":[0.25,1.75,0],"scale":[0.70703,0.70703,0.70703]},"head":{"translation":[0,-30.5,0],"scale":[0,0,0]},"fixed":{"rotation":[-90,0,0],"translation":[0,0,-21.25],"scale":[2.66406,2.66406,2.66406]}}}