{"overrides":[{"predicate":{"custom_model_data":1},"model":"modelengine:rabbit/left_back"},{"predicate":{"custom_model_data":2},"model":"modelengine:rabbit/front_left"},{"predicate":{"custom_model_data":3},"model":"modelengine:rabbit/front_right"},{"predicate":{"custom_model_data":4},"model":"modelengine:rabbit/right_back"},{"predicate":{"custom_model_data":5},"model":"modelengine:rabbit/torso"},{"predicate":{"custom_model_data":6},"model":"modelengine:rabbit/left_back2"},{"predicate":{"custom_model_data":7},"model":"modelengine:rabbit/front_left2"},{"predicate":{"custom_model_data":8},"model":"modelengine:rabbit/front_right2"},{"predicate":{"custom_model_data":9},"model":"modelengine:rabbit/right_back2"},{"predicate":{"custom_model_data":10},"model":"modelengine:rabbit/head"},{"predicate":{"custom_model_data":11},"model":"modelengine:rabbit/tail"},{"predicate":{"custom_model_data":12},"model":"modelengine:rabbit/mouth"},{"predicate":{"custom_model_data":13},"model":"modelengine:rabbit/ear_right"},{"predicate":{"custom_model_data":14},"model":"modelengine:rabbit/eye_left"},{"predicate":{"custom_model_data":15},"model":"modelengine:rabbit/ear_left"},{"predicate":{"custom_model_data":16},"model":"modelengine:rabbit/eye_right"},{"predicate":{"custom_model_data":17},"model":"modelengine:rabbit_infected/left_back"},{"predicate":{"custom_model_data":18},"model":"modelengine:rabbit_infected/left_front"},{"predicate":{"custom_model_data":19},"model":"modelengine:rabbit_infected/right_front"},{"predicate":{"custom_model_data":20},"model":"modelengine:rabbit_infected/right_back"},{"predicate":{"custom_model_data":21},"model":"modelengine:rabbit_infected/torso"},{"predicate":{"custom_model_data":22},"model":"modelengine:rabbit_infected/left_back2"},{"predicate":{"custom_model_data":23},"model":"modelengine:rabbit_infected/left_front2"},{"predicate":{"custom_model_data":24},"model":"modelengine:rabbit_infected/right_front2"},{"predicate":{"custom_model_data":25},"model":"modelengine:rabbit_infected/right_back2"},{"predicate":{"custom_model_data":26},"model":"modelengine:rabbit_infected/mushroom"},{"predicate":{"custom_model_data":27},"model":"modelengine:rabbit_infected/mushroom/1"},{"predicate":{"custom_model_data":28},"model":"modelengine:rabbit_infected/head"},{"predicate":{"custom_model_data":29},"model":"modelengine:rabbit_infected/tail"},{"predicate":{"custom_model_data":30},"model":"modelengine:rabbit_infected/mouth"},{"predicate":{"custom_model_data":31},"model":"modelengine:rabbit_infected/ear_right"},{"predicate":{"custom_model_data":32},"model":"modelengine:rabbit_infected/eye_left"},{"predicate":{"custom_model_data":33},"model":"modelengine:rabbit_infected/ear_left"},{"predicate":{"custom_model_data":34},"model":"modelengine:rabbit_infected/eye_right"}],"parent":"minecraft:item/generated","textures":{"layer0":"minecraft:item/leather_horse_armor"}}