{"texture_size":[256,256],"textures":{"0":"custom/furniture/medieval_market/medievalmarket","particle":"custom/furniture/medieval_market/medievalmarket"},"elements":[{"from":[8,7,3],"to":[15,10,13],"rotation":{"angle":0,"axis":"y","origin":[-1,1,12]},"faces":{"north":{"uv":[6.5,1.875,6.9375,2.0625],"texture":"#0"},"east":{"uv":[10.25,2,10.875,2.1875],"texture":"#0"},"south":{"uv":[6.5,1.875,6.9375,2.0625],"texture":"#0"},"west":{"uv":[10.25,2,10.875,2.1875],"texture":"#0"},"up":{"uv":[10.875,0.46875,10.25,0.03125],"rotation":270,"texture":"#0"},"down":{"uv":[10.875,0.46875,10.25,0.03125],"rotation":270,"texture":"#0"}}},{"from":[1,7,3],"to":[8,10,13],"rotation":{"angle":0,"axis":"y","origin":[17,1,12]},"faces":{"north":{"uv":[6.9375,1.875,6.5,2.0625],"texture":"#0"},"east":{"uv":[10.875,2,10.25,2.1875],"texture":"#0"},"south":{"uv":[6.9375,1.875,6.5,2.0625],"texture":"#0"},"west":{"uv":[10.875,2,10.25,2.1875],"texture":"#0"},"up":{"uv":[10.25,0.03125,10.875,0.46875],"rotation":270,"texture":"#0"},"down":{"uv":[10.25,0.03125,10.875,0.46875],"rotation":270,"texture":"#0"}}},{"from":[12,0,1.5],"to":[14,9,4.5],"rotation":{"angle":22.5,"axis":"x","origin":[13,0,3]},"faces":{"north":{"uv":[8.375,1.5625,8.25,1],"texture":"#0"},"east":{"uv":[7.1875,1.59375,6.625,1.40625],"rotation":270,"texture":"#0"},"south":{"uv":[8.375,1.5625,8.25,1],"texture":"#0"},"west":{"uv":[7.1875,1.59375,6.625,1.40625],"rotation":270,"texture":"#0"},"up":{"uv":[7.375,1,7.25,0.8125],"texture":"#0"},"down":{"uv":[7.375,1,7.25,0.8125],"texture":"#0"}}},{"from":[12,0,11.5],"to":[14,9,14.5],"rotation":{"angle":-22.5,"axis":"x","origin":[13,0,13]},"faces":{"north":{"uv":[8.25,1.5625,8.375,1],"texture":"#0"},"east":{"uv":[7.1875,1.40625,6.625,1.59375],"rotation":270,"texture":"#0"},"south":{"uv":[8.25,1.5625,8.375,1],"texture":"#0"},"west":{"uv":[7.1875,1.40625,6.625,1.59375],"rotation":270,"texture":"#0"},"up":{"uv":[7.375,0.8125,7.25,1],"texture":"#0"},"down":{"uv":[7.375,0.8125,7.25,1],"texture":"#0"}}},{"from":[8,3,7],"to":[15,6,9],"rotation":{"angle":0,"axis":"y","origin":[0,4.5,8]},"faces":{"north":{"uv":[5.5,2.5625,5.9375,2.75],"texture":"#0"},"east":{"uv":[1.9375,5.5625,2.0625,5.75],"texture":"#0"},"south":{"uv":[5.9375,2.5625,5.5,2.75],"texture":"#0"},"west":{"uv":[1.9375,5.5625,2.0625,5.75],"texture":"#0"},"up":{"uv":[5.8125,2.875,6.25,2.75],"texture":"#0"},"down":{"uv":[5.8125,2.875,6.25,2.75],"texture":"#0"}}},{"from":[1,15.5,12.5],"to":[8,18.5,14.5],"rotation":{"angle":0,"axis":"y","origin":[16,4,7.5]},"faces":{"north":{"uv":[5.9375,2.5625,5.5,2.75],"texture":"#0"},"east":{"uv":[2.0625,5.5625,1.9375,5.75],"texture":"#0"},"south":{"uv":[5.5,2.5625,5.9375,2.75],"texture":"#0"},"west":{"uv":[2.0625,5.5625,1.9375,5.75],"texture":"#0"},"up":{"uv":[5.8125,2.875,6.25,2.75],"texture":"#0"},"down":{"uv":[6.25,2.875,5.8125,2.75],"texture":"#0"}}},{"from":[8,15.5,12.5],"to":[15,18.5,14.5],"rotation":{"angle":0,"axis":"y","origin":[0,4,7.5]},"faces":{"north":{"uv":[5.5,2.5625,5.9375,2.75],"texture":"#0"},"east":{"uv":[1.9375,5.5625,2.0625,5.75],"texture":"#0"},"south":{"uv":[5.9375,2.5625,5.5,2.75],"texture":"#0"},"west":{"uv":[1.9375,5.5625,2.0625,5.75],"texture":"#0"},"up":{"uv":[5.8125,2.875,6.25,2.75],"texture":"#0"},"down":{"uv":[5.8125,2.875,6.25,2.75],"texture":"#0"}}},{"from":[1,15.5,14.5],"to":[8,18.5,16.5],"rotation":{"angle":0,"axis":"y","origin":[16,4,7.5]},"faces":{"north":{"uv":[5.9375,2.5625,5.5,2.75],"texture":"#0"},"east":{"uv":[2.0625,5.5625,1.9375,5.75],"texture":"#0"},"south":{"uv":[5.5,2.5625,5.9375,2.75],"texture":"#0"},"west":{"uv":[2.0625,5.5625,1.9375,5.75],"texture":"#0"},"up":{"uv":[5.8125,2.875,6.25,2.75],"texture":"#0"},"down":{"uv":[6.25,2.875,5.8125,2.75],"texture":"#0"}}},{"from":[8,15.5,14.5],"to":[15,18.5,16.5],"rotation":{"angle":0,"axis":"y","origin":[0,4,7.5]},"faces":{"north":{"uv":[5.5,2.5625,5.9375,2.75],"texture":"#0"},"east":{"uv":[1.9375,5.5625,2.0625,5.75],"texture":"#0"},"south":{"uv":[5.9375,2.5625,5.5,2.75],"texture":"#0"},"west":{"uv":[1.9375,5.5625,2.0625,5.75],"texture":"#0"},"up":{"uv":[5.8125,2.875,6.25,2.75],"texture":"#0"},"down":{"uv":[5.8125,2.875,6.25,2.75],"texture":"#0"}}},{"from":[1,3,7],"to":[8,6,9],"rotation":{"angle":0,"axis":"y","origin":[16,4.5,8]},"faces":{"north":{"uv":[5.9375,2.5625,5.5,2.75],"texture":"#0"},"east":{"uv":[2.0625,5.5625,1.9375,5.75],"texture":"#0"},"south":{"uv":[5.5,2.5625,5.9375,2.75],"texture":"#0"},"west":{"uv":[2.0625,5.5625,1.9375,5.75],"texture":"#0"},"up":{"uv":[5.8125,2.875,6.25,2.75],"texture":"#0"},"down":{"uv":[6.25,2.875,5.8125,2.75],"texture":"#0"}}},{"from":[12.1,2.7,4],"to":[13.9,6.2,12],"rotation":{"angle":0,"axis":"y","origin":[-3,0,12]},"faces":{"north":{"uv":[3.8125,3.875,3.925,4.09375],"texture":"#0"},"east":{"uv":[6.625,1.59375,7.125,1.8125],"texture":"#0"},"south":{"uv":[3.8125,3.875,3.925,4.09375],"texture":"#0"},"west":{"uv":[6.625,1.59375,7.125,1.8125],"texture":"#0"},"up":{"uv":[7.75,1.4875,7.25,1.375],"rotation":270,"texture":"#0"},"down":{"uv":[7.75,1.4875,7.25,1.375],"rotation":270,"texture":"#0"}}},{"from":[2,0,1.5],"to":[4,9,4.5],"rotation":{"angle":22.5,"axis":"x","origin":[3,0,3]},"faces":{"north":{"uv":[8.25,1.5625,8.375,1],"texture":"#0"},"east":{"uv":[7.1875,1.40625,6.625,1.59375],"rotation":270,"texture":"#0"},"south":{"uv":[8.25,1.5625,8.375,1],"texture":"#0"},"west":{"uv":[7.1875,1.40625,6.625,1.59375],"rotation":270,"texture":"#0"},"up":{"uv":[7.25,1,7.375,0.8125],"texture":"#0"},"down":{"uv":[7.25,1,7.375,0.8125],"texture":"#0"}}},{"from":[2,10.5,6],"to":[4,19.5,9],"rotation":{"angle":22.5,"axis":"x","origin":[3,-0.5,2.5]},"faces":{"north":{"uv":[8.25,1.5625,8.375,1],"texture":"#0"},"east":{"uv":[7.1875,1.40625,6.625,1.59375],"rotation":270,"texture":"#0"},"south":{"uv":[8.25,1.5625,8.375,1],"texture":"#0"},"west":{"uv":[7.1875,1.40625,6.625,1.59375],"rotation":270,"texture":"#0"},"up":{"uv":[7.25,1,7.375,0.8125],"texture":"#0"},"down":{"uv":[7.25,1,7.375,0.8125],"texture":"#0"}}},{"from":[12,10.5,6],"to":[14,19.5,9],"rotation":{"angle":22.5,"axis":"x","origin":[13,-0.5,2.5]},"faces":{"north":{"uv":[8.375,1.5625,8.25,1],"texture":"#0"},"east":{"uv":[7.1875,1.59375,6.625,1.40625],"rotation":270,"texture":"#0"},"south":{"uv":[8.375,1.5625,8.25,1],"texture":"#0"},"west":{"uv":[7.1875,1.59375,6.625,1.40625],"rotation":270,"texture":"#0"},"up":{"uv":[7.375,1,7.25,0.8125],"texture":"#0"},"down":{"uv":[7.375,1,7.25,0.8125],"texture":"#0"}}},{"from":[2,0,11.5],"to":[4,9,14.5],"rotation":{"angle":-22.5,"axis":"x","origin":[3,0,13]},"faces":{"north":{"uv":[8.375,1.5625,8.25,1],"texture":"#0"},"east":{"uv":[7.1875,1.59375,6.625,1.40625],"rotation":270,"texture":"#0"},"south":{"uv":[8.375,1.5625,8.25,1],"texture":"#0"},"west":{"uv":[7.1875,1.59375,6.625,1.40625],"rotation":270,"texture":"#0"},"up":{"uv":[7.25,0.8125,7.375,1],"texture":"#0"},"down":{"uv":[7.25,0.8125,7.375,1],"texture":"#0"}}},{"from":[2.1,2.7,4],"to":[3.9,6.2,12],"rotation":{"angle":0,"axis":"y","origin":[19,0,12]},"faces":{"north":{"uv":[3.925,3.875,3.8125,4.09375],"texture":"#0"},"east":{"uv":[7.125,1.59375,6.625,1.8125],"texture":"#0"},"south":{"uv":[3.925,3.875,3.8125,4.09375],"texture":"#0"},"west":{"uv":[7.125,1.59375,6.625,1.8125],"texture":"#0"},"up":{"uv":[7.75,1.375,7.25,1.4875],"rotation":270,"texture":"#0"},"down":{"uv":[7.75,1.375,7.25,1.4875],"rotation":270,"texture":"#0"}}}],"gui_light":"front","display":{"thirdperson_righthand":{"rotation":[67.5,0,0],"translation":[0,2,1.5],"scale":[0.42579,0.42579,0.42579]},"thirdperson_lefthand":{"rotation":[67.5,0,0],"translation":[0,2,1.5],"scale":[0.42579,0.42579,0.42579]},"firstperson_righthand":{"translation":[-1.5,4.25,2],"scale":[0.37656,0.37656,0.37656]},"firstperson_lefthand":{"translation":[-1.5,4.25,2],"scale":[0.37656,0.37656,0.37656]},"ground":{"translation":[0,3,0],"scale":[0.37109,0.37109,0.37109]},"gui":{"rotation":[30,225,0],"translation":[0.5,-1,0],"scale":[0.50391,0.50391,0.50391]},"head":{"rotation":[0,180,0],"translation":[0,-30.25,0],"scale":[0,0,0]},"fixed":{"rotation":[-90,0,0],"translation":[0.25,0,-17.25],"scale":[2,2,2]}}}