{"texture_size":[256, 256],"textures":{"0":"custom/furniture/medieval_market/medievalmarket","particle":"custom/furniture/medieval_market/medievalmarket"},"elements":[{"from":[23, -16, -7],"to":[27, 16, -3],"faces":{"north":{"uv":[0.25, 4.6875, 0, 6.6875],"texture":"#0"},"east":{"uv":[0.25, 4.6875, 0.5, 6.6875],"texture":"#0"},"south":{"uv":[0.25, 4.6875, 0, 6.6875],"texture":"#0"},"west":{"uv":[0.25, 4.6875, 0.5, 6.6875],"texture":"#0"},"up":{"uv":[1.4375, 5.8125, 1.1875, 5.5625],"texture":"#0"},"down":{"uv":[1.4375, 5.8125, 1.1875, 5.5625],"texture":"#0"}}},{"from":[-11, -16, -7],"to":[-7, 16, -3],"rotation":{"angle":0,"axis":"y","origin":[16, 0, 0]},"faces":{"north":{"uv":[0, 4.6875, 0.25, 6.6875],"texture":"#0"},"east":{"uv":[0.5, 4.6875, 0.25, 6.6875],"texture":"#0"},"south":{"uv":[0, 4.6875, 0.25, 6.6875],"texture":"#0"},"west":{"uv":[0.5, 4.6875, 0.25, 6.6875],"texture":"#0"},"up":{"uv":[1.1875, 5.8125, 1.4375, 5.5625],"texture":"#0"},"down":{"uv":[1.1875, 5.8125, 1.4375, 5.5625],"texture":"#0"}}},{"from":[-11, -16, 23],"to":[-7, 16, 27],"rotation":{"angle":0,"axis":"y","origin":[16, 0, 16]},"faces":{"north":{"uv":[0.25, 4.6875, 0, 6.6875],"texture":"#0"},"east":{"uv":[0.25, 4.6875, 0.5, 6.6875],"texture":"#0"},"south":{"uv":[0.25, 4.6875, 0, 6.6875],"texture":"#0"},"west":{"uv":[0.25, 4.6875, 0.5, 6.6875],"texture":"#0"},"up":{"uv":[1.1875, 5.5625, 1.4375, 5.8125],"texture":"#0"},"down":{"uv":[1.1875, 5.5625, 1.4375, 5.8125],"texture":"#0"}}},{"from":[23, -16, 23],"to":[27, 16, 27],"rotation":{"angle":0,"axis":"y","origin":[0, 0, 16]},"faces":{"north":{"uv":[0, 4.6875, 0.25, 6.6875],"texture":"#0"},"east":{"uv":[0.5, 4.6875, 0.25, 6.6875],"texture":"#0"},"south":{"uv":[0, 4.6875, 0.25, 6.6875],"texture":"#0"},"west":{"uv":[0.5, 4.6875, 0.25, 6.6875],"texture":"#0"},"up":{"uv":[1.4375, 5.5625, 1.1875, 5.8125],"texture":"#0"},"down":{"uv":[1.4375, 5.5625, 1.1875, 5.8125],"texture":"#0"}}},{"from":[-16, 16, -7],"to":[32, 20, -3],"faces":{"north":{"uv":[4.125, 5, 7.125, 5.25],"texture":"#0"},"east":{"uv":[1.4375, 5.5625, 1.6875, 5.8125],"texture":"#0"},"south":{"uv":[4.125, 5, 7.125, 5.25],"texture":"#0"},"west":{"uv":[1.4375, 5.5625, 1.6875, 5.8125],"texture":"#0"},"up":{"uv":[4.125, 5, 7.125, 5.25],"texture":"#0"},"down":{"uv":[4.125, 5, 7.125, 5.25],"texture":"#0"}}},{"from":[-16, 28, 8],"to":[32, 32, 12],"faces":{"north":{"uv":[4.125, 5, 7.125, 5.25],"texture":"#0"},"east":{"uv":[1.4375, 5.5625, 1.6875, 5.8125],"texture":"#0"},"south":{"uv":[4.125, 5, 7.125, 5.25],"texture":"#0"},"west":{"uv":[1.4375, 5.5625, 1.6875, 5.8125],"texture":"#0"},"up":{"uv":[4.125, 5, 7.125, 5.25],"texture":"#0"},"down":{"uv":[4.125, 5, 7.125, 5.25],"texture":"#0"}}},{"from":[-16, 16, 23],"to":[32, 20, 27],"rotation":{"angle":0,"axis":"y","origin":[0, 0, 16]},"faces":{"north":{"uv":[7.125, 5, 4.125, 5.25],"texture":"#0"},"east":{"uv":[1.6875, 5.5625, 1.4375, 5.8125],"texture":"#0"},"south":{"uv":[7.125, 5, 4.125, 5.25],"texture":"#0"},"west":{"uv":[1.6875, 5.5625, 1.4375, 5.8125],"texture":"#0"},"up":{"uv":[7.125, 5, 4.125, 5.25],"texture":"#0"},"down":{"uv":[7.125, 5, 4.125, 5.25],"texture":"#0"}}},{"from":[23, 16, -3],"to":[27, 20, 23],"faces":{"east":{"uv":[0.5, 5.125, 2.125, 5.375],"texture":"#0"},"west":{"uv":[0.5, 5.125, 2.125, 5.375],"texture":"#0"},"up":{"uv":[2.625, 6.3125, 2.375, 4.6875],"texture":"#0"},"down":{"uv":[2.625, 6.3125, 2.375, 4.6875],"texture":"#0"}}},{"from":[-11, 16, -3],"to":[-7, 20, 23],"rotation":{"angle":0,"axis":"y","origin":[16, 0, 0]},"faces":{"east":{"uv":[2.125, 5.125, 0.5, 5.375],"texture":"#0"},"west":{"uv":[2.125, 5.125, 0.5, 5.375],"texture":"#0"},"up":{"uv":[2.375, 6.3125, 2.625, 4.6875],"texture":"#0"},"down":{"uv":[2.375, 6.3125, 2.625, 4.6875],"texture":"#0"}}},{"from":[23, 20, 8],"to":[27, 28, 12],"faces":{"north":{"uv":[5.5, 4.0625, 5.75, 4.5625],"texture":"#0"},"east":{"uv":[5.5, 4.0625, 5.75, 4.5625],"texture":"#0"},"south":{"uv":[5.5, 4.0625, 5.75, 4.5625],"texture":"#0"},"west":{"uv":[5.5, 4.0625, 5.75, 4.5625],"texture":"#0"},"up":{"uv":[1.9375, 5.8125, 1.6875, 5.5625],"texture":"#0"},"down":{"uv":[1.9375, 5.8125, 1.6875, 5.5625],"texture":"#0"}}},{"from":[-11, 20, 8],"to":[-7, 28, 12],"rotation":{"angle":0,"axis":"y","origin":[16, 0, 0]},"faces":{"north":{"uv":[5.75, 4.0625, 5.5, 4.5625],"texture":"#0"},"east":{"uv":[5.75, 4.0625, 5.5, 4.5625],"texture":"#0"},"south":{"uv":[5.75, 4.0625, 5.5, 4.5625],"texture":"#0"},"west":{"uv":[5.75, 4.0625, 5.5, 4.5625],"texture":"#0"},"up":{"uv":[1.6875, 5.8125, 1.9375, 5.5625],"texture":"#0"},"down":{"uv":[1.6875, 5.8125, 1.9375, 5.5625],"texture":"#0"}}},{"from":[-15, -3, -12],"to":[31, 0, -1],"faces":{"north":{"uv":[5.5, 2.1875, 8.375, 2.375],"texture":"#0"},"east":{"uv":[0.5, 5.5625, 1.1875, 5.75],"texture":"#0"},"south":{"uv":[5.5, 2.1875, 8.375, 2.375],"texture":"#0"},"west":{"uv":[0.5, 5.5625, 1.1875, 5.75],"texture":"#0"},"up":{"uv":[6.625, 1.625, 3.75, 0.9375],"texture":"#0"},"down":{"uv":[6.625, 0.9375, 3.75, 1.625],"texture":"#0"}}},{"from":[2, -0.6, -11.8],"to":[10, -0.6, -0.8],"rotation":{"angle":-22.5,"axis":"x","origin":[3, 2, -14]},"faces":{"north":{"uv":[1, 5.9375, 0.5, 6.125],"texture":"#0"},"east":{"uv":[1.03125, 5.9375, 1, 6.125],"texture":"#0"},"south":{"uv":[1, 5.9375, 0.5, 6.125],"texture":"#0"},"west":{"uv":[1.03125, 5.9375, 1, 6.125],"texture":"#0"},"up":{"uv":[1, 6.15625, 0.5, 6.84375],"texture":"#0"},"down":{"uv":[1, 6.15625, 0.5, 6.84375],"texture":"#0"}}},{"from":[2, -0.7, -12.3],"to":[10, 2.3, -11.8],"rotation":{"angle":-22.5,"axis":"x","origin":[-13, 2, -14]},"faces":{"north":{"uv":[0.5, 5.9375, 1, 6.125],"texture":"#0"},"east":{"uv":[1, 5.9375, 1.03125, 6.125],"texture":"#0"},"south":{"uv":[0.5, 5.9375, 1, 6.125],"texture":"#0"},"west":{"uv":[1, 5.9375, 1.03125, 6.125],"texture":"#0"},"up":{"uv":[0.5, 6.125, 1, 6.15625],"texture":"#0"},"down":{"uv":[0.5, 6.125, 1, 6.15625],"texture":"#0"}}},{"from":[5.6, 5.2, -10.3],"to":[9.6, 8.7, -6.3],"rotation":{"angle":22.5,"axis":"z","origin":[14, -3.6, -27.4]},"faces":{"north":{"uv":[1.75, 6.125, 1.5, 6.34375],"texture":"#0"},"east":{"uv":[1.75, 6.125, 1.5, 6.34375],"texture":"#0"},"south":{"uv":[1.75, 6.125, 1.5, 6.34375],"texture":"#0"},"west":{"uv":[1.75, 6.125, 1.5, 6.34375],"texture":"#0"},"up":{"uv":[1.5, 6.28125, 1.25, 6.53125],"texture":"#0"},"down":{"uv":[1.5, 6.28125, 1.25, 6.53125],"texture":"#0"}}},{"from":[1.6, 3.1, -8],"to":[1.6, 5.1, -4],"rotation":{"angle":-22.5,"axis":"z","origin":[1, 5, -6]},"faces":{"north":{"uv":[1.8125, 5.5, 1.8125, 5.625],"texture":"#0"},"east":{"uv":[0.75, 5.75, 0.5, 5.875],"texture":"#0"},"south":{"uv":[1.8125, 5.5, 1.8125, 5.625],"texture":"#0"},"west":{"uv":[0.75, 5.75, 0.5, 5.875],"texture":"#0"},"up":{"uv":[1.84375, 5.5, 1.84375, 5.75],"texture":"#0"},"down":{"uv":[1.84375, 5.5, 1.84375, 5.75],"texture":"#0"}}},{"from":[1.5, -0.7, -12.3],"to":[2, 2.3, -0.3],"rotation":{"angle":-22.5,"axis":"x","origin":[3, 2, -14]},"faces":{"north":{"uv":[2.34375, 5.6875, 2.3125, 5.875],"texture":"#0"},"east":{"uv":[1.75, 5.9375, 1, 6.125],"texture":"#0"},"south":{"uv":[2.34375, 5.6875, 2.3125, 5.875],"texture":"#0"},"west":{"uv":[1.75, 5.9375, 1, 6.125],"texture":"#0"},"up":{"uv":[2.375, 5.6875, 2.34375, 6.4375],"texture":"#0"},"down":{"uv":[2.375, 5.6875, 2.34375, 6.4375],"texture":"#0"}}},{"from":[6.2, 7.6, -6.1],"to":[10.7, 11.6, -1.6],"rotation":{"angle":22.5,"axis":"z","origin":[14, -3.6, -27.4]},"faces":{"north":{"uv":[2.0625, 6.125, 1.78125, 6.375],"texture":"#0"},"east":{"uv":[2.0625, 6.125, 1.78125, 6.375],"texture":"#0"},"south":{"uv":[2.0625, 6.125, 1.78125, 6.375],"texture":"#0"},"west":{"uv":[2.0625, 6.125, 1.78125, 6.375],"texture":"#0"},"up":{"uv":[1.8125, 6.375, 1.53125, 6.65625],"texture":"#0"},"down":{"uv":[1.8125, 6.375, 1.53125, 6.65625],"texture":"#0"}}},{"from":[5.2, 3.9, -8.1],"to":[9.7, 7.9, -3.6],"rotation":{"angle":0,"axis":"y","origin":[14, -3.6, -27.4]},"faces":{"north":{"uv":[2.0625, 6.125, 1.78125, 6.375],"texture":"#0"},"east":{"uv":[2.0625, 6.125, 1.78125, 6.375],"texture":"#0"},"south":{"uv":[2.0625, 6.125, 1.78125, 6.375],"texture":"#0"},"west":{"uv":[2.0625, 6.125, 1.78125, 6.375],"texture":"#0"},"up":{"uv":[1.8125, 6.375, 1.53125, 6.65625],"texture":"#0"},"down":{"uv":[1.8125, 6.375, 1.53125, 6.65625],"texture":"#0"}}},{"from":[1.2, 5.6, 18.9],"to":[5.7, 9.6, 23.4],"rotation":{"angle":0,"axis":"y","origin":[18, -3.6, -27.4]},"faces":{"north":{"uv":[2.0625, 6.125, 1.78125, 6.375],"texture":"#0"},"east":{"uv":[2.0625, 6.125, 1.78125, 6.375],"texture":"#0"},"south":{"uv":[2.0625, 6.125, 1.78125, 6.375],"texture":"#0"},"west":{"uv":[2.0625, 6.125, 1.78125, 6.375],"texture":"#0"},"up":{"uv":[1.8125, 6.375, 1.53125, 6.65625],"texture":"#0"},"down":{"uv":[1.8125, 6.375, 1.53125, 6.65625],"texture":"#0"}}},{"from":[15.2, 5.6, 23.9],"to":[19.7, 9.6, 28.4],"rotation":{"angle":-22.5,"axis":"y","origin":[18, -3.6, -27.4]},"faces":{"north":{"uv":[2.0625, 6.125, 1.78125, 6.375],"texture":"#0"},"east":{"uv":[2.0625, 6.125, 1.78125, 6.375],"texture":"#0"},"south":{"uv":[2.0625, 6.125, 1.78125, 6.375],"texture":"#0"},"west":{"uv":[2.0625, 6.125, 1.78125, 6.375],"texture":"#0"},"up":{"uv":[1.8125, 6.375, 1.53125, 6.65625],"texture":"#0"},"down":{"uv":[1.8125, 6.375, 1.53125, 6.65625],"texture":"#0"}}},{"from":[10, -0.7, -12.3],"to":[10.5, 2.3, -0.3],"rotation":{"angle":-22.5,"axis":"x","origin":[-13, 2, -14]},"faces":{"north":{"uv":[2.3125, 5.6875, 2.34375, 5.875],"texture":"#0"},"east":{"uv":[1, 5.9375, 1.75, 6.125],"texture":"#0"},"south":{"uv":[2.3125, 5.6875, 2.34375, 5.875],"texture":"#0"},"west":{"uv":[1, 5.9375, 1.75, 6.125],"texture":"#0"},"up":{"uv":[2.34375, 5.6875, 2.375, 6.4375],"texture":"#0"},"down":{"uv":[2.34375, 5.6875, 2.375, 6.4375],"texture":"#0"}}},{"from":[2, -0.7, -0.8],"to":[10, 2.3, -0.3],"rotation":{"angle":-22.5,"axis":"x","origin":[3, 2, -14]},"faces":{"north":{"uv":[1, 5.9375, 0.5, 6.125],"texture":"#0"},"east":{"uv":[1.03125, 5.9375, 1, 6.125],"texture":"#0"},"south":{"uv":[1, 5.9375, 0.5, 6.125],"texture":"#0"},"west":{"uv":[1.03125, 5.9375, 1, 6.125],"texture":"#0"},"up":{"uv":[1, 6.125, 0.5, 6.15625],"texture":"#0"},"down":{"uv":[1, 6.125, 0.5, 6.15625],"texture":"#0"}}},{"from":[10.4, 3.1, -8],"to":[10.4, 5.1, -4],"rotation":{"angle":22.5,"axis":"z","origin":[11, 5, -6]},"faces":{"north":{"uv":[1.8125, 5.5, 1.8125, 5.625],"texture":"#0"},"east":{"uv":[0.5, 5.75, 0.75, 5.875],"texture":"#0"},"south":{"uv":[1.8125, 5.5, 1.8125, 5.625],"texture":"#0"},"west":{"uv":[0.5, 5.75, 0.75, 5.875],"texture":"#0"},"up":{"uv":[1.84375, 5.5, 1.84375, 5.75],"texture":"#0"},"down":{"uv":[1.84375, 5.5, 1.84375, 5.75],"texture":"#0"}}},{"from":[-12, -10, -6],"to":[28, -7, -4],"faces":{"north":{"uv":[5.5, 2.375, 8, 2.5625],"texture":"#0"},"east":{"uv":[1.9375, 5.5625, 2.0625, 5.75],"texture":"#0"},"south":{"uv":[5.5, 2.375, 8, 2.5625],"texture":"#0"},"west":{"uv":[1.9375, 5.5625, 2.0625, 5.75],"texture":"#0"},"up":{"uv":[8, 2.875, 5.5, 2.75],"texture":"#0"},"down":{"uv":[8, 2.875, 5.5, 2.75],"texture":"#0"}}},{"from":[-12, -10, 24],"to":[28, -7, 26],"rotation":{"angle":0,"axis":"y","origin":[0, 0, 16]},"faces":{"north":{"uv":[8, 2.375, 5.5, 2.5625],"texture":"#0"},"east":{"uv":[2.0625, 5.5625, 1.9375, 5.75],"texture":"#0"},"south":{"uv":[8, 2.375, 5.5, 2.5625],"texture":"#0"},"west":{"uv":[2.0625, 5.5625, 1.9375, 5.75],"texture":"#0"},"up":{"uv":[8, 2.75, 5.5, 2.875],"texture":"#0"},"down":{"uv":[8, 2.75, 5.5, 2.875],"texture":"#0"}}},{"from":[24, -10, -8],"to":[26, -7, 28],"faces":{"north":{"uv":[2.0625, 5.6875, 2.1875, 5.875],"texture":"#0"},"east":{"uv":[5.5, 2.5625, 7.75, 2.75],"texture":"#0"},"south":{"uv":[2.0625, 5.6875, 2.1875, 5.875],"texture":"#0"},"west":{"uv":[5.5, 2.5625, 7.75, 2.75],"texture":"#0"},"up":{"uv":[2.75, 6.9375, 2.625, 4.6875],"texture":"#0"},"down":{"uv":[2.75, 6.9375, 2.625, 4.6875],"texture":"#0"}}},{"from":[20, -3, -1],"to":[31, 0, 25],"faces":{"north":{"uv":[4.1875, 5.5, 4.875, 5.6875],"texture":"#0"},"east":{"uv":[0.5, 5.375, 2.125, 5.5625],"texture":"#0"},"south":{"uv":[4.875, 5.5, 5.5625, 5.6875],"texture":"#0"},"west":{"uv":[0.5, 5.375, 2.125, 5.5625],"texture":"#0"},"up":{"uv":[3.4375, 6.25, 2.75, 4.625],"texture":"#0"},"down":{"uv":[3.4375, 4.625, 2.75, 6.25],"texture":"#0"}}},{"from":[-9, 4, 19],"to":[25, 5.5, 25],"faces":{"north":{"uv":[5.5, 3.9375, 7.625, 4.03125],"texture":"#0"},"east":{"uv":[5.5625, 5.5625, 5.9375, 5.65625],"texture":"#0"},"south":{"uv":[5.5, 3.9375, 7.625, 4.03125],"texture":"#0"},"west":{"uv":[5.9375, 5.5625, 5.5625, 5.65625],"texture":"#0"},"up":{"uv":[6.25, 5, 4.125, 4.625],"texture":"#0"},"down":{"uv":[6.25, 5, 4.125, 4.625],"texture":"#0"}}},{"from":[-9, 10, 19],"to":[25, 11.5, 25],"faces":{"north":{"uv":[5.5, 3.9375, 7.625, 4.03125],"texture":"#0"},"east":{"uv":[5.5625, 5.5625, 5.9375, 5.65625],"texture":"#0"},"south":{"uv":[5.5, 3.9375, 7.625, 4.03125],"texture":"#0"},"west":{"uv":[5.9375, 5.5625, 5.5625, 5.65625],"texture":"#0"},"up":{"uv":[6.25, 5, 4.125, 4.625],"texture":"#0"},"down":{"uv":[6.25, 5, 4.125, 4.625],"texture":"#0"}}},{"from":[-7, -16, 24.5],"to":[23, 19, 25.5],"rotation":{"angle":0,"axis":"y","origin":[0, 0, 16]},"faces":{"north":{"uv":[0, 0, 1.875, 2.1875],"texture":"#0"},"east":{"uv":[4.125, 5.5, 4.1875, 7.6875],"texture":"#0"},"south":{"uv":[0, 0, 1.875, 2.1875],"texture":"#0"},"west":{"uv":[0.4375, 5.8125, 2.3125, 5.875],"texture":"#0"},"up":{"uv":[0.4375, 5.875, 2.3125, 5.9375],"texture":"#0"},"down":{"uv":[0.4375, 5.875, 2.3125, 5.9375],"texture":"#0"}}},{"from":[-7, -16, 24.5],"to":[23, 19, 25.5],"rotation":{"angle":0,"axis":"y","origin":[0, 0, 16]},"faces":{"north":{"uv":[0, 0, 1.875, 2.1875],"texture":"#0"},"east":{"uv":[4.125, 5.5, 4.1875, 7.6875],"texture":"#0"},"south":{"uv":[0, 0, 1.875, 2.1875],"texture":"#0"},"west":{"uv":[0.4375, 5.8125, 2.3125, 5.875],"texture":"#0"},"up":{"uv":[0.4375, 5.875, 2.3125, 5.9375],"texture":"#0"},"down":{"uv":[0.4375, 5.875, 2.3125, 5.9375],"texture":"#0"}}},{"from":[-14, 32, -5],"to":[30, 32, 10],"rotation":{"angle":-45,"axis":"x","origin":[26, 32, 10]},"faces":{"up":{"uv":[6.5, 0.9375, 3.75, 0],"texture":"#0"},"down":{"uv":[6.5, 0.9375, 3.75, 0],"texture":"#0"}}},{"from":[-14, 32, 10],"to":[30, 32, 25],"rotation":{"angle":45,"axis":"x","origin":[26, 32, 10]},"faces":{"up":{"uv":[6.5, 0, 3.75, 0.9375],"texture":"#0"},"down":{"uv":[6.5, 0, 3.75, 0.9375],"texture":"#0"}}},{"from":[30, 25, -5],"to":[30, 32, 3],"rotation":{"angle":-45,"axis":"x","origin":[27, 32, 10]},"faces":{"east":{"uv":[5.5, 3.5, 6, 3.9375],"texture":"#0"},"west":{"uv":[1.4375, 4.6875, 2.375, 5.125],"texture":"#0"}}},{"from":[30, 25, 10],"to":[30, 32, 25],"rotation":{"angle":45,"axis":"x","origin":[27, 32, 10]},"faces":{"east":{"uv":[0.5, 4.6875, 1.4375, 5.125],"texture":"#0"},"west":{"uv":[1.4375, 4.6875, 2.375, 5.125],"texture":"#0"}}},{"from":[-14, 21.4, 20.4],"to":[30, 21.4, 29.4],"rotation":{"angle":22.5,"axis":"x","origin":[26, 21, 20.6]},"faces":{"north":{"uv":[0, 0, 2.75, 0],"texture":"#0"},"east":{"uv":[0, 0, 0.5625, 0],"texture":"#0"},"south":{"uv":[0, 0, 2.75, 0],"texture":"#0"},"west":{"uv":[0, 0, 0.5625, 0],"texture":"#0"},"up":{"uv":[6.5, 2.1875, 3.75, 1.625],"texture":"#0"},"down":{"uv":[6.5, 2.1875, 3.75, 1.625],"texture":"#0"}}},{"from":[30, 14.4, 20.4],"to":[30, 21.4, 29.4],"rotation":{"angle":22.5,"axis":"x","origin":[27, 21, 20.6]},"faces":{"east":{"uv":[5.5, 3.0625, 6.0625, 3.5],"texture":"#0"},"west":{"uv":[1.4375, 4.6875, 2.375, 5.125],"texture":"#0"}}},{"from":[-14, 21.42929, -15.59497],"to":[30, 21.42929, -0.59497],"rotation":{"angle":-22.5,"axis":"x","origin":[26, 21.5, -0.6]},"faces":{"up":{"uv":[5.5, 3.125, 2.75, 2.1875],"texture":"#0"},"down":{"uv":[5.5, 3.125, 2.75, 2.1875],"texture":"#0"}}},{"from":[30, 14.42929, -15.59497],"to":[30, 21.42929, -0.59497],"rotation":{"angle":-22.5,"axis":"x","origin":[27, 21.5, -0.6]},"faces":{"east":{"uv":[1.4375, 4.6875, 2.375, 5.125],"texture":"#0"},"west":{"uv":[1.4375, 4.6875, 2.375, 5.125],"texture":"#0"}}},{"from":[-14, 14.42929, -15.59497],"to":[-14, 21.42929, -0.59497],"rotation":{"angle":-22.5,"axis":"x","origin":[-11, 21.5, -0.6]},"faces":{"east":{"uv":[2.375, 4.6875, 1.4375, 5.125],"texture":"#0"},"west":{"uv":[2.375, 4.6875, 1.4375, 5.125],"texture":"#0"}}},{"from":[-14, 25, -5],"to":[-14, 32, 3],"rotation":{"angle":-45,"axis":"x","origin":[-11, 32, 10]},"faces":{"east":{"uv":[2.375, 4.6875, 1.4375, 5.125],"texture":"#0"},"west":{"uv":[6, 3.5, 5.5, 3.9375],"texture":"#0"}}},{"from":[-14, 25, 10],"to":[-14, 32, 25],"rotation":{"angle":45,"axis":"x","origin":[-11, 32, 10]},"faces":{"east":{"uv":[2.375, 4.6875, 1.4375, 5.125],"texture":"#0"},"west":{"uv":[1.4375, 4.6875, 0.5, 5.125],"texture":"#0"}}},{"from":[-14, 14.4, 20.5],"to":[-14, 21.4, 29.5],"rotation":{"angle":22.5,"axis":"x","origin":[-11, 21, 20.6]},"faces":{"east":{"uv":[2.375, 4.6875, 1.4375, 5.125],"texture":"#0"},"west":{"uv":[6.0625, 3.0625, 5.5, 3.5],"texture":"#0"}}},{"from":[-14, 8.7, -14.4],"to":[30, 15.7, -14.4],"rotation":{"angle":0,"axis":"y","origin":[26, 15.7, -14.5]},"faces":{"north":{"uv":[2.75, 2.875, 0, 3.3125],"texture":"#0"},"south":{"uv":[0, 2.875, 2.75, 3.3125],"texture":"#0"}}},{"from":[-14, 0, 28.9],"to":[30, 18, 28.9],"rotation":{"angle":0,"axis":"y","origin":[26, 21.5, -0.6]},"faces":{"north":{"uv":[0, 2.1875, 2.75, 3.3125],"texture":"#0"},"south":{"uv":[0, 2.1875, 2.75, 3.3125],"texture":"#0"}}},{"from":[13, -0.7, -0.8],"to":[21, 2.3, -0.3],"rotation":{"angle":-22.5,"axis":"x","origin":[14, 2, -14]},"faces":{"north":{"uv":[1, 5.9375, 0.5, 6.125],"texture":"#0"},"east":{"uv":[1.03125, 5.9375, 1, 6.125],"texture":"#0"},"south":{"uv":[1, 5.9375, 0.5, 6.125],"texture":"#0"},"west":{"uv":[1.03125, 5.9375, 1, 6.125],"texture":"#0"},"up":{"uv":[1, 6.125, 0.5, 6.15625],"texture":"#0"},"down":{"uv":[1, 6.125, 0.5, 6.15625],"texture":"#0"}}},{"from":[21, -0.7, -12.3],"to":[21.5, 2.3, -0.3],"rotation":{"angle":-22.5,"axis":"x","origin":[-2, 2, -14]},"faces":{"north":{"uv":[2.3125, 5.6875, 2.34375, 5.875],"texture":"#0"},"east":{"uv":[1, 5.9375, 1.75, 6.125],"texture":"#0"},"south":{"uv":[2.3125, 5.6875, 2.34375, 5.875],"texture":"#0"},"west":{"uv":[1, 5.9375, 1.75, 6.125],"texture":"#0"},"up":{"uv":[2.34375, 5.6875, 2.375, 6.4375],"texture":"#0"},"down":{"uv":[2.34375, 5.6875, 2.375, 6.4375],"texture":"#0"}}},{"from":[13, -0.7, -12.3],"to":[21, 2.3, -11.8],"rotation":{"angle":-22.5,"axis":"x","origin":[-2, 2, -14]},"faces":{"north":{"uv":[0.5, 5.9375, 1, 6.125],"texture":"#0"},"east":{"uv":[1, 5.9375, 1.03125, 6.125],"texture":"#0"},"south":{"uv":[0.5, 5.9375, 1, 6.125],"texture":"#0"},"west":{"uv":[1, 5.9375, 1.03125, 6.125],"texture":"#0"},"up":{"uv":[0.5, 6.125, 1, 6.15625],"texture":"#0"},"down":{"uv":[0.5, 6.125, 1, 6.15625],"texture":"#0"}}},{"from":[12.5, -0.7, -12.3],"to":[13, 2.3, -0.3],"rotation":{"angle":-22.5,"axis":"x","origin":[14, 2, -14]},"faces":{"north":{"uv":[2.34375, 5.6875, 2.3125, 5.875],"texture":"#0"},"east":{"uv":[1.75, 5.9375, 1, 6.125],"texture":"#0"},"south":{"uv":[2.34375, 5.6875, 2.3125, 5.875],"texture":"#0"},"west":{"uv":[1.75, 5.9375, 1, 6.125],"texture":"#0"},"up":{"uv":[2.375, 5.6875, 2.34375, 6.4375],"texture":"#0"},"down":{"uv":[2.375, 5.6875, 2.34375, 6.4375],"texture":"#0"}}},{"from":[14.8, 4.8, -5.4],"to":[17.3, 7.3, -5.4],"rotation":{"angle":22.5,"axis":"z","origin":[14, 2, -14]},"faces":{"north":{"uv":[2.625, 6.3125, 2.46875, 6.46875],"texture":"#0"},"east":{"uv":[2.0625, 5.9375, 1.90625, 6.09375],"texture":"#0"},"south":{"uv":[2.46875, 6.3125, 2.625, 6.46875],"texture":"#0"},"west":{"uv":[2.0625, 5.9375, 1.90625, 6.09375],"texture":"#0"},"up":{"uv":[2.21875, 5.9375, 2.0625, 5.9375],"texture":"#0"},"down":{"uv":[2.21875, 5.9375, 2.0625, 6.09375],"texture":"#0"}}},{"from":[13.9, 1.9, -8],"to":[16.4, 4.4, -8],"rotation":{"angle":-22.5,"axis":"x","origin":[14, 2, -14]},"faces":{"north":{"uv":[2.625, 6.3125, 2.46875, 6.46875],"texture":"#0"},"east":{"uv":[2.0625, 5.9375, 1.90625, 6.09375],"texture":"#0"},"south":{"uv":[2.46875, 6.3125, 2.625, 6.46875],"texture":"#0"},"west":{"uv":[2.0625, 5.9375, 1.90625, 6.09375],"texture":"#0"},"up":{"uv":[2.21875, 5.9375, 2.0625, 5.9375],"texture":"#0"},"down":{"uv":[2.21875, 5.9375, 2.0625, 6.09375],"texture":"#0"}}},{"from":[13.4, -0.6, -9.3],"to":[15.9, 1.9, -6.8],"rotation":{"angle":-22.5,"axis":"x","origin":[14, 2, -14]},"faces":{"north":{"uv":[2.21875, 6.09375, 2.0625, 6.25],"texture":"#0"},"east":{"uv":[2.21875, 6.25, 2.0625, 6.40625],"texture":"#0"},"south":{"uv":[2.21875, 6.09375, 2.0625, 6.25],"texture":"#0"},"west":{"uv":[2.21875, 6.25, 2.0625, 6.40625],"texture":"#0"},"up":{"uv":[2.21875, 6.40625, 2.0625, 6.5625],"texture":"#0"},"down":{"uv":[2.21875, 6.40625, 2.0625, 6.5625],"texture":"#0"}}},{"from":[14.3, 2.3, -6.7],"to":[16.8, 4.8, -4.2],"rotation":{"angle":22.5,"axis":"z","origin":[14, 2, -14]},"faces":{"north":{"uv":[2.21875, 6.09375, 2.0625, 6.25],"texture":"#0"},"east":{"uv":[2.21875, 6.25, 2.0625, 6.40625],"texture":"#0"},"south":{"uv":[2.21875, 6.09375, 2.0625, 6.25],"texture":"#0"},"west":{"uv":[2.21875, 6.25, 2.0625, 6.40625],"texture":"#0"},"up":{"uv":[2.21875, 6.40625, 2.0625, 6.5625],"texture":"#0"},"down":{"uv":[2.21875, 6.40625, 2.0625, 6.5625],"texture":"#0"}}},{"from":[14.7, -0.6, -11.8],"to":[17.2, 1.9, -9.3],"rotation":{"angle":-22.5,"axis":"x","origin":[14, 2, -14]},"faces":{"north":{"uv":[1.90625, 5.9375, 1.75, 6.09375],"texture":"#0"},"east":{"uv":[2.0625, 5.9375, 1.90625, 6.09375],"texture":"#0"},"south":{"uv":[1.90625, 5.9375, 1.75, 6.09375],"texture":"#0"},"west":{"uv":[2.0625, 5.9375, 1.90625, 6.09375],"texture":"#0"},"up":{"uv":[2.21875, 5.9375, 2.0625, 6.09375],"texture":"#0"},"down":{"uv":[2.21875, 5.9375, 2.0625, 6.09375],"texture":"#0"}}},{"from":[15.2, 2, -10.6],"to":[17.7, 4.5, -10.6],"rotation":{"angle":-22.5,"axis":"x","origin":[14, 2, -14]},"faces":{"north":{"uv":[2.625, 6.46875, 2.46875, 6.625],"texture":"#0"},"east":{"uv":[2.0625, 5.9375, 1.90625, 6.09375],"texture":"#0"},"south":{"uv":[2.625, 6.46875, 2.46875, 6.625],"texture":"#0"},"west":{"uv":[2.0625, 5.9375, 1.90625, 6.09375],"texture":"#0"},"up":{"uv":[2.21875, 5.9375, 2.0625, 5.9375],"texture":"#0"},"down":{"uv":[2.21875, 5.9375, 2.0625, 6.09375],"texture":"#0"}}},{"from":[17, 4.5, -8],"to":[19.5, 7, -8],"rotation":{"angle":0,"axis":"y","origin":[14, 2, -14]},"faces":{"north":{"uv":[2.625, 6.46875, 2.46875, 6.625],"texture":"#0"},"east":{"uv":[2.0625, 5.9375, 1.90625, 6.09375],"texture":"#0"},"south":{"uv":[2.625, 6.46875, 2.46875, 6.625],"texture":"#0"},"west":{"uv":[2.0625, 5.9375, 1.90625, 6.09375],"texture":"#0"},"up":{"uv":[2.21875, 5.9375, 2.0625, 5.9375],"texture":"#0"},"down":{"uv":[2.21875, 5.9375, 2.0625, 6.09375],"texture":"#0"}}},{"from":[16.5, 2, -9.3],"to":[19, 4.5, -6.8],"rotation":{"angle":0,"axis":"y","origin":[14, 2, -14]},"faces":{"north":{"uv":[1.90625, 5.9375, 1.75, 6.09375],"texture":"#0"},"east":{"uv":[2.0625, 5.9375, 1.90625, 6.09375],"texture":"#0"},"south":{"uv":[1.90625, 5.9375, 1.75, 6.09375],"texture":"#0"},"west":{"uv":[2.0625, 5.9375, 1.90625, 6.09375],"texture":"#0"},"up":{"uv":[2.21875, 5.9375, 2.0625, 6.09375],"texture":"#0"},"down":{"uv":[2.21875, 5.9375, 2.0625, 6.09375],"texture":"#0"}}},{"from":[16.3, 6.4, -5.4],"to":[18.8, 8.9, -5.4],"rotation":{"angle":-22.5,"axis":"z","origin":[14, 2, -14]},"faces":{"north":{"uv":[2.46875, 6.46875, 2.625, 6.625],"texture":"#0"},"east":{"uv":[2.0625, 5.9375, 1.90625, 6.09375],"texture":"#0"},"south":{"uv":[2.625, 6.46875, 2.46875, 6.625],"texture":"#0"},"west":{"uv":[2.0625, 5.9375, 1.90625, 6.09375],"texture":"#0"},"up":{"uv":[2.21875, 5.9375, 2.0625, 5.9375],"texture":"#0"},"down":{"uv":[2.21875, 5.9375, 2.0625, 6.09375],"texture":"#0"}}},{"from":[19, 1.9, -10.5],"to":[21.5, 4.4, -10.5],"rotation":{"angle":-22.5,"axis":"x","origin":[14, 2, -14]},"faces":{"north":{"uv":[2.625, 6.3125, 2.46875, 6.46875],"texture":"#0"},"east":{"uv":[2.0625, 5.9375, 1.90625, 6.09375],"texture":"#0"},"south":{"uv":[2.46875, 6.3125, 2.625, 6.46875],"texture":"#0"},"west":{"uv":[2.0625, 5.9375, 1.90625, 6.09375],"texture":"#0"},"up":{"uv":[2.21875, 5.9375, 2.0625, 5.9375],"texture":"#0"},"down":{"uv":[2.21875, 5.9375, 2.0625, 6.09375],"texture":"#0"}}},{"from":[18.5, -0.6, -11.8],"to":[21, 1.9, -9.3],"rotation":{"angle":-22.5,"axis":"x","origin":[14, 2, -14]},"faces":{"north":{"uv":[1.90625, 5.9375, 1.75, 6.09375],"texture":"#0"},"east":{"uv":[2.0625, 5.9375, 1.90625, 6.09375],"texture":"#0"},"south":{"uv":[1.90625, 5.9375, 1.75, 6.09375],"texture":"#0"},"west":{"uv":[2.0625, 5.9375, 1.90625, 6.09375],"texture":"#0"},"up":{"uv":[2.21875, 5.9375, 2.0625, 6.09375],"texture":"#0"},"down":{"uv":[2.21875, 5.9375, 2.0625, 6.09375],"texture":"#0"}}},{"from":[13, -0.6, -11.8],"to":[21, -0.6, -0.8],"rotation":{"angle":-22.5,"axis":"x","origin":[14, 2, -14]},"faces":{"north":{"uv":[1, 5.9375, 0.5, 6.125],"texture":"#0"},"east":{"uv":[1.03125, 5.9375, 1, 6.125],"texture":"#0"},"south":{"uv":[1, 5.9375, 0.5, 6.125],"texture":"#0"},"west":{"uv":[1.03125, 5.9375, 1, 6.125],"texture":"#0"},"up":{"uv":[1, 6.15625, 0.5, 6.84375],"texture":"#0"},"down":{"uv":[1, 6.15625, 0.5, 6.84375],"texture":"#0"}}},{"from":[16.8, 3.9, -6.7],"to":[19.3, 6.4, -4.2],"rotation":{"angle":-22.5,"axis":"z","origin":[14, 2, -14]},"faces":{"north":{"uv":[1.90625, 5.9375, 1.75, 6.09375],"texture":"#0"},"east":{"uv":[2.0625, 5.9375, 1.90625, 6.09375],"texture":"#0"},"south":{"uv":[1.90625, 5.9375, 1.75, 6.09375],"texture":"#0"},"west":{"uv":[2.0625, 5.9375, 1.90625, 6.09375],"texture":"#0"},"up":{"uv":[2.21875, 5.9375, 2.0625, 6.09375],"texture":"#0"},"down":{"uv":[2.21875, 5.9375, 2.0625, 6.09375],"texture":"#0"}}},{"from":[21.4, 3.1, -8],"to":[21.4, 5.1, -4],"rotation":{"angle":22.5,"axis":"z","origin":[22, 5, -6]},"faces":{"north":{"uv":[1.8125, 5.5, 1.8125, 5.625],"texture":"#0"},"east":{"uv":[0.5, 5.75, 0.75, 5.875],"texture":"#0"},"south":{"uv":[1.8125, 5.5, 1.8125, 5.625],"texture":"#0"},"west":{"uv":[0.5, 5.75, 0.75, 5.875],"texture":"#0"},"up":{"uv":[1.84375, 5.5, 1.84375, 5.75],"texture":"#0"},"down":{"uv":[1.84375, 5.5, 1.84375, 5.75],"texture":"#0"}}},{"from":[12.6, 3.1, -8],"to":[12.6, 5.1, -4],"rotation":{"angle":-22.5,"axis":"z","origin":[12, 5, -6]},"faces":{"north":{"uv":[1.8125, 5.5, 1.8125, 5.625],"texture":"#0"},"east":{"uv":[0.75, 5.75, 0.5, 5.875],"texture":"#0"},"south":{"uv":[1.8125, 5.5, 1.8125, 5.625],"texture":"#0"},"west":{"uv":[0.75, 5.75, 0.5, 5.875],"texture":"#0"},"up":{"uv":[1.84375, 5.5, 1.84375, 5.75],"texture":"#0"},"down":{"uv":[1.84375, 5.5, 1.84375, 5.75],"texture":"#0"}}},{"from":[2.5, 0, -5.9],"to":[23, 3, -4.1],"rotation":{"angle":0,"axis":"y","origin":[-2, 16, 14]},"faces":{"north":{"uv":[5.90625, 2.5625, 7.1875, 2.75],"texture":"#0"},"east":{"uv":[1.9375, 5.5625, 2.05, 5.75],"texture":"#0"},"south":{"uv":[5.90625, 2.5625, 7.1875, 2.75],"texture":"#0"},"west":{"uv":[1.9375, 5.5625, 2.05, 5.75],"texture":"#0"},"up":{"uv":[6.78125, 2.8625, 5.5, 2.75],"texture":"#0"},"down":{"uv":[6.78125, 2.8625, 5.5, 2.75],"texture":"#0"}}},{"from":[7.6, 8.5, -8.1],"to":[8.4, 9.5, -7.3],"rotation":{"angle":-22.5,"axis":"x","origin":[17, 0, 0]},"faces":{"north":{"uv":[1.20625, 5.8125, 1.15625, 5.875],"texture":"#0"},"east":{"uv":[1.20625, 5.8125, 1.15625, 5.875],"texture":"#0"},"south":{"uv":[1.20625, 5.8125, 1.15625, 5.875],"texture":"#0"},"west":{"uv":[1.20625, 5.8125, 1.15625, 5.875],"texture":"#0"},"up":{"uv":[1.26875, 5.8125, 1.21875, 5.8625],"texture":"#0"},"down":{"uv":[1.26875, 5.8125, 1.21875, 5.8625],"texture":"#0"}}},{"from":[6, 6, -9.7],"to":[10, 8.5, -5.7],"rotation":{"angle":-22.5,"axis":"x","origin":[17, 0, 0]},"faces":{"north":{"uv":[1.25, 6.125, 1, 6.28125],"texture":"#0"},"east":{"uv":[1.5, 6.125, 1.25, 6.28125],"texture":"#0"},"south":{"uv":[1.25, 6.125, 1, 6.28125],"texture":"#0"},"west":{"uv":[1.5, 6.125, 1.25, 6.28125],"texture":"#0"},"up":{"uv":[1.25, 6.28125, 1, 6.53125],"texture":"#0"},"down":{"uv":[1.25, 6.28125, 1, 6.53125],"texture":"#0"}}},{"from":[8.6, 8, 19.9],"to":[9.4, 9, 20.7],"rotation":{"angle":22.5,"axis":"y","origin":[17, 0, 0]},"faces":{"north":{"uv":[1.20625, 5.8125, 1.15625, 5.875],"texture":"#0"},"east":{"uv":[1.20625, 5.8125, 1.15625, 5.875],"texture":"#0"},"south":{"uv":[1.20625, 5.8125, 1.15625, 5.875],"texture":"#0"},"west":{"uv":[1.20625, 5.8125, 1.15625, 5.875],"texture":"#0"},"up":{"uv":[1.26875, 5.8125, 1.21875, 5.8625],"texture":"#0"},"down":{"uv":[1.26875, 5.8125, 1.21875, 5.8625],"texture":"#0"}}},{"from":[7, 5.5, 18.3],"to":[11, 8, 22.3],"rotation":{"angle":22.5,"axis":"y","origin":[17, 0, 0]},"faces":{"north":{"uv":[1.25, 6.125, 1, 6.28125],"texture":"#0"},"east":{"uv":[1.5, 6.125, 1.25, 6.28125],"texture":"#0"},"south":{"uv":[1.25, 6.125, 1, 6.28125],"texture":"#0"},"west":{"uv":[1.5, 6.125, 1.25, 6.28125],"texture":"#0"},"up":{"uv":[1.25, 6.28125, 1, 6.53125],"texture":"#0"},"down":{"uv":[1.25, 6.28125, 1, 6.53125],"texture":"#0"}}},{"from":[21, 0, 1.7],"to":[29, 3, 2.2],"rotation":{"angle":0,"axis":"y","origin":[6, 2.7, 0]},"faces":{"north":{"uv":[0.5, 5.9375, 1, 6.125],"texture":"#0"},"east":{"uv":[1, 5.9375, 1.03125, 6.125],"texture":"#0"},"south":{"uv":[0.5, 5.9375, 1, 6.125],"texture":"#0"},"west":{"uv":[1, 5.9375, 1.03125, 6.125],"texture":"#0"},"up":{"uv":[0.5, 6.125, 1, 6.15625],"texture":"#0"},"down":{"uv":[0.5, 6.125, 1, 6.15625],"texture":"#0"}}},{"from":[29, 0, 1.7],"to":[29.5, 3, 13.7],"rotation":{"angle":0,"axis":"y","origin":[6, 2.7, 0]},"faces":{"north":{"uv":[2.3125, 5.6875, 2.34375, 5.875],"texture":"#0"},"east":{"uv":[1, 5.9375, 1.75, 6.125],"texture":"#0"},"south":{"uv":[2.3125, 5.6875, 2.34375, 5.875],"texture":"#0"},"west":{"uv":[1, 5.9375, 1.75, 6.125],"texture":"#0"},"up":{"uv":[2.34375, 5.6875, 2.375, 6.4375],"texture":"#0"},"down":{"uv":[2.34375, 5.6875, 2.375, 6.4375],"texture":"#0"}}},{"from":[20.5, 0, 1.7],"to":[21, 3, 13.7],"rotation":{"angle":0,"axis":"y","origin":[22, 2.7, 0]},"faces":{"north":{"uv":[2.34375, 5.6875, 2.3125, 5.875],"texture":"#0"},"east":{"uv":[1.75, 5.9375, 1, 6.125],"texture":"#0"},"south":{"uv":[2.34375, 5.6875, 2.3125, 5.875],"texture":"#0"},"west":{"uv":[1.75, 5.9375, 1, 6.125],"texture":"#0"},"up":{"uv":[2.375, 5.6875, 2.34375, 6.4375],"texture":"#0"},"down":{"uv":[2.375, 5.6875, 2.34375, 6.4375],"texture":"#0"}}},{"from":[21, 0, 13.2],"to":[29, 3, 13.7],"rotation":{"angle":0,"axis":"y","origin":[22, 2.7, 0]},"faces":{"north":{"uv":[1, 5.9375, 0.5, 6.125],"texture":"#0"},"east":{"uv":[1.03125, 5.9375, 1, 6.125],"texture":"#0"},"south":{"uv":[1, 5.9375, 0.5, 6.125],"texture":"#0"},"west":{"uv":[1.03125, 5.9375, 1, 6.125],"texture":"#0"},"up":{"uv":[1, 6.125, 0.5, 6.15625],"texture":"#0"},"down":{"uv":[1, 6.125, 0.5, 6.15625],"texture":"#0"}}},{"from":[21, 0.1, 2.2],"to":[29, 0.1, 13.2],"rotation":{"angle":0,"axis":"y","origin":[22, 2.7, 0]},"faces":{"north":{"uv":[1, 5.9375, 0.5, 6.125],"texture":"#0"},"east":{"uv":[1.03125, 5.9375, 1, 6.125],"texture":"#0"},"south":{"uv":[1, 5.9375, 0.5, 6.125],"texture":"#0"},"west":{"uv":[1.03125, 5.9375, 1, 6.125],"texture":"#0"},"up":{"uv":[1, 6.15625, 0.5, 6.84375],"texture":"#0"},"down":{"uv":[1, 6.15625, 0.5, 6.84375],"texture":"#0"}}},{"from":[29.5, 0.8, 5],"to":[29.5, 2.8, 9],"rotation":{"angle":22.5,"axis":"z","origin":[29.5, 2.8, 8]},"faces":{"north":{"uv":[1.8125, 5.5, 1.8125, 5.625],"texture":"#0"},"east":{"uv":[0.5, 5.75, 0.75, 5.875],"texture":"#0"},"south":{"uv":[1.8125, 5.5, 1.8125, 5.625],"texture":"#0"},"west":{"uv":[0.5, 5.75, 0.75, 5.875],"texture":"#0"},"up":{"uv":[1.84375, 5.5, 1.84375, 5.75],"texture":"#0"},"down":{"uv":[1.84375, 5.5, 1.84375, 5.75],"texture":"#0"}}},{"from":[26.5, 3.1, 5.2],"to":[29, 5.6, 7.7],"rotation":{"angle":-22.5,"axis":"y","origin":[22, 2.7, 0]},"faces":{"north":{"uv":[1.90625, 5.9375, 1.75, 6.09375],"texture":"#0"},"east":{"uv":[2.0625, 5.9375, 1.90625, 6.09375],"texture":"#0"},"south":{"uv":[1.90625, 5.9375, 1.75, 6.09375],"texture":"#0"},"west":{"uv":[2.0625, 5.9375, 1.90625, 6.09375],"texture":"#0"},"up":{"uv":[2.21875, 5.9375, 2.0625, 6.09375],"texture":"#0"},"down":{"uv":[2.21875, 5.9375, 2.0625, 6.09375],"texture":"#0"}}},{"from":[27, 5.6, 6.5],"to":[29.5, 8.1, 6.5],"rotation":{"angle":-22.5,"axis":"y","origin":[22, 2.7, 0]},"faces":{"north":{"uv":[2.625, 6.3125, 2.46875, 6.46875],"texture":"#0"},"east":{"uv":[2.0625, 5.9375, 1.90625, 6.09375],"texture":"#0"},"south":{"uv":[2.46875, 6.3125, 2.625, 6.46875],"texture":"#0"},"west":{"uv":[2.0625, 5.9375, 1.90625, 6.09375],"texture":"#0"},"up":{"uv":[2.21875, 5.9375, 2.0625, 5.9375],"texture":"#0"},"down":{"uv":[2.21875, 5.9375, 2.0625, 6.09375],"texture":"#0"}}},{"from":[22.7, 0.1, 2.2],"to":[25.2, 2.6, 4.7],"rotation":{"angle":-22.5,"axis":"x","origin":[22, 2.7, 0]},"faces":{"north":{"uv":[1.90625, 5.9375, 1.75, 6.09375],"texture":"#0"},"east":{"uv":[2.0625, 5.9375, 1.90625, 6.09375],"texture":"#0"},"south":{"uv":[1.90625, 5.9375, 1.75, 6.09375],"texture":"#0"},"west":{"uv":[2.0625, 5.9375, 1.90625, 6.09375],"texture":"#0"},"up":{"uv":[2.21875, 5.9375, 2.0625, 6.09375],"texture":"#0"},"down":{"uv":[2.21875, 5.9375, 2.0625, 6.09375],"texture":"#0"}}},{"from":[24.5, 1.8, 4.7],"to":[27, 4.3, 7.2],"rotation":{"angle":0,"axis":"y","origin":[22, 2.7, 0]},"faces":{"north":{"uv":[1.90625, 5.9375, 1.75, 6.09375],"texture":"#0"},"east":{"uv":[2.0625, 5.9375, 1.90625, 6.09375],"texture":"#0"},"south":{"uv":[1.90625, 5.9375, 1.75, 6.09375],"texture":"#0"},"west":{"uv":[2.0625, 5.9375, 1.90625, 6.09375],"texture":"#0"},"up":{"uv":[2.21875, 5.9375, 2.0625, 6.09375],"texture":"#0"},"down":{"uv":[2.21875, 5.9375, 2.0625, 6.09375],"texture":"#0"}}},{"from":[25, 4.3, 6],"to":[27.5, 6.8, 6],"rotation":{"angle":0,"axis":"y","origin":[22, 2.7, 0]},"faces":{"north":{"uv":[2.625, 6.46875, 2.46875, 6.625],"texture":"#0"},"east":{"uv":[2.0625, 5.9375, 1.90625, 6.09375],"texture":"#0"},"south":{"uv":[2.625, 6.46875, 2.46875, 6.625],"texture":"#0"},"west":{"uv":[2.0625, 5.9375, 1.90625, 6.09375],"texture":"#0"},"up":{"uv":[2.21875, 5.9375, 2.0625, 5.9375],"texture":"#0"},"down":{"uv":[2.21875, 5.9375, 2.0625, 6.09375],"texture":"#0"}}},{"from":[23.2, 2.7, 3.4],"to":[25.7, 5.2, 3.4],"rotation":{"angle":-22.5,"axis":"x","origin":[22, 2.7, 0]},"faces":{"north":{"uv":[2.625, 6.46875, 2.46875, 6.625],"texture":"#0"},"east":{"uv":[2.0625, 5.9375, 1.90625, 6.09375],"texture":"#0"},"south":{"uv":[2.625, 6.46875, 2.46875, 6.625],"texture":"#0"},"west":{"uv":[2.0625, 5.9375, 1.90625, 6.09375],"texture":"#0"},"up":{"uv":[2.21875, 5.9375, 2.0625, 5.9375],"texture":"#0"},"down":{"uv":[2.21875, 5.9375, 2.0625, 6.09375],"texture":"#0"}}},{"from":[21.4, 1.3, 4.7],"to":[23.9, 3.8, 7.2],"rotation":{"angle":0,"axis":"y","origin":[22, 2.7, 0]},"faces":{"north":{"uv":[2.21875, 6.09375, 2.0625, 6.25],"texture":"#0"},"east":{"uv":[2.21875, 6.25, 2.0625, 6.40625],"texture":"#0"},"south":{"uv":[2.21875, 6.09375, 2.0625, 6.25],"texture":"#0"},"west":{"uv":[2.21875, 6.25, 2.0625, 6.40625],"texture":"#0"},"up":{"uv":[2.21875, 6.40625, 2.0625, 6.5625],"texture":"#0"},"down":{"uv":[2.21875, 6.40625, 2.0625, 6.5625],"texture":"#0"}}},{"from":[21.9, 3.8, 6],"to":[24.4, 6.3, 6],"rotation":{"angle":0,"axis":"y","origin":[22, 2.7, 0]},"faces":{"north":{"uv":[2.625, 6.3125, 2.46875, 6.46875],"texture":"#0"},"east":{"uv":[2.0625, 5.9375, 1.90625, 6.09375],"texture":"#0"},"south":{"uv":[2.46875, 6.3125, 2.625, 6.46875],"texture":"#0"},"west":{"uv":[2.0625, 5.9375, 1.90625, 6.09375],"texture":"#0"},"up":{"uv":[2.21875, 5.9375, 2.0625, 5.9375],"texture":"#0"},"down":{"uv":[2.21875, 5.9375, 2.0625, 6.09375],"texture":"#0"}}},{"from":[24.9, 7.8, 9],"to":[27.4, 10.3, 9],"rotation":{"angle":-45,"axis":"z","origin":[22, 2.7, 0]},"faces":{"north":{"uv":[2.625, 6.3125, 2.46875, 6.46875],"texture":"#0"},"east":{"uv":[2.0625, 5.9375, 1.90625, 6.09375],"texture":"#0"},"south":{"uv":[2.46875, 6.3125, 2.625, 6.46875],"texture":"#0"},"west":{"uv":[2.0625, 5.9375, 1.90625, 6.09375],"texture":"#0"},"up":{"uv":[2.21875, 5.9375, 2.0625, 5.9375],"texture":"#0"},"down":{"uv":[2.21875, 5.9375, 2.0625, 6.09375],"texture":"#0"}}},{"from":[24.4, 5.3, 7.7],"to":[26.9, 7.8, 10.2],"rotation":{"angle":-45,"axis":"z","origin":[22, 2.7, 0]},"faces":{"north":{"uv":[2.21875, 6.09375, 2.0625, 6.25],"texture":"#0"},"east":{"uv":[2.21875, 6.25, 2.0625, 6.40625],"texture":"#0"},"south":{"uv":[2.21875, 6.09375, 2.0625, 6.25],"texture":"#0"},"west":{"uv":[2.21875, 6.25, 2.0625, 6.40625],"texture":"#0"},"up":{"uv":[2.21875, 6.40625, 2.0625, 6.5625],"texture":"#0"},"down":{"uv":[2.21875, 6.40625, 2.0625, 6.5625],"texture":"#0"}}},{"from":[20.5, 0.8, 5],"to":[20.5, 2.8, 9],"rotation":{"angle":-22.5,"axis":"z","origin":[20.5, 2.8, 8]},"faces":{"north":{"uv":[1.8125, 5.5, 1.8125, 5.625],"texture":"#0"},"east":{"uv":[0.75, 5.75, 0.5, 5.875],"texture":"#0"},"south":{"uv":[1.8125, 5.5, 1.8125, 5.625],"texture":"#0"},"west":{"uv":[0.75, 5.75, 0.5, 5.875],"texture":"#0"},"up":{"uv":[1.84375, 5.5, 1.84375, 5.75],"texture":"#0"},"down":{"uv":[1.84375, 5.5, 1.84375, 5.75],"texture":"#0"}}},{"from":[26.5, 1.1, 2.2],"to":[29, 3.6, 4.7],"rotation":{"angle":0,"axis":"y","origin":[22, 2.7, 0]},"faces":{"north":{"uv":[1.90625, 5.9375, 1.75, 6.09375],"texture":"#0"},"east":{"uv":[2.0625, 5.9375, 1.90625, 6.09375],"texture":"#0"},"south":{"uv":[1.90625, 5.9375, 1.75, 6.09375],"texture":"#0"},"west":{"uv":[2.0625, 5.9375, 1.90625, 6.09375],"texture":"#0"},"up":{"uv":[2.21875, 5.9375, 2.0625, 6.09375],"texture":"#0"},"down":{"uv":[2.21875, 5.9375, 2.0625, 6.09375],"texture":"#0"}}},{"from":[27, 3.6, 3.5],"to":[29.5, 6.1, 3.5],"rotation":{"angle":0,"axis":"y","origin":[22, 2.7, 0]},"faces":{"north":{"uv":[2.625, 6.3125, 2.46875, 6.46875],"texture":"#0"},"east":{"uv":[2.0625, 5.9375, 1.90625, 6.09375],"texture":"#0"},"south":{"uv":[2.46875, 6.3125, 2.625, 6.46875],"texture":"#0"},"west":{"uv":[2.0625, 5.9375, 1.90625, 6.09375],"texture":"#0"},"up":{"uv":[2.21875, 5.9375, 2.0625, 5.9375],"texture":"#0"},"down":{"uv":[2.21875, 5.9375, 2.0625, 6.09375],"texture":"#0"}}},{"from":[21, 1.3, 2.2],"to":[29, 1.3, 13.2],"rotation":{"angle":0,"axis":"y","origin":[22, 2.7, 0]},"faces":{"north":{"uv":[1, 5.9375, 0.5, 6.125],"texture":"#0"},"east":{"uv":[1.03125, 5.9375, 1, 6.125],"texture":"#0"},"south":{"uv":[1, 5.9375, 0.5, 6.125],"texture":"#0"},"west":{"uv":[1.03125, 5.9375, 1, 6.125],"texture":"#0"},"up":{"uv":[1, 6.15625, 0.5, 6.84375],"texture":"#0"},"down":{"uv":[1, 6.15625, 0.5, 6.84375],"texture":"#0"}}},{"from":[4, 0.1, 8.2],"to":[12, 0.1, 19.2],"rotation":{"angle":45,"axis":"y","origin":[15.5, 2.8, 10]},"faces":{"north":{"uv":[1, 5.9375, 0.5, 6.125],"texture":"#0"},"east":{"uv":[1.03125, 5.9375, 1, 6.125],"texture":"#0"},"south":{"uv":[1, 5.9375, 0.5, 6.125],"texture":"#0"},"west":{"uv":[1.03125, 5.9375, 1, 6.125],"texture":"#0"},"up":{"uv":[1, 6.15625, 0.5, 6.84375],"texture":"#0"},"down":{"uv":[1, 6.15625, 0.5, 6.84375],"texture":"#0"}}},{"from":[4, 0, 19.2],"to":[12, 3, 19.7],"rotation":{"angle":45,"axis":"y","origin":[15.5, 2.8, 10]},"faces":{"north":{"uv":[1, 5.9375, 0.5, 6.125],"texture":"#0"},"east":{"uv":[1.03125, 5.9375, 1, 6.125],"texture":"#0"},"south":{"uv":[1, 5.9375, 0.5, 6.125],"texture":"#0"},"west":{"uv":[1.03125, 5.9375, 1, 6.125],"texture":"#0"},"up":{"uv":[1, 6.125, 0.5, 6.15625],"texture":"#0"},"down":{"uv":[1, 6.125, 0.5, 6.15625],"texture":"#0"}}},{"from":[12.5, 0.8, 11],"to":[12.5, 2.8, 15],"rotation":{"angle":45,"axis":"y","origin":[15.5, 2.8, 10]},"faces":{"north":{"uv":[1.8125, 5.5, 1.8125, 5.625],"texture":"#0"},"east":{"uv":[0.5, 5.75, 0.75, 5.875],"texture":"#0"},"south":{"uv":[1.8125, 5.5, 1.8125, 5.625],"texture":"#0"},"west":{"uv":[0.5, 5.75, 0.75, 5.875],"texture":"#0"},"up":{"uv":[1.84375, 5.5, 1.84375, 5.75],"texture":"#0"},"down":{"uv":[1.84375, 5.5, 1.84375, 5.75],"texture":"#0"}}},{"from":[12, 0, 7.7],"to":[12.5, 3, 19.7],"rotation":{"angle":45,"axis":"y","origin":[15.5, 2.8, 10]},"faces":{"north":{"uv":[2.3125, 5.6875, 2.34375, 5.875],"texture":"#0"},"east":{"uv":[1, 5.9375, 1.75, 6.125],"texture":"#0"},"south":{"uv":[2.3125, 5.6875, 2.34375, 5.875],"texture":"#0"},"west":{"uv":[1, 5.9375, 1.75, 6.125],"texture":"#0"},"up":{"uv":[2.34375, 5.6875, 2.375, 6.4375],"texture":"#0"},"down":{"uv":[2.34375, 5.6875, 2.375, 6.4375],"texture":"#0"}}},{"from":[3.4, 0.8, 11],"to":[3.4, 2.8, 15],"rotation":{"angle":45,"axis":"y","origin":[15.5, 2.8, 10]},"faces":{"north":{"uv":[1.8125, 5.5, 1.8125, 5.625],"texture":"#0"},"east":{"uv":[0.75, 5.75, 0.5, 5.875],"texture":"#0"},"south":{"uv":[1.8125, 5.5, 1.8125, 5.625],"texture":"#0"},"west":{"uv":[0.75, 5.75, 0.5, 5.875],"texture":"#0"},"up":{"uv":[1.84375, 5.5, 1.84375, 5.75],"texture":"#0"},"down":{"uv":[1.84375, 5.5, 1.84375, 5.75],"texture":"#0"}}},{"from":[3.5, 0, 7.7],"to":[4, 3, 19.7],"rotation":{"angle":45,"axis":"y","origin":[15.5, 2.8, 10]},"faces":{"north":{"uv":[2.34375, 5.6875, 2.3125, 5.875],"texture":"#0"},"east":{"uv":[1.75, 5.9375, 1, 6.125],"texture":"#0"},"south":{"uv":[2.34375, 5.6875, 2.3125, 5.875],"texture":"#0"},"west":{"uv":[1.75, 5.9375, 1, 6.125],"texture":"#0"},"up":{"uv":[2.375, 5.6875, 2.34375, 6.4375],"texture":"#0"},"down":{"uv":[2.375, 5.6875, 2.34375, 6.4375],"texture":"#0"}}},{"from":[4.5, -13.5, 9.5],"to":[19.5, -10.5, 24.5],"rotation":{"angle":0,"axis":"y","origin":[0, 0, 5]},"faces":{"north":{"uv":[7.25, 1, 8.1875, 1.1875],"texture":"#0"},"east":{"uv":[7.25, 1, 8.1875, 1.1875],"texture":"#0"},"south":{"uv":[7.25, 1, 8.1875, 1.1875],"texture":"#0"},"west":{"uv":[7.25, 1, 8.1875, 1.1875],"texture":"#0"},"up":{"uv":[9.25, 0, 10.1875, 0.9375],"texture":"#0"},"down":{"uv":[9.25, 0, 10.1875, 0.9375],"texture":"#0"}}},{"from":[5, -13, 10],"to":[19, -3, 24],"rotation":{"angle":0,"axis":"y","origin":[0, 0, 5]},"faces":{"north":{"uv":[8.375, 0.875, 9.25, 1.5],"texture":"#0"},"east":{"uv":[8.375, 0.875, 9.25, 1.5],"texture":"#0"},"south":{"uv":[8.375, 0.875, 9.25, 1.5],"texture":"#0"},"west":{"uv":[8.375, 0.875, 9.25, 1.5],"texture":"#0"},"up":{"uv":[8.375, 0, 9.25, 0.875],"texture":"#0"},"down":{"uv":[8.375, 0, 9.25, 0.875],"texture":"#0"}}},{"from":[4.5, -5.5, 9.5],"to":[19.5, -2.5, 24.5],"rotation":{"angle":0,"axis":"y","origin":[0, 0, 5]},"faces":{"north":{"uv":[7.25, 1, 8.1875, 1.1875],"texture":"#0"},"east":{"uv":[7.25, 1, 8.1875, 1.1875],"texture":"#0"},"south":{"uv":[7.25, 1, 8.1875, 1.1875],"texture":"#0"},"west":{"uv":[7.25, 1, 8.1875, 1.1875],"texture":"#0"},"up":{"uv":[9.25, 0, 10.1875, 0.9375],"texture":"#0"},"down":{"uv":[9.25, 0, 10.1875, 0.9375],"texture":"#0"}}},{"from":[5.5, -16, 10.5],"to":[18.5, 0, 23.5],"rotation":{"angle":0,"axis":"y","origin":[0, 0, 5]},"faces":{"north":{"uv":[7.5, 0, 8.3125, 1],"texture":"#0"},"east":{"uv":[7.5, 0, 8.3125, 1],"texture":"#0"},"south":{"uv":[7.5, 0, 8.3125, 1],"texture":"#0"},"west":{"uv":[7.5, 0, 8.3125, 1],"texture":"#0"},"up":{"uv":[8.375, 0, 9.1875, 0.8125],"texture":"#0"},"down":{"uv":[8.375, 0, 9.1875, 0.8125],"texture":"#0"}}},{"from":[4, 0, 7.7],"to":[12, 3, 8.2],"rotation":{"angle":45,"axis":"y","origin":[15.5, 2.8, 10]},"faces":{"north":{"uv":[0.5, 5.9375, 1, 6.125],"texture":"#0"},"east":{"uv":[1, 5.9375, 1.03125, 6.125],"texture":"#0"},"south":{"uv":[0.5, 5.9375, 1, 6.125],"texture":"#0"},"west":{"uv":[1, 5.9375, 1.03125, 6.125],"texture":"#0"},"up":{"uv":[0.5, 6.125, 1, 6.15625],"texture":"#0"},"down":{"uv":[0.5, 6.125, 1, 6.15625],"texture":"#0"}}},{"from":[16.5, 1.4, 3.3],"to":[21, 5.4, 7.8],"rotation":{"angle":45,"axis":"y","origin":[27, 0, 2]},"faces":{"north":{"uv":[2.0625, 6.125, 1.78125, 6.375],"texture":"#0"},"east":{"uv":[2.0625, 6.125, 1.78125, 6.375],"texture":"#0"},"south":{"uv":[2.0625, 6.125, 1.78125, 6.375],"texture":"#0"},"west":{"uv":[2.0625, 6.125, 1.78125, 6.375],"texture":"#0"},"up":{"uv":[1.8125, 6.375, 1.53125, 6.65625],"texture":"#0"},"down":{"uv":[1.8125, 6.375, 1.53125, 6.65625],"texture":"#0"}}},{"from":[7, 14, 15.5],"to":[9.5, 16.5, 15.5],"rotation":{"angle":22.5,"axis":"y","origin":[24, 2.7, -3]},"faces":{"north":{"uv":[2.625, 6.3125, 2.46875, 6.46875],"texture":"#0"},"east":{"uv":[2.0625, 5.9375, 1.90625, 6.09375],"texture":"#0"},"south":{"uv":[2.46875, 6.3125, 2.625, 6.46875],"texture":"#0"},"west":{"uv":[2.0625, 5.9375, 1.90625, 6.09375],"texture":"#0"},"up":{"uv":[2.21875, 5.9375, 2.0625, 5.9375],"texture":"#0"},"down":{"uv":[2.21875, 5.9375, 2.0625, 6.09375],"texture":"#0"}}},{"from":[6.5, 11.5, 14.2],"to":[9, 14, 16.7],"rotation":{"angle":22.5,"axis":"y","origin":[24, 2.7, -3]},"faces":{"north":{"uv":[1.90625, 5.9375, 1.75, 6.09375],"texture":"#0"},"east":{"uv":[2.0625, 5.9375, 1.90625, 6.09375],"texture":"#0"},"south":{"uv":[1.90625, 5.9375, 1.75, 6.09375],"texture":"#0"},"west":{"uv":[2.0625, 5.9375, 1.90625, 6.09375],"texture":"#0"},"up":{"uv":[2.21875, 5.9375, 2.0625, 6.09375],"texture":"#0"},"down":{"uv":[2.21875, 5.9375, 2.0625, 6.09375],"texture":"#0"}}}],"gui_light":"front","display":{"thirdperson_righthand":{"rotation":[67.5, 0, 0],"translation":[0, 3, 2],"scale":[0.17071, 0.17071, 0.17071]},"thirdperson_lefthand":{"rotation":[67.5, 0, 0],"translation":[0, 3, 2],"scale":[0.17071, 0.17071, 0.17071]},"firstperson_righthand":{"rotation":[180, 50, 180],"translation":[-0.75, 4.5, 0.75],"scale":[0.14726, 0.14726, 0.14726]},"firstperson_lefthand":{"rotation":[180, 50, 180],"translation":[-0.75, 4.5, 0.75],"scale":[0.14726, 0.14726, 0.14726]},"ground":{"translation":[0, 8.5, 0],"scale":[0.25, 0.25, 0.25]},"gui":{"rotation":[30, 225, 0],"translation":[0, 0.25, 0],"scale":[0.22969, 0.22969, 0.22969]},"head":{"rotation":[0, -180, 0],"translation":[0, 5, -2.25],"scale":[0, 0, 0]},"fixed":{"rotation":[-90, 0, 0],"translation":[-0.75, 0.25, -48],"scale":[2, 2, 2]}},"groups":[0,1,2,3,4,5,6,7,8,9,10,11,12,13,14,15,16,17,18,19,20,21,22,23,24,25,26,27,28,29,30,31,32,33,34,35,36,37,38,39,40,41,42,43,44,45,{"name":"group","origin":[15, 9, -7],"color":0,"children":[46, 47, 48, 49, 50, 51, 52, 53, 54, 55, 56, 57, 58, 59, 60, 61, 62, 63, 64]},65,66,67,68,69,70,71,72,73,74,75,76,77,78,79,80,81,82,83,84,85,86,87,88,89,90,91,92,93,94,95,96,97,98,99,100,101,102,103]}