{"texture_size":[256, 256],"textures":{"0":"custom/furniture/medieval_market/medievalmarket","particle":"custom/furniture/medieval_market/medievalmarket"},"elements":[{"from":[11, 0.5, 6],"to":[15, 13.5, 10],"rotation":{"angle":0,"axis":"y","origin":[-3, 16, 13]},"faces":{"north":{"uv":[0.25, 5.8125, 0, 6.6875],"texture":"#0"},"east":{"uv":[0.25, 5.8125, 0, 6.6875],"texture":"#0"},"south":{"uv":[0.25, 5.8125, 0, 6.6875],"texture":"#0"},"west":{"uv":[0.25, 5.8125, 0, 6.6875],"texture":"#0"},"up":{"uv":[1.4375, 5.8125, 1.1875, 5.5625],"texture":"#0"},"down":{"uv":[1.4375, 5.8125, 1.1875, 5.5625],"texture":"#0"}}},{"from":[-15, 0.5, 6],"to":[-11, 13.5, 10],"rotation":{"angle":0,"axis":"y","origin":[-3, 16, 13]},"faces":{"north":{"uv":[0.25, 5.8125, 0, 6.6875],"texture":"#0"},"east":{"uv":[0.25, 5.8125, 0, 6.6875],"texture":"#0"},"south":{"uv":[0.25, 5.8125, 0, 6.6875],"texture":"#0"},"west":{"uv":[0.25, 5.8125, 0, 6.6875],"texture":"#0"},"up":{"uv":[1.4375, 5.8125, 1.1875, 5.5625],"texture":"#0"},"down":{"uv":[1.4375, 5.8125, 1.1875, 5.5625],"texture":"#0"}}},{"from":[-16, 6, 7],"to":[16, 9, 9],"rotation":{"angle":0,"axis":"y","origin":[-3, 16, 13]},"faces":{"north":{"uv":[5.5, 2.375, 7.5, 2.5625],"texture":"#0"},"east":{"uv":[1.9375, 5.5625, 2.0625, 5.75],"texture":"#0"},"south":{"uv":[5.5, 2.375, 7.5, 2.5625],"texture":"#0"},"west":{"uv":[1.9375, 5.5625, 2.0625, 5.75],"texture":"#0"},"up":{"uv":[8, 2.875, 5.5, 2.75],"texture":"#0"},"down":{"uv":[8, 2.875, 5.5, 2.75],"texture":"#0"}}},{"from":[12, 3.5, 12],"to":[14, 6.5, 23],"rotation":{"angle":45,"axis":"x","origin":[13, 16, 13]},"faces":{"north":{"uv":[2.1875, 5.6875, 2.0625, 5.875],"texture":"#0"},"east":{"uv":[6.3125, 2.5625, 5.5, 2.75],"texture":"#0"},"south":{"uv":[2.1875, 5.6875, 2.0625, 5.875],"texture":"#0"},"west":{"uv":[6.3125, 2.5625, 5.5, 2.75],"texture":"#0"},"up":{"uv":[2.625, 5.8125, 2.75, 5],"texture":"#0"},"down":{"uv":[2.625, 5, 2.75, 5.8125],"texture":"#0"}}},{"from":[12, 3.5, -7],"to":[14, 6.5, 4],"rotation":{"angle":-45,"axis":"x","origin":[13, 16, 3]},"faces":{"north":{"uv":[2.0625, 5.6875, 2.1875, 5.875],"texture":"#0"},"east":{"uv":[5.5, 2.5625, 6.3125, 2.75],"texture":"#0"},"south":{"uv":[2.0625, 5.6875, 2.1875, 5.875],"texture":"#0"},"west":{"uv":[5.5, 2.5625, 6.3125, 2.75],"texture":"#0"},"up":{"uv":[2.625, 5, 2.75, 5.8125],"texture":"#0"},"down":{"uv":[2.625, 5.8125, 2.75, 5],"texture":"#0"}}},{"from":[-14, 3.5, -7],"to":[-12, 6.5, 4],"rotation":{"angle":-45,"axis":"x","origin":[-13, 16, 3]},"faces":{"north":{"uv":[2.1875, 5.6875, 2.0625, 5.875],"texture":"#0"},"east":{"uv":[6.3125, 2.5625, 5.5, 2.75],"texture":"#0"},"south":{"uv":[2.1875, 5.6875, 2.0625, 5.875],"texture":"#0"},"west":{"uv":[6.3125, 2.5625, 5.5, 2.75],"texture":"#0"},"up":{"uv":[2.75, 5, 2.625, 5.8125],"texture":"#0"},"down":{"uv":[2.75, 5.8125, 2.625, 5],"texture":"#0"}}},{"from":[-14, 3.5, 12],"to":[-12, 6.5, 23],"rotation":{"angle":45,"axis":"x","origin":[-13, 16, 13]},"faces":{"north":{"uv":[2.0625, 5.6875, 2.1875, 5.875],"texture":"#0"},"east":{"uv":[5.5, 2.5625, 6.3125, 2.75],"texture":"#0"},"south":{"uv":[2.0625, 5.6875, 2.1875, 5.875],"texture":"#0"},"west":{"uv":[5.5, 2.5625, 6.3125, 2.75],"texture":"#0"},"up":{"uv":[2.75, 5.8125, 2.625, 5],"texture":"#0"},"down":{"uv":[2.75, 5, 2.625, 5.8125],"texture":"#0"}}},{"from":[-16, 13, 0],"to":[16, 16, 16],"rotation":{"angle":0,"axis":"y","origin":[-2, 32, 12]},"faces":{"north":{"uv":[4.1875, 6.5625, 6.1875, 6.75],"texture":"#0"},"east":{"uv":[6.625, 2.1875, 5.625, 2.375],"texture":"#0"},"south":{"uv":[4.1875, 6.5625, 6.1875, 6.75],"texture":"#0"},"west":{"uv":[5.625, 2.1875, 6.625, 2.375],"texture":"#0"},"up":{"uv":[6.1875, 5.6875, 4.1875, 6.6875],"texture":"#0"},"down":{"uv":[6.1875, 6.6875, 4.1875, 5.6875],"texture":"#0"}}}],"gui_light":"front","display":{"thirdperson_righthand":{"rotation":[67.5, 0, 0],"translation":[2.5, 1.25, 1.75],"scale":[0.29688, 0.29688, 0.29688]},"thirdperson_lefthand":{"rotation":[67.5, 0, 0],"translation":[-2.5, 1.25, 1.75],"scale":[0.29688, 0.29688, 0.29688]},"firstperson_righthand":{"rotation":[0, -47.75, 0],"translation":[1.5, 2.75, 0],"scale":[0.34336, 0.34336, 0.34336]},"firstperson_lefthand":{"rotation":[0, -47.75, 0],"translation":[-0.25, 2.75, -5.5],"scale":[0.34336, 0.34336, 0.34336]},"ground":{"translation":[0, 8, 0],"scale":[0.25, 0.25, 0.25]},"gui":{"rotation":[30, 225, 0],"translation":[-2.25, -1.5, 0],"scale":[0.4, 0.4, 0.4]},"head":{"translation":[2, -27.5, 0],"scale":[0, 0, 0]},"fixed":{"rotation":[-90, 0, 0],"translation":[0, 0, -16],"scale":[2, 2, 2]}}}