{"texture_size":[256,256],"textures":{"0":"custom/furniture/medieval_market/medievalmarket","particle":"custom/furniture/medieval_market/medievalmarket"},"elements":[{"from":[0,-16,-4],"to":[16,-4,0],"faces":{"north":{"uv":[2.75,6.6875,3.75,7.4375],"texture":"#0"},"east":{"uv":[5.6875,6.9375,5.9375,7.6875],"texture":"#0"},"south":{"uv":[2.75,6.6875,3.75,7.4375],"texture":"#0"},"west":{"uv":[5.6875,6.9375,5.9375,7.6875],"texture":"#0"},"up":{"uv":[2.75,7.4375,3.75,7.6875],"texture":"#0"},"down":{"uv":[2.75,7.4375,3.75,7.6875],"texture":"#0"}}},{"from":[11,6.3,7.5],"to":[11,14.3,8.5],"rotation":{"angle":0,"axis":"y","origin":[5.6,15.8,12.4]},"faces":{"north":{"uv":[1,6.84375,1.5,6.84375],"rotation":270,"texture":"#0"},"east":{"uv":[3.25,6.6875,2.75,6.625],"rotation":90,"texture":"#0"},"south":{"uv":[1,6.84375,1.5,6.84375],"rotation":90,"texture":"#0"},"west":{"uv":[3.25,6.6875,2.75,6.625],"rotation":90,"texture":"#0"},"up":{"uv":[1.0625,6.84375,1.125,6.84375],"rotation":90,"texture":"#0"},"down":{"uv":[1.0625,6.84375,1.125,6.84375],"rotation":90,"texture":"#0"}}},{"from":[5,6.3,7.5],"to":[5,14.3,8.5],"rotation":{"angle":0,"axis":"y","origin":[10.4,15.8,12.4]},"faces":{"north":{"uv":[1,6.84375,1.5,6.84375],"rotation":270,"texture":"#0"},"east":{"uv":[3.25,6.625,2.75,6.6875],"rotation":90,"texture":"#0"},"south":{"uv":[1,6.84375,1.5,6.84375],"rotation":90,"texture":"#0"},"west":{"uv":[3.25,6.625,2.75,6.6875],"rotation":90,"texture":"#0"},"up":{"uv":[1.0625,6.84375,1.125,6.84375],"rotation":90,"texture":"#0"},"down":{"uv":[1.0625,6.84375,1.125,6.84375],"rotation":90,"texture":"#0"}}},{"from":[11,14.3,7.5],"to":[11,22.3,8.5],"rotation":{"angle":0,"axis":"y","origin":[5.6,15.8,12.4]},"faces":{"north":{"uv":[1,6.84375,1.5,6.84375],"rotation":270,"texture":"#0"},"east":{"uv":[3.25,6.6875,2.75,6.625],"rotation":90,"texture":"#0"},"south":{"uv":[1,6.84375,1.5,6.84375],"rotation":90,"texture":"#0"},"west":{"uv":[3.25,6.6875,2.75,6.625],"rotation":90,"texture":"#0"},"up":{"uv":[1.0625,6.84375,1.125,6.84375],"rotation":90,"texture":"#0"},"down":{"uv":[1.0625,6.84375,1.125,6.84375],"rotation":90,"texture":"#0"}}},{"from":[5,14.3,7.5],"to":[5,22.3,8.5],"rotation":{"angle":0,"axis":"y","origin":[10.4,15.8,12.4]},"faces":{"north":{"uv":[1,6.84375,1.5,6.84375],"rotation":270,"texture":"#0"},"east":{"uv":[3.25,6.625,2.75,6.6875],"rotation":90,"texture":"#0"},"south":{"uv":[1,6.84375,1.5,6.84375],"rotation":90,"texture":"#0"},"west":{"uv":[3.25,6.625,2.75,6.6875],"rotation":90,"texture":"#0"},"up":{"uv":[1.0625,6.84375,1.125,6.84375],"rotation":90,"texture":"#0"},"down":{"uv":[1.0625,6.84375,1.125,6.84375],"rotation":90,"texture":"#0"}}},{"from":[5,23.5,8],"to":[12,24.5,8],"rotation":{"angle":0,"axis":"y","origin":[10.4,15.8,12.4]},"faces":{"north":{"uv":[3.1875,6.625,2.75,6.6875],"texture":"#0"},"east":{"uv":[1.0625,6.84375,1.125,6.84375],"rotation":270,"texture":"#0"},"south":{"uv":[3.1875,6.625,2.75,6.6875],"rotation":180,"texture":"#0"},"west":{"uv":[1.0625,6.84375,1.125,6.84375],"rotation":90,"texture":"#0"},"up":{"uv":[1,6.84375,1.4375,6.84375],"rotation":180,"texture":"#0"},"down":{"uv":[1,6.84375,1.4375,6.84375],"texture":"#0"}}},{"from":[0,-16,16],"to":[16,-4,20],"rotation":{"angle":0,"axis":"y","origin":[0,0,16]},"faces":{"north":{"uv":[3.75,6.6875,2.75,7.4375],"texture":"#0"},"east":{"uv":[5.9375,6.9375,5.6875,7.6875],"texture":"#0"},"south":{"uv":[3.75,6.6875,2.75,7.4375],"texture":"#0"},"west":{"uv":[5.9375,6.9375,5.6875,7.6875],"texture":"#0"},"up":{"uv":[2.75,7.6875,3.75,7.4375],"texture":"#0"},"down":{"uv":[2.75,7.6875,3.75,7.4375],"texture":"#0"}}},{"from":[-4,-16,-4],"to":[0,-4,20],"faces":{"north":{"uv":[5.6875,6.9375,5.9375,7.6875],"texture":"#0"},"east":{"uv":[4.1875,6.9375,5.6875,7.6875],"texture":"#0"},"south":{"uv":[5.9375,6.9375,5.6875,7.6875],"texture":"#0"},"west":{"uv":[4.1875,6.9375,5.6875,7.6875],"texture":"#0"},"up":{"uv":[3.875,6.25,4.125,7.75],"texture":"#0"},"down":{"uv":[3.875,6.25,4.125,7.75],"texture":"#0"}}},{"from":[17.5,-10,6],"to":[21.5,22,10],"rotation":{"angle":0,"axis":"y","origin":[0,0,16]},"faces":{"north":{"uv":[0,4.6875,0.25,6.6875],"texture":"#0"},"east":{"uv":[0.5,4.6875,0.25,6.6875],"texture":"#0"},"south":{"uv":[0,4.6875,0.25,6.6875],"texture":"#0"},"west":{"uv":[0.5,4.6875,0.25,6.6875],"texture":"#0"},"up":{"uv":[1.4375,5.5625,1.1875,5.8125],"texture":"#0"},"down":{"uv":[1.4375,5.5625,1.1875,5.8125],"texture":"#0"}}},{"from":[10.5,4.5,7],"to":[11.5,6.5,9],"rotation":{"angle":0,"axis":"y","origin":[0,0,16]},"faces":{"north":{"uv":[2.1875,6.5625,2.25,6.6875],"texture":"#0"},"east":{"uv":[2.1875,6.5625,2.0625,6.6875],"texture":"#0"},"south":{"uv":[2.1875,6.5625,2.25,6.6875],"texture":"#0"},"west":{"uv":[2.1875,6.5625,2.0625,6.6875],"texture":"#0"},"up":{"uv":[2.125,6.6875,2.0625,6.8125],"texture":"#0"},"down":{"uv":[2.125,6.6875,2.0625,6.8125],"texture":"#0"}}},{"from":[4.5,4.5,7],"to":[5.5,6.5,9],"rotation":{"angle":0,"axis":"y","origin":[0,0,16]},"faces":{"north":{"uv":[2.25,6.5625,2.1875,6.6875],"texture":"#0"},"east":{"uv":[2.1875,6.5625,2.0625,6.6875],"texture":"#0"},"south":{"uv":[2.1875,6.5625,2.25,6.6875],"texture":"#0"},"west":{"uv":[2.1875,6.5625,2.0625,6.6875],"texture":"#0"},"up":{"uv":[2.125,6.6875,2.0625,6.8125],"texture":"#0"},"down":{"uv":[2.125,6.6875,2.0625,6.8125],"texture":"#0"}}},{"from":[10,23,7],"to":[12,26,9],"rotation":{"angle":0,"axis":"y","origin":[0,0,16]},"faces":{"north":{"uv":[2.25,7.1875,2.375,7.375],"texture":"#0"},"east":{"uv":[2.375,7,2.25,7.1875],"texture":"#0"},"south":{"uv":[2.25,7.1875,2.375,7.375],"texture":"#0"},"west":{"uv":[2.375,7,2.25,7.1875],"texture":"#0"},"up":{"uv":[2.375,7.375,2.25,7.5],"texture":"#0"},"down":{"uv":[2.375,7.375,2.25,7.5],"texture":"#0"}}},{"from":[4,23,7],"to":[6,26,9],"rotation":{"angle":0,"axis":"y","origin":[0,0,16]},"faces":{"north":{"uv":[2.25,7.1875,2.375,7.375],"texture":"#0"},"east":{"uv":[2.375,7,2.25,7.1875],"texture":"#0"},"south":{"uv":[2.25,7.1875,2.375,7.375],"texture":"#0"},"west":{"uv":[2.375,7,2.25,7.1875],"texture":"#0"},"up":{"uv":[2.375,7.375,2.25,7.5],"texture":"#0"},"down":{"uv":[2.375,7.375,2.25,7.5],"texture":"#0"}}},{"from":[10.5,22,6],"to":[11.5,26,10],"rotation":{"angle":0,"axis":"y","origin":[0,0,16]},"faces":{"north":{"uv":[2.3125,6.75,2.375,7],"texture":"#0"},"east":{"uv":[2.625,6.75,2.375,7],"texture":"#0"},"south":{"uv":[2.3125,6.75,2.375,7],"texture":"#0"},"west":{"uv":[2.625,6.75,2.375,7],"texture":"#0"},"up":{"uv":[2.3125,6.75,2.25,7],"texture":"#0"},"down":{"uv":[2.3125,6.75,2.25,7],"texture":"#0"}}},{"from":[4.5,22,6],"to":[5.5,26,10],"rotation":{"angle":0,"axis":"y","origin":[0,0,16]},"faces":{"north":{"uv":[2.3125,6.75,2.375,7],"texture":"#0"},"east":{"uv":[2.625,6.75,2.375,7],"texture":"#0"},"south":{"uv":[2.3125,6.75,2.375,7],"texture":"#0"},"west":{"uv":[2.625,6.75,2.375,7],"texture":"#0"},"up":{"uv":[2.3125,6.75,2.25,7],"texture":"#0"},"down":{"uv":[2.3125,6.75,2.25,7],"texture":"#0"}}},{"from":[5,0.5,5],"to":[11,4.5,11],"rotation":{"angle":0,"axis":"y","origin":[0,0,16]},"faces":{"north":{"uv":[3.25,8.375,3.625,8.625],"texture":"#0"},"east":{"uv":[3.25,8.375,3.625,8.625],"texture":"#0"},"south":{"uv":[3.25,8.375,3.625,8.625],"texture":"#0"},"west":{"uv":[3.25,8.375,3.625,8.625],"texture":"#0"},"up":{"uv":[3.625,8.625,3.25,9],"texture":"#0"},"down":{"uv":[3.625,9,3.25,9.375],"texture":"#0"}}},{"from":[5,4.5,5],"to":[11,5.5,6],"faces":{"north":{"uv":[3.25,8.28125,3.625,8.34375],"texture":"#0"},"east":{"uv":[3.25,8.28125,3.3125,8.34375],"texture":"#0"},"south":{"uv":[3.25,8.28125,3.625,8.34375],"texture":"#0"},"west":{"uv":[3.25,8.28125,3.3125,8.34375],"texture":"#0"},"up":{"uv":[3.625,8.6875,3.25,8.625],"texture":"#0"},"down":{"uv":[3.625,9.0625,3.25,9],"texture":"#0"}}},{"from":[5,4.5,10],"to":[11,5.5,11],"rotation":{"angle":0,"axis":"y","origin":[0,0,16]},"faces":{"north":{"uv":[3.625,8.28125,3.25,8.34375],"texture":"#0"},"east":{"uv":[3.3125,8.28125,3.25,8.34375],"texture":"#0"},"south":{"uv":[3.625,8.28125,3.25,8.34375],"texture":"#0"},"west":{"uv":[3.3125,8.28125,3.25,8.34375],"texture":"#0"},"up":{"uv":[3.625,8.625,3.25,8.6875],"texture":"#0"},"down":{"uv":[3.625,9,3.25,9.0625],"texture":"#0"}}},{"from":[10,4.5,6],"to":[11,5.5,10],"faces":{"north":{"uv":[3.25,8.375,3.3125,8.4375],"texture":"#0"},"east":{"uv":[3.53125,8.375,3.28125,8.4375],"texture":"#0"},"south":{"uv":[3.3125,8.375,3.25,8.4375],"texture":"#0"},"west":{"uv":[3.53125,8.375,3.28125,8.4375],"texture":"#0"},"up":{"uv":[3.3125,8.875,3.25,8.625],"texture":"#0"},"down":{"uv":[3.3125,9.25,3.25,9],"texture":"#0"}}},{"from":[5,4.5,6],"to":[6,5.5,10],"faces":{"north":{"uv":[3.25,8.375,3.3125,8.4375],"texture":"#0"},"east":{"uv":[3.53125,8.375,3.28125,8.4375],"texture":"#0"},"south":{"uv":[3.3125,8.375,3.25,8.4375],"texture":"#0"},"west":{"uv":[3.53125,8.375,3.28125,8.4375],"texture":"#0"},"up":{"uv":[3.3125,8.875,3.25,8.625],"texture":"#0"},"down":{"uv":[3.3125,9.25,3.25,9],"texture":"#0"}}},{"from":[6,-1.5,6],"to":[10,0.5,10],"rotation":{"angle":0,"axis":"y","origin":[0,0,16]},"faces":{"north":{"uv":[2.75,8.5625,3,8.6875],"texture":"#0"},"east":{"uv":[3,8.6875,2.75,8.8125],"texture":"#0"},"south":{"uv":[2.75,8.5625,3,8.6875],"texture":"#0"},"west":{"uv":[3,8.6875,2.75,8.8125],"texture":"#0"},"up":{"uv":[3.25,8.5625,3,8.8125],"texture":"#0"},"down":{"uv":[3.25,8.5625,3,8.8125],"texture":"#0"}}},{"from":[-6,-16,-6],"to":[22,-10,22],"faces":{"north":{"uv":[3.625,9.6875,5.375,10.0625],"texture":"#0"},"east":{"uv":[3.625,9.6875,5.375,10.0625],"texture":"#0"},"south":{"uv":[3.625,9.6875,5.375,10.0625],"texture":"#0"},"west":{"uv":[3.625,9.6875,5.375,10.0625],"texture":"#0"},"up":{"uv":[3.625,7.9375,5.375,9.6875],"texture":"#0"},"down":{"uv":[3.625,7.9375,5.375,9.6875],"texture":"#0"}}},{"from":[16,-16,-4],"to":[20,-4,20],"rotation":{"angle":0,"axis":"y","origin":[16,0,0]},"faces":{"north":{"uv":[5.9375,6.9375,5.6875,7.6875],"texture":"#0"},"east":{"uv":[5.6875,6.9375,4.1875,7.6875],"texture":"#0"},"south":{"uv":[5.6875,6.9375,5.9375,7.6875],"texture":"#0"},"west":{"uv":[5.6875,6.9375,4.1875,7.6875],"texture":"#0"},"up":{"uv":[4.125,6.25,3.875,7.75],"texture":"#0"},"down":{"uv":[4.125,6.25,3.875,7.75],"texture":"#0"}}},{"from":[-5,-4,-5],"to":[1,0,21],"faces":{"north":{"uv":[1.75,7.53125,2.125,7.78125],"texture":"#0"},"east":{"uv":[4.1875,7.6875,5.8125,7.9375],"texture":"#0"},"south":{"uv":[2.125,7.53125,1.75,7.78125],"texture":"#0"},"west":{"uv":[4.1875,7.6875,5.8125,7.9375],"texture":"#0"},"up":{"uv":[2.375,7,2.75,8.625],"texture":"#0"},"down":{"uv":[2.375,7,2.75,8.625],"texture":"#0"}}},{"from":[15,-4,-5],"to":[21,0,21],"rotation":{"angle":0,"axis":"y","origin":[16,0,0]},"faces":{"north":{"uv":[2.125,7.53125,1.75,7.78125],"texture":"#0"},"east":{"uv":[5.8125,7.6875,4.1875,7.9375],"texture":"#0"},"south":{"uv":[1.75,7.53125,2.125,7.78125],"texture":"#0"},"west":{"uv":[5.8125,7.6875,4.1875,7.9375],"texture":"#0"},"up":{"uv":[2.75,7,2.375,8.625],"texture":"#0"},"down":{"uv":[2.75,7,2.375,8.625],"texture":"#0"}}},{"from":[17.5,22,6],"to":[21.5,26,10],"rotation":{"angle":0,"axis":"y","origin":[8,-0.75,11.51535]},"faces":{"north":{"uv":[10,1.34375,10.25,1.59375],"texture":"#0"},"east":{"uv":[10,1.34375,10.25,1.59375],"texture":"#0"},"south":{"uv":[10,1.34375,10.25,1.59375],"texture":"#0"},"west":{"uv":[10,1.34375,10.25,1.59375],"texture":"#0"},"up":{"uv":[10,2.21875,10.25,1.96875],"texture":"#0"},"down":{"uv":[10,2.21875,10.25,1.96875],"texture":"#0"}}},{"from":[-5.5,22,6],"to":[-1.5,26,10],"rotation":{"angle":0,"axis":"y","origin":[8,-0.75,11.51535]},"faces":{"north":{"uv":[10.25,1.34375,10,1.59375],"texture":"#0"},"east":{"uv":[10.25,1.34375,10,1.59375],"texture":"#0"},"south":{"uv":[10.25,1.34375,10,1.59375],"texture":"#0"},"west":{"uv":[10.25,1.34375,10,1.59375],"texture":"#0"},"up":{"uv":[10.25,2.21875,10,1.96875],"texture":"#0"},"down":{"uv":[10.25,2.21875,10,1.96875],"texture":"#0"}}},{"from":[-5.5,-10,6],"to":[-1.5,22,10],"rotation":{"angle":0,"axis":"y","origin":[16,0,16]},"faces":{"north":{"uv":[0.25,4.6875,0,6.6875],"texture":"#0"},"east":{"uv":[0.25,4.6875,0.5,6.6875],"texture":"#0"},"south":{"uv":[0.25,4.6875,0,6.6875],"texture":"#0"},"west":{"uv":[0.25,4.6875,0.5,6.6875],"texture":"#0"},"up":{"uv":[1.1875,5.5625,1.4375,5.8125],"texture":"#0"},"down":{"uv":[1.1875,5.5625,1.4375,5.8125],"texture":"#0"}}},{"from":[1,-4,-5],"to":[15,0,1],"faces":{"north":{"uv":[2.75,8.0625,3.625,8.3125],"texture":"#0"},"east":{"uv":[2.75,8.3125,3.125,8.5625],"texture":"#0"},"south":{"uv":[2.75,8.0625,3.625,8.3125],"texture":"#0"},"west":{"uv":[2.75,8.3125,3.125,8.5625],"texture":"#0"},"up":{"uv":[2.75,7.6875,3.625,8.0625],"texture":"#0"},"down":{"uv":[2.75,7.6875,3.625,8.0625],"texture":"#0"}}},{"from":[1,-4,15],"to":[15,0,21],"rotation":{"angle":0,"axis":"y","origin":[0,0,16]},"faces":{"north":{"uv":[3.625,8.0625,2.75,8.3125],"texture":"#0"},"east":{"uv":[3.125,8.3125,2.75,8.5625],"texture":"#0"},"south":{"uv":[3.625,8.0625,2.75,8.3125],"texture":"#0"},"west":{"uv":[3.125,8.3125,2.75,8.5625],"texture":"#0"},"up":{"uv":[2.75,8.0625,3.625,7.6875],"texture":"#0"},"down":{"uv":[2.75,8.0625,3.625,7.6875],"texture":"#0"}}},{"from":[8,26,6],"to":[25,30,10],"faces":{"north":{"uv":[4.125,5,5.1875,5.25],"texture":"#0"},"east":{"uv":[1.4375,5.5625,1.6875,5.8125],"texture":"#0"},"south":{"uv":[4.125,5,5.1875,5.25],"texture":"#0"},"west":{"uv":[1.4375,5.5625,1.6875,5.8125],"texture":"#0"},"up":{"uv":[4.125,5,5.1875,5.25],"texture":"#0"},"down":{"uv":[4.125,5,5.1875,5.25],"texture":"#0"}}},{"from":[-8,30,-8],"to":[24,32,7],"rotation":{"angle":-22.5,"axis":"x","origin":[-2,32,13]},"faces":{"north":{"uv":[4.1875,6.5625,6.1875,6.75],"texture":"#0"},"east":{"uv":[4.1875,6.75,5.0625,6.9375],"texture":"#0"},"south":{"uv":[4.1875,6.5625,6.1875,6.75],"texture":"#0"},"west":{"uv":[4.1875,6.75,5.0625,6.9375],"texture":"#0"},"up":{"uv":[6.1875,5.6875,4.1875,6.5625],"texture":"#0"},"down":{"uv":[6.1875,5.6875,4.1875,6.5625],"texture":"#0"}}},{"from":[-8,30,9],"to":[24,32,24],"rotation":{"angle":22.5,"axis":"x","origin":[-2,32,3]},"faces":{"north":{"uv":[6.1875,6.5625,4.1875,6.75],"texture":"#0"},"east":{"uv":[5.0625,6.75,4.1875,6.9375],"texture":"#0"},"south":{"uv":[6.1875,6.5625,4.1875,6.75],"texture":"#0"},"west":{"uv":[5.0625,6.75,4.1875,6.9375],"texture":"#0"},"up":{"uv":[6.1875,6.5625,4.1875,5.6875],"texture":"#0"},"down":{"uv":[6.1875,6.5625,4.1875,5.6875],"texture":"#0"}}},{"from":[-9,26,6],"to":[8,30,10],"rotation":{"angle":0,"axis":"y","origin":[16,0,0]},"faces":{"north":{"uv":[5.1875,5,4.125,5.25],"texture":"#0"},"east":{"uv":[1.6875,5.5625,1.4375,5.8125],"texture":"#0"},"south":{"uv":[5.1875,5,4.125,5.25],"texture":"#0"},"west":{"uv":[1.6875,5.5625,1.4375,5.8125],"texture":"#0"},"up":{"uv":[5.1875,5,4.125,5.25],"texture":"#0"},"down":{"uv":[5.1875,5,4.125,5.25],"texture":"#0"}}},{"from":[18.5,20,-3],"to":[20.5,32,0],"rotation":{"angle":-45,"axis":"x","origin":[0,29,7]},"faces":{"north":{"uv":[2.75,5.4375,2.625,4.6875],"rotation":180,"texture":"#0"},"east":{"uv":[6.25,2.5625,5.5,2.75],"rotation":270,"texture":"#0"},"south":{"uv":[2.75,4.6875,2.625,5.4375],"texture":"#0"},"west":{"uv":[5.5,2.5625,6.25,2.75],"rotation":90,"texture":"#0"},"up":{"uv":[2.0625,5.6875,2.1875,5.875],"rotation":180,"texture":"#0"},"down":{"uv":[2.0625,5.6875,2.1875,5.875],"texture":"#0"}}},{"from":[-4.5,20,-3],"to":[-2.5,32,0],"rotation":{"angle":-45,"axis":"x","origin":[16,29,7]},"faces":{"north":{"uv":[2.625,5.4375,2.75,4.6875],"rotation":180,"texture":"#0"},"east":{"uv":[5.5,2.75,6.25,2.5625],"rotation":90,"texture":"#0"},"south":{"uv":[2.625,4.6875,2.75,5.4375],"texture":"#0"},"west":{"uv":[6.25,2.75,5.5,2.5625],"rotation":270,"texture":"#0"},"up":{"uv":[2.1875,5.6875,2.0625,5.875],"rotation":180,"texture":"#0"},"down":{"uv":[2.1875,5.6875,2.0625,5.875],"texture":"#0"}}},{"from":[-4.5,20,16],"to":[-2.5,32,19],"rotation":{"angle":45,"axis":"x","origin":[16,29,9]},"faces":{"north":{"uv":[2.75,4.6875,2.625,5.4375],"texture":"#0"},"east":{"uv":[5.5,2.5625,6.25,2.75],"rotation":90,"texture":"#0"},"south":{"uv":[2.75,5.4375,2.625,4.6875],"rotation":180,"texture":"#0"},"west":{"uv":[6.25,2.5625,5.5,2.75],"rotation":270,"texture":"#0"},"up":{"uv":[2.1875,5.875,2.0625,5.6875],"rotation":180,"texture":"#0"},"down":{"uv":[2.1875,5.875,2.0625,5.6875],"texture":"#0"}}},{"from":[18.5,20,16],"to":[20.5,32,19],"rotation":{"angle":45,"axis":"x","origin":[0,29,9]},"faces":{"north":{"uv":[2.625,4.6875,2.75,5.4375],"texture":"#0"},"east":{"uv":[6.25,2.75,5.5,2.5625],"rotation":270,"texture":"#0"},"south":{"uv":[2.625,5.4375,2.75,4.6875],"rotation":180,"texture":"#0"},"west":{"uv":[5.5,2.75,6.25,2.5625],"rotation":90,"texture":"#0"},"up":{"uv":[2.0625,5.875,2.1875,5.6875],"rotation":180,"texture":"#0"},"down":{"uv":[2.0625,5.875,2.1875,5.6875],"texture":"#0"}}},{"from":[19,-0.5,-4],"to":[21,1.5,9],"rotation":{"angle":-45,"axis":"x","origin":[8.6,-0.75,11.51535]},"faces":{"north":{"uv":[7.25,0.6875,7.375,0.8125],"texture":"#0"},"east":{"uv":[7.25,1.875,8.0625,1.75],"texture":"#0"},"south":{"uv":[7.25,0.6875,7.375,0.8125],"texture":"#0"},"west":{"uv":[7.25,1.875,8.0625,1.75],"texture":"#0"},"up":{"uv":[9.875,1,10,1.8125],"texture":"#0"},"down":{"uv":[10,1,9.875,1.8125],"texture":"#0"}}},{"from":[-5,-0.5,-4],"to":[-3,1.5,9],"rotation":{"angle":-45,"axis":"x","origin":[7.4,-0.75,11.51535]},"faces":{"north":{"uv":[7.375,0.6875,7.25,0.8125],"texture":"#0"},"east":{"uv":[8.0625,1.875,7.25,1.75],"texture":"#0"},"south":{"uv":[7.375,0.6875,7.25,0.8125],"texture":"#0"},"west":{"uv":[8.0625,1.875,7.25,1.75],"texture":"#0"},"up":{"uv":[10,1,9.875,1.8125],"texture":"#0"},"down":{"uv":[9.875,1,10,1.8125],"texture":"#0"}}},{"from":[-5,-0.5,7],"to":[-3,1.5,20],"rotation":{"angle":45,"axis":"x","origin":[7.4,-0.75,4.48465]},"faces":{"north":{"uv":[7.25,0.6875,7.375,0.8125],"texture":"#0"},"east":{"uv":[7.25,1.875,8.0625,1.75],"texture":"#0"},"south":{"uv":[7.25,0.6875,7.375,0.8125],"texture":"#0"},"west":{"uv":[7.25,1.875,8.0625,1.75],"texture":"#0"},"up":{"uv":[10,1.8125,9.875,1],"texture":"#0"},"down":{"uv":[9.875,1.8125,10,1],"texture":"#0"}}},{"from":[19,-0.5,7],"to":[21,1.5,20],"rotation":{"angle":45,"axis":"x","origin":[8.6,-0.75,4.48465]},"faces":{"north":{"uv":[7.375,0.6875,7.25,0.8125],"texture":"#0"},"east":{"uv":[8.0625,1.875,7.25,1.75],"texture":"#0"},"south":{"uv":[7.375,0.6875,7.25,0.8125],"texture":"#0"},"west":{"uv":[8.0625,1.875,7.25,1.75],"texture":"#0"},"up":{"uv":[9.875,1.8125,10,1],"texture":"#0"},"down":{"uv":[10,1.8125,9.875,1],"texture":"#0"}}},{"from":[11,-10.2,-4.5],"to":[18,-6.2,-4.5],"faces":{"north":{"uv":[9.25,1.375,9.6875,1.625],"texture":"#0"},"east":{"uv":[13.875,1.375,13.875,1.625],"texture":"#0"},"south":{"uv":[9.6875,1.375,9.25,1.625],"texture":"#0"},"west":{"uv":[13.875,1.375,13.875,1.625],"texture":"#0"},"up":{"uv":[10.875,1.375,11.3125,1.375],"rotation":180,"texture":"#0"},"down":{"uv":[10.875,1.375,11.3125,1.375],"rotation":180,"texture":"#0"}}},{"from":[5,-10.2,20.5],"to":[12,-6.2,20.5],"rotation":{"angle":0,"axis":"y","origin":[0,0,16]},"faces":{"north":{"uv":[9.25,1.375,9.6875,1.625],"texture":"#0"},"east":{"uv":[13.875,1.375,13.875,1.625],"texture":"#0"},"south":{"uv":[9.6875,1.375,9.25,1.625],"texture":"#0"},"west":{"uv":[13.875,1.375,13.875,1.625],"texture":"#0"},"up":{"uv":[10.875,1.375,11.3125,1.375],"rotation":180,"texture":"#0"},"down":{"uv":[10.875,1.375,11.3125,1.375],"rotation":180,"texture":"#0"}}},{"from":[-3,-10,-4.5],"to":[4,-6,-4.5],"faces":{"north":{"uv":[9.25,1.125,9.6875,1.375],"texture":"#0"},"east":{"uv":[13.875,1.375,13.875,1.625],"texture":"#0"},"south":{"uv":[9.6875,1.125,9.25,1.375],"texture":"#0"},"west":{"uv":[13.875,1.375,13.875,1.625],"texture":"#0"},"up":{"uv":[10.875,1.375,11.3125,1.375],"rotation":180,"texture":"#0"},"down":{"uv":[10.875,1.375,11.3125,1.375],"rotation":180,"texture":"#0"}}}],"gui_light":"front","display":{"thirdperson_righthand":{"rotation":[67.5,0,0],"translation":[0,2.25,2.25],"scale":[0.17774,0.17774,0.17774]},"thirdperson_lefthand":{"rotation":[67.5,0,0],"translation":[0,2.25,2.25],"scale":[0.17774,0.17774,0.17774]},"firstperson_righthand":{"rotation":[0,225,0],"translation":[0,3.25,0],"scale":[0.33945,0.33945,0.33945]},"firstperson_lefthand":{"rotation":[0,225,0],"translation":[0,3.25,0],"scale":[0.33945,0.33945,0.33945]},"ground":{"translation":[0,3,0],"scale":[0.25,0.25,0.25]},"gui":{"rotation":[30,225,0],"translation":[0,0.5,0],"scale":[0.25938,0.25938,0.25938]},"head":{"translation":[0,-4.75,0],"scale":[0,0,0]},"fixed":{"rotation":[-90,0,0],"translation":[0,0,-48],"scale":[2,2,2]}}}