{"texture_size":[128, 128],"textures":{"0":"custom/furniture/vending/gumball_2","particle":"custom/furniture/vending/gumball_2"},"elements":[{"from":[3, -13, 3],"to":[13, -4, 13],"faces":{"north":{"uv":[7.75, 0, 9, 1.125],"texture":"#0"},"east":{"uv":[7.75, 1.125, 9, 2.25],"texture":"#0"},"south":{"uv":[7.75, 1.125, 9, 2.25],"texture":"#0"},"west":{"uv":[7.75, 1.125, 9, 2.25],"texture":"#0"},"up":{"uv":[7.75, 2.75, 6.5, 1.5],"texture":"#0"},"down":{"uv":[7.75, 0.25, 6.5, 1.5],"texture":"#0"}}},{"from":[0, -16, 0],"to":[16, -13, 16],"faces":{"north":{"uv":[3.5, 7.25, 5.5, 7.625],"texture":"#0"},"east":{"uv":[3.5, 7.25, 5.5, 7.625],"texture":"#0"},"south":{"uv":[3.5, 7.25, 5.5, 7.625],"texture":"#0"},"west":{"uv":[3.5, 7.25, 5.5, 7.625],"texture":"#0"},"up":{"uv":[5.5, 5.25, 3.5, 3.25],"texture":"#0"},"down":{"uv":[5.5, 5.25, 3.5, 7.25],"texture":"#0"}}},{"from":[1, 10, 1],"to":[15, 15, 15],"rotation":{"angle":0,"axis":"y","origin":[0, -2, 0]},"faces":{"north":{"uv":[1.75, 3.25, 3.5, 3.875],"texture":"#0"},"east":{"uv":[1.75, 3.25, 3.5, 3.875],"texture":"#0"},"south":{"uv":[1.75, 3.25, 3.5, 3.875],"texture":"#0"},"west":{"uv":[1.75, 3.25, 3.5, 3.875],"texture":"#0"},"up":{"uv":[1.75, 7, 0, 5.25],"texture":"#0"},"down":{"uv":[1.75, 3.5, 0, 5.25],"texture":"#0"}}},{"from":[5, 10, 0],"to":[11, 15, 1],"rotation":{"angle":0,"axis":"y","origin":[0, -2, 0]},"faces":{"north":{"uv":[1.75, 3.875, 2.5, 4.5],"texture":"#0"},"east":{"uv":[2.5, 3.875, 2.625, 4.5],"texture":"#0"},"south":{"uv":[1.75, 3.875, 2.5, 4.5],"texture":"#0"},"west":{"uv":[2.5, 3.875, 2.625, 4.5],"texture":"#0"},"up":{"uv":[2.5, 4.625, 1.75, 4.5],"texture":"#0"},"down":{"uv":[2.5, 4.5, 1.75, 4.625],"texture":"#0"}}},{"from":[6, 12, -0.5],"to":[10, 13, 0.5],"rotation":{"angle":0,"axis":"y","origin":[0, -2, 0]},"faces":{"north":{"uv":[2.625, 3.875, 3.125, 4],"texture":"#0"},"east":{"uv":[2.625, 4, 2.75, 4.125],"texture":"#0"},"south":{"uv":[2.625, 3.875, 3.125, 4],"texture":"#0"},"west":{"uv":[2.625, 4, 2.75, 4.125],"texture":"#0"},"up":{"uv":[3.125, 4, 2.625, 3.875],"texture":"#0"},"down":{"uv":[3.125, 3.875, 2.625, 4],"texture":"#0"}}},{"from":[3, 28, 3],"to":[13, 30, 13],"rotation":{"angle":0,"axis":"y","origin":[0, -2, 0]},"faces":{"north":{"uv":[6.5, 0, 7.75, 0.25],"texture":"#0"},"east":{"uv":[6.5, 0, 7.75, 0.25],"texture":"#0"},"south":{"uv":[6.5, 0, 7.75, 0.25],"texture":"#0"},"west":{"uv":[6.5, 0, 7.75, 0.25],"texture":"#0"},"up":{"uv":[6.5, 1.25, 5.25, 0],"texture":"#0"},"down":{"uv":[6.5, 1.25, 5.25, 2.5],"texture":"#0"}}},{"from":[5, -4, 5],"to":[11, 10, 11],"faces":{"north":{"uv":[5.5, 2.5, 6.25, 4.25],"texture":"#0"},"east":{"uv":[5.5, 2.5, 6.25, 4.25],"texture":"#0"},"south":{"uv":[5.5, 2.5, 6.25, 4.25],"texture":"#0"},"west":{"uv":[5.5, 2.5, 6.25, 4.25],"texture":"#0"}}},{"from":[1, 15, 1],"to":[15, 28, 15],"rotation":{"angle":0,"axis":"y","origin":[0, -2, 0]},"faces":{"north":{"uv":[1.75, 0, 3.5, 1.625],"texture":"#0"},"east":{"uv":[1.75, 1.625, 3.5, 3.25],"texture":"#0"},"south":{"uv":[3.5, 0, 5.25, 1.625],"texture":"#0"},"west":{"uv":[3.5, 1.625, 5.25, 3.25],"texture":"#0"},"up":{"uv":[1.75, 1.75, 0, 0],"texture":"#0"},"down":{"uv":[1.75, 1.75, 0, 3.5],"texture":"#0"}}},{"from":[6, 15, 6],"to":[9, 18, 9],"rotation":{"angle":0,"axis":"y","origin":[0, 1, 0]},"faces":{"north":{"uv":[6.875, 2.875, 7.25, 3.25],"texture":"#0"},"east":{"uv":[6.875, 2.875, 7.25, 3.25],"texture":"#0"},"south":{"uv":[6.875, 2.875, 7.25, 3.25],"texture":"#0"},"west":{"uv":[6.875, 2.875, 7.25, 3.25],"texture":"#0"},"up":{"uv":[6.875, 3.25, 7.25, 3.625],"texture":"#0"},"down":{"uv":[6.875, 3.25, 7.25, 3.625],"texture":"#0"}}},{"from":[10.95, 15, 10.1],"to":[13.95, 18, 13.1],"rotation":{"angle":45,"axis":"y","origin":[11.5, 16.5, 11.5]},"faces":{"north":{"uv":[6.875, 2.875, 7.25, 3.25],"texture":"#0"},"east":{"uv":[6.875, 2.875, 7.25, 3.25],"texture":"#0"},"south":{"uv":[6.875, 2.875, 7.25, 3.25],"texture":"#0"},"west":{"uv":[6.875, 2.875, 7.25, 3.25],"texture":"#0"},"up":{"uv":[6.875, 3.25, 7.25, 3.625],"texture":"#0"},"down":{"uv":[6.875, 3.25, 7.25, 3.625],"texture":"#0"}}},{"from":[3, 15, 10.7],"to":[6, 18, 13.7],"rotation":{"angle":22.5,"axis":"y","origin":[3.5, 16.5, 12.5]},"faces":{"north":{"uv":[6.875, 2.875, 7.25, 3.25],"texture":"#0"},"east":{"uv":[6.875, 2.875, 7.25, 3.25],"texture":"#0"},"south":{"uv":[6.875, 2.875, 7.25, 3.25],"texture":"#0"},"west":{"uv":[6.875, 2.875, 7.25, 3.25],"texture":"#0"},"up":{"uv":[6.875, 3.25, 7.25, 3.625],"rotation":90,"texture":"#0"},"down":{"uv":[6.875, 3.25, 7.25, 3.625],"rotation":270,"texture":"#0"}}},{"from":[6, 15, 9.5],"to":[9, 18, 12.5],"rotation":{"angle":-45,"axis":"y","origin":[7.5, 16.5, 11.5]},"faces":{"north":{"uv":[6.375, 2.875, 6.75, 3.25],"texture":"#0"},"east":{"uv":[6.375, 2.875, 6.75, 3.25],"texture":"#0"},"south":{"uv":[6.375, 2.875, 6.75, 3.25],"texture":"#0"},"west":{"uv":[6.375, 2.875, 6.75, 3.25],"texture":"#0"},"up":{"uv":[6.375, 3.25, 6.75, 3.625],"texture":"#0"},"down":{"uv":[6.375, 3.25, 6.75, 3.625],"texture":"#0"}}},{"from":[2.5, 15, 7],"to":[5.5, 18, 10],"rotation":{"angle":45,"axis":"y","origin":[3.5, 16.5, 8.5]},"faces":{"north":{"uv":[6.375, 2.875, 6.75, 3.25],"texture":"#0"},"east":{"uv":[6.375, 2.875, 6.75, 3.25],"texture":"#0"},"south":{"uv":[6.375, 2.875, 6.75, 3.25],"texture":"#0"},"west":{"uv":[6.375, 2.875, 6.75, 3.25],"texture":"#0"},"up":{"uv":[6.375, 3.25, 6.75, 3.625],"texture":"#0"},"down":{"uv":[6.375, 3.25, 6.75, 3.625],"texture":"#0"}}},{"from":[7, 15, 2],"to":[10, 18, 5],"rotation":{"angle":22.5,"axis":"y","origin":[8.5, 16.5, 3.5]},"faces":{"north":{"uv":[6.375, 2.875, 6.75, 3.25],"texture":"#0"},"east":{"uv":[6.375, 2.875, 6.75, 3.25],"texture":"#0"},"south":{"uv":[6.375, 2.875, 6.75, 3.25],"texture":"#0"},"west":{"uv":[6.375, 2.875, 6.75, 3.25],"texture":"#0"},"up":{"uv":[6.375, 3.25, 6.75, 3.625],"texture":"#0"},"down":{"uv":[6.375, 3.25, 6.75, 3.625],"texture":"#0"}}},{"from":[3.5, 18, 9.64645],"to":[6.5, 21, 12.64645],"rotation":{"angle":0,"axis":"y","origin":[10.17678, 19.5, 5.82322]},"faces":{"north":{"uv":[6.875, 2.875, 7.25, 3.25],"texture":"#0"},"east":{"uv":[6.875, 2.875, 7.25, 3.25],"texture":"#0"},"south":{"uv":[6.875, 2.875, 7.25, 3.25],"texture":"#0"},"west":{"uv":[6.875, 2.875, 7.25, 3.25],"texture":"#0"},"up":{"uv":[6.875, 3.25, 7.25, 3.625],"rotation":90,"texture":"#0"},"down":{"uv":[6.875, 3.25, 7.25, 3.625],"rotation":270,"texture":"#0"}}},{"from":[7.5, 18, 9.89645],"to":[10.5, 21, 12.89645],"rotation":{"angle":22.5,"axis":"y","origin":[11, 19.5, 12.39645]},"faces":{"north":{"uv":[6.875, 2.875, 7.25, 3.25],"texture":"#0"},"east":{"uv":[6.875, 2.875, 7.25, 3.25],"texture":"#0"},"south":{"uv":[6.875, 2.875, 7.25, 3.25],"texture":"#0"},"west":{"uv":[6.875, 2.875, 7.25, 3.25],"texture":"#0"},"up":{"uv":[6.875, 3.25, 7.25, 3.625],"rotation":90,"texture":"#0"},"down":{"uv":[6.875, 3.25, 7.25, 3.625],"rotation":270,"texture":"#0"}}},{"from":[2, 18, 2.64645],"to":[5, 21, 5.64645],"rotation":{"angle":22.5,"axis":"y","origin":[3.5, 19.5, 4.14645]},"faces":{"north":{"uv":[6.875, 2.875, 7.25, 3.25],"texture":"#0"},"east":{"uv":[6.875, 2.875, 7.25, 3.25],"texture":"#0"},"south":{"uv":[6.875, 2.875, 7.25, 3.25],"texture":"#0"},"west":{"uv":[6.875, 2.875, 7.25, 3.25],"texture":"#0"},"up":{"uv":[6.875, 3.25, 7.25, 3.625],"rotation":90,"texture":"#0"},"down":{"uv":[6.875, 3.25, 7.25, 3.625],"rotation":270,"texture":"#0"}}},{"from":[8.75, 21, 8.39645],"to":[11.75, 24, 11.39645],"rotation":{"angle":22.5,"axis":"y","origin":[3.5, 19.5, 4.14645]},"faces":{"north":{"uv":[6.875, 2.875, 7.25, 3.25],"texture":"#0"},"east":{"uv":[6.875, 2.875, 7.25, 3.25],"texture":"#0"},"south":{"uv":[6.875, 2.875, 7.25, 3.25],"texture":"#0"},"west":{"uv":[6.875, 2.875, 7.25, 3.25],"texture":"#0"},"up":{"uv":[6.875, 3.25, 7.25, 3.625],"rotation":90,"texture":"#0"},"down":{"uv":[6.875, 3.25, 7.25, 3.625],"rotation":270,"texture":"#0"}}},{"from":[2.75, 24, 9.39645],"to":[5.75, 27, 12.39645],"rotation":{"angle":22.5,"axis":"y","origin":[3.5, 19.5, 4.14645]},"faces":{"north":{"uv":[6.875, 2.875, 7.25, 3.25],"texture":"#0"},"east":{"uv":[6.875, 2.875, 7.25, 3.25],"texture":"#0"},"south":{"uv":[6.875, 2.875, 7.25, 3.25],"texture":"#0"},"west":{"uv":[6.875, 2.875, 7.25, 3.25],"texture":"#0"},"up":{"uv":[6.875, 3.25, 7.25, 3.625],"rotation":90,"texture":"#0"},"down":{"uv":[6.875, 3.25, 7.25, 3.625],"rotation":270,"texture":"#0"}}},{"from":[10, 18, 2.64645],"to":[13, 21, 5.64645],"rotation":{"angle":0,"axis":"y","origin":[10.17678, 19.5, 5.82322]},"faces":{"north":{"uv":[6.875, 2.875, 7.25, 3.25],"texture":"#0"},"east":{"uv":[6.875, 2.875, 7.25, 3.25],"texture":"#0"},"south":{"uv":[6.875, 2.875, 7.25, 3.25],"texture":"#0"},"west":{"uv":[6.875, 2.875, 7.25, 3.25],"texture":"#0"},"up":{"uv":[6.875, 3.25, 7.25, 3.625],"rotation":90,"texture":"#0"},"down":{"uv":[6.875, 3.25, 7.25, 3.625],"rotation":270,"texture":"#0"}}},{"from":[9.9341, 18, 6.85866],"to":[12.9341, 21, 9.85866],"rotation":{"angle":22.5,"axis":"y","origin":[10.17678, 19.5, 5.82322]},"faces":{"north":{"uv":[6.375, 2.875, 6.75, 3.25],"texture":"#0"},"east":{"uv":[6.375, 2.875, 6.75, 3.25],"texture":"#0"},"south":{"uv":[6.375, 2.875, 6.75, 3.25],"texture":"#0"},"west":{"uv":[6.375, 2.875, 6.75, 3.25],"texture":"#0"},"up":{"uv":[6.375, 3.25, 6.75, 3.625],"rotation":90,"texture":"#0"},"down":{"uv":[6.375, 3.25, 6.75, 3.625],"rotation":270,"texture":"#0"}}},{"from":[2.1841, 21, 5.35866],"to":[5.1841, 24, 8.35866],"rotation":{"angle":22.5,"axis":"y","origin":[10.17678, 19.5, 5.82322]},"faces":{"north":{"uv":[6.375, 2.875, 6.75, 3.25],"texture":"#0"},"east":{"uv":[6.375, 2.875, 6.75, 3.25],"texture":"#0"},"south":{"uv":[6.375, 2.875, 6.75, 3.25],"texture":"#0"},"west":{"uv":[6.375, 2.875, 6.75, 3.25],"texture":"#0"},"up":{"uv":[6.375, 3.25, 6.75, 3.625],"rotation":90,"texture":"#0"},"down":{"uv":[6.375, 3.25, 6.75, 3.625],"rotation":270,"texture":"#0"}}},{"from":[6.4341, 21, 6.85866],"to":[9.4341, 24, 9.85866],"rotation":{"angle":22.5,"axis":"y","origin":[10.17678, 19.5, 5.82322]},"faces":{"north":{"uv":[6.375, 2.875, 6.75, 3.25],"texture":"#0"},"east":{"uv":[6.375, 2.875, 6.75, 3.25],"texture":"#0"},"south":{"uv":[6.375, 2.875, 6.75, 3.25],"texture":"#0"},"west":{"uv":[6.375, 2.875, 6.75, 3.25],"texture":"#0"},"up":{"uv":[6.375, 3.25, 6.75, 3.625],"rotation":90,"texture":"#0"},"down":{"uv":[6.375, 3.25, 6.75, 3.625],"rotation":270,"texture":"#0"}}},{"from":[10.26066, 21, 10.74106],"to":[13.26066, 24, 13.74106],"rotation":{"angle":-22.5,"axis":"y","origin":[11.76066, 22.5, 12.24106]},"faces":{"north":{"uv":[6.375, 2.875, 6.75, 3.25],"texture":"#0"},"east":{"uv":[6.375, 2.875, 6.75, 3.25],"texture":"#0"},"south":{"uv":[6.375, 2.875, 6.75, 3.25],"texture":"#0"},"west":{"uv":[6.375, 2.875, 6.75, 3.25],"texture":"#0"},"up":{"uv":[6.375, 3.25, 6.75, 3.625],"texture":"#0"},"down":{"uv":[6.375, 3.25, 6.75, 3.625],"texture":"#0"}}},{"from":[8.42678, 18, 1.03769],"to":[11.42678, 21, 4.03769],"rotation":{"angle":45,"axis":"y","origin":[10.17678, 19.5, 5.82322]},"faces":{"north":{"uv":[6.375, 2.875, 6.75, 3.25],"texture":"#0"},"east":{"uv":[6.375, 2.875, 6.75, 3.25],"texture":"#0"},"south":{"uv":[6.375, 2.875, 6.75, 3.25],"texture":"#0"},"west":{"uv":[6.375, 2.875, 6.75, 3.25],"texture":"#0"},"up":{"uv":[6.375, 3.25, 6.75, 3.625],"rotation":90,"texture":"#0"},"down":{"uv":[6.375, 3.25, 6.75, 3.625],"rotation":270,"texture":"#0"}}},{"from":[9.4, 15, 6],"to":[12.4, 18, 9],"rotation":{"angle":-22.5,"axis":"y","origin":[11.5, 16.5, 7.5]},"faces":{"north":{"uv":[7.375, 2.875, 7.75, 3.25],"texture":"#0"},"east":{"uv":[7.375, 2.875, 7.75, 3.25],"texture":"#0"},"south":{"uv":[7.375, 2.875, 7.75, 3.25],"texture":"#0"},"west":{"uv":[7.375, 2.875, 7.75, 3.25],"texture":"#0"},"up":{"uv":[7.375, 3.25, 7.75, 3.625],"texture":"#0"},"down":{"uv":[7.375, 3.25, 7.75, 3.625],"texture":"#0"}}},{"from":[2.5, 15, 3],"to":[5.5, 18, 6],"rotation":{"angle":45,"axis":"y","origin":[4.5, 16.5, 3.5]},"faces":{"north":{"uv":[7.375, 2.875, 7.75, 3.25],"texture":"#0"},"east":{"uv":[7.375, 2.875, 7.75, 3.25],"texture":"#0"},"south":{"uv":[7.375, 2.875, 7.75, 3.25],"texture":"#0"},"west":{"uv":[7.375, 2.875, 7.75, 3.25],"texture":"#0"},"up":{"uv":[7.375, 3.25, 7.75, 3.625],"texture":"#0"},"down":{"uv":[7.375, 3.25, 7.75, 3.625],"texture":"#0"}}},{"from":[3, 21, 3.75],"to":[6, 24, 6.75],"rotation":{"angle":45,"axis":"y","origin":[4.5, 16.5, 3.5]},"faces":{"north":{"uv":[7.375, 2.875, 7.75, 3.25],"texture":"#0"},"east":{"uv":[7.375, 2.875, 7.75, 3.25],"texture":"#0"},"south":{"uv":[7.375, 2.875, 7.75, 3.25],"texture":"#0"},"west":{"uv":[7.375, 2.875, 7.75, 3.25],"texture":"#0"},"up":{"uv":[7.375, 3.25, 7.75, 3.625],"texture":"#0"},"down":{"uv":[7.375, 3.25, 7.75, 3.625],"texture":"#0"}}},{"from":[4, 24, 10.75],"to":[7, 27, 13.75],"rotation":{"angle":45,"axis":"y","origin":[4.5, 16.5, 3.5]},"faces":{"north":{"uv":[7.375, 2.875, 7.75, 3.25],"texture":"#0"},"east":{"uv":[7.375, 2.875, 7.75, 3.25],"texture":"#0"},"south":{"uv":[7.375, 2.875, 7.75, 3.25],"texture":"#0"},"west":{"uv":[7.375, 2.875, 7.75, 3.25],"texture":"#0"},"up":{"uv":[7.375, 3.25, 7.75, 3.625],"texture":"#0"},"down":{"uv":[7.375, 3.25, 7.75, 3.625],"texture":"#0"}}},{"from":[-2, 21, 9.75],"to":[1, 24, 12.75],"rotation":{"angle":45,"axis":"y","origin":[4.5, 16.5, 3.5]},"faces":{"north":{"uv":[7.375, 2.875, 7.75, 3.25],"texture":"#0"},"east":{"uv":[7.375, 2.875, 7.75, 3.25],"texture":"#0"},"south":{"uv":[7.375, 2.875, 7.75, 3.25],"texture":"#0"},"west":{"uv":[7.375, 2.875, 7.75, 3.25],"texture":"#0"},"up":{"uv":[7.375, 3.25, 7.75, 3.625],"texture":"#0"},"down":{"uv":[7.375, 3.25, 7.75, 3.625],"texture":"#0"}}},{"from":[2.5, 18, 8],"to":[5.5, 21, 11],"rotation":{"angle":45,"axis":"y","origin":[4.5, 16.5, 3.5]},"faces":{"north":{"uv":[7.375, 2.875, 7.75, 3.25],"texture":"#0"},"east":{"uv":[7.375, 2.875, 7.75, 3.25],"texture":"#0"},"south":{"uv":[7.375, 2.875, 7.75, 3.25],"texture":"#0"},"west":{"uv":[7.375, 2.875, 7.75, 3.25],"texture":"#0"},"up":{"uv":[7.375, 3.25, 7.75, 3.625],"texture":"#0"},"down":{"uv":[7.375, 3.25, 7.75, 3.625],"texture":"#0"}}},{"from":[3.10355, 18, 6.13909],"to":[6.10355, 21, 9.13909],"rotation":{"angle":0,"axis":"y","origin":[4.85355, 19.5, 7.38909]},"faces":{"north":{"uv":[7.375, 2.875, 7.75, 3.25],"texture":"#0"},"east":{"uv":[7.375, 2.875, 7.75, 3.25],"texture":"#0"},"south":{"uv":[7.375, 2.875, 7.75, 3.25],"texture":"#0"},"west":{"uv":[7.375, 2.875, 7.75, 3.25],"texture":"#0"},"up":{"uv":[7.375, 3.25, 7.75, 3.625],"rotation":270,"texture":"#0"},"down":{"uv":[7.375, 3.25, 7.75, 3.625],"rotation":90,"texture":"#0"}}},{"from":[11, 15, 2],"to":[14, 18, 5],"rotation":{"angle":22.5,"axis":"y","origin":[12.5, 16.5, 3.5]},"faces":{"north":{"uv":[7.375, 2.875, 7.75, 3.25],"texture":"#0"},"east":{"uv":[7.375, 2.875, 7.75, 3.25],"texture":"#0"},"south":{"uv":[7.375, 2.875, 7.75, 3.25],"texture":"#0"},"west":{"uv":[7.375, 2.875, 7.75, 3.25],"texture":"#0"},"up":{"uv":[7.375, 3.25, 7.75, 3.625],"texture":"#0"},"down":{"uv":[7.375, 3.25, 7.75, 3.625],"texture":"#0"}}},{"from":[11.15715, 18, 10.11521],"to":[14.15715, 21, 13.11521],"rotation":{"angle":-22.5,"axis":"y","origin":[12.40715, 19.5, 11.11521]},"faces":{"north":{"uv":[7.375, 2.875, 7.75, 3.25],"texture":"#0"},"east":{"uv":[7.375, 2.875, 7.75, 3.25],"texture":"#0"},"south":{"uv":[7.375, 2.875, 7.75, 3.25],"texture":"#0"},"west":{"uv":[7.375, 2.875, 7.75, 3.25],"texture":"#0"},"up":{"uv":[7.375, 3.25, 7.75, 3.625],"texture":"#0"},"down":{"uv":[7.375, 3.25, 7.75, 3.625],"texture":"#0"}}}],"gui_light":"front","display":{"thirdperson_righthand":{"rotation":[67.5, 0, 0],"translation":[0, 0.75, 1],"scale":[0.15273, 0.15273, 0.15273]},"thirdperson_lefthand":{"rotation":[67.5, 0, 0],"translation":[0, 0.75, 1],"scale":[0.15273, 0.15273, 0.15273]},"firstperson_righthand":{"rotation":[0, -180, 0],"translation":[2, 5.5, 0],"scale":[0.28945, 0.28945, 0.28945]},"firstperson_lefthand":{"rotation":[0, -180, 0],"translation":[2, 5.5, 0],"scale":[0.28945, 0.28945, 0.28945]},"ground":{"translation":[0, 3.25, 0],"scale":[0.29, 0.29, 0.29]},"gui":{"rotation":[30, 225, 0],"translation":[0, 0.25, 0],"scale":[0.28906, 0.28906, 0.28906]},"head":{"rotation":[0, -180, 0],"translation":[0, -19.25, 0],"scale":[0, 0, 0]},"fixed":{"rotation":[-90, 0, 0],"translation":[0.25, -0.25, -34.75],"scale":[1.45, 1.45, 1.45]}},"groups":[0,1,2,3,4,5,6,7,{"name":"group","origin":[0, 0, 0],"color":0,"children":[8, 9, 10, 11, 12, 13, 14, 15, 16, 17, 18, 19, 20, 21, 22, 23, 24, 25, 26, 27, 28, 29, 30, 31, 32, 33]}]}