{"texture_size":[128,128],"textures":{"0":"custom/furniture/vending/snack","particle":"custom/furniture/vending/snack"},"elements":[{"from":[-8,-14,0],"to":[16,-4,16],"faces":{"north":{"uv":[3,0,6,1.25],"texture":"#0"},"east":{"uv":[9,6,11,7.25],"texture":"#0"},"south":{"uv":[3,1.25,6,2.5],"texture":"#0"},"west":{"uv":[11,6,9,7.25],"texture":"#0"},"up":{"uv":[3,2,0,0],"texture":"#0"},"down":{"uv":[3,2,0,4],"texture":"#0"}}},{"from":[0,-4,1],"to":[14,15,1],"faces":{"north":{"uv":[6,6.25,7.75,8.625],"texture":"#0"},"south":{"uv":[6,6.25,7.75,8.625],"texture":"#0"}}},{"from":[0,0,4],"to":[14,1,15],"faces":{"north":{"uv":[6,6.125,7.75,6.25],"texture":"#0"},"up":{"uv":[7.75,6.125,6,4.75],"texture":"#0"},"down":{"uv":[7.75,4.75,6,6.125],"texture":"#0"}}},{"from":[0,5,4],"to":[14,6,15],"faces":{"north":{"uv":[6,6.125,7.75,6.25],"texture":"#0"},"up":{"uv":[7.75,6.125,6,4.75],"texture":"#0"},"down":{"uv":[7.75,4.75,6,6.125],"texture":"#0"}}},{"from":[0,10,4],"to":[14,11,15],"faces":{"north":{"uv":[6,6.125,7.75,6.25],"texture":"#0"},"up":{"uv":[7.75,6.125,6,4.75],"texture":"#0"},"down":{"uv":[7.75,4.75,6,6.125],"texture":"#0"}}},{"from":[-8,-4,0],"to":[0,15,16],"faces":{"north":{"uv":[6,2.375,7,4.75],"texture":"#0"},"east":{"uv":[4,2.5,6,4.875],"texture":"#0"},"south":{"uv":[7,2.375,8,4.75],"texture":"#0"},"west":{"uv":[8,0,6,2.375],"texture":"#0"}}},{"from":[14,-4,0],"to":[16,15,16],"faces":{"north":{"uv":[3.5,4.875,3.75,7.25],"texture":"#0"},"east":{"uv":[6,0,8,2.375],"texture":"#0"},"south":{"uv":[3.75,4.875,4,7.25],"texture":"#0"},"west":{"uv":[4,4.875,6,7.25],"texture":"#0"}}},{"from":[0,-4,15],"to":[14,15,16],"faces":{"north":{"uv":[0,4,1.75,6.375],"texture":"#0"},"south":{"uv":[1.75,4,3.5,6.375],"texture":"#0"}}},{"from":[-8,15,0],"to":[16,19,16],"faces":{"north":{"uv":[8,4.5,11,5],"texture":"#0"},"east":{"uv":[9,5,11,5.5],"texture":"#0"},"south":{"uv":[8,4,11,4.5],"texture":"#0"},"west":{"uv":[11,5,9,5.5],"texture":"#0"},"up":{"uv":[11,2,8,0],"texture":"#0"},"down":{"uv":[11,2,8,4],"texture":"#0"}}},{"from":[-8,21,6],"to":[16,32,10],"faces":{"north":{"uv":[0,6.375,3,7.75],"texture":"#0"},"east":{"uv":[3.5,3.5,4,4.875],"texture":"#0"},"south":{"uv":[0,7.75,3,9.125],"texture":"#0"},"west":{"uv":[4,3.5,3.5,4.875],"texture":"#0"},"up":{"uv":[11,6,8,5.5],"texture":"#0"},"down":{"uv":[11,5.5,8,6],"texture":"#0"}}},{"from":[12,19,7],"to":[14,21,9],"faces":{"north":{"uv":[8.75,5.25,9,5.5],"texture":"#0"},"east":{"uv":[8.75,5.25,9,5.5],"texture":"#0"},"south":{"uv":[8.75,5.25,9,5.5],"texture":"#0"},"west":{"uv":[8.75,5.25,9,5.5],"texture":"#0"}}},{"from":[-6,19,7],"to":[-4,21,9],"rotation":{"angle":0,"axis":"y","origin":[16,0,0]},"faces":{"north":{"uv":[9,5.25,8.75,5.5],"texture":"#0"},"east":{"uv":[9,5.25,8.75,5.5],"texture":"#0"},"south":{"uv":[9,5.25,8.75,5.5],"texture":"#0"},"west":{"uv":[9,5.25,8.75,5.5],"texture":"#0"}}},{"from":[12,-16,1],"to":[15,-14,4],"faces":{"north":{"uv":[8.625,5,9,5.25],"texture":"#0"},"east":{"uv":[8.625,5,9,5.25],"texture":"#0"},"south":{"uv":[8.625,5,9,5.25],"texture":"#0"},"west":{"uv":[8.625,5,9,5.25],"texture":"#0"},"up":{"uv":[8.625,5.375,8.25,5],"texture":"#0"},"down":{"uv":[8.625,5,8.25,5.375],"texture":"#0"}}},{"from":[12,-16,12],"to":[15,-14,15],"rotation":{"angle":0,"axis":"y","origin":[0,0,16]},"faces":{"north":{"uv":[9,5,8.625,5.25],"texture":"#0"},"east":{"uv":[9,5,8.625,5.25],"texture":"#0"},"south":{"uv":[9,5,8.625,5.25],"texture":"#0"},"west":{"uv":[9,5,8.625,5.25],"texture":"#0"},"up":{"uv":[8.625,5,8.25,5.375],"texture":"#0"},"down":{"uv":[8.625,5.375,8.25,5],"texture":"#0"}}},{"from":[-7,-16,12],"to":[-4,-14,15],"rotation":{"angle":0,"axis":"y","origin":[16,0,16]},"faces":{"north":{"uv":[8.625,5,9,5.25],"texture":"#0"},"east":{"uv":[8.625,5,9,5.25],"texture":"#0"},"south":{"uv":[8.625,5,9,5.25],"texture":"#0"},"west":{"uv":[8.625,5,9,5.25],"texture":"#0"},"up":{"uv":[8.25,5,8.625,5.375],"texture":"#0"},"down":{"uv":[8.25,5.375,8.625,5],"texture":"#0"}}},{"from":[-7,-16,1],"to":[-4,-14,4],"rotation":{"angle":0,"axis":"y","origin":[16,0,0]},"faces":{"north":{"uv":[9,5,8.625,5.25],"texture":"#0"},"east":{"uv":[9,5,8.625,5.25],"texture":"#0"},"south":{"uv":[9,5,8.625,5.25],"texture":"#0"},"west":{"uv":[9,5,8.625,5.25],"texture":"#0"},"up":{"uv":[8.25,5.375,8.625,5],"texture":"#0"},"down":{"uv":[8.25,5,8.625,5.375],"texture":"#0"}}},{"from":[1.5,-4,4],"to":[4.5,0,5],"rotation":{"angle":22.5,"axis":"x","origin":[3,-4,4.5]},"faces":{"north":{"uv":[9.5625,7.3125,9.9375,7.8125],"texture":"#0"},"east":{"uv":[9.9375,7.3125,10.0625,7.8125],"texture":"#0"},"south":{"uv":[9.5625,7.3125,9.9375,7.8125],"texture":"#0"},"west":{"uv":[9.9375,7.3125,10.0625,7.8125],"texture":"#0"},"up":{"uv":[9.5625,7.8125,9.9375,7.9375],"texture":"#0"},"down":{"uv":[9.5625,7.8125,9.9375,7.9375],"texture":"#0"}}},{"from":[5.5,-4,4],"to":[8.5,0,5],"rotation":{"angle":22.5,"axis":"x","origin":[7,-4,4.5]},"faces":{"north":{"uv":[9,7.3125,9.375,7.8125],"texture":"#0"},"east":{"uv":[9.375,7.3125,9.5,7.8125],"texture":"#0"},"south":{"uv":[9,7.3125,9.375,7.8125],"texture":"#0"},"west":{"uv":[9.375,7.3125,9.5,7.8125],"texture":"#0"},"up":{"uv":[9,7.8125,9.375,7.9375],"texture":"#0"},"down":{"uv":[9,7.8125,9.375,7.9375],"texture":"#0"}}},{"from":[5.5,-4,5.25],"to":[8.5,0,6.25],"rotation":{"angle":22.5,"axis":"x","origin":[7,-4,5.5]},"faces":{"north":{"uv":[9,7.3125,9.375,7.8125],"texture":"#0"},"east":{"uv":[9.375,7.3125,9.5,7.8125],"texture":"#0"},"south":{"uv":[9,7.3125,9.375,7.8125],"texture":"#0"},"west":{"uv":[9.375,7.3125,9.5,7.8125],"texture":"#0"},"up":{"uv":[9,7.8125,9.375,7.9375],"texture":"#0"},"down":{"uv":[9,7.8125,9.375,7.9375],"texture":"#0"}}},{"from":[5.5,-4,6.5],"to":[8.5,0,7.5],"rotation":{"angle":22.5,"axis":"x","origin":[7,-4,6.5]},"faces":{"north":{"uv":[9,7.3125,9.375,7.8125],"texture":"#0"},"east":{"uv":[9.375,7.3125,9.5,7.8125],"texture":"#0"},"south":{"uv":[9,7.3125,9.375,7.8125],"texture":"#0"},"west":{"uv":[9.375,7.3125,9.5,7.8125],"texture":"#0"},"up":{"uv":[9,7.8125,9.375,7.9375],"texture":"#0"},"down":{"uv":[9,7.8125,9.375,7.9375],"texture":"#0"}}},{"from":[9.5,-4,4],"to":[12.5,0,5],"rotation":{"angle":22.5,"axis":"x","origin":[11,-4,4.5]},"faces":{"north":{"uv":[9,7.3125,9.375,7.8125],"texture":"#0"},"east":{"uv":[9.375,7.3125,9.5,7.8125],"texture":"#0"},"south":{"uv":[9,7.3125,9.375,7.8125],"texture":"#0"},"west":{"uv":[9.375,7.3125,9.5,7.8125],"texture":"#0"},"up":{"uv":[9,7.8125,9.375,7.9375],"texture":"#0"},"down":{"uv":[9,7.8125,9.375,7.9375],"texture":"#0"}}},{"from":[9.5,-4,5.25],"to":[12.5,0,6.25],"rotation":{"angle":22.5,"axis":"x","origin":[11,-4,5.5]},"faces":{"north":{"uv":[9,7.3125,9.375,7.8125],"texture":"#0"},"east":{"uv":[9.375,7.3125,9.5,7.8125],"texture":"#0"},"south":{"uv":[9,7.3125,9.375,7.8125],"texture":"#0"},"west":{"uv":[9.375,7.3125,9.5,7.8125],"texture":"#0"},"up":{"uv":[9,7.8125,9.375,7.9375],"texture":"#0"},"down":{"uv":[9,7.8125,9.375,7.9375],"texture":"#0"}}},{"from":[10,1,4],"to":[13,5,5],"rotation":{"angle":22.5,"axis":"x","origin":[11.5,1,4.5]},"faces":{"north":{"uv":[10.125,7.3125,10.5,7.8125],"texture":"#0"},"east":{"uv":[10.5,7.3125,10.625,7.8125],"texture":"#0"},"south":{"uv":[10.125,7.3125,10.5,7.8125],"texture":"#0"},"west":{"uv":[10.5,7.3125,10.625,7.8125],"texture":"#0"},"up":{"uv":[10.125,7.8125,10.5,7.9375],"texture":"#0"},"down":{"uv":[10.125,7.8125,10.5,7.9375],"texture":"#0"}}},{"from":[10,1,5.25],"to":[13,5,6.25],"rotation":{"angle":22.5,"axis":"x","origin":[11.5,1,5.5]},"faces":{"north":{"uv":[10.125,7.3125,10.5,7.8125],"texture":"#0"},"east":{"uv":[10.5,7.3125,10.625,7.8125],"texture":"#0"},"south":{"uv":[10.125,7.3125,10.5,7.8125],"texture":"#0"},"west":{"uv":[10.5,7.3125,10.625,7.8125],"texture":"#0"},"up":{"uv":[10.125,7.8125,10.5,7.9375],"texture":"#0"},"down":{"uv":[10.125,7.8125,10.5,7.9375],"texture":"#0"}}},{"from":[1,1,4],"to":[4,5,5],"rotation":{"angle":22.5,"axis":"x","origin":[2.5,1,4.5]},"faces":{"north":{"uv":[10.125,7.3125,10.5,7.8125],"texture":"#0"},"east":{"uv":[10.5,7.3125,10.625,7.8125],"texture":"#0"},"south":{"uv":[10.125,7.3125,10.5,7.8125],"texture":"#0"},"west":{"uv":[10.5,7.3125,10.625,7.8125],"texture":"#0"},"up":{"uv":[10.125,7.8125,10.5,7.9375],"texture":"#0"},"down":{"uv":[10.125,7.8125,10.5,7.9375],"texture":"#0"}}},{"from":[1,1,5.25],"to":[4,5,6.25],"rotation":{"angle":22.5,"axis":"x","origin":[2.5,1,5.5]},"faces":{"north":{"uv":[10.125,7.3125,10.5,7.8125],"texture":"#0"},"east":{"uv":[10.5,7.3125,10.625,7.8125],"texture":"#0"},"south":{"uv":[10.125,7.3125,10.5,7.8125],"texture":"#0"},"west":{"uv":[10.5,7.3125,10.625,7.8125],"texture":"#0"},"up":{"uv":[10.125,7.8125,10.5,7.9375],"texture":"#0"},"down":{"uv":[10.125,7.8125,10.5,7.9375],"texture":"#0"}}},{"from":[1,1,6.5],"to":[4,5,7.5],"rotation":{"angle":22.5,"axis":"x","origin":[2.5,1,6.5]},"faces":{"north":{"uv":[10.125,7.3125,10.5,7.8125],"texture":"#0"},"east":{"uv":[10.5,7.3125,10.625,7.8125],"texture":"#0"},"south":{"uv":[10.125,7.3125,10.5,7.8125],"texture":"#0"},"west":{"uv":[10.5,7.3125,10.625,7.8125],"texture":"#0"},"up":{"uv":[10.125,7.8125,10.5,7.9375],"texture":"#0"},"down":{"uv":[10.125,7.8125,10.5,7.9375],"texture":"#0"}}},{"from":[5.5,1,4],"to":[8.5,5,5],"rotation":{"angle":22.5,"axis":"x","origin":[7,1,4.5]},"faces":{"north":{"uv":[10.125,7.3125,10.5,7.8125],"texture":"#0"},"east":{"uv":[10.5,7.3125,10.625,7.8125],"texture":"#0"},"south":{"uv":[10.125,7.3125,10.5,7.8125],"texture":"#0"},"west":{"uv":[10.5,7.3125,10.625,7.8125],"texture":"#0"},"up":{"uv":[10.125,7.8125,10.5,7.9375],"texture":"#0"},"down":{"uv":[10.125,7.8125,10.5,7.9375],"texture":"#0"}}},{"from":[5.5,1,5.25],"to":[8.5,5,6.25],"rotation":{"angle":22.5,"axis":"x","origin":[7,1,5.5]},"faces":{"north":{"uv":[10.125,7.3125,10.5,7.8125],"texture":"#0"},"east":{"uv":[10.5,7.3125,10.625,7.8125],"texture":"#0"},"south":{"uv":[10.125,7.3125,10.5,7.8125],"texture":"#0"},"west":{"uv":[10.5,7.3125,10.625,7.8125],"texture":"#0"},"up":{"uv":[10.125,7.8125,10.5,7.9375],"texture":"#0"},"down":{"uv":[10.125,7.8125,10.5,7.9375],"texture":"#0"}}},{"from":[5.5,6,4],"to":[8.5,10,5],"rotation":{"angle":22.5,"axis":"x","origin":[7,6,4.5]},"faces":{"north":{"uv":[9,7.3125,9.375,7.8125],"texture":"#0"},"east":{"uv":[9.375,7.3125,9.5,7.8125],"texture":"#0"},"south":{"uv":[9,7.3125,9.375,7.8125],"texture":"#0"},"west":{"uv":[9.375,7.3125,9.5,7.8125],"texture":"#0"},"up":{"uv":[9,7.8125,9.375,7.9375],"texture":"#0"},"down":{"uv":[9,7.8125,9.375,7.9375],"texture":"#0"}}},{"from":[5.5,6,5.25],"to":[8.5,10,6.25],"rotation":{"angle":22.5,"axis":"x","origin":[7,6,5.5]},"faces":{"north":{"uv":[9,7.3125,9.375,7.8125],"texture":"#0"},"east":{"uv":[9.375,7.3125,9.5,7.8125],"texture":"#0"},"south":{"uv":[9,7.3125,9.375,7.8125],"texture":"#0"},"west":{"uv":[9.375,7.3125,9.5,7.8125],"texture":"#0"},"up":{"uv":[9,7.8125,9.375,7.9375],"texture":"#0"},"down":{"uv":[9,7.8125,9.375,7.9375],"texture":"#0"}}},{"from":[5.5,6,6.5],"to":[8.5,10,7.5],"rotation":{"angle":22.5,"axis":"x","origin":[7,6,6.5]},"faces":{"north":{"uv":[9,7.3125,9.375,7.8125],"texture":"#0"},"east":{"uv":[9.375,7.3125,9.5,7.8125],"texture":"#0"},"south":{"uv":[9,7.3125,9.375,7.8125],"texture":"#0"},"west":{"uv":[9.375,7.3125,9.5,7.8125],"texture":"#0"},"up":{"uv":[9,7.8125,9.375,7.9375],"texture":"#0"},"down":{"uv":[9,7.8125,9.375,7.9375],"texture":"#0"}}},{"from":[5.5,6,7.75],"to":[8.5,10,8.75],"rotation":{"angle":22.5,"axis":"x","origin":[7,6,7.5]},"faces":{"north":{"uv":[9,7.3125,9.375,7.8125],"texture":"#0"},"east":{"uv":[9.375,7.3125,9.5,7.8125],"texture":"#0"},"south":{"uv":[9,7.3125,9.375,7.8125],"texture":"#0"},"west":{"uv":[9.375,7.3125,9.5,7.8125],"texture":"#0"},"up":{"uv":[9,7.8125,9.375,7.9375],"texture":"#0"},"down":{"uv":[9,7.8125,9.375,7.9375],"texture":"#0"}}},{"from":[10,6,4],"to":[13,10,5],"rotation":{"angle":22.5,"axis":"x","origin":[11.5,6,4.5]},"faces":{"north":{"uv":[9.5625,7.3125,9.9375,7.8125],"texture":"#0"},"east":{"uv":[9.9375,7.3125,10.0625,7.8125],"texture":"#0"},"south":{"uv":[9.5625,7.3125,9.9375,7.8125],"texture":"#0"},"west":{"uv":[9.9375,7.3125,10.0625,7.8125],"texture":"#0"},"up":{"uv":[9.5625,7.8125,9.9375,7.9375],"texture":"#0"},"down":{"uv":[9.5625,7.8125,9.9375,7.9375],"texture":"#0"}}},{"from":[10.25,6,5],"to":[13.25,10,6],"rotation":{"angle":22.5,"axis":"x","origin":[11.5,6,4.5]},"faces":{"north":{"uv":[9.5625,7.3125,9.9375,7.8125],"texture":"#0"},"east":{"uv":[9.9375,7.3125,10.0625,7.8125],"texture":"#0"},"south":{"uv":[9.5625,7.3125,9.9375,7.8125],"texture":"#0"},"west":{"uv":[9.9375,7.3125,10.0625,7.8125],"texture":"#0"},"up":{"uv":[9.5625,7.8125,9.9375,7.9375],"texture":"#0"},"down":{"uv":[9.5625,7.8125,9.9375,7.9375],"texture":"#0"}}},{"from":[1,6,4],"to":[4,10,5],"rotation":{"angle":22.5,"axis":"x","origin":[2.5,6,4.5]},"faces":{"north":{"uv":[10.125,7.3125,10.5,7.8125],"texture":"#0"},"east":{"uv":[10.5,7.3125,10.625,7.8125],"texture":"#0"},"south":{"uv":[10.125,7.3125,10.5,7.8125],"texture":"#0"},"west":{"uv":[10.5,7.3125,10.625,7.8125],"texture":"#0"},"up":{"uv":[10.125,7.8125,10.5,7.9375],"texture":"#0"},"down":{"uv":[10.125,7.8125,10.5,7.9375],"texture":"#0"}}},{"from":[1,6,5.25],"to":[4,10,6.25],"rotation":{"angle":22.5,"axis":"x","origin":[2.5,6,5.5]},"faces":{"north":{"uv":[10.125,7.3125,10.5,7.8125],"texture":"#0"},"east":{"uv":[10.5,7.3125,10.625,7.8125],"texture":"#0"},"south":{"uv":[10.125,7.3125,10.5,7.8125],"texture":"#0"},"west":{"uv":[10.5,7.3125,10.625,7.8125],"texture":"#0"},"up":{"uv":[10.125,7.8125,10.5,7.9375],"texture":"#0"},"down":{"uv":[10.125,7.8125,10.5,7.9375],"texture":"#0"}}},{"from":[1,6,6.5],"to":[4,10,7.5],"rotation":{"angle":22.5,"axis":"x","origin":[2.5,6,6.5]},"faces":{"north":{"uv":[10.125,7.3125,10.5,7.8125],"texture":"#0"},"east":{"uv":[10.5,7.3125,10.625,7.8125],"texture":"#0"},"south":{"uv":[10.125,7.3125,10.5,7.8125],"texture":"#0"},"west":{"uv":[10.5,7.3125,10.625,7.8125],"texture":"#0"},"up":{"uv":[10.125,7.8125,10.5,7.9375],"texture":"#0"},"down":{"uv":[10.125,7.8125,10.5,7.9375],"texture":"#0"}}},{"from":[1,11,4],"to":[4,15,5],"rotation":{"angle":22.5,"axis":"x","origin":[2.5,11,4.5]},"faces":{"north":{"uv":[9.5625,7.3125,9.9375,7.8125],"texture":"#0"},"east":{"uv":[9.9375,7.3125,10.0625,7.8125],"texture":"#0"},"south":{"uv":[9.5625,7.3125,9.9375,7.8125],"texture":"#0"},"west":{"uv":[9.9375,7.3125,10.0625,7.8125],"texture":"#0"},"up":{"uv":[9.5625,7.8125,9.9375,7.9375],"texture":"#0"},"down":{"uv":[9.5625,7.8125,9.9375,7.9375],"texture":"#0"}}},{"from":[5.5,11,4],"to":[8.5,15,5],"rotation":{"angle":22.5,"axis":"x","origin":[7,11,4.5]},"faces":{"north":{"uv":[9.5625,7.3125,9.9375,7.8125],"texture":"#0"},"east":{"uv":[9.9375,7.3125,10.0625,7.8125],"texture":"#0"},"south":{"uv":[9.5625,7.3125,9.9375,7.8125],"texture":"#0"},"west":{"uv":[9.9375,7.3125,10.0625,7.8125],"texture":"#0"},"up":{"uv":[9.5625,7.8125,9.9375,7.9375],"texture":"#0"},"down":{"uv":[9.5625,7.8125,9.9375,7.9375],"texture":"#0"}}},{"from":[5.5,11,5.25],"to":[8.5,15,6.25],"rotation":{"angle":22.5,"axis":"x","origin":[7,11,5.5]},"faces":{"north":{"uv":[9.5625,7.3125,9.9375,7.8125],"texture":"#0"},"east":{"uv":[9.9375,7.3125,10.0625,7.8125],"texture":"#0"},"south":{"uv":[9.5625,7.3125,9.9375,7.8125],"texture":"#0"},"west":{"uv":[9.9375,7.3125,10.0625,7.8125],"texture":"#0"},"up":{"uv":[9.5625,7.8125,9.9375,7.9375],"texture":"#0"},"down":{"uv":[9.5625,7.8125,9.9375,7.9375],"texture":"#0"}}},{"from":[10,11,4],"to":[13,15,5],"rotation":{"angle":22.5,"axis":"x","origin":[11.5,11,4.5]},"faces":{"north":{"uv":[9,7.3125,9.375,7.8125],"texture":"#0"},"east":{"uv":[9.375,7.3125,9.5,7.8125],"texture":"#0"},"south":{"uv":[9,7.3125,9.375,7.8125],"texture":"#0"},"west":{"uv":[9.375,7.3125,9.5,7.8125],"texture":"#0"},"up":{"uv":[9,7.8125,9.375,7.9375],"texture":"#0"},"down":{"uv":[9,7.8125,9.375,7.9375],"texture":"#0"}}},{"from":[10,11,5.25],"to":[13,15,6.25],"rotation":{"angle":22.5,"axis":"x","origin":[11.5,11,5.5]},"faces":{"north":{"uv":[9,7.3125,9.375,7.8125],"texture":"#0"},"east":{"uv":[9.375,7.3125,9.5,7.8125],"texture":"#0"},"south":{"uv":[9,7.3125,9.375,7.8125],"texture":"#0"},"west":{"uv":[9.375,7.3125,9.5,7.8125],"texture":"#0"},"up":{"uv":[9,7.8125,9.375,7.9375],"texture":"#0"},"down":{"uv":[9,7.8125,9.375,7.9375],"texture":"#0"}}},{"from":[10,11,6.5],"to":[13,15,7.5],"rotation":{"angle":22.5,"axis":"x","origin":[11.5,11,6.5]},"faces":{"north":{"uv":[9,7.3125,9.375,7.8125],"texture":"#0"},"east":{"uv":[9.375,7.3125,9.5,7.8125],"texture":"#0"},"south":{"uv":[9,7.3125,9.375,7.8125],"texture":"#0"},"west":{"uv":[9.375,7.3125,9.5,7.8125],"texture":"#0"},"up":{"uv":[9,7.8125,9.375,7.9375],"texture":"#0"},"down":{"uv":[9,7.8125,9.375,7.9375],"texture":"#0"}}}],"gui_light":"front","display":{"thirdperson_righthand":{"rotation":[67.5,0,0],"translation":[0.5,1.5,1],"scale":[0.15273,0.15273,0.15273]},"thirdperson_lefthand":{"rotation":[67.5,0,0],"translation":[-0.5,1.5,1],"scale":[0.15273,0.15273,0.15273]},"firstperson_righthand":{"rotation":[0,-180,0],"translation":[0,4.25,0],"scale":[0.26438,0.26438,0.26438]},"firstperson_lefthand":{"rotation":[0,-180,0],"translation":[2.5,4.25,0],"scale":[0.26438,0.26438,0.26438]},"ground":{"translation":[1,5.5,0],"scale":[0.27898,0.27898,0.27898]},"gui":{"rotation":[30,225,0],"translation":[-0.5,-0.5,0],"scale":[0.26563,0.26563,0.26563]},"head":{"rotation":[0,-180,0],"translation":[-7.75,4.75,0],"scale":[0,0,0]},"fixed":{"rotation":[-90,0,0],"translation":[7.75,0,-48],"scale":[2,2,2]}},"groups":[0,1,2,3,4,5,6,7,8,9,10,11,12,13,14,15,{"name":"group","origin":[0,0,0],"color":0,"children":[16,17,18,19,20,21,22,23,24,25,26,27,28,29,30,31,32,33,34,35,36,37,38,39,40,41,42,43]}]}