{"textures":{"0":"modelengine:entity/nm_giraffe_texture","particle":"#0"},"elements":[{"from":[6.75,-7.0,6.75],"to":[9.25,8.0,9.25],"faces":{"east":{"uv":[9.25,2.375,8.625,6.125],"tintindex":0,"rotation":0,"texture":"#0"},"south":{"uv":[8.875,6.25,8.25,10.0],"tintindex":0,"rotation":0,"texture":"#0"},"north":{"uv":[4.5,8.25,3.875,12.0],"tintindex":0,"rotation":0,"texture":"#0"},"west":{"uv":[5.25,8.25,4.625,12.0],"tintindex":0,"rotation":0,"texture":"#0"},"up":{"uv":[7.125,4.5,7.75,3.875],"tintindex":0,"rotation":0,"texture":"#0"},"down":{"uv":[8.25,10.125,8.875,10.75],"tintindex":0,"rotation":0,"texture":"#0"}}}],"display":{"head":{"rotation":[0.0,0.0,0.0]},"firstperson_righthand":{"rotation":[0.0,0.0,0.0]},"thirdperson_lefthand":{"rotation":[0.0,-0.0,-0.0]},"firstperson_lefthand":{"rotation":[0.0,-0.0,-0.0]},"fixed":{"rotation":[0.0,0.0,0.0]},"ground":{"rotation":[0.0,0.0,0.0]},"thirdperson_righthand":{"rotation":[0.0,0.0,0.0]},"gui":{"rotation":[-150.0,-45.0,180.0]}}}