{"textures":{"0":"modelengine:entity/nm_giraffe_texture","particle":"#0"},"elements":[{"from":[4.5,7.5,-6.5],"to":[11.5,16.5,9.5],"faces":{"east":{"uv":[0.0,0.0,4.0,2.25],"tintindex":0,"rotation":0,"texture":"#0"},"south":{"uv":[7.125,0.0,8.875,2.25],"tintindex":0,"rotation":0,"texture":"#0"},"north":{"uv":[6.0,4.875,7.75,7.125],"tintindex":0,"rotation":0,"texture":"#0"},"west":{"uv":[0.0,2.375,4.0,4.625],"tintindex":0,"rotation":0,"texture":"#0"},"up":{"uv":[5.875,4.0,4.125,0.0],"tintindex":0,"rotation":0,"texture":"#0"},"down":{"uv":[5.875,4.125,4.125,8.125],"tintindex":0,"rotation":0,"texture":"#0"}}}],"display":{"head":{"rotation":[0.0,0.0,0.0]},"firstperson_righthand":{"rotation":[0.0,0.0,0.0]},"thirdperson_lefthand":{"rotation":[0.0,-0.0,-0.0]},"firstperson_lefthand":{"rotation":[0.0,-0.0,-0.0]},"fixed":{"rotation":[0.0,0.0,0.0]},"ground":{"rotation":[0.0,0.0,0.0]},"thirdperson_righthand":{"rotation":[0.0,0.0,0.0]},"gui":{"rotation":[-150.0,-45.0,180.0]}}}