{"texture_size":[128,128],"textures":{"0":"custom/furniture/modern/modernclean_01","particle":"custom/furniture/modern/modernclean_01"},"elements":[{"from":[-15,0,26],"to":[15,20,31],"faces":{"north":{"uv":[12.25,0,16,2.5],"texture":"#0"},"east":{"uv":[11.625,0,12.25,2.5],"texture":"#0"},"south":{"uv":[12.25,0,16,2.5],"texture":"#0"},"west":{"uv":[11.625,0,12.25,2.5],"texture":"#0"},"up":{"uv":[12.25,2.5,16,3.125],"texture":"#0"},"down":{"uv":[12.25,2.5,16,3.125],"texture":"#0"}}},{"from":[-14,3,16],"to":[14,10,26],"faces":{"east":{"uv":[3.75,4.4375,5,5.3125],"texture":"#0"},"west":{"uv":[3.75,4.4375,5,5.3125],"texture":"#0"},"up":{"uv":[7.25,2.5625,10.75,3.8125],"texture":"#0"},"down":{"uv":[5,4.4375,8.5,5.6875],"texture":"#0"}}},{"from":[1,10,18],"to":[13,13,27],"rotation":{"angle":-22.5,"axis":"x","origin":[13,10,18]},"faces":{"north":{"uv":[5.75,3.6875,7.25,4.0625],"texture":"#0"},"east":{"uv":[5.75,4.0625,6.875,4.4375],"texture":"#0"},"south":{"uv":[5.75,3.6875,7.25,4.0625],"texture":"#0"},"west":{"uv":[6.875,4.0625,5.75,4.4375],"texture":"#0"},"up":{"uv":[5.75,2.5625,7.25,3.6875],"texture":"#0"},"down":{"uv":[5.75,2.5625,7.25,3.6875],"texture":"#0"}}},{"from":[-13,10,18],"to":[-1,13,27],"rotation":{"angle":-22.5,"axis":"x","origin":[13,10,18]},"faces":{"north":{"uv":[5.75,3.6875,7.25,4.0625],"texture":"#0"},"east":{"uv":[5.75,4.0625,6.875,4.4375],"texture":"#0"},"south":{"uv":[5.75,3.6875,7.25,4.0625],"texture":"#0"},"west":{"uv":[6.875,4.0625,5.75,4.4375],"texture":"#0"},"up":{"uv":[5.75,2.5625,7.25,3.6875],"texture":"#0"},"down":{"uv":[5.75,2.5625,7.25,3.6875],"texture":"#0"}}},{"from":[-15,1,-16],"to":[15,11,6],"faces":{"north":{"uv":[0,2.75,3.75,4],"texture":"#0"},"east":{"uv":[0,4,2.75,5.25],"texture":"#0"},"south":{"uv":[0,2.75,3.75,4],"texture":"#0"},"west":{"uv":[2.75,4,0,5.25],"texture":"#0"},"up":{"uv":[3.75,2.75,0,0],"texture":"#0"},"down":{"uv":[3.75,0,0,2.75],"texture":"#0"}}},{"from":[-15.5,1,6],"to":[15.5,11.5,16],"rotation":{"angle":0,"axis":"y","origin":[0,0,-1]},"faces":{"north":{"uv":[3.75,1.25,7.625,2.5625],"texture":"#0"},"east":{"uv":[7.625,0,8.875,1.3125],"texture":"#0"},"south":{"uv":[3.75,1.25,7.625,2.5625],"texture":"#0"},"west":{"uv":[7.625,0,8.875,1.3125],"texture":"#0"},"up":{"uv":[7.625,1.25,3.75,0],"texture":"#0"},"down":{"uv":[7.625,1.25,3.75,0],"texture":"#0"}}},{"from":[11,0,-15],"to":[14,2,-12],"faces":{"north":{"uv":[2.75,4,3.125,4.25],"texture":"#0"},"east":{"uv":[2.75,4,3.125,4.25],"texture":"#0"},"south":{"uv":[2.75,4,3.125,4.25],"texture":"#0"},"west":{"uv":[2.75,4,3.125,4.25],"texture":"#0"},"up":{"uv":[2.75,4.25,3.125,4.625],"texture":"#0"},"down":{"uv":[2.75,4.25,3.125,4.625],"texture":"#0"}}},{"from":[-14,0,-15],"to":[-11,2,-12],"rotation":{"angle":0,"axis":"y","origin":[16,0,0]},"faces":{"north":{"uv":[3.125,4,2.75,4.25],"texture":"#0"},"east":{"uv":[3.125,4,2.75,4.25],"texture":"#0"},"south":{"uv":[3.125,4,2.75,4.25],"texture":"#0"},"west":{"uv":[3.125,4,2.75,4.25],"texture":"#0"},"up":{"uv":[3.125,4.25,2.75,4.625],"texture":"#0"},"down":{"uv":[3.125,4.25,2.75,4.625],"texture":"#0"}}}],"gui_light":"front","display":{"thirdperson_righthand":{"rotation":[67.5,0,0],"translation":[1.25,3.25,-0.75],"scale":[0.15,0.15,0.15]},"thirdperson_lefthand":{"rotation":[67.5,0,0],"translation":[-1.25,3.25,-0.75],"scale":[0.15,0.15,0.15]},"firstperson_righthand":{"translation":[4.5,1.75,-2.25],"scale":[0.29711,0.29711,0.29711]},"firstperson_lefthand":{"translation":[0.75,1.75,-2.25],"scale":[0.29711,0.29711,0.29711]},"ground":{"translation":[0,5,0],"scale":[0.24,0.24,0.24]},"gui":{"rotation":[30,-135,0],"translation":[-1.5,-1.5,0],"scale":[0.26344,0.26344,0.26344]},"head":{"rotation":[0,180,0],"translation":[-27,-30.5,-26.75],"scale":[0,0,0]},"fixed":{"rotation":[-90,0,0],"translation":[0,34,-16],"scale":[2,2,2]}}}