{"texture_size":[128, 128],"textures":{"0":"custom/furniture/modern/modernclean_01","1":"custom/furniture/modern/modernclean_02","particle":"custom/furniture/modern/modernclean_01"},"elements":[{"from":[0, 14, 1],"to":[32, 16, 15],"faces":{"north":{"uv":[12, 5.625, 16, 5.375],"texture":"#0"},"east":{"uv":[7.25, 4.0625, 9, 3.8125],"texture":"#0"},"south":{"uv":[12, 5.625, 16, 5.375],"texture":"#0"},"west":{"uv":[7.25, 3.8125, 9, 4.0625],"texture":"#0"},"up":{"uv":[12, 3.125, 16, 4.875],"texture":"#0"},"down":{"uv":[12, 4.875, 16, 3.125],"texture":"#0"}}},{"from":[-14, 14, 1],"to":[0, 16, 15],"faces":{"north":{"uv":[12.25, 5.625, 14, 5.375],"texture":"#0"},"east":{"uv":[7.25, 3.8125, 9, 4.0625],"texture":"#0"},"south":{"uv":[12.875, 5.625, 14.625, 5.375],"texture":"#0"},"west":{"uv":[7.25, 3.8125, 9, 4.0625],"texture":"#0"},"up":{"uv":[15.6875, 3.125, 13.9375, 4.875],"texture":"#0"},"down":{"uv":[12, 4.875, 13.75, 3.125],"texture":"#0"}}},{"from":[-16, 0, 1],"to":[-14, 8, 15],"faces":{"north":{"uv":[8.5, 4.5625, 9.5, 4.8125],"rotation":270,"texture":"#0"},"east":{"uv":[11, 5.625, 12, 3.875],"rotation":90,"texture":"#0"},"south":{"uv":[8.5, 4.8125, 9.5, 4.5625],"rotation":270,"texture":"#0"},"west":{"uv":[11, 5.625, 12, 3.875],"rotation":90,"texture":"#0"},"up":{"uv":[8.5, 4.3125, 10.25, 4.5625],"rotation":90,"texture":"#0"},"down":{"uv":[8.5, 4.3125, 10.25, 4.5625],"rotation":90,"texture":"#0"}}},{"from":[-16, 8, 1],"to":[-14, 16, 15],"rotation":{"angle":0,"axis":"y","origin":[0, 16, 0]},"faces":{"north":{"uv":[9.5, 4.5625, 8.5, 4.8125],"rotation":270,"texture":"#0"},"east":{"uv":[11.25, 5.625, 10.25, 3.875],"rotation":90,"texture":"#0"},"south":{"uv":[9.5, 4.8125, 8.5, 4.5625],"rotation":270,"texture":"#0"},"west":{"uv":[11.25, 5.625, 10.25, 3.875],"rotation":90,"texture":"#0"},"up":{"uv":[10.25, 4.3125, 8.5, 4.5625],"rotation":90,"texture":"#0"},"down":{"uv":[10.25, 4.3125, 8.5, 4.5625],"rotation":90,"texture":"#0"}}},{"from":[2, 0, 1],"to":[4, 14, 15],"faces":{"north":{"uv":[8.5, 4.5625, 10.25, 4.8125],"rotation":270,"texture":"#0"},"east":{"uv":[10.25, 5.625, 12, 3.875],"rotation":90,"texture":"#0"},"south":{"uv":[8.5, 4.8125, 10.25, 4.5625],"rotation":270,"texture":"#0"},"west":{"uv":[10.25, 5.625, 12, 3.875],"rotation":90,"texture":"#0"},"up":{"uv":[8.5, 4.3125, 10.25, 4.5625],"rotation":90,"texture":"#0"},"down":{"uv":[8.5, 4.3125, 10.25, 4.5625],"rotation":90,"texture":"#0"}}},{"from":[4, 8, 2],"to":[32, 14, 14],"faces":{"north":{"uv":[9.625, 13.25, 13.125, 14],"texture":"#0"},"east":{"uv":[4.5, 10.25, 6, 11],"texture":"#0"},"south":{"uv":[5.875, 14.75, 9.375, 15.5],"texture":"#0"},"west":{"uv":[4.5, 10.25, 6, 11],"texture":"#0"},"up":{"uv":[9.625, 14.5, 13.125, 16],"texture":"#0"},"down":{"uv":[9.625, 14.5, 13.125, 16],"texture":"#0"}}},{"from":[4, 2, 2],"to":[32, 8, 14],"rotation":{"angle":0,"axis":"y","origin":[0, 16, 0]},"faces":{"north":{"uv":[9.625, 14, 13.125, 13.25],"texture":"#0"},"east":{"uv":[4.5, 11, 6, 10.25],"texture":"#0"},"south":{"uv":[5.875, 15.5, 9.375, 14.75],"texture":"#0"},"west":{"uv":[4.5, 11, 6, 10.25],"texture":"#0"},"up":{"uv":[9.625, 16, 13.125, 14.5],"texture":"#0"},"down":{"uv":[9.625, 16, 13.125, 14.5],"texture":"#0"}}},{"from":[15.5, 5, 1.5],"to":[16.5, 11, 2.5],"faces":{"north":{"uv":[3.75, 2.8125, 4.5, 2.9375],"rotation":270,"texture":"#0"},"east":{"uv":[3.75, 2.8125, 4.5, 2.9375],"rotation":90,"texture":"#0"},"south":{"uv":[3.75, 2.8125, 4.5, 2.9375],"rotation":90,"texture":"#0"},"west":{"uv":[3.75, 2.8125, 4.5, 2.9375],"rotation":90,"texture":"#0"},"up":{"uv":[5.375, 2.8125, 5.5, 2.9375],"rotation":90,"texture":"#0"},"down":{"uv":[5.375, 2.8125, 5.5, 2.9375],"rotation":90,"texture":"#0"}}},{"from":[-14, 2, 2],"to":[-6, 3, 14],"faces":{"north":{"uv":[11, 1.9375, 10, 2.0625],"texture":"#0"},"east":{"uv":[9.75, 2.125, 11.25, 2.25],"texture":"#0"},"south":{"uv":[10, 1.9375, 11, 2.0625],"texture":"#0"},"west":{"uv":[9.75, 2.125, 11.25, 2.25],"texture":"#0"},"up":{"uv":[10, 0, 11, 1.5],"texture":"#0"},"down":{"uv":[10, 0, 11, 1.5],"texture":"#0"}}},{"from":[-6, 2, 2],"to":[2, 3, 14],"rotation":{"angle":0,"axis":"y","origin":[16, 0, 0]},"faces":{"north":{"uv":[10, 1.9375, 11, 2.0625],"texture":"#0"},"east":{"uv":[11.25, 2.125, 9.75, 2.25],"texture":"#0"},"south":{"uv":[10, 1.9375, 11, 2.0625],"texture":"#0"},"west":{"uv":[11.25, 2.125, 9.75, 2.25],"texture":"#0"},"up":{"uv":[10.625, 0, 11.625, 1.5],"texture":"#0"},"down":{"uv":[11, 0, 10, 1.5],"texture":"#0"}}},{"from":[-6, 8, 2],"to":[2, 9, 14],"rotation":{"angle":0,"axis":"y","origin":[16, 0, 0]},"faces":{"north":{"uv":[10, 1.9375, 11, 2.0625],"texture":"#0"},"east":{"uv":[11.25, 2.125, 9.75, 2.25],"texture":"#0"},"south":{"uv":[10, 1.9375, 11, 2.0625],"texture":"#0"},"west":{"uv":[11.25, 2.125, 9.75, 2.25],"texture":"#0"},"up":{"uv":[10.625, 0, 11.625, 1.5],"texture":"#0"},"down":{"uv":[11, 0, 10, 1.5],"texture":"#0"}}},{"from":[-14, 8, 2],"to":[-6, 9, 14],"faces":{"north":{"uv":[11, 1.9375, 10, 2.0625],"texture":"#0"},"east":{"uv":[9.75, 2.125, 11.25, 2.25],"texture":"#0"},"south":{"uv":[10, 1.9375, 11, 2.0625],"texture":"#0"},"west":{"uv":[9.75, 2.125, 11.25, 2.25],"texture":"#0"},"up":{"uv":[10, 0, 11, 1.5],"texture":"#0"},"down":{"uv":[10, 0, 11, 1.5],"texture":"#0"}}},{"from":[20, 5, 1.5],"to":[21, 11, 2.5],"faces":{"north":{"uv":[3.75, 2.8125, 4.5, 2.9375],"rotation":270,"texture":"#0"},"east":{"uv":[3.75, 2.8125, 4.5, 2.9375],"rotation":90,"texture":"#0"},"south":{"uv":[3.75, 2.8125, 4.5, 2.9375],"rotation":90,"texture":"#0"},"west":{"uv":[3.75, 2.8125, 4.5, 2.9375],"rotation":90,"texture":"#0"},"up":{"uv":[5.375, 2.8125, 5.5, 2.9375],"rotation":90,"texture":"#0"},"down":{"uv":[5.375, 2.8125, 5.5, 2.9375],"rotation":90,"texture":"#0"}}},{"from":[28, 0, 2.5],"to":[31, 2, 5.5],"faces":{"north":{"uv":[2.75, 4, 3.125, 4.25],"texture":"#0"},"east":{"uv":[2.75, 4, 3.125, 4.25],"texture":"#0"},"south":{"uv":[2.75, 4, 3.125, 4.25],"texture":"#0"},"west":{"uv":[2.75, 4, 3.125, 4.25],"texture":"#0"},"up":{"uv":[2.75, 4.25, 3.125, 4.625],"texture":"#0"},"down":{"uv":[2.75, 4.25, 3.125, 4.625],"texture":"#0"}}},{"from":[28, 0, 10.5],"to":[31, 2, 13.5],"faces":{"north":{"uv":[2.75, 4, 3.125, 4.25],"texture":"#0"},"east":{"uv":[2.75, 4, 3.125, 4.25],"texture":"#0"},"south":{"uv":[2.75, 4, 3.125, 4.25],"texture":"#0"},"west":{"uv":[2.75, 4, 3.125, 4.25],"texture":"#0"},"up":{"uv":[2.75, 4.25, 3.125, 4.625],"texture":"#0"},"down":{"uv":[2.75, 4.25, 3.125, 4.625],"texture":"#0"}}},{"from":[-11.3, 10.5, 9],"to":[-7.3, 13, 9],"rotation":{"angle":-22.5,"axis":"y","origin":[0, 0, 0]},"faces":{"north":{"uv":[4.0625, 4.6875, 4.5625, 5],"texture":"#1"},"east":{"uv":[4.5625, 4.125, 4.5625, 4.4375],"texture":"#1"},"south":{"uv":[4.5625, 4.6875, 4.0625, 5],"texture":"#1"},"west":{"uv":[4.5625, 4.125, 4.5625, 4.4375],"texture":"#1"},"up":{"uv":[4.75, 4.3125, 5.25, 4.3125],"texture":"#1"},"down":{"uv":[4.75, 4.3125, 5.25, 4.3125],"texture":"#1"}}},{"from":[-14, 9, 2],"to":[-8, 11, 7],"rotation":{"angle":22.5,"axis":"y","origin":[0, 0, 0]},"faces":{"north":{"uv":[8.375, 4.25, 8.625, 5],"rotation":90,"texture":"#1"},"east":{"uv":[9.125, 4.375, 8.875, 5],"rotation":270,"texture":"#1"},"south":{"uv":[8.625, 4.25, 8.875, 5],"rotation":270,"texture":"#1"},"west":{"uv":[9.125, 5, 8.875, 4.375],"rotation":270,"texture":"#1"},"up":{"uv":[8.375, 4.25, 7.75, 5],"rotation":270,"texture":"#1"},"down":{"uv":[7.75, 4.25, 8.375, 5],"rotation":270,"texture":"#1"}}},{"from":[-8, 5, 4],"to":[-3, 7, 10],"rotation":{"angle":22.5,"axis":"y","origin":[0, 0, 0]},"faces":{"north":{"uv":[9.125, 4.25, 8.875, 3.625],"rotation":270,"texture":"#1"},"east":{"uv":[8.375, 3.5, 8.625, 4.25],"rotation":90,"texture":"#1"},"south":{"uv":[9.125, 3.625, 8.875, 4.25],"rotation":270,"texture":"#1"},"west":{"uv":[8.625, 3.5, 8.875, 4.25],"rotation":270,"texture":"#1"},"up":{"uv":[8.375, 3.5, 7.75, 4.25],"texture":"#1"},"down":{"uv":[7.75, 3.5, 8.375, 4.25],"rotation":180,"texture":"#1"}}},{"from":[-8, 3, 3],"to":[-3, 5, 9],"rotation":{"angle":22.5,"axis":"y","origin":[0, 0, 0]},"faces":{"north":{"uv":[9.125, 3.5, 8.875, 2.875],"rotation":270,"texture":"#1"},"east":{"uv":[8.375, 2.75, 8.625, 3.5],"rotation":90,"texture":"#1"},"south":{"uv":[9.125, 2.875, 8.875, 3.5],"rotation":270,"texture":"#1"},"west":{"uv":[8.625, 2.75, 8.875, 3.5],"rotation":270,"texture":"#1"},"up":{"uv":[8.375, 2.75, 7.75, 3.5],"texture":"#1"},"down":{"uv":[7.75, 2.75, 8.375, 3.5],"rotation":180,"texture":"#1"}}},{"from":[-10, 9, 8],"to":[-8, 10.5, 10],"rotation":{"angle":-22.5,"axis":"y","origin":[0, 0, 0]},"faces":{"north":{"uv":[4.5625, 4.125, 4.8125, 4.3125],"texture":"#1"},"east":{"uv":[4.5625, 4.125, 4.8125, 4.3125],"texture":"#1"},"south":{"uv":[4.5625, 4.125, 4.8125, 4.3125],"texture":"#1"},"west":{"uv":[4.5625, 4.125, 4.8125, 4.3125],"texture":"#1"},"up":{"uv":[4.75, 4.3125, 5, 4.5625],"texture":"#1"},"down":{"uv":[4.75, 4.3125, 5, 4.5625],"texture":"#1"}}}],"gui_light":"front","display":{"thirdperson_righthand":{"rotation":[67.5, 0, 0],"translation":[0.25, 1.25, 0.25],"scale":[0.2, 0.2, 0.2]},"thirdperson_lefthand":{"rotation":[67.5, 0, 0],"translation":[0.25, 1.25, 0.25],"scale":[0.2, 0.2, 0.2]},"firstperson_righthand":{"translation":[2.5, 1.75, 0],"scale":[0.27656, 0.27656, 0.27656]},"firstperson_lefthand":{"translation":[2.5, 1.75, 0],"scale":[0.27656, 0.27656, 0.27656]},"ground":{"translation":[0, 5.5, 0],"scale":[0.28, 0.28, 0.28]},"gui":{"rotation":[30, -135, 0],"translation":[0, -0.25, 0],"scale":[0.32, 0.32, 0.32]},"head":{"scale":[0, 0, 0]},"fixed":{"rotation":[-90, 0, 0],"translation":[-32, 0, -16],"scale":[2, 2, 2]}}}