{"texture_size":[128, 128],"textures":{"0":"custom/furniture/modern/modernclean_01","particle":"custom/furniture/modern/modernclean_01"},"elements":[{"from":[0, 14, 1],"to":[32, 16, 15],"faces":{"north":{"uv":[10, 11.625, 14, 11.375],"texture":"#0"},"east":{"uv":[7.625, 2.3125, 9.375, 2.5625],"texture":"#0"},"south":{"uv":[10, 11.625, 14, 11.375],"texture":"#0"},"west":{"uv":[7.625, 2.3125, 9.375, 2.5625],"texture":"#0"},"up":{"uv":[10, 9.625, 14, 11.375],"texture":"#0"},"down":{"uv":[10, 9.625, 14, 11.375],"texture":"#0"}}},{"from":[7.5, 3, 1],"to":[13, 4, 15],"rotation":{"angle":0,"axis":"y","origin":[16, 0, 0]},"faces":{"north":{"uv":[10, 1.9375, 10.6875, 2.0625],"texture":"#0"},"east":{"uv":[11.5, 2.125, 9.75, 2.25],"texture":"#0"},"south":{"uv":[10, 1.9375, 10.6875, 2.0625],"texture":"#0"},"west":{"uv":[11.5, 2.125, 9.75, 2.25],"texture":"#0"},"up":{"uv":[10.625, 0, 11.3125, 1.75],"texture":"#0"},"down":{"uv":[10.6875, 0, 10, 1.75],"texture":"#0"}}},{"from":[2, 3, 1],"to":[7.5, 4, 15],"faces":{"north":{"uv":[10.6875, 1.9375, 10, 2.0625],"texture":"#0"},"east":{"uv":[9.75, 2.125, 11.5, 2.25],"texture":"#0"},"south":{"uv":[10.6875, 1.9375, 10, 2.0625],"texture":"#0"},"west":{"uv":[9.75, 2.125, 11.5, 2.25],"texture":"#0"},"up":{"uv":[11.3125, 0, 10.625, 1.75],"texture":"#0"},"down":{"uv":[10, 0, 10.6875, 1.75],"texture":"#0"}}},{"from":[0, 16, 13],"to":[32, 18, 15],"faces":{"north":{"uv":[12, 3.125, 16, 3.375],"rotation":180,"texture":"#0"},"east":{"uv":[7.25, 4.0625, 7.5, 3.8125],"rotation":90,"texture":"#0"},"south":{"uv":[12, 3.375, 16, 3.125],"texture":"#0"},"west":{"uv":[7.25, 4.0625, 7.5, 3.8125],"rotation":270,"texture":"#0"},"up":{"uv":[12, 5.625, 16, 5.375],"texture":"#0"},"down":{"uv":[12, 5.625, 16, 5.375],"rotation":180,"texture":"#0"}}},{"from":[2, 4, 2],"to":[13, 14, 14],"faces":{"north":{"uv":[7.25, 6, 8.625, 7.25],"texture":"#0"},"east":{"uv":[4.5, 10.25, 6, 11.5],"texture":"#0"},"south":{"uv":[5.875, 14.75, 7.25, 16],"texture":"#0"},"west":{"uv":[4.5, 10.25, 6, 11.5],"texture":"#0"},"up":{"uv":[9.625, 14.5, 11, 16],"texture":"#0"},"down":{"uv":[9.625, 14.5, 11, 16],"texture":"#0"}}},{"from":[4.5, 10.5, 1.5],"to":[10.5, 11.5, 2.5],"faces":{"north":{"uv":[3.75, 2.8125, 4.5, 2.9375],"rotation":180,"texture":"#0"},"east":{"uv":[5.375, 2.8125, 5.5, 2.9375],"rotation":180,"texture":"#0"},"south":{"uv":[3.75, 2.8125, 4.5, 2.9375],"rotation":180,"texture":"#0"},"west":{"uv":[5.375, 2.8125, 5.5, 2.9375],"rotation":180,"texture":"#0"},"up":{"uv":[3.75, 2.8125, 4.5, 2.9375],"rotation":180,"texture":"#0"},"down":{"uv":[3.75, 2.8125, 4.5, 2.9375],"rotation":180,"texture":"#0"}}},{"from":[4.5, 5.5, 1.5],"to":[10.5, 6.5, 2.5],"faces":{"north":{"uv":[3.75, 2.8125, 4.5, 2.9375],"rotation":180,"texture":"#0"},"east":{"uv":[5.375, 2.8125, 5.5, 2.9375],"rotation":180,"texture":"#0"},"south":{"uv":[3.75, 2.8125, 4.5, 2.9375],"rotation":180,"texture":"#0"},"west":{"uv":[5.375, 2.8125, 5.5, 2.9375],"rotation":180,"texture":"#0"},"up":{"uv":[3.75, 2.8125, 4.5, 2.9375],"rotation":180,"texture":"#0"},"down":{"uv":[3.75, 2.8125, 4.5, 2.9375],"rotation":180,"texture":"#0"}}},{"from":[30, 0, 1.5],"to":[32, 14, 3.5],"faces":{"north":{"uv":[9.75, 0, 10, 1.75],"texture":"#0"},"east":{"uv":[9.75, 0, 10, 1.75],"texture":"#0"},"south":{"uv":[9.75, 0, 10, 1.75],"texture":"#0"},"west":{"uv":[9.75, 0, 10, 1.75],"texture":"#0"},"up":{"uv":[9.75, 1.75, 10, 2],"texture":"#0"},"down":{"uv":[9.75, 1.75, 10, 2],"texture":"#0"}}},{"from":[30, 0, 12.5],"to":[32, 14, 14.5],"faces":{"north":{"uv":[9.75, 0, 10, 1.75],"texture":"#0"},"east":{"uv":[9.75, 0, 10, 1.75],"texture":"#0"},"south":{"uv":[9.75, 0, 10, 1.75],"texture":"#0"},"west":{"uv":[9.75, 0, 10, 1.75],"texture":"#0"},"up":{"uv":[9.75, 1.75, 10, 2],"texture":"#0"},"down":{"uv":[9.75, 1.75, 10, 2],"texture":"#0"}}},{"from":[0, 8, 1],"to":[2, 14, 15],"rotation":{"angle":0,"axis":"y","origin":[0, 16, 0]},"faces":{"north":{"uv":[9.25, 4.5625, 8.5, 4.8125],"rotation":270,"texture":"#0"},"east":{"uv":[10.25, 5.625, 11, 3.875],"rotation":90,"texture":"#0"},"south":{"uv":[9.25, 4.8125, 8.5, 4.5625],"rotation":270,"texture":"#0"},"west":{"uv":[11, 5.625, 10.25, 3.875],"rotation":90,"texture":"#0"},"up":{"uv":[10.25, 4.3125, 8.5, 4.5625],"rotation":90,"texture":"#0"},"down":{"uv":[10.25, 4.3125, 8.5, 4.5625],"rotation":90,"texture":"#0"}}},{"from":[0, 0, 1],"to":[2, 8, 15],"faces":{"north":{"uv":[8.5, 4.5625, 9.5, 4.8125],"rotation":270,"texture":"#0"},"east":{"uv":[11, 5.625, 12, 3.875],"rotation":90,"texture":"#0"},"south":{"uv":[8.5, 4.8125, 9.5, 4.5625],"rotation":270,"texture":"#0"},"west":{"uv":[11, 5.625, 12, 3.875],"rotation":90,"texture":"#0"},"up":{"uv":[8.5, 4.3125, 10.25, 4.5625],"rotation":90,"texture":"#0"},"down":{"uv":[8.5, 4.3125, 10.25, 4.5625],"rotation":90,"texture":"#0"}}},{"from":[13, 8, 1],"to":[15, 14, 15],"rotation":{"angle":0,"axis":"y","origin":[16, 16, 0]},"faces":{"north":{"uv":[9.25, 4.8125, 8.5, 4.5625],"rotation":270,"texture":"#0"},"east":{"uv":[12, 3.875, 11.25, 5.625],"rotation":90,"texture":"#0"},"south":{"uv":[9.25, 4.5625, 8.5, 4.8125],"rotation":270,"texture":"#0"},"west":{"uv":[12, 3.875, 11.25, 5.625],"rotation":90,"texture":"#0"},"up":{"uv":[10.25, 4.5625, 8.5, 4.3125],"rotation":90,"texture":"#0"},"down":{"uv":[10.25, 4.5625, 8.5, 4.3125],"rotation":90,"texture":"#0"}}},{"from":[13, 0, 1],"to":[15, 8, 15],"rotation":{"angle":0,"axis":"y","origin":[16, 0, 0]},"faces":{"north":{"uv":[8.5, 4.8125, 9.5, 4.5625],"rotation":270,"texture":"#0"},"east":{"uv":[11, 3.875, 12, 5.625],"rotation":90,"texture":"#0"},"south":{"uv":[8.5, 4.5625, 9.5, 4.8125],"rotation":270,"texture":"#0"},"west":{"uv":[11, 3.875, 12, 5.625],"rotation":90,"texture":"#0"},"up":{"uv":[8.5, 4.5625, 10.25, 4.3125],"rotation":90,"texture":"#0"},"down":{"uv":[8.5, 4.5625, 10.25, 4.3125],"rotation":90,"texture":"#0"}}}],"gui_light":"front","display":{"thirdperson_righthand":{"rotation":[67.5, 0, 0],"translation":[-1.5, 1, -0.5],"scale":[0.2, 0.2, 0.2]},"thirdperson_lefthand":{"rotation":[67.5, 0, 0],"translation":[1.75, 1, -0.5],"scale":[0.2, 0.2, 0.2]},"firstperson_righthand":{"translation":[-1, 2, 0],"scale":[0.34297, 0.34297, 0.34297]},"firstperson_lefthand":{"translation":[4.75, 2, 0],"scale":[0.34297, 0.34297, 0.34297]},"ground":{"translation":[-2, 3.5, 0],"scale":[0.28, 0.28, 0.28]},"gui":{"rotation":[30, -135, 0],"translation":[3, 0.75, 0],"scale":[0.43867, 0.43867, 0.43867]},"head":{"scale":[0, 0, 0]},"fixed":{"rotation":[-90, 0, 0],"translation":[-32, 0, -16],"scale":[2, 2, 2]}}}