{"texture_size":[64, 64],"textures":{"0":"custom/furniture/modern/hanging_lamp","particle":"custom/furniture/modern/hanging_lamp"},"elements":[{"from":[0, 14, 5.25],"to":[3, 15, 6.25],"rotation":{"angle":-22.5,"axis":"y","origin":[3.75, 19.75, 5.75]},"faces":{"north":{"uv":[9, 2, 9.75, 2.25],"texture":"#0"},"east":{"uv":[7.25, 9.25, 7.5, 9.5],"texture":"#0"},"south":{"uv":[9.75, 2, 10.5, 2.25],"texture":"#0"},"west":{"uv":[9.25, 9, 9.5, 9.25],"texture":"#0"},"up":{"uv":[10.5, 2.5, 9.75, 2.25],"texture":"#0"},"down":{"uv":[10.5, 2.5, 9.75, 2.75],"texture":"#0"}}},{"from":[2, 20, 2],"to":[14, 21, 14],"rotation":{"angle":0,"axis":"y","origin":[0, 4, 0]},"faces":{"north":{"uv":[8, 0, 11, 0.25],"texture":"#0"},"east":{"uv":[8, 0, 11, 0.25],"texture":"#0"},"south":{"uv":[8, 0, 11, 0.25],"texture":"#0"},"west":{"uv":[8, 0, 11, 0.25],"texture":"#0"},"up":{"uv":[3, 3, 0, 0],"texture":"#0"},"down":{"uv":[3, 3, 0, 0],"texture":"#0"}}},{"from":[3, 16, 3],"to":[4, 20, 4],"rotation":{"angle":-45,"axis":"y","origin":[3.5, 20.25, 3.5]},"faces":{"north":{"uv":[8.75, 6.5, 9, 7.5],"texture":"#0"},"east":{"uv":[9, 1, 9.25, 2],"texture":"#0"},"south":{"uv":[8.75, 8.5, 9, 9.5],"texture":"#0"},"west":{"uv":[9, 1, 9.25, 2],"texture":"#0"},"up":{"uv":[9.25, 3.25, 9, 3],"texture":"#0"},"down":{"uv":[9.25, 3.25, 9, 3.5],"texture":"#0"}}},{"from":[0, 16, 3],"to":[3, 17, 4],"rotation":{"angle":-45,"axis":"y","origin":[3.5, 20.25, 3.5]},"faces":{"north":{"uv":[9, 2, 9.75, 2.25],"texture":"#0"},"east":{"uv":[9, 3.5, 9.25, 3.75],"texture":"#0"},"south":{"uv":[9, 2.25, 9.75, 2.5],"texture":"#0"},"west":{"uv":[9, 3.75, 9.25, 4],"texture":"#0"},"up":{"uv":[9.75, 2.75, 9, 2.5],"texture":"#0"},"down":{"uv":[9.75, 2.75, 9, 3],"texture":"#0"}}},{"from":[-2, 15.5, 2.5],"to":[0, 17.5, 4.5],"rotation":{"angle":-45,"axis":"y","origin":[3.5, 20.25, 3.5]},"faces":{"north":{"uv":[9.25, 6, 8.75, 5.5],"texture":"#0"},"east":{"uv":[9.25, 6, 8.75, 5.5],"texture":"#0"},"south":{"uv":[9.25, 6, 8.75, 5.5],"texture":"#0"},"west":{"uv":[9.25, 6, 8.75, 5.5],"texture":"#0"},"up":{"uv":[9.25, 6, 8.75, 5.5],"texture":"#0"},"down":{"uv":[9.25, 6, 8.75, 5.5],"texture":"#0"}}},{"from":[3, 12, 7.5],"to":[4, 20, 8.5],"rotation":{"angle":0,"axis":"y","origin":[0, 4, 0]},"faces":{"north":{"uv":[8.5, 1, 8.75, 3],"texture":"#0"},"east":{"uv":[8.5, 7, 8.75, 9],"texture":"#0"},"south":{"uv":[8.5, 5, 8.75, 7],"texture":"#0"},"west":{"uv":[8.5, 7, 8.75, 9],"texture":"#0"},"up":{"uv":[9.25, 6.75, 9, 6.5],"texture":"#0"},"down":{"uv":[9.25, 6.75, 9, 7],"texture":"#0"}}},{"from":[0, 12, 7.5],"to":[3, 13, 8.5],"rotation":{"angle":0,"axis":"y","origin":[0, 4, 0]},"faces":{"north":{"uv":[9.75, 2.75, 10.5, 3],"texture":"#0"},"east":{"uv":[8.75, 9.5, 9, 9.75],"texture":"#0"},"south":{"uv":[9.75, 6, 10.5, 6.25],"texture":"#0"},"west":{"uv":[9.75, 8.5, 10, 8.75],"texture":"#0"},"up":{"uv":[10.5, 6.5, 9.75, 6.25],"texture":"#0"},"down":{"uv":[10.5, 6.5, 9.75, 6.75],"texture":"#0"}}},{"from":[-2, 11.5, 7],"to":[0, 13.5, 9],"rotation":{"angle":0,"axis":"y","origin":[0, 4, 0]},"faces":{"north":{"uv":[9.25, 6.5, 9.75, 7],"texture":"#0"},"east":{"uv":[9.25, 7, 9.75, 7.5],"texture":"#0"},"south":{"uv":[9.25, 7.5, 9.75, 8],"texture":"#0"},"west":{"uv":[9.25, 8, 9.75, 8.5],"texture":"#0"},"up":{"uv":[8.75, 9.75, 8.25, 9.25],"texture":"#0"},"down":{"uv":[9.75, 8.5, 9.25, 9],"texture":"#0"}}},{"from":[-2, 13.5, 4.75],"to":[0, 15.5, 6.75],"rotation":{"angle":-22.5,"axis":"y","origin":[3.75, 19.75, 5.75]},"faces":{"north":{"uv":[3.5, 8.75, 4, 9.25],"texture":"#0"},"east":{"uv":[8.75, 4, 9.25, 4.5],"texture":"#0"},"south":{"uv":[8.75, 4.5, 9.25, 5],"texture":"#0"},"west":{"uv":[8.75, 5, 9.25, 5.5],"texture":"#0"},"up":{"uv":[9.25, 6.5, 8.75, 6],"texture":"#0"},"down":{"uv":[9.75, 6, 9.25, 6.5],"texture":"#0"}}},{"from":[3, 14, 5.25],"to":[4, 20, 6.25],"rotation":{"angle":-22.5,"axis":"y","origin":[3.75, 19.75, 5.75]},"faces":{"north":{"uv":[8.75, 1, 9, 2.5],"texture":"#0"},"east":{"uv":[3.25, 8.75, 3.5, 10.25],"texture":"#0"},"south":{"uv":[3, 8.75, 3.25, 10.25],"texture":"#0"},"west":{"uv":[3.25, 8.75, 3.5, 10.25],"texture":"#0"},"up":{"uv":[9.25, 7.25, 9, 7],"texture":"#0"},"down":{"uv":[7.5, 9, 7.25, 9.25],"texture":"#0"}}},{"from":[-2, 9.5, 9.25],"to":[0, 11.5, 11.25],"rotation":{"angle":22.5,"axis":"y","origin":[3.75, 19.75, 10.25]},"faces":{"north":{"uv":[9, 9.25, 9.5, 9.75],"texture":"#0"},"east":{"uv":[9.5, 1, 10, 1.5],"texture":"#0"},"south":{"uv":[9.5, 1.5, 10, 2],"texture":"#0"},"west":{"uv":[9.5, 3, 10, 3.5],"texture":"#0"},"up":{"uv":[4, 10, 3.5, 9.5],"texture":"#0"},"down":{"uv":[10, 3.5, 9.5, 4],"texture":"#0"}}},{"from":[0, 10, 9.75],"to":[3, 11, 10.75],"rotation":{"angle":22.5,"axis":"y","origin":[3.75, 19.75, 10.25]},"faces":{"north":{"uv":[9.75, 6.75, 10.5, 7],"texture":"#0"},"east":{"uv":[9.75, 8.75, 10, 9],"texture":"#0"},"south":{"uv":[9.75, 7, 10.5, 7.25],"texture":"#0"},"west":{"uv":[9, 9.75, 9.25, 10],"texture":"#0"},"up":{"uv":[10.5, 7.5, 9.75, 7.25],"texture":"#0"},"down":{"uv":[10.5, 7.5, 9.75, 7.75],"texture":"#0"}}},{"from":[3, 10, 9.75],"to":[4, 20, 10.75],"rotation":{"angle":22.5,"axis":"y","origin":[3.75, 19.75, 10.25]},"faces":{"north":{"uv":[4.25, 8.25, 4.5, 10.75],"texture":"#0"},"east":{"uv":[8.25, 6.5, 8.5, 9],"texture":"#0"},"south":{"uv":[4.75, 8.25, 5, 10.75],"texture":"#0"},"west":{"uv":[8.25, 6.5, 8.5, 9],"texture":"#0"},"up":{"uv":[9.25, 7.5, 9, 7.25],"texture":"#0"},"down":{"uv":[9.25, 7.5, 9, 7.75],"texture":"#0"}}},{"from":[-2, 7.5, 11.5],"to":[0, 9.5, 13.5],"rotation":{"angle":45,"axis":"y","origin":[3.5, 20.25, 12.5]},"faces":{"north":{"uv":[9.5, 4, 10, 4.5],"texture":"#0"},"east":{"uv":[9.5, 4.5, 10, 5],"texture":"#0"},"south":{"uv":[9.5, 5, 10, 5.5],"texture":"#0"},"west":{"uv":[9.5, 5.5, 10, 6],"texture":"#0"},"up":{"uv":[7.5, 10, 7, 9.5],"texture":"#0"},"down":{"uv":[10, 9, 9.5, 9.5],"texture":"#0"}}},{"from":[0, 8, 12],"to":[3, 9, 13],"rotation":{"angle":45,"axis":"y","origin":[3.5, 20.25, 12.5]},"faces":{"north":{"uv":[9.75, 7.75, 10.5, 8],"texture":"#0"},"east":{"uv":[9.25, 9.75, 9.5, 10],"texture":"#0"},"south":{"uv":[9.75, 8, 10.5, 8.25],"texture":"#0"},"west":{"uv":[9.5, 9.75, 9.75, 10],"texture":"#0"},"up":{"uv":[9, 10, 8.25, 9.75],"texture":"#0"},"down":{"uv":[10.5, 8.25, 9.75, 8.5],"texture":"#0"}}},{"from":[3, 8, 12],"to":[4, 20, 13],"rotation":{"angle":45,"axis":"y","origin":[3.5, 20.25, 12.5]},"faces":{"north":{"uv":[8, 1, 8.25, 4],"texture":"#0"},"east":{"uv":[7.5, 8, 7.75, 11],"texture":"#0"},"south":{"uv":[8, 7, 8.25, 10],"texture":"#0"},"west":{"uv":[7.5, 8, 7.75, 11],"texture":"#0"},"up":{"uv":[9.25, 8, 9, 7.75],"texture":"#0"},"down":{"uv":[9.25, 8, 9, 8.25],"texture":"#0"}}},{"from":[12, 0, 12.5],"to":[13, 20, 13.5],"rotation":{"angle":45,"axis":"y","origin":[12.5, 12.25, 13]},"faces":{"north":{"uv":[6.75, 5, 7, 10],"texture":"#0"},"east":{"uv":[6.75, 0, 7, 5],"texture":"#0"},"south":{"uv":[6.75, 5, 7, 10],"texture":"#0"},"west":{"uv":[7, 0, 7.25, 5],"texture":"#0"},"up":{"uv":[8.5, 9.25, 8.25, 9],"texture":"#0"},"down":{"uv":[9.25, 8.25, 9, 8.5],"texture":"#0"}}},{"from":[9.75, 2, 12.5],"to":[10.75, 20, 13.5],"rotation":{"angle":22.5,"axis":"y","origin":[10.25, 11.75, 12.75]},"faces":{"north":{"uv":[7.25, 0, 7.5, 4.5],"texture":"#0"},"east":{"uv":[6, 7, 6.25, 11.5],"texture":"#0"},"south":{"uv":[7.25, 0, 7.5, 4.5],"texture":"#0"},"west":{"uv":[7.25, 4.5, 7.5, 9],"texture":"#0"},"up":{"uv":[8.75, 9.25, 8.5, 9],"texture":"#0"},"down":{"uv":[9.25, 8.5, 9, 8.75],"texture":"#0"}}},{"from":[7.5, 4, 12.5],"to":[8.5, 20, 13.5],"rotation":{"angle":0,"axis":"y","origin":[0, -4, 16.5]},"faces":{"north":{"uv":[7.75, 0, 8, 4],"texture":"#0"},"east":{"uv":[7.5, 4, 7.75, 8],"texture":"#0"},"south":{"uv":[7.75, 0, 8, 4],"texture":"#0"},"west":{"uv":[7.75, 4, 8, 8],"texture":"#0"},"up":{"uv":[9.25, 9, 9, 8.75],"texture":"#0"},"down":{"uv":[9.25, 9, 9, 9.25],"texture":"#0"}}},{"from":[5.25, 6, 12.5],"to":[6.25, 20, 13.5],"rotation":{"angle":-22.5,"axis":"y","origin":[5.75, 11.75, 12.75]},"faces":{"north":{"uv":[5.5, 7.75, 5.75, 11.25],"texture":"#0"},"east":{"uv":[5.25, 7.75, 5.5, 11.25],"texture":"#0"},"south":{"uv":[5.5, 7.75, 5.75, 11.25],"texture":"#0"},"west":{"uv":[5.75, 7.75, 6, 11.25],"texture":"#0"},"up":{"uv":[9.5, 1.25, 9.25, 1],"texture":"#0"},"down":{"uv":[9.5, 1.25, 9.25, 1.5],"texture":"#0"}}},{"from":[12.5, -8, 3],"to":[13.5, 20, 4],"rotation":{"angle":45,"axis":"y","origin":[13, 4.25, 3.5]},"faces":{"north":{"uv":[0, 6, 0.25, 13],"texture":"#0"},"east":{"uv":[6, 0, 6.25, 7],"texture":"#0"},"south":{"uv":[0.25, 6, 0.5, 13],"texture":"#0"},"west":{"uv":[6, 0, 6.25, 7],"texture":"#0"},"up":{"uv":[9.5, 1.75, 9.25, 1.5],"texture":"#0"},"down":{"uv":[9.5, 1.75, 9.25, 2],"texture":"#0"}}},{"from":[12.5, -6, 5.25],"to":[13.5, 20, 6.25],"rotation":{"angle":22.5,"axis":"y","origin":[12.75, 3.75, 5.75]},"faces":{"north":{"uv":[0.75, 6, 1, 12.5],"texture":"#0"},"east":{"uv":[1, 6, 1.25, 12.5],"texture":"#0"},"south":{"uv":[1.25, 6, 1.5, 12.5],"texture":"#0"},"west":{"uv":[1, 6, 1.25, 12.5],"texture":"#0"},"up":{"uv":[9.5, 3.25, 9.25, 3],"texture":"#0"},"down":{"uv":[9.5, 3.25, 9.25, 3.5],"texture":"#0"}}},{"from":[12.5, -4, 7.5],"to":[13.5, 20, 8.5],"rotation":{"angle":0,"axis":"y","origin":[16.5, -12, 16]},"faces":{"north":{"uv":[1.75, 6, 2, 12],"texture":"#0"},"east":{"uv":[2, 6, 2.25, 12],"texture":"#0"},"south":{"uv":[2.25, 6, 2.5, 12],"texture":"#0"},"west":{"uv":[2, 6, 2.25, 12],"texture":"#0"},"up":{"uv":[3.75, 9.5, 3.5, 9.25],"texture":"#0"},"down":{"uv":[9.5, 3.5, 9.25, 3.75],"texture":"#0"}}},{"from":[12.5, -2, 9.75],"to":[13.5, 20, 10.75],"rotation":{"angle":-22.5,"axis":"y","origin":[12.75, 3.75, 10.25]},"faces":{"north":{"uv":[2.75, 6, 3, 11.5],"texture":"#0"},"east":{"uv":[6.25, 0, 6.5, 5.5],"texture":"#0"},"south":{"uv":[6.25, 5.5, 6.5, 11],"texture":"#0"},"west":{"uv":[6.25, 0, 6.5, 5.5],"texture":"#0"},"up":{"uv":[4, 9.5, 3.75, 9.25],"texture":"#0"},"down":{"uv":[9.5, 3.75, 9.25, 4],"texture":"#0"}}},{"from":[5.25, -15, 2.5],"to":[6.25, 20, 3.5],"rotation":{"angle":22.5,"axis":"y","origin":[5.75, -5.25, 3.25]},"faces":{"north":{"uv":[3, 0, 3.25, 8.75],"texture":"#0"},"east":{"uv":[3.25, 0, 3.5, 8.75],"texture":"#0"},"south":{"uv":[3, 0, 3.25, 8.75],"texture":"#0"},"west":{"uv":[3.75, 0, 4, 8.75],"texture":"#0"},"up":{"uv":[9.5, 4.25, 9.25, 4],"texture":"#0"},"down":{"uv":[9.5, 4.25, 9.25, 4.5],"texture":"#0"}}},{"from":[7.5, -13, 2.5],"to":[8.5, 20, 3.5],"rotation":{"angle":0,"axis":"y","origin":[16, -21, -0.5]},"faces":{"north":{"uv":[4, 0, 4.25, 8.25],"texture":"#0"},"east":{"uv":[4.25, 0, 4.5, 8.25],"texture":"#0"},"south":{"uv":[4, 0, 4.25, 8.25],"texture":"#0"},"west":{"uv":[4.75, 0, 5, 8.25],"texture":"#0"},"up":{"uv":[9.5, 4.75, 9.25, 4.5],"texture":"#0"},"down":{"uv":[9.5, 4.75, 9.25, 5],"texture":"#0"}}},{"from":[9.75, -11, 2.5],"to":[10.75, 20, 3.5],"rotation":{"angle":-22.5,"axis":"y","origin":[10.25, -5.25, 3.25]},"faces":{"north":{"uv":[5, 0, 5.25, 7.75],"texture":"#0"},"east":{"uv":[5.25, 0, 5.5, 7.75],"texture":"#0"},"south":{"uv":[5, 0, 5.25, 7.75],"texture":"#0"},"west":{"uv":[5.75, 0, 6, 7.75],"texture":"#0"},"up":{"uv":[9.5, 5.25, 9.25, 5],"texture":"#0"},"down":{"uv":[9.5, 5.25, 9.25, 5.5],"texture":"#0"}}},{"from":[8, 21, 7.5],"to":[8, 32, 8.5],"rotation":{"angle":0,"axis":"y","origin":[0, -11, 0]},"faces":{"north":{"uv":[7.75, 8, 8, 10.75],"texture":"#0"},"east":{"uv":[4.25, 8.25, 4, 11],"texture":"#0"},"south":{"uv":[8.25, 3.75, 8.5, 6.5],"texture":"#0"},"west":{"uv":[4, 8.25, 4.25, 11],"texture":"#0"},"up":{"uv":[9.5, 5.75, 9.25, 5.5],"texture":"#0"},"down":{"uv":[9.5, 5.75, 9.25, 6],"texture":"#0"}}},{"from":[11.5, -0.5, 16.5],"to":[13.5, 1.5, 18.5],"rotation":{"angle":45,"axis":"y","origin":[12.5, 12.25, 13]},"faces":{"north":{"uv":[9.5, 4.5, 10, 5],"texture":"#0"},"east":{"uv":[9.5, 5, 10, 5.5],"texture":"#0"},"south":{"uv":[9.5, 5.5, 10, 6],"texture":"#0"},"west":{"uv":[9.5, 4, 10, 4.5],"texture":"#0"},"up":{"uv":[7.5, 10, 7, 9.5],"rotation":270,"texture":"#0"},"down":{"uv":[10, 9, 9.5, 9.5],"rotation":90,"texture":"#0"}}},{"from":[12, 0, 13.5],"to":[13, 1, 16.5],"rotation":{"angle":45,"axis":"y","origin":[12.5, 12.25, 13]},"faces":{"north":{"uv":[9.25, 9.75, 9.5, 10],"texture":"#0"},"east":{"uv":[9.75, 8, 10.5, 8.25],"texture":"#0"},"south":{"uv":[9.5, 9.75, 9.75, 10],"texture":"#0"},"west":{"uv":[9.75, 7.75, 10.5, 8],"texture":"#0"},"up":{"uv":[9, 10, 8.25, 9.75],"rotation":270,"texture":"#0"},"down":{"uv":[10.5, 8.25, 9.75, 8.5],"rotation":90,"texture":"#0"}}},{"from":[9.25, 1.5, 16.5],"to":[11.25, 3.5, 18.5],"rotation":{"angle":22.5,"axis":"y","origin":[10.25, 11.75, 12.75]},"faces":{"north":{"uv":[9.5, 1, 10, 1.5],"texture":"#0"},"east":{"uv":[9.5, 1.5, 10, 2],"texture":"#0"},"south":{"uv":[9.5, 3, 10, 3.5],"texture":"#0"},"west":{"uv":[9, 9.25, 9.5, 9.75],"texture":"#0"},"up":{"uv":[4, 10, 3.5, 9.5],"rotation":270,"texture":"#0"},"down":{"uv":[10, 3.5, 9.5, 4],"rotation":90,"texture":"#0"}}},{"from":[9.75, 2, 13.5],"to":[10.75, 3, 16.5],"rotation":{"angle":22.5,"axis":"y","origin":[10.25, 11.75, 12.75]},"faces":{"north":{"uv":[9.75, 8.75, 10, 9],"texture":"#0"},"east":{"uv":[9.75, 7, 10.5, 7.25],"texture":"#0"},"south":{"uv":[9, 9.75, 9.25, 10],"texture":"#0"},"west":{"uv":[9.75, 6.75, 10.5, 7],"texture":"#0"},"up":{"uv":[10.5, 7.5, 9.75, 7.25],"rotation":270,"texture":"#0"},"down":{"uv":[10.5, 7.5, 9.75, 7.75],"rotation":90,"texture":"#0"}}},{"from":[7, 3.5, 16.5],"to":[9, 5.5, 18.5],"rotation":{"angle":0,"axis":"y","origin":[0, -4, 16.5]},"faces":{"north":{"uv":[9.25, 7, 9.75, 7.5],"texture":"#0"},"east":{"uv":[9.25, 7.5, 9.75, 8],"texture":"#0"},"south":{"uv":[9.25, 8, 9.75, 8.5],"texture":"#0"},"west":{"uv":[9.25, 6.5, 9.75, 7],"texture":"#0"},"up":{"uv":[8.75, 9.75, 8.25, 9.25],"rotation":270,"texture":"#0"},"down":{"uv":[9.75, 8.5, 9.25, 9],"rotation":90,"texture":"#0"}}},{"from":[7.5, 4, 13.5],"to":[8.5, 5, 16.5],"rotation":{"angle":0,"axis":"y","origin":[0, -4, 16.5]},"faces":{"north":{"uv":[8.75, 9.5, 9, 9.75],"texture":"#0"},"east":{"uv":[9.75, 6, 10.5, 6.25],"texture":"#0"},"south":{"uv":[9.75, 8.5, 10, 8.75],"texture":"#0"},"west":{"uv":[9.75, 2.75, 10.5, 3],"texture":"#0"},"up":{"uv":[10.5, 6.5, 9.75, 6.25],"rotation":270,"texture":"#0"},"down":{"uv":[10.5, 6.5, 9.75, 6.75],"rotation":90,"texture":"#0"}}},{"from":[4.75, 5.5, 16.5],"to":[6.75, 7.5, 18.5],"rotation":{"angle":-22.5,"axis":"y","origin":[5.75, 11.75, 12.75]},"faces":{"north":{"uv":[8.75, 4, 9.25, 4.5],"texture":"#0"},"east":{"uv":[8.75, 4.5, 9.25, 5],"texture":"#0"},"south":{"uv":[8.75, 5, 9.25, 5.5],"texture":"#0"},"west":{"uv":[3.5, 8.75, 4, 9.25],"texture":"#0"},"up":{"uv":[9.25, 6.5, 8.75, 6],"rotation":270,"texture":"#0"},"down":{"uv":[9.75, 6, 9.25, 6.5],"rotation":90,"texture":"#0"}}},{"from":[5.25, 6, 13.5],"to":[6.25, 7, 16.5],"rotation":{"angle":-22.5,"axis":"y","origin":[5.75, 11.75, 12.75]},"faces":{"north":{"uv":[7.25, 9.25, 7.5, 9.5],"texture":"#0"},"east":{"uv":[9.75, 2, 10.5, 2.25],"texture":"#0"},"south":{"uv":[9.25, 9, 9.5, 9.25],"texture":"#0"},"west":{"uv":[9.75, 7.75, 10.5, 8],"texture":"#0"},"up":{"uv":[10.5, 2.5, 9.75, 2.25],"rotation":270,"texture":"#0"},"down":{"uv":[10.5, 2.5, 9.75, 2.75],"rotation":90,"texture":"#0"}}},{"from":[7, -13.5, -2.5],"to":[9, -11.5, -0.5],"rotation":{"angle":0,"axis":"y","origin":[16, -21, -0.5]},"faces":{"north":{"uv":[9.25, 8, 9.75, 8.5],"texture":"#0"},"east":{"uv":[9.25, 6.5, 9.75, 7],"texture":"#0"},"south":{"uv":[9.25, 7, 9.75, 7.5],"texture":"#0"},"west":{"uv":[9.25, 7.5, 9.75, 8],"texture":"#0"},"up":{"uv":[8.75, 9.75, 8.25, 9.25],"rotation":90,"texture":"#0"},"down":{"uv":[9.75, 8.5, 9.25, 9],"rotation":270,"texture":"#0"}}},{"from":[7.5, -13, -0.5],"to":[8.5, -12, 2.5],"rotation":{"angle":0,"axis":"y","origin":[16, -21, -0.5]},"faces":{"north":{"uv":[9.75, 8.5, 10, 8.75],"texture":"#0"},"east":{"uv":[9.75, 2.75, 10.5, 3],"texture":"#0"},"south":{"uv":[8.75, 9.5, 9, 9.75],"texture":"#0"},"west":{"uv":[9.75, 6, 10.5, 6.25],"texture":"#0"},"up":{"uv":[10.5, 6.5, 9.75, 6.25],"rotation":90,"texture":"#0"},"down":{"uv":[10.5, 6.5, 9.75, 6.75],"rotation":270,"texture":"#0"}}},{"from":[9.25, -11.5, -2.5],"to":[11.25, -9.5, -0.5],"rotation":{"angle":-22.5,"axis":"y","origin":[10.25, -5.25, 3.25]},"faces":{"north":{"uv":[8.75, 5, 9.25, 5.5],"texture":"#0"},"east":{"uv":[3.5, 8.75, 4, 9.25],"texture":"#0"},"south":{"uv":[8.75, 4, 9.25, 4.5],"texture":"#0"},"west":{"uv":[8.75, 4.5, 9.25, 5],"texture":"#0"},"up":{"uv":[9.25, 6.5, 8.75, 6],"rotation":90,"texture":"#0"},"down":{"uv":[9.75, 6, 9.25, 6.5],"rotation":270,"texture":"#0"}}},{"from":[9.75, -11, -0.5],"to":[10.75, -10, 2.5],"rotation":{"angle":-22.5,"axis":"y","origin":[10.25, -5.25, 3.25]},"faces":{"north":{"uv":[9.25, 9, 9.5, 9.25],"texture":"#0"},"east":{"uv":[9.75, 7.75, 10.5, 8],"texture":"#0"},"south":{"uv":[7.25, 9.25, 7.5, 9.5],"texture":"#0"},"west":{"uv":[9.75, 2, 10.5, 2.25],"texture":"#0"},"up":{"uv":[10.5, 2.5, 9.75, 2.25],"rotation":90,"texture":"#0"},"down":{"uv":[10.5, 2.5, 9.75, 2.75],"rotation":270,"texture":"#0"}}},{"from":[16.5, -8.5, 2.5],"to":[18.5, -6.5, 4.5],"rotation":{"angle":45,"axis":"y","origin":[13, 4.25, 3.5]},"faces":{"north":{"uv":[9.5, 5, 10, 5.5],"texture":"#0"},"east":{"uv":[9.5, 5.5, 10, 6],"texture":"#0"},"south":{"uv":[9.5, 4, 10, 4.5],"texture":"#0"},"west":{"uv":[9.5, 4.5, 10, 5],"texture":"#0"},"up":{"uv":[7.5, 10, 7, 9.5],"rotation":180,"texture":"#0"},"down":{"uv":[10, 9, 9.5, 9.5],"rotation":180,"texture":"#0"}}},{"from":[13.5, -8, 3],"to":[16.5, -7, 4],"rotation":{"angle":45,"axis":"y","origin":[13, 4.25, 3.5]},"faces":{"north":{"uv":[9.75, 8, 10.5, 8.25],"texture":"#0"},"east":{"uv":[9.5, 9.75, 9.75, 10],"texture":"#0"},"south":{"uv":[9.75, 7.75, 10.5, 8],"texture":"#0"},"west":{"uv":[9.25, 9.75, 9.5, 10],"texture":"#0"},"up":{"uv":[9, 10, 8.25, 9.75],"rotation":180,"texture":"#0"},"down":{"uv":[10.5, 8.25, 9.75, 8.5],"rotation":180,"texture":"#0"}}},{"from":[16.5, -6.5, 4.75],"to":[18.5, -4.5, 6.75],"rotation":{"angle":22.5,"axis":"y","origin":[12.75, 3.75, 5.75]},"faces":{"north":{"uv":[9.5, 1.5, 10, 2],"texture":"#0"},"east":{"uv":[9.5, 3, 10, 3.5],"texture":"#0"},"south":{"uv":[9, 9.25, 9.5, 9.75],"texture":"#0"},"west":{"uv":[9.5, 1, 10, 1.5],"texture":"#0"},"up":{"uv":[4, 10, 3.5, 9.5],"rotation":180,"texture":"#0"},"down":{"uv":[10, 3.5, 9.5, 4],"rotation":180,"texture":"#0"}}},{"from":[13.5, -6, 5.25],"to":[16.5, -5, 6.25],"rotation":{"angle":22.5,"axis":"y","origin":[12.75, 3.75, 5.75]},"faces":{"north":{"uv":[9.75, 7, 10.5, 7.25],"texture":"#0"},"east":{"uv":[9, 9.75, 9.25, 10],"texture":"#0"},"south":{"uv":[9.75, 6.75, 10.5, 7],"texture":"#0"},"west":{"uv":[9.75, 8.75, 10, 9],"texture":"#0"},"up":{"uv":[10.5, 7.5, 9.75, 7.25],"rotation":180,"texture":"#0"},"down":{"uv":[10.5, 7.5, 9.75, 7.75],"rotation":180,"texture":"#0"}}},{"from":[16.5, -4.5, 7],"to":[18.5, -2.5, 9],"rotation":{"angle":0,"axis":"y","origin":[16.5, -12, 16]},"faces":{"north":{"uv":[9.25, 7.5, 9.75, 8],"texture":"#0"},"east":{"uv":[9.25, 8, 9.75, 8.5],"texture":"#0"},"south":{"uv":[9.25, 6.5, 9.75, 7],"texture":"#0"},"west":{"uv":[9.25, 7, 9.75, 7.5],"texture":"#0"},"up":{"uv":[8.75, 9.75, 8.25, 9.25],"rotation":180,"texture":"#0"},"down":{"uv":[9.75, 8.5, 9.25, 9],"rotation":180,"texture":"#0"}}},{"from":[13.5, -4, 7.5],"to":[16.5, -3, 8.5],"rotation":{"angle":0,"axis":"y","origin":[16.5, -12, 16]},"faces":{"north":{"uv":[9.75, 6, 10.5, 6.25],"texture":"#0"},"east":{"uv":[9.75, 8.5, 10, 8.75],"texture":"#0"},"south":{"uv":[9.75, 2.75, 10.5, 3],"texture":"#0"},"west":{"uv":[8.75, 9.5, 9, 9.75],"texture":"#0"},"up":{"uv":[10.5, 6.5, 9.75, 6.25],"rotation":180,"texture":"#0"},"down":{"uv":[10.5, 6.5, 9.75, 6.75],"rotation":180,"texture":"#0"}}},{"from":[16.5, -2.5, 9.25],"to":[18.5, -0.5, 11.25],"rotation":{"angle":-22.5,"axis":"y","origin":[12.75, 3.75, 10.25]},"faces":{"north":{"uv":[8.75, 4.5, 9.25, 5],"texture":"#0"},"east":{"uv":[8.75, 5, 9.25, 5.5],"texture":"#0"},"south":{"uv":[3.5, 8.75, 4, 9.25],"texture":"#0"},"west":{"uv":[8.75, 4, 9.25, 4.5],"texture":"#0"},"up":{"uv":[9.25, 6.5, 8.75, 6],"rotation":180,"texture":"#0"},"down":{"uv":[9.75, 6, 9.25, 6.5],"rotation":180,"texture":"#0"}}},{"from":[13.5, -2, 9.75],"to":[16.5, -1, 10.75],"rotation":{"angle":-22.5,"axis":"y","origin":[12.75, 3.75, 10.25]},"faces":{"north":{"uv":[9.75, 2, 10.5, 2.25],"texture":"#0"},"east":{"uv":[9.25, 9, 9.5, 9.25],"texture":"#0"},"south":{"uv":[9.75, 7.75, 10.5, 8],"texture":"#0"},"west":{"uv":[7.25, 9.25, 7.5, 9.5],"texture":"#0"},"up":{"uv":[10.5, 2.5, 9.75, 2.25],"rotation":180,"texture":"#0"},"down":{"uv":[10.5, 2.5, 9.75, 2.75],"rotation":180,"texture":"#0"}}},{"from":[3.35, -15.5, -2.5],"to":[5.35, -13.5, -0.5],"rotation":{"angle":22.5,"axis":"y","origin":[5, -12.5, -0.25]},"faces":{"north":{"uv":[9.25, 8, 9.75, 8.5],"texture":"#0"},"east":{"uv":[9.25, 6.5, 9.75, 7],"texture":"#0"},"south":{"uv":[9.25, 7, 9.75, 7.5],"texture":"#0"},"west":{"uv":[9.25, 7.5, 9.75, 8],"texture":"#0"},"up":{"uv":[8.75, 9.75, 8.25, 9.25],"rotation":90,"texture":"#0"},"down":{"uv":[9.75, 8.5, 9.25, 9],"rotation":270,"texture":"#0"}}},{"from":[3.85, -15, -0.5],"to":[4.85, -14, 2.5],"rotation":{"angle":22.5,"axis":"y","origin":[5, -12.5, -0.25]},"faces":{"north":{"uv":[9.75, 8.5, 10, 8.75],"texture":"#0"},"east":{"uv":[9.75, 2.75, 10.5, 3],"texture":"#0"},"south":{"uv":[8.75, 9.5, 9, 9.75],"texture":"#0"},"west":{"uv":[9.75, 6, 10.5, 6.25],"texture":"#0"},"up":{"uv":[10.5, 6.5, 9.75, 6.25],"rotation":90,"texture":"#0"},"down":{"uv":[10.5, 6.5, 9.75, 6.75],"rotation":270,"texture":"#0"}}}],"gui_light":"front","display":{"thirdperson_righthand":{"rotation":[66.5, 0, 0],"translation":[0, -3.75, -3.75],"scale":[0.19, 0.19, 0.19]},"thirdperson_lefthand":{"rotation":[66.5, 0, 0],"translation":[0, -3.75, -3.75],"scale":[0.19, 0.19, 0.19]},"firstperson_righthand":{"translation":[-0.75, 4.25, 0],"scale":[0.30078, 0.30078, 0.30078]},"firstperson_lefthand":{"translation":[-0.75, 4.25, 0],"scale":[0.30078, 0.30078, 0.30078]},"ground":{"translation":[0, 6.75, 0],"scale":[0.31, 0.31, 0.31]},"gui":{"rotation":[30, -135, 0],"translation":[0, 0.75, 0],"scale":[0.33, 0.33, 0.33]},"head":{"scale":[0, 0, 0]},"fixed":{"rotation":[90, 0, 180],"translation":[0, 0, 16],"scale":[2, 2, 2]}},"groups":[{"name":"group","origin":[5, -12.5, -0.25],"color":0,"children":[0,1,2,3,4,5,6,7,8,9,10,11,12,13,14,15,16,17,18,19,20,21,22,23,24,25,26,27,28,29,30,31,32,33,34,35,36,37,38,39,40,41,42,43,44,45,46,47,48,49]}]}