{"texture_size":[128,128],"textures":{"1":"custom/furniture/modern/modernclean_02","particle":"custom/furniture/modern/modernclean_01"},"elements":[{"from":[-11,-16,2],"to":[-9,16,15],"faces":{"north":{"uv":[12.5,0,12.75,4],"texture":"#1"},"east":{"uv":[12.75,0,14.375,4],"texture":"#1"},"south":{"uv":[12.5,0,12.75,4],"texture":"#1"},"west":{"uv":[14.375,0,16,4],"texture":"#1"},"up":{"uv":[4.75,2.375,5,4],"texture":"#1"},"down":{"uv":[4.75,2.375,5,4],"texture":"#1"}}},{"from":[9,-16,2],"to":[11,16,15],"rotation":{"angle":0,"axis":"y","origin":[16,0,0]},"faces":{"north":{"uv":[12.75,0,12.5,4],"texture":"#1"},"east":{"uv":[16,0,14.375,4],"texture":"#1"},"south":{"uv":[12.75,0,12.5,4],"texture":"#1"},"west":{"uv":[14.375,0,12.75,4],"texture":"#1"},"up":{"uv":[5,2.375,4.75,4],"texture":"#1"},"down":{"uv":[5,2.375,4.75,4],"texture":"#1"}}},{"from":[-9,-16,13],"to":[9,16,15],"faces":{"north":{"uv":[11.5,4,13.75,8],"texture":"#1"},"east":{"uv":[0,0,0.25,4],"texture":"#1"},"south":{"uv":[13.75,4,16,8],"texture":"#1"},"west":{"uv":[0,0,0.25,4],"texture":"#1"},"up":{"uv":[1.3125,5.125,3.5625,5.375],"texture":"#1"},"down":{"uv":[1.3125,5.125,3.5625,5.375],"texture":"#1"}}},{"from":[-9,15,2],"to":[9,17,13],"faces":{"north":{"uv":[10.25,1.625,12.5,1.375],"texture":"#1"},"east":{"uv":[8.1875,0.75,9.5625,1],"texture":"#1"},"south":{"uv":[10.25,1.375,12.5,1.625],"texture":"#1"},"west":{"uv":[8.1875,0.75,9.5625,1],"texture":"#1"},"up":{"uv":[8,0,10.25,1.375],"texture":"#1"},"down":{"uv":[5.75,0,8,1.375],"texture":"#1"}}},{"from":[-9,-15,2],"to":[9,-13,13],"faces":{"north":{"uv":[10.25,1.375,12.5,1.625],"texture":"#1"},"east":{"uv":[8.1875,0.75,9.5625,1],"texture":"#1"},"south":{"uv":[10.25,1.375,12.5,1.625],"texture":"#1"},"west":{"uv":[8.1875,0.75,9.5625,1],"texture":"#1"},"up":{"uv":[8,1.375,10.25,0],"texture":"#1"},"down":{"uv":[5.75,0,8,1.375],"texture":"#1"}}},{"from":[-9,8,3],"to":[9,9,13],"faces":{"north":{"uv":[8,1.375,10.25,1.5],"texture":"#1"},"east":{"uv":[7.9375,1.125,9.1875,1.25],"texture":"#1"},"south":{"uv":[8,1.375,10.25,1.5],"texture":"#1"},"west":{"uv":[7.9375,1.125,9.1875,1.25],"texture":"#1"},"up":{"uv":[8,0,10.25,1.25],"texture":"#1"},"down":{"uv":[8,0,10.25,1.25],"texture":"#1"}}},{"from":[-9,0,3],"to":[9,1,13],"faces":{"north":{"uv":[8,1.375,10.25,1.5],"texture":"#1"},"east":{"uv":[7.9375,1.125,9.1875,1.25],"texture":"#1"},"south":{"uv":[8,1.375,10.25,1.5],"texture":"#1"},"west":{"uv":[7.9375,1.125,9.1875,1.25],"texture":"#1"},"up":{"uv":[8,0,10.25,1.25],"texture":"#1"},"down":{"uv":[8,0,10.25,1.25],"texture":"#1"}}},{"from":[-9,-8,3],"to":[9,-7,13],"faces":{"north":{"uv":[8,1.375,10.25,1.5],"texture":"#1"},"east":{"uv":[7.9375,1.125,9.1875,1.25],"texture":"#1"},"south":{"uv":[8,1.375,10.25,1.5],"texture":"#1"},"west":{"uv":[7.9375,1.125,9.1875,1.25],"texture":"#1"},"up":{"uv":[8,0,10.25,1.25],"texture":"#1"},"down":{"uv":[8,0,10.25,1.25],"texture":"#1"}}},{"from":[-12,16,1],"to":[12,18,16],"faces":{"north":{"uv":[9.5,3.5,12.5,3.75],"texture":"#1"},"east":{"uv":[10.625,3.75,12.5,4],"texture":"#1"},"south":{"uv":[9.5,3.5,12.5,3.75],"texture":"#1"},"west":{"uv":[10.625,3.75,12.5,4],"texture":"#1"},"up":{"uv":[12.5,1.625,9.5,3.5],"texture":"#1"},"down":{"uv":[9.5,3.5,12.5,1.625],"texture":"#1"}}},{"from":[-9,1,5],"to":[-7,7,10],"faces":{"north":{"uv":[8.375,2.75,8.625,3.5],"texture":"#1"},"east":{"uv":[8.375,2.75,7.75,3.5],"texture":"#1"},"south":{"uv":[8.625,2.75,8.875,3.5],"texture":"#1"},"west":{"uv":[7.75,2.75,8.375,3.5],"texture":"#1"},"up":{"uv":[9.125,3.5,8.875,2.875],"texture":"#1"},"down":{"uv":[9.125,2.875,8.875,3.5],"texture":"#1"}}},{"from":[-9,-7,8],"to":[-4,-1,10],"rotation":{"angle":22.5,"axis":"y","origin":[0,0,0]},"faces":{"north":{"uv":[7.75,2.75,8.375,3.5],"texture":"#1"},"east":{"uv":[8.375,2.75,8.625,3.5],"texture":"#1"},"south":{"uv":[8.375,2.75,7.75,3.5],"texture":"#1"},"west":{"uv":[8.625,2.75,8.875,3.5],"texture":"#1"},"up":{"uv":[9.125,3.5,8.875,2.875],"rotation":90,"texture":"#1"},"down":{"uv":[9.125,2.875,8.875,3.5],"rotation":270,"texture":"#1"}}},{"from":[1.8,2.5,5],"to":[3.8,8.5,10],"rotation":{"angle":-22.5,"axis":"z","origin":[0,0,0]},"faces":{"north":{"uv":[8.375,2.75,8.625,3.5],"texture":"#1"},"east":{"uv":[8.375,2.75,7.75,3.5],"texture":"#1"},"south":{"uv":[8.625,2.75,8.875,3.5],"texture":"#1"},"west":{"uv":[7.75,2.75,8.375,3.5],"texture":"#1"},"up":{"uv":[9.125,3.5,8.875,2.875],"texture":"#1"},"down":{"uv":[9.125,2.875,8.875,3.5],"texture":"#1"}}},{"from":[-7,0.1,5],"to":[-5,6.1,10],"faces":{"north":{"uv":[8.375,3.5,8.625,4.25],"texture":"#1"},"east":{"uv":[8.375,3.5,7.75,4.25],"texture":"#1"},"south":{"uv":[8.625,3.5,8.875,4.25],"texture":"#1"},"west":{"uv":[7.75,3.5,8.375,4.25],"texture":"#1"},"up":{"uv":[9.125,4.25,8.875,3.625],"texture":"#1"},"down":{"uv":[9.125,3.625,8.875,4.25],"texture":"#1"}}},{"from":[-10,-11,1],"to":[-4,-9,6],"rotation":{"angle":22.5,"axis":"y","origin":[0,0,0]},"faces":{"north":{"uv":[8.375,3.5,8.625,4.25],"rotation":90,"texture":"#1"},"east":{"uv":[9.125,3.625,8.875,4.25],"rotation":270,"texture":"#1"},"south":{"uv":[8.625,3.5,8.875,4.25],"rotation":270,"texture":"#1"},"west":{"uv":[9.125,4.25,8.875,3.625],"rotation":270,"texture":"#1"},"up":{"uv":[8.375,3.5,7.75,4.25],"rotation":270,"texture":"#1"},"down":{"uv":[7.75,3.5,8.375,4.25],"rotation":270,"texture":"#1"}}},{"from":[7,-7,6],"to":[9,-1,11],"faces":{"north":{"uv":[8.375,3.5,8.625,4.25],"texture":"#1"},"east":{"uv":[8.375,3.5,7.75,4.25],"texture":"#1"},"south":{"uv":[8.625,3.5,8.875,4.25],"texture":"#1"},"west":{"uv":[7.75,3.5,8.375,4.25],"texture":"#1"},"up":{"uv":[9.125,4.25,8.875,3.625],"texture":"#1"},"down":{"uv":[9.125,3.625,8.875,4.25],"texture":"#1"}}},{"from":[-5,1,6],"to":[-3,7,11],"faces":{"north":{"uv":[8.375,4.25,8.625,5],"texture":"#1"},"east":{"uv":[8.375,4.25,7.75,5],"texture":"#1"},"south":{"uv":[8.625,4.25,8.875,5],"texture":"#1"},"west":{"uv":[7.75,4.25,8.375,5],"texture":"#1"},"up":{"uv":[9.125,5,8.875,4.375],"texture":"#1"},"down":{"uv":[9.125,4.375,8.875,5],"texture":"#1"}}},{"from":[5,-7,7],"to":[7,-1,12],"faces":{"north":{"uv":[8.375,4.25,8.625,5],"texture":"#1"},"east":{"uv":[8.375,4.25,7.75,5],"texture":"#1"},"south":{"uv":[8.625,4.25,8.875,5],"texture":"#1"},"west":{"uv":[7.75,4.25,8.375,5],"texture":"#1"},"up":{"uv":[9.125,5,8.875,4.375],"texture":"#1"},"down":{"uv":[9.125,4.375,8.875,5],"texture":"#1"}}},{"from":[-11,-7,-1],"to":[-5,-5,4],"rotation":{"angle":45,"axis":"y","origin":[0,0,0]},"faces":{"north":{"uv":[8.375,4.25,8.625,5],"rotation":90,"texture":"#1"},"east":{"uv":[9.125,4.375,8.875,5],"rotation":270,"texture":"#1"},"south":{"uv":[8.625,4.25,8.875,5],"rotation":270,"texture":"#1"},"west":{"uv":[9.125,5,8.875,4.375],"rotation":270,"texture":"#1"},"up":{"uv":[8.375,4.25,7.75,5],"rotation":270,"texture":"#1"},"down":{"uv":[7.75,4.25,8.375,5],"rotation":270,"texture":"#1"}}},{"from":[-5,-13,5],"to":[0,-11,11],"rotation":{"angle":-22.5,"axis":"y","origin":[0,0,0]},"faces":{"north":{"uv":[9.125,4.375,8.875,5],"rotation":270,"texture":"#1"},"east":{"uv":[8.625,4.25,8.875,5],"rotation":270,"texture":"#1"},"south":{"uv":[9.125,5,8.875,4.375],"rotation":270,"texture":"#1"},"west":{"uv":[8.375,4.25,8.625,5],"rotation":90,"texture":"#1"},"up":{"uv":[8.375,4.25,7.75,5],"rotation":180,"texture":"#1"},"down":{"uv":[7.75,4.25,8.375,5],"texture":"#1"}}},{"from":[3.8,3.4,6],"to":[5.8,9.4,11],"rotation":{"angle":-22.5,"axis":"z","origin":[0,0,0]},"faces":{"north":{"uv":[8.375,4.25,8.625,5],"texture":"#1"},"east":{"uv":[8.375,4.25,7.75,5],"texture":"#1"},"south":{"uv":[8.625,4.25,8.875,5],"texture":"#1"},"west":{"uv":[7.75,4.25,8.375,5],"texture":"#1"},"up":{"uv":[9.125,5,8.875,4.375],"texture":"#1"},"down":{"uv":[9.125,4.375,8.875,5],"texture":"#1"}}},{"from":[1,9,9],"to":[4,11,12],"rotation":{"angle":22.5,"axis":"y","origin":[0,0,0]},"faces":{"north":{"uv":[3.6875,4.3125,4.0625,4.5625],"texture":"#1"},"east":{"uv":[3.6875,4.3125,4.0625,4.5625],"texture":"#1"},"south":{"uv":[3.6875,4.3125,4.0625,4.5625],"texture":"#1"},"west":{"uv":[3.6875,4.3125,4.0625,4.5625],"texture":"#1"},"up":{"uv":[3.6875,4.5625,4.0625,4.9375],"texture":"#1"},"down":{"uv":[3.6875,4.5625,4.0625,4.9375],"texture":"#1"}}},{"from":[-0.2,11,10.5],"to":[4.8,14,10.5],"rotation":{"angle":22.5,"axis":"y","origin":[0,0,0]},"faces":{"north":{"uv":[4.0625,4.3125,4.6875,4.6875],"texture":"#1"},"east":{"uv":[0,0,0,0.375],"texture":"#missing"},"south":{"uv":[4.6875,4.3125,4.0625,4.6875],"texture":"#1"},"west":{"uv":[0,0,0,0.375],"texture":"#missing"},"up":{"uv":[0,0,0.625,0],"texture":"#missing"},"down":{"uv":[0,0,0.625,0],"texture":"#missing"}}},{"from":[4,9,6],"to":[6,10.5,8],"rotation":{"angle":-22.5,"axis":"y","origin":[0,0,0]},"faces":{"north":{"uv":[4.5625,4.125,4.8125,4.3125],"texture":"#1"},"east":{"uv":[4.5625,4.125,4.8125,4.3125],"texture":"#1"},"south":{"uv":[4.5625,4.125,4.8125,4.3125],"texture":"#1"},"west":{"uv":[4.5625,4.125,4.8125,4.3125],"texture":"#1"},"up":{"uv":[4.75,4.3125,5,4.5625],"texture":"#1"},"down":{"uv":[4.75,4.3125,5,4.5625],"texture":"#1"}}},{"from":[2.7,10.5,7],"to":[6.7,13,7],"rotation":{"angle":-22.5,"axis":"y","origin":[0,0,0]},"faces":{"north":{"uv":[4.0625,4.6875,4.5625,5],"texture":"#1"},"east":{"uv":[4.5625,4.125,4.8125,4.3125],"texture":"#1"},"south":{"uv":[4.5625,4.6875,4.0625,5],"texture":"#1"},"west":{"uv":[4.5625,4.125,4.8125,4.3125],"texture":"#1"},"up":{"uv":[4.75,4.3125,5,4.5625],"texture":"#1"},"down":{"uv":[4.75,4.3125,5,4.5625],"texture":"#1"}}},{"from":[1.7,-11.5,8],"to":[5.7,-9,8],"rotation":{"angle":22.5,"axis":"y","origin":[0,0,0]},"faces":{"north":{"uv":[4.0625,4.6875,4.5625,5],"texture":"#1"},"east":{"uv":[4.5625,4.125,4.8125,4.3125],"texture":"#1"},"south":{"uv":[4.5625,4.6875,4.0625,5],"texture":"#1"},"west":{"uv":[4.5625,4.125,4.8125,4.3125],"texture":"#1"},"up":{"uv":[4.75,4.3125,5,4.5625],"texture":"#1"},"down":{"uv":[4.75,4.3125,5,4.5625],"texture":"#1"}}},{"from":[3,-13,7],"to":[5,-11.5,9],"rotation":{"angle":22.5,"axis":"y","origin":[0,0,0]},"faces":{"north":{"uv":[4.5625,4.125,4.8125,4.3125],"texture":"#1"},"east":{"uv":[4.5625,4.125,4.8125,4.3125],"texture":"#1"},"south":{"uv":[4.5625,4.125,4.8125,4.3125],"texture":"#1"},"west":{"uv":[4.5625,4.125,4.8125,4.3125],"texture":"#1"},"up":{"uv":[4.75,4.3125,5,4.5625],"texture":"#1"},"down":{"uv":[4.75,4.3125,5,4.5625],"texture":"#1"}}}],"gui_light":"front","display":{"thirdperson_righthand":{"rotation":[67.5,0,0],"translation":[1.25,2,1.75],"scale":[0.19,0.19,0.19]},"thirdperson_lefthand":{"rotation":[67.5,0,0],"translation":[-1.5,2,1.75],"scale":[0.19,0.19,0.19]},"firstperson_righthand":{"translation":[3.5,6.75,0],"scale":[0.26758,0.26758,0.26758]},"firstperson_lefthand":{"translation":[-1.25,6.75,0],"scale":[0.26758,0.26758,0.26758]},"ground":{"translation":[2.5,8,0],"scale":[0.32,0.32,0.32]},"gui":{"rotation":[30,-135,0],"translation":[-1.75,0.75,0],"scale":[0.34492,0.34492,0.34492]},"head":{"scale":[0,0,0]},"fixed":{"rotation":[-90,0,0],"translation":[16,-1,-48.05],"scale":[2,2,2]}}}