{"texture_size":[64, 64],"textures":{"0":"custom/furniture/modern/sofa","particle":"custom/furniture/modern/sofa"},"elements":[{"from":[0, 4, 1],"to":[16, 8, 13],"rotation":{"angle":0,"axis":"y","origin":[0, 4, 15]},"faces":{"north":{"uv":[9, 3.875, 13, 4.875],"texture":"#0"},"east":{"uv":[10.5, 0, 13.5, 0.75],"texture":"#0"},"south":{"uv":[9, 3.875, 13, 4.875],"texture":"#0"},"west":{"uv":[10.5, 0, 13.5, 0.75],"texture":"#0"},"up":{"uv":[13.875, 8.125, 9.875, 5.125],"texture":"#0"},"down":{"uv":[13.875, 8.125, 9.875, 5.125],"texture":"#0"}}},{"from":[15.5, 1, 2],"to":[18.5, 9, 14],"rotation":{"angle":-22.5,"axis":"z","origin":[24, 8, 8]},"faces":{"north":{"uv":[9, 6.25, 9.75, 8.25],"texture":"#0"},"east":{"uv":[7.5, 0, 10.5, 2],"texture":"#0"},"south":{"uv":[9.75, 6.25, 9, 8.25],"texture":"#0"},"west":{"uv":[7.5, 0, 10.5, 2],"texture":"#0"},"up":{"uv":[8.25, 8.75, 7.5, 5.75],"texture":"#0"},"down":{"uv":[8.25, 8.75, 7.5, 5.75],"texture":"#0"}}},{"from":[-2.5, 1, 2],"to":[0.5, 9, 14],"rotation":{"angle":22.5,"axis":"z","origin":[-8, 8, 8]},"faces":{"north":{"uv":[9.75, 6.25, 9, 8.25],"texture":"#0"},"east":{"uv":[10.5, 0, 7.5, 2],"texture":"#0"},"south":{"uv":[9, 6.25, 9.75, 8.25],"texture":"#0"},"west":{"uv":[10.5, 0, 7.5, 2],"texture":"#0"},"up":{"uv":[7.5, 8.75, 8.25, 5.75],"texture":"#0"},"down":{"uv":[7.5, 8.75, 8.25, 5.75],"texture":"#0"}}},{"from":[0, 6, 12],"to":[16, 16, 15],"rotation":{"angle":22.5,"axis":"x","origin":[0, 11, 15]},"faces":{"north":{"uv":[0, 10, 4, 12.5],"texture":"#0"},"east":{"uv":[9, 5.75, 8.25, 8.25],"texture":"#0"},"south":{"uv":[0, 10, 4, 12.5],"texture":"#0"},"west":{"uv":[8.25, 5.75, 9, 8.25],"texture":"#0"},"up":{"uv":[4, 13.375, 0, 12.625],"texture":"#0"},"down":{"uv":[4, 13.375, 0, 12.625],"texture":"#0"}}},{"from":[14, 0, 3],"to":[14.8, 2, 3.8],"rotation":{"angle":0,"axis":"y","origin":[20, 3, 4]},"faces":{"north":{"uv":[7.5, 8.75, 7.75, 9.25],"texture":"#0"},"east":{"uv":[7.75, 8.75, 8, 9.25],"texture":"#0"},"south":{"uv":[7.5, 8.75, 7.75, 9.25],"texture":"#0"},"west":{"uv":[7.75, 8.75, 8, 9.25],"texture":"#0"},"up":{"uv":[8.25, 8.75, 8, 9],"texture":"#0"},"down":{"uv":[8.25, 8.75, 8, 9],"texture":"#0"}}},{"from":[1.2, 0, 3],"to":[2, 2, 3.8],"rotation":{"angle":0,"axis":"y","origin":[-4, 3, 4]},"faces":{"north":{"uv":[7.75, 8.75, 7.5, 9.25],"texture":"#0"},"east":{"uv":[8, 8.75, 7.75, 9.25],"texture":"#0"},"south":{"uv":[7.75, 8.75, 7.5, 9.25],"texture":"#0"},"west":{"uv":[8, 8.75, 7.75, 9.25],"texture":"#0"},"up":{"uv":[8, 8.75, 8.25, 9],"texture":"#0"},"down":{"uv":[8, 8.75, 8.25, 9],"texture":"#0"}}},{"from":[14, 0, 12.2],"to":[14.8, 2, 13],"rotation":{"angle":0,"axis":"y","origin":[20, 3, 12]},"faces":{"north":{"uv":[7.75, 8.75, 7.5, 9.25],"texture":"#0"},"east":{"uv":[8, 8.75, 7.75, 9.25],"texture":"#0"},"south":{"uv":[7.75, 8.75, 7.5, 9.25],"texture":"#0"},"west":{"uv":[8, 8.75, 7.75, 9.25],"texture":"#0"},"up":{"uv":[8.25, 9, 8, 8.75],"texture":"#0"},"down":{"uv":[8.25, 9, 8, 8.75],"texture":"#0"}}},{"from":[1.2, 0, 12.2],"to":[2, 2, 13],"rotation":{"angle":0,"axis":"y","origin":[-4, 3, 12]},"faces":{"north":{"uv":[7.5, 8.75, 7.75, 9.25],"texture":"#0"},"east":{"uv":[7.75, 8.75, 8, 9.25],"texture":"#0"},"south":{"uv":[7.5, 8.75, 7.75, 9.25],"texture":"#0"},"west":{"uv":[7.75, 8.75, 8, 9.25],"texture":"#0"},"up":{"uv":[8, 9, 8.25, 8.75],"texture":"#0"},"down":{"uv":[8, 9, 8.25, 8.75],"texture":"#0"}}},{"from":[9, 7, 10],"to":[15, 13, 12],"rotation":{"angle":22.5,"axis":"y","origin":[8, 7, 10]},"faces":{"north":{"uv":[7.5, 4.25, 9, 5.75],"texture":"#0"},"east":{"uv":[4.25, 8.75, 4.75, 10.25],"texture":"#0"},"south":{"uv":[7.5, 4.25, 9, 5.75],"texture":"#0"},"west":{"uv":[4.25, 8.75, 4.75, 10.25],"texture":"#0"},"up":{"uv":[6.25, 9.25, 4.75, 8.75],"texture":"#0"},"down":{"uv":[6.25, 9.25, 4.75, 8.75],"texture":"#0"}}},{"from":[1, 6.61732, 9.07612],"to":[5, 10.61732, 10.07612],"rotation":{"angle":22.5,"axis":"x","origin":[5, 7, 11]},"faces":{"north":{"uv":[0, 8.75, 1, 9.75],"texture":"#0"},"east":{"uv":[6.25, 8.75, 6.5, 9.75],"texture":"#0"},"south":{"uv":[0, 8.75, 1, 9.75],"texture":"#0"},"west":{"uv":[6.25, 8.75, 6.5, 9.75],"texture":"#0"},"up":{"uv":[7.5, 9, 6.5, 8.75],"texture":"#0"},"down":{"uv":[7.5, 9, 6.5, 8.75],"texture":"#0"}}},{"from":[0, 2, 0.75],"to":[16, 4, 13.25],"rotation":{"angle":0,"axis":"y","origin":[0, 1, 0]},"faces":{"north":{"uv":[12, 12.375, 16, 12.875],"texture":"#0"},"east":{"uv":[10.75, 8.25, 13.875, 8.75],"texture":"#0"},"south":{"uv":[12, 12.375, 16, 12.875],"texture":"#0"},"west":{"uv":[10.75, 8.25, 13.875, 8.75],"texture":"#0"},"up":{"uv":[16, 12.875, 12, 16],"texture":"#0"},"down":{"uv":[5.875, 0, 1.875, 3.125],"texture":"#0"}}}],"gui_light":"front","display":{"thirdperson_righthand":{"translation":[0, 0.25, 0.25],"scale":[0.27, 0.27, 0.27]},"thirdperson_lefthand":{"translation":[0, 0.25, 0.25],"scale":[0.27, 0.27, 0.27]},"firstperson_righthand":{"translation":[0, 0.25, 0.25],"scale":[0.27, 0.27, 0.27]},"firstperson_lefthand":{"translation":[0, 0.25, 0.25],"scale":[0.27, 0.27, 0.27]},"ground":{"translation":[0, 2.5, 0],"scale":[0.42, 0.42, 0.42]},"gui":{"rotation":[30, -135, 0],"translation":[0, -0.5, 0],"scale":[0.51891, 0.51891, 0.51891]},"head":{"scale":[0, 0, 0]},"fixed":{"rotation":[-90, 0, 0],"translation":[0, 1.5, -18.75],"scale":[2.34531, 2.34531, 2.34531]}}}