{"texture_size":[128,128],"textures":{"0":"custom/furniture/modern/modernclean_01","particle":"custom/furniture/modern/modernclean_01"},"elements":[{"from":[-16,14,1],"to":[16,16,15],"faces":{"north":{"uv":[12,5.625,16,5.375],"texture":"#0"},"east":{"uv":[7.25,4.0625,9,3.8125],"texture":"#0"},"south":{"uv":[12,5.625,16,5.375],"texture":"#0"},"west":{"uv":[7.25,4.0625,9,3.8125],"texture":"#0"},"up":{"uv":[12,3.125,16,4.875],"texture":"#0"},"down":{"uv":[12,4.875,16,3.125],"texture":"#0"}}},{"from":[-15,8,2],"to":[15,14,14],"faces":{"north":{"uv":[5.875,13.5,9.625,14.25],"texture":"#0"},"east":{"uv":[4.5,10.25,6,11],"texture":"#0"},"south":{"uv":[5.875,14.75,9.625,15.5],"texture":"#0"},"west":{"uv":[4.5,10.25,6,11],"texture":"#0"},"up":{"uv":[9.625,14.5,13.375,16],"texture":"#0"},"down":{"uv":[9.625,14.5,13.375,16],"texture":"#0"}}},{"from":[-15,2,2],"to":[15,8,14],"rotation":{"angle":0,"axis":"y","origin":[0,16,0]},"faces":{"north":{"uv":[5.875,13.5,9.625,14.25],"texture":"#0"},"east":{"uv":[6,11,4.5,10.25],"texture":"#0"},"south":{"uv":[9.625,15.5,5.875,14.75],"texture":"#0"},"west":{"uv":[6,11,4.5,10.25],"texture":"#0"},"up":{"uv":[9.625,16,13.375,14.5],"texture":"#0"},"down":{"uv":[9.625,16,13.375,14.5],"texture":"#0"}}},{"from":[-3,10.5,1.5],"to":[3,11.5,2.5],"faces":{"north":{"uv":[3.75,2.8125,4.5,2.9375],"rotation":180,"texture":"#0"},"east":{"uv":[5.375,2.8125,5.5,2.9375],"rotation":180,"texture":"#0"},"south":{"uv":[3.75,2.8125,4.5,2.9375],"rotation":180,"texture":"#0"},"west":{"uv":[5.375,2.8125,5.5,2.9375],"rotation":180,"texture":"#0"},"up":{"uv":[3.75,2.8125,4.5,2.9375],"rotation":180,"texture":"#0"},"down":{"uv":[3.75,2.8125,4.5,2.9375],"rotation":180,"texture":"#0"}}},{"from":[-3,4.5,1.5],"to":[3,5.5,2.5],"faces":{"north":{"uv":[3.75,2.8125,4.5,2.9375],"rotation":180,"texture":"#0"},"east":{"uv":[5.375,2.8125,5.5,2.9375],"rotation":180,"texture":"#0"},"south":{"uv":[3.75,2.8125,4.5,2.9375],"rotation":180,"texture":"#0"},"west":{"uv":[5.375,2.8125,5.5,2.9375],"rotation":180,"texture":"#0"},"up":{"uv":[3.75,2.8125,4.5,2.9375],"rotation":180,"texture":"#0"},"down":{"uv":[3.75,2.8125,4.5,2.9375],"rotation":180,"texture":"#0"}}},{"from":[11,0,2.5],"to":[14,2,5.5],"faces":{"north":{"uv":[2.75,4,3.125,4.25],"texture":"#0"},"east":{"uv":[2.75,4,3.125,4.25],"texture":"#0"},"south":{"uv":[2.75,4,3.125,4.25],"texture":"#0"},"west":{"uv":[2.75,4,3.125,4.25],"texture":"#0"},"up":{"uv":[2.75,4.25,3.125,4.625],"texture":"#0"},"down":{"uv":[2.75,4.25,3.125,4.625],"texture":"#0"}}},{"from":[11,0,10.5],"to":[14,2,13.5],"faces":{"north":{"uv":[2.75,4,3.125,4.25],"texture":"#0"},"east":{"uv":[2.75,4,3.125,4.25],"texture":"#0"},"south":{"uv":[2.75,4,3.125,4.25],"texture":"#0"},"west":{"uv":[2.75,4,3.125,4.25],"texture":"#0"},"up":{"uv":[2.75,4.25,3.125,4.625],"texture":"#0"},"down":{"uv":[2.75,4.25,3.125,4.625],"texture":"#0"}}},{"from":[-14,0,10.5],"to":[-11,2,13.5],"rotation":{"angle":0,"axis":"y","origin":[16,0,0]},"faces":{"north":{"uv":[3.125,4,2.75,4.25],"texture":"#0"},"east":{"uv":[3.125,4,2.75,4.25],"texture":"#0"},"south":{"uv":[3.125,4,2.75,4.25],"texture":"#0"},"west":{"uv":[3.125,4,2.75,4.25],"texture":"#0"},"up":{"uv":[3.125,4.25,2.75,4.625],"texture":"#0"},"down":{"uv":[3.125,4.25,2.75,4.625],"texture":"#0"}}},{"from":[-14,0,2.5],"to":[-11,2,5.5],"rotation":{"angle":0,"axis":"y","origin":[16,0,0]},"faces":{"north":{"uv":[3.125,4,2.75,4.25],"texture":"#0"},"east":{"uv":[3.125,4,2.75,4.25],"texture":"#0"},"south":{"uv":[3.125,4,2.75,4.25],"texture":"#0"},"west":{"uv":[3.125,4,2.75,4.25],"texture":"#0"},"up":{"uv":[3.125,4.25,2.75,4.625],"texture":"#0"},"down":{"uv":[3.125,4.25,2.75,4.625],"texture":"#0"}}}],"gui_light":"front","display":{"thirdperson_righthand":{"rotation":[67.5,0,0],"translation":[1.75,1.25,0.25],"scale":[0.21555,0.21555,0.21555]},"thirdperson_lefthand":{"rotation":[67.5,0,0],"translation":[-1.5,1.25,0.25],"scale":[0.21555,0.21555,0.21555]},"firstperson_righthand":{"translation":[5,2,-2],"scale":[0.34688,0.34688,0.34688]},"firstperson_lefthand":{"translation":[-1,2,-2],"scale":[0.34688,0.34688,0.34688]},"ground":{"translation":[2.5,5,1.25],"scale":[0.33,0.33,0.33]},"gui":{"rotation":[30,-135,0],"translation":[-2.5,-1.75,0],"scale":[0.45328,0.45328,0.45328]},"head":{"scale":[0,0,0]},"fixed":{"rotation":[-90,0,0],"translation":[0,0,-16],"scale":[2,2,2]}}}