{"texture_size":[256, 256],"textures":{"0":"custom/furniture/medieval_market/medievalmarket","particle":"custom/furniture/medieval_market/medievalmarket"},"elements":[{"from":[2, -10, 2],"to":[14, 1, 14],"faces":{"north":{"uv":[2.25, 9.125, 3, 9.8125],"texture":"#0"},"east":{"uv":[2.25, 9.125, 3, 9.8125],"texture":"#0"},"south":{"uv":[2.25, 9.125, 3, 9.8125],"texture":"#0"},"west":{"uv":[2.25, 9.125, 3, 9.8125],"texture":"#0"},"up":{"uv":[3, 9.8125, 2.25, 9.0625],"rotation":90,"texture":"#0"},"down":{"uv":[3, 9.8125, 2.25, 9.0625],"rotation":90,"texture":"#0"}}},{"from":[4.5, 1, 8],"to":[4.5, 5, 15],"faces":{"north":{"uv":[13.875, 1.375, 13.875, 1.625],"texture":"#0"},"east":{"uv":[9.6875, 1.125, 9.25, 1.375],"texture":"#0"},"south":{"uv":[13.875, 1.375, 13.875, 1.625],"texture":"#0"},"west":{"uv":[9.25, 1.125, 9.6875, 1.375],"texture":"#0"},"up":{"uv":[10.875, 1.375, 11.3125, 1.375],"rotation":90,"texture":"#0"},"down":{"uv":[10.875, 1.375, 11.3125, 1.375],"rotation":270,"texture":"#0"}}},{"from":[7.5, 18.8, -2],"to":[7.5, 22.8, 5],"faces":{"north":{"uv":[13.875, 1.375, 13.875, 1.625],"texture":"#0"},"east":{"uv":[9.6875, 1.375, 9.25, 1.625],"texture":"#0"},"south":{"uv":[13.875, 1.375, 13.875, 1.625],"texture":"#0"},"west":{"uv":[9.25, 1.375, 9.6875, 1.625],"texture":"#0"},"up":{"uv":[10.875, 1.375, 11.3125, 1.375],"rotation":90,"texture":"#0"},"down":{"uv":[10.875, 1.375, 11.3125, 1.375],"rotation":270,"texture":"#0"}}},{"from":[6, 24, -1],"to":[10, 28, 31],"rotation":{"angle":0,"axis":"y","origin":[0, 0, 16]},"faces":{"north":{"uv":[1.1875, 5.8125, 1.4375, 5.5625],"rotation":90,"texture":"#0"},"east":{"uv":[0, 4.6875, 0.25, 6.6875],"rotation":270,"texture":"#0"},"south":{"uv":[1.1875, 5.8125, 1.4375, 5.5625],"rotation":90,"texture":"#0"},"west":{"uv":[0, 4.6875, 0.25, 6.6875],"rotation":90,"texture":"#0"},"up":{"uv":[0.5, 4.6875, 0.25, 6.6875],"rotation":180,"texture":"#0"},"down":{"uv":[0.5, 4.6875, 0.25, 6.6875],"texture":"#0"}}},{"from":[3.9, 21.4, 2.5],"to":[5.1, 30.6, 3.5],"rotation":{"angle":0,"axis":"y","origin":[16, 0, 0]},"faces":{"north":{"uv":[9.95, 2.71875, 9.875, 3.29375],"texture":"#0"},"east":{"uv":[9.875, 2.71875, 9.8125, 3.29375],"texture":"#0"},"south":{"uv":[9.95, 2.71875, 9.875, 3.29375],"texture":"#0"},"west":{"uv":[9.875, 2.71875, 9.8125, 3.29375],"texture":"#0"},"up":{"uv":[9.8125, 2.7, 9.875, 2.625],"rotation":90,"texture":"#0"},"down":{"uv":[9.8125, 2.7, 9.875, 2.625],"rotation":270,"texture":"#0"}}},{"from":[3.9, 21.4, 12.5],"to":[5.1, 30.6, 13.5],"rotation":{"angle":0,"axis":"y","origin":[16, 0, 0]},"faces":{"north":{"uv":[9.95, 2.71875, 9.875, 3.29375],"texture":"#0"},"east":{"uv":[9.875, 2.71875, 9.8125, 3.29375],"texture":"#0"},"south":{"uv":[9.95, 2.71875, 9.875, 3.29375],"texture":"#0"},"west":{"uv":[9.875, 2.71875, 9.8125, 3.29375],"texture":"#0"},"up":{"uv":[9.8125, 2.7, 9.875, 2.625],"rotation":90,"texture":"#0"},"down":{"uv":[9.8125, 2.7, 9.875, 2.625],"rotation":270,"texture":"#0"}}},{"from":[5.9, 23.9, 20.2],"to":[10.1, 28.1, 21.2],"rotation":{"angle":0,"axis":"y","origin":[16, 0, 0]},"faces":{"north":{"uv":[10.1375, 2.71875, 9.875, 2.98125],"texture":"#0"},"east":{"uv":[9.875, 2.71875, 9.8125, 2.98125],"texture":"#0"},"south":{"uv":[10.23125, 2.71875, 9.96875, 2.98125],"texture":"#0"},"west":{"uv":[9.875, 2.71875, 9.8125, 2.98125],"texture":"#0"},"up":{"uv":[9.8125, 2.98125, 9.875, 2.71875],"rotation":90,"texture":"#0"},"down":{"uv":[9.8125, 2.98125, 9.875, 2.71875],"rotation":90,"texture":"#0"}}},{"from":[4.8, 20.5, 12.9],"to":[11.2, 21.5, 22.1],"rotation":{"angle":-22.5,"axis":"x","origin":[16, -0.3, 0]},"faces":{"north":{"uv":[9.8125, 3.11875, 9.875, 2.71875],"rotation":270,"texture":"#0"},"east":{"uv":[9.875, 2.71875, 9.8125, 3.29375],"rotation":270,"texture":"#0"},"south":{"uv":[9.8125, 3.11875, 9.875, 2.71875],"rotation":90,"texture":"#0"},"west":{"uv":[9.875, 2.71875, 9.8125, 3.29375],"rotation":90,"texture":"#0"},"up":{"uv":[10.36875, 3, 9.96875, 3.575],"rotation":180,"texture":"#0"},"down":{"uv":[10.36875, 3, 9.96875, 3.575],"rotation":180,"texture":"#0"}}},{"from":[4.9, 26.5, -7.1],"to":[11.1, 27.5, 2.1],"rotation":{"angle":22.5,"axis":"x","origin":[16, -0.3, 0]},"faces":{"north":{"uv":[9.8125, 3.10625, 9.875, 2.71875],"rotation":270,"texture":"#0"},"east":{"uv":[9.875, 2.71875, 9.8125, 3.29375],"rotation":270,"texture":"#0"},"south":{"uv":[9.8125, 3.10625, 9.875, 2.71875],"rotation":90,"texture":"#0"},"west":{"uv":[9.875, 2.71875, 9.8125, 3.29375],"rotation":90,"texture":"#0"},"up":{"uv":[10.35625, 3, 9.96875, 3.575],"rotation":180,"texture":"#0"},"down":{"uv":[10.35625, 3, 9.96875, 3.575],"rotation":180,"texture":"#0"}}},{"from":[4.9, 18.5, -6.3],"to":[11.1, 19.5, 0.9],"rotation":{"angle":22.5,"axis":"x","origin":[16, -8.3, 0]},"faces":{"north":{"uv":[9.8125, 3.10625, 9.875, 2.71875],"rotation":270,"texture":"#0"},"east":{"uv":[9.875, 2.71875, 9.8125, 3.16875],"rotation":270,"texture":"#0"},"south":{"uv":[9.8125, 3.10625, 9.875, 2.71875],"rotation":90,"texture":"#0"},"west":{"uv":[9.875, 2.71875, 9.8125, 3.16875],"rotation":90,"texture":"#0"},"up":{"uv":[10.35625, 3, 9.96875, 3.45],"rotation":180,"texture":"#0"},"down":{"uv":[10.35625, 3, 9.96875, 3.45],"rotation":180,"texture":"#0"}}},{"from":[4.8, 12.5, 13.9],"to":[11.2, 13.5, 21.1],"rotation":{"angle":-22.5,"axis":"x","origin":[16, -8.3, 0]},"faces":{"north":{"uv":[9.8125, 3.11875, 9.875, 2.71875],"rotation":270,"texture":"#0"},"east":{"uv":[9.875, 2.71875, 9.8125, 3.16875],"rotation":270,"texture":"#0"},"south":{"uv":[9.8125, 3.11875, 9.875, 2.71875],"rotation":90,"texture":"#0"},"west":{"uv":[9.875, 2.71875, 9.8125, 3.16875],"rotation":90,"texture":"#0"},"up":{"uv":[10.36875, 3, 9.96875, 3.45],"rotation":180,"texture":"#0"},"down":{"uv":[10.36875, 3, 9.96875, 3.45],"rotation":180,"texture":"#0"}}},{"from":[5.9, 23.9, 25.8],"to":[10.1, 28.1, 26.8],"rotation":{"angle":0,"axis":"y","origin":[16, 0, 0]},"faces":{"north":{"uv":[10.1375, 2.71875, 9.875, 2.98125],"texture":"#0"},"east":{"uv":[9.875, 2.71875, 9.8125, 2.98125],"texture":"#0"},"south":{"uv":[10.23125, 2.71875, 9.96875, 2.98125],"texture":"#0"},"west":{"uv":[9.875, 2.71875, 9.8125, 2.98125],"texture":"#0"},"up":{"uv":[9.8125, 2.98125, 9.875, 2.71875],"rotation":90,"texture":"#0"},"down":{"uv":[9.8125, 2.98125, 9.875, 2.71875],"rotation":90,"texture":"#0"}}},{"from":[7.1, 11.73465, -2.73465],"to":[8.8, 24.73465, -0.73465],"rotation":{"angle":45,"axis":"x","origin":[7.4, -0.75, 11.51535]},"faces":{"north":{"uv":[9.98125, 1, 9.875, 1.8125],"rotation":180,"texture":"#0"},"east":{"uv":[8.0625, 1.875, 7.25, 1.75],"rotation":90,"texture":"#0"},"south":{"uv":[9.875, 1, 9.98125, 1.8125],"texture":"#0"},"west":{"uv":[8.0625, 1.875, 7.25, 1.75],"rotation":270,"texture":"#0"},"up":{"uv":[7.35625, 0.6875, 7.25, 0.8125],"texture":"#0"},"down":{"uv":[7.35625, 0.6875, 7.25, 0.8125],"rotation":180,"texture":"#0"}}},{"from":[7.1, 8.73465, 14.26535],"to":[8.8, 21.73465, 16.26535],"rotation":{"angle":-45,"axis":"x","origin":[7.4, -0.75, 11.51535]},"faces":{"north":{"uv":[9.98125, 1, 9.875, 1.8125],"rotation":180,"texture":"#0"},"east":{"uv":[8.0625, 1.875, 7.25, 1.75],"rotation":90,"texture":"#0"},"south":{"uv":[9.875, 1, 9.98125, 1.8125],"texture":"#0"},"west":{"uv":[8.0625, 1.875, 7.25, 1.75],"rotation":270,"texture":"#0"},"up":{"uv":[7.35625, 0.6875, 7.25, 0.8125],"texture":"#0"},"down":{"uv":[7.35625, 0.6875, 7.25, 0.8125],"rotation":180,"texture":"#0"}}},{"from":[6.9, 15.9, -7.8],"to":[9.1, 19.1, -6.8],"rotation":{"angle":0,"axis":"y","origin":[16, 0, 0]},"faces":{"north":{"uv":[10.0125, 2.71875, 9.875, 2.91875],"texture":"#0"},"east":{"uv":[9.875, 2.71875, 9.8125, 2.91875],"texture":"#0"},"south":{"uv":[10.10625, 2.71875, 9.96875, 2.91875],"texture":"#0"},"west":{"uv":[9.875, 2.71875, 9.8125, 2.91875],"texture":"#0"},"up":{"uv":[9.8125, 2.85625, 9.875, 2.71875],"rotation":90,"texture":"#0"},"down":{"uv":[9.8125, 2.85625, 9.875, 2.71875],"rotation":90,"texture":"#0"}}},{"from":[6.9, 15.9, -2.2],"to":[9.1, 19.1, -1.2],"rotation":{"angle":0,"axis":"y","origin":[16, 0, 0]},"faces":{"north":{"uv":[10.0125, 2.71875, 9.875, 2.91875],"texture":"#0"},"east":{"uv":[9.875, 2.71875, 9.8125, 2.91875],"texture":"#0"},"south":{"uv":[10.10625, 2.71875, 9.96875, 2.91875],"texture":"#0"},"west":{"uv":[9.875, 2.71875, 9.8125, 2.91875],"texture":"#0"},"up":{"uv":[9.8125, 2.85625, 9.875, 2.71875],"rotation":90,"texture":"#0"},"down":{"uv":[9.8125, 2.85625, 9.875, 2.71875],"rotation":90,"texture":"#0"}}},{"from":[4, 21.5, 0],"to":[5, 24.5, 17],"rotation":{"angle":0,"axis":"y","origin":[16, 0, 0]},"faces":{"north":{"uv":[2.28125, 6.28125, 2.21875, 6.46875],"texture":"#0"},"east":{"uv":[0.9375, 7.53125, 0, 7.71875],"texture":"#0"},"south":{"uv":[2.28125, 6.28125, 2.21875, 6.46875],"texture":"#0"},"west":{"uv":[1.0625, 7.53125, 0, 7.71875],"texture":"#0"},"up":{"uv":[0, 7.78125, 0.9375, 7.71875],"rotation":90,"texture":"#0"},"down":{"uv":[0, 7.78125, 0.9375, 7.71875],"rotation":270,"texture":"#0"}}},{"from":[4, 24.5, -1],"to":[5, 27.5, 16],"rotation":{"angle":0,"axis":"y","origin":[16, 0, 0]},"faces":{"north":{"uv":[2.28125, 6.28125, 2.21875, 6.46875],"texture":"#0"},"east":{"uv":[0.9375, 7.53125, 0, 7.71875],"texture":"#0"},"south":{"uv":[2.28125, 6.28125, 2.21875, 6.46875],"texture":"#0"},"west":{"uv":[1.0625, 7.53125, 0, 7.71875],"texture":"#0"},"up":{"uv":[0, 7.78125, 0.9375, 7.71875],"rotation":90,"texture":"#0"},"down":{"uv":[0, 7.78125, 0.9375, 7.71875],"rotation":270,"texture":"#0"}}},{"from":[4, 27.5, 0],"to":[5, 30.5, 17],"rotation":{"angle":0,"axis":"y","origin":[16, 0, 0]},"faces":{"north":{"uv":[2.28125, 6.28125, 2.21875, 6.46875],"texture":"#0"},"east":{"uv":[0.9375, 7.53125, 0, 7.71875],"texture":"#0"},"south":{"uv":[2.28125, 6.28125, 2.21875, 6.46875],"texture":"#0"},"west":{"uv":[1.0625, 7.53125, 0, 7.71875],"texture":"#0"},"up":{"uv":[0, 7.78125, 0.9375, 7.71875],"rotation":90,"texture":"#0"},"down":{"uv":[0, 7.78125, 0.9375, 7.71875],"rotation":270,"texture":"#0"}}},{"from":[3.8, 23, 3],"to":[3.8, 30, 11],"rotation":{"angle":0,"axis":"y","origin":[16, 0, 0]},"faces":{"north":{"uv":[8.46875, 3.46875, 8.46875, 4.21875],"texture":"#0"},"east":{"uv":[8.46875, 3.65625, 8.96875, 4.09375],"texture":"#0"},"south":{"uv":[8.46875, 3.46875, 8.46875, 4.21875],"texture":"#0"},"west":{"uv":[8.46875, 3.65625, 8.96875, 4.09375],"texture":"#0"},"up":{"uv":[8.46875, 3.46875, 10.15625, 3.46875],"rotation":90,"texture":"#0"},"down":{"uv":[8.46875, 3.46875, 10.15625, 3.46875],"rotation":270,"texture":"#0"}}},{"from":[0, -16, 0],"to":[16, -10, 16],"faces":{"north":{"uv":[4.03125, 9.6875, 5.03125, 10.0625],"texture":"#0"},"east":{"uv":[4.21875, 9.6875, 5.21875, 10.0625],"texture":"#0"},"south":{"uv":[4.03125, 9.6875, 5.03125, 10.0625],"texture":"#0"},"west":{"uv":[4.21875, 9.6875, 5.21875, 10.0625],"texture":"#0"},"up":{"uv":[2.25, 8.8125, 3.25, 9.8125],"texture":"#0"},"down":{"uv":[2.25, 8.8125, 3.25, 9.8125],"texture":"#0"}}},{"from":[7, 19, -9],"to":[9, 20.5, -5.5],"rotation":{"angle":0,"axis":"y","origin":[7, 20, -9]},"faces":{"north":{"uv":[1.55, 7.41875, 1.675, 7.5125],"texture":"#0"},"east":{"uv":[1.33125, 7.41875, 1.55, 7.5125],"texture":"#0"},"south":{"uv":[1.55, 7.41875, 1.675, 7.5125],"texture":"#0"},"west":{"uv":[1.33125, 7.41875, 1.55, 7.5125],"texture":"#0"},"up":{"uv":[1.8, 7.5125, 1.675, 7.29375],"texture":"#0"},"down":{"uv":[1.8, 7.5125, 1.675, 7.29375],"rotation":180,"texture":"#0"}}},{"from":[7.5, 19.35195, -9.07612],"to":[8.5, 21.85195, -8.07612],"rotation":{"angle":22.5,"axis":"x","origin":[7, 20, -9]},"faces":{"north":{"uv":[1.875, 7.375, 1.9375, 7.53125],"texture":"#0"},"east":{"uv":[1.8125, 7.375, 1.875, 7.53125],"texture":"#0"},"south":{"uv":[1.875, 7.375, 1.9375, 7.53125],"texture":"#0"},"west":{"uv":[1.8125, 7.375, 1.875, 7.53125],"texture":"#0"},"up":{"uv":[1.84375, 7.375, 1.78125, 7.3125],"rotation":180,"texture":"#0"},"down":{"uv":[1.84375, 7.375, 1.78125, 7.3125],"texture":"#0"}}},{"from":[7.4, 21.4, -8.9],"to":[8.6, 22.9, -7.4],"rotation":{"angle":0,"axis":"y","origin":[7, 20, -9]},"faces":{"north":{"uv":[1.54063, 7.21875, 1.61563, 7.3125],"texture":"#0"},"east":{"uv":[1.53125, 7.3125, 1.4375, 7.40625],"texture":"#0"},"south":{"uv":[1.54063, 7.21875, 1.61563, 7.3125],"texture":"#0"},"west":{"uv":[1.4375, 7.3125, 1.53125, 7.40625],"texture":"#0"},"up":{"uv":[1.48125, 7.3125, 1.40625, 7.21875],"texture":"#0"},"down":{"uv":[1.48125, 7.3125, 1.40625, 7.21875],"rotation":180,"texture":"#0"}}},{"from":[7.5, 21.4, -9.9],"to":[8.5, 21.9, -8.9],"rotation":{"angle":0,"axis":"y","origin":[7, 20, -9]},"faces":{"north":{"uv":[1.8125, 7.1875, 1.875, 7.21875],"texture":"#0"},"east":{"uv":[1.8125, 7.15625, 1.875, 7.1875],"texture":"#0"},"south":{"uv":[1.8125, 7.1875, 1.875, 7.21875],"texture":"#0"},"west":{"uv":[1.8125, 7.15625, 1.875, 7.1875],"texture":"#0"},"up":{"uv":[1.875, 7.15625, 1.8125, 7.09375],"texture":"#0"},"down":{"uv":[1.875, 7.15625, 1.8125, 7.09375],"rotation":180,"texture":"#0"}}},{"from":[4.9, 13, 0],"to":[4.9, 19, 5],"rotation":{"angle":22.5,"axis":"x","origin":[1, 0, 0]},"faces":{"north":{"uv":[0.4375, 0.6875, 0.4375, 1],"texture":"#missing"},"east":{"uv":[13.75, 0.6875, 14.0625, 1.0625],"texture":"#0"},"south":{"uv":[0.4375, 0.6875, 0.4375, 1],"texture":"#missing"},"west":{"uv":[13.75, 0.6875, 14.0625, 1.0625],"texture":"#0"},"up":{"uv":[0.4375, 0.6875, 0.75, 0.6875],"rotation":90,"texture":"#missing"},"down":{"uv":[0.4375, 0.6875, 0.75, 0.6875],"rotation":270,"texture":"#missing"}}},{"from":[4.9, 2, 8],"to":[4.9, 7, 11],"rotation":{"angle":-22.5,"axis":"x","origin":[1, 0, 0]},"faces":{"north":{"uv":[0, 0, 0.0625, 0.5],"texture":"#missing"},"east":{"uv":[13.3125, 0.6875, 13.5, 1],"texture":"#0"},"south":{"uv":[0, 0, 0.0625, 0.5],"texture":"#missing"},"west":{"uv":[13.3125, 0.6875, 13.5, 1],"texture":"#0"},"up":{"uv":[0, 0, 0.75, 0.0625],"rotation":90,"texture":"#missing"},"down":{"uv":[0, 0, 0.75, 0.0625],"rotation":270,"texture":"#missing"}}},{"from":[7, 16, -11],"to":[9, 19, 15],"faces":{"north":{"uv":[2.0625, 5.6875, 2.1875, 5.875],"texture":"#0"},"east":{"uv":[5.5, 2.5625, 7.75, 2.75],"texture":"#0"},"south":{"uv":[2.0625, 5.6875, 2.1875, 5.875],"texture":"#0"},"west":{"uv":[5.5, 2.5625, 7.75, 2.75],"texture":"#0"},"up":{"uv":[2.75, 6.9375, 2.625, 4.6875],"texture":"#0"},"down":{"uv":[2.75, 6.9375, 2.625, 4.6875],"texture":"#0"}}},{"from":[5, -6, 5],"to":[11, 32, 11],"rotation":{"angle":0,"axis":"y","origin":[0, 16, 16]},"faces":{"north":{"uv":[0, 10.15625, 0.375, 7.78125],"texture":"#0"},"east":{"uv":[0, 10.15625, 0.375, 7.78125],"texture":"#0"},"south":{"uv":[0, 10.15625, 0.375, 7.78125],"texture":"#0"},"west":{"uv":[0, 10.15625, 0.375, 7.78125],"texture":"#0"},"up":{"uv":[0.375, 7.78125, 0.75, 8.15625],"rotation":90,"texture":"#0"},"down":{"uv":[0.375, 7.78125, 0.75, 8.15625],"rotation":270,"texture":"#0"}}},{"from":[7, 8, 19],"to":[9, 20, 28],"faces":{"north":{"uv":[6.8125, 4.25, 6.9375, 5],"texture":"#0"},"east":{"uv":[6.25, 4.25, 6.8125, 5],"texture":"#0"},"south":{"uv":[6.8125, 4.25, 6.9375, 5],"texture":"#0"},"west":{"uv":[6.25, 4.25, 6.8125, 5],"texture":"#0"},"up":{"uv":[7.0625, 5, 6.9375, 4.4375],"texture":"#0"},"down":{"uv":[7.0625, 5, 6.9375, 4.4375],"texture":"#0"}}},{"from":[6.9, 9, 19],"to":[6.9, 21, 28],"faces":{"north":{"uv":[6.8125, 4.25, 6.9375, 5],"texture":"#0"},"east":{"uv":[7.0625, 4.25, 7.625, 5],"texture":"#0"},"south":{"uv":[6.8125, 4.25, 6.9375, 5],"texture":"#0"},"west":{"uv":[7.0625, 4.25, 7.625, 5],"texture":"#0"},"up":{"uv":[7.0625, 5, 6.9375, 4.4375],"texture":"#0"},"down":{"uv":[7.0625, 5, 6.9375, 4.4375],"texture":"#0"}}},{"from":[6.9, 2, -10.1],"to":[6.9, 11, 0.9],"faces":{"north":{"uv":[6.8125, 4.25, 6.9375, 5],"texture":"#0"},"east":{"uv":[7.625, 4.25, 8.3125, 4.8125],"texture":"#0"},"south":{"uv":[6.8125, 4.25, 6.9375, 5],"texture":"#0"},"west":{"uv":[7.625, 4.25, 8.3125, 4.8125],"texture":"#0"},"up":{"uv":[7.0625, 5, 6.9375, 4.4375],"texture":"#0"},"down":{"uv":[7.0625, 5, 6.9375, 4.4375],"texture":"#0"}}},{"from":[9.1, 2, -10.1],"to":[9.1, 11, 0.9],"rotation":{"angle":0,"axis":"y","origin":[16, 0, 0]},"faces":{"north":{"uv":[6.9375, 4.25, 6.8125, 5],"texture":"#0"},"east":{"uv":[8.3125, 4.25, 7.625, 4.8125],"texture":"#0"},"south":{"uv":[6.9375, 4.25, 6.8125, 5],"texture":"#0"},"west":{"uv":[8.3125, 4.25, 7.625, 4.8125],"texture":"#0"},"up":{"uv":[6.9375, 5, 7.0625, 4.4375],"texture":"#0"},"down":{"uv":[6.9375, 5, 7.0625, 4.4375],"texture":"#0"}}},{"from":[9.1, 9, 19],"to":[9.1, 21, 28],"rotation":{"angle":0,"axis":"y","origin":[16, 0, 0]},"faces":{"north":{"uv":[6.9375, 4.25, 6.8125, 5],"texture":"#0"},"east":{"uv":[7.625, 4.25, 7.0625, 5],"texture":"#0"},"south":{"uv":[6.9375, 4.25, 6.8125, 5],"texture":"#0"},"west":{"uv":[7.625, 4.25, 7.0625, 5],"texture":"#0"},"up":{"uv":[6.9375, 5, 7.0625, 4.4375],"texture":"#0"},"down":{"uv":[6.9375, 5, 7.0625, 4.4375],"texture":"#0"}}},{"from":[8, 20, 19.5],"to":[8, 22, 27.5],"faces":{"north":{"uv":[13.25, 0, 13.25, 0.125],"texture":"#0"},"east":{"uv":[12.75, 0.875, 13.25, 1],"texture":"#0"},"south":{"uv":[13.25, 0, 13.25, 0.125],"texture":"#0"},"west":{"uv":[12.75, 0.875, 13.25, 1],"texture":"#0"},"up":{"uv":[12.75, 0.8125, 13.25, 0.8125],"rotation":90,"texture":"#0"},"down":{"uv":[12.75, 0.8125, 13.25, 0.8125],"rotation":270,"texture":"#0"}}},{"from":[8, 22, 19.5],"to":[8, 25, 27.5],"faces":{"north":{"uv":[6, 4.21875, 6, 4.40625],"texture":"#0"},"east":{"uv":[5.75, 4.21875, 6.25, 4.40625],"texture":"#0"},"south":{"uv":[6, 4.21875, 6, 4.40625],"texture":"#0"},"west":{"uv":[5.75, 4.21875, 6.25, 4.40625],"texture":"#0"},"up":{"uv":[5.5, 5.03125, 6, 5.03125],"rotation":90,"texture":"#0"},"down":{"uv":[5.5, 5.03125, 6, 5.03125],"rotation":270,"texture":"#0"}}},{"from":[8, 13, -8.5],"to":[8, 16, -0.5],"faces":{"north":{"uv":[6, 4.21875, 6, 4.40625],"texture":"#0"},"east":{"uv":[5.75, 4.21875, 6.25, 4.40625],"texture":"#0"},"south":{"uv":[6, 4.21875, 6, 4.40625],"texture":"#0"},"west":{"uv":[5.75, 4.21875, 6.25, 4.40625],"texture":"#0"},"up":{"uv":[5.5, 5.03125, 6, 5.03125],"rotation":90,"texture":"#0"},"down":{"uv":[5.5, 5.03125, 6, 5.03125],"rotation":270,"texture":"#0"}}},{"from":[8, 11, -8.5],"to":[8, 13, -0.5],"faces":{"north":{"uv":[13.25, 0, 13.25, 0.125],"texture":"#0"},"east":{"uv":[12.75, 0.875, 13.25, 1],"texture":"#0"},"south":{"uv":[13.25, 0, 13.25, 0.125],"texture":"#0"},"west":{"uv":[12.75, 0.875, 13.25, 1],"texture":"#0"},"up":{"uv":[12.75, 0.8125, 13.25, 0.8125],"rotation":90,"texture":"#0"},"down":{"uv":[12.75, 0.8125, 13.25, 0.8125],"rotation":270,"texture":"#0"}}},{"from":[7, 2, -10],"to":[9, 11, 1],"faces":{"north":{"uv":[6.8125, 4.25, 6.9375, 4.8125],"texture":"#0"},"east":{"uv":[6.25, 4.28125, 6.9375, 4.84375],"texture":"#0"},"south":{"uv":[6.8125, 4.25, 6.9375, 4.8125],"texture":"#0"},"west":{"uv":[6.25, 4.28125, 6.9375, 4.84375],"texture":"#0"},"up":{"uv":[6.9375, 4.9375, 6.8125, 4.25],"texture":"#0"},"down":{"uv":[6.9375, 4.9375, 6.8125, 4.25],"texture":"#0"}}}],"gui_light":"front","display":{"thirdperson_righthand":{"rotation":[67.5, 0, 0],"translation":[0, 2.5, 3.25],"scale":[0.18945, 0.18945, 0.18945]},"thirdperson_lefthand":{"rotation":[67.5, 0, 0],"translation":[0, 2.5, 3.25],"scale":[0.18945, 0.18945, 0.18945]},"firstperson_righthand":{"rotation":[0, 225, 0],"translation":[0, 4.5, 0],"scale":[0.29258, 0.29258, 0.29258]},"firstperson_lefthand":{"rotation":[0, 225, 0],"translation":[0, 4.5, 0],"scale":[0.29258, 0.29258, 0.29258]},"ground":{"translation":[0, 3, 0],"scale":[0.25, 0.25, 0.25]},"gui":{"rotation":[30, 135, 0],"translation":[-0.5, 0, 0],"scale":[0.28086, 0.28086, 0.28086]},"head":{"translation":[0, -9.75, 0],"scale":[0, 0, 0]},"fixed":{"rotation":[-90, -90, 0],"translation":[0, 0, -48],"scale":[2, 2, 2]}}}