{"texture_size":[256,256],"textures":{"0":"custom/furniture/medieval_market/medievalmarket","particle":"custom/furniture/medieval_market/medievalmarket"},"elements":[{"from":[15,-7.5,0],"to":[19,8,4],"rotation":{"angle":-22.5,"axis":"x","origin":[8,-0.75,11.51535]},"faces":{"north":{"uv":[10.25,1,10,1.96875],"texture":"#0"},"east":{"uv":[10.25,1,10,1.96875],"texture":"#0"},"south":{"uv":[10.25,1,10,1.96875],"texture":"#0"},"west":{"uv":[10.25,1,10,1.96875],"texture":"#0"},"up":{"uv":[10.25,2.21875,10,1.96875],"texture":"#0"},"down":{"uv":[10.25,2.21875,10,1.96875],"texture":"#0"}}},{"from":[15,-1.5,23.5],"to":[19,14,27.5],"rotation":{"angle":0,"axis":"y","origin":[8,-0.75,11.51535]},"faces":{"north":{"uv":[10.25,1,10,1.96875],"texture":"#0"},"east":{"uv":[10.25,1,10,1.96875],"texture":"#0"},"south":{"uv":[10.25,1,10,1.96875],"texture":"#0"},"west":{"uv":[10.25,1,10,1.96875],"texture":"#0"},"up":{"uv":[10.25,2.21875,10,1.96875],"texture":"#0"},"down":{"uv":[10.25,2.21875,10,1.96875],"texture":"#0"}}},{"from":[16,2.5,3],"to":[18,5.5,28],"rotation":{"angle":-22.5,"axis":"x","origin":[8,-0.75,11.51535]},"faces":{"north":{"uv":[2.1875,5.6875,2.0625,5.875],"texture":"#0"},"east":{"uv":[7.25,2.5625,5.6875,2.75],"texture":"#0"},"south":{"uv":[2.1875,5.6875,2.0625,5.875],"texture":"#0"},"west":{"uv":[7.25,2.5625,5.6875,2.75],"texture":"#0"},"up":{"uv":[2.625,5,2.75,6.5625],"texture":"#0"},"down":{"uv":[2.625,5,2.75,6.5625],"texture":"#0"}}},{"from":[16,-2.5,2],"to":[18,0.5,27],"rotation":{"angle":-22.5,"axis":"x","origin":[8,-0.75,11.51535]},"faces":{"north":{"uv":[2.1875,5.6875,2.0625,5.875],"texture":"#0"},"east":{"uv":[7.25,2.5625,5.6875,2.75],"texture":"#0"},"south":{"uv":[2.1875,5.6875,2.0625,5.875],"texture":"#0"},"west":{"uv":[7.25,2.5625,5.6875,2.75],"texture":"#0"},"up":{"uv":[2.625,5,2.75,6.5625],"texture":"#0"},"down":{"uv":[2.625,5,2.75,6.5625],"texture":"#0"}}},{"from":[-3,-1.5,23.5],"to":[1,14,27.5],"rotation":{"angle":0,"axis":"y","origin":[8,-0.75,11.51535]},"faces":{"north":{"uv":[10,1,10.25,1.96875],"texture":"#0"},"east":{"uv":[10,1,10.25,1.96875],"texture":"#0"},"south":{"uv":[10,1,10.25,1.96875],"texture":"#0"},"west":{"uv":[10,1,10.25,1.96875],"texture":"#0"},"up":{"uv":[10,2.21875,10.25,1.96875],"texture":"#0"},"down":{"uv":[10,2.21875,10.25,1.96875],"texture":"#0"}}},{"from":[-2,2.5,3],"to":[0,5.5,28],"rotation":{"angle":-22.5,"axis":"x","origin":[8,-0.75,11.51535]},"faces":{"north":{"uv":[2.0625,5.6875,2.1875,5.875],"texture":"#0"},"east":{"uv":[5.6875,2.5625,7.25,2.75],"texture":"#0"},"south":{"uv":[2.0625,5.6875,2.1875,5.875],"texture":"#0"},"west":{"uv":[5.6875,2.5625,7.25,2.75],"texture":"#0"},"up":{"uv":[2.75,5,2.625,6.5625],"texture":"#0"},"down":{"uv":[2.75,5,2.625,6.5625],"texture":"#0"}}},{"from":[-2,-2.5,2],"to":[0,0.5,27],"rotation":{"angle":-22.5,"axis":"x","origin":[8,-0.75,11.51535]},"faces":{"north":{"uv":[2.0625,5.6875,2.1875,5.875],"texture":"#0"},"east":{"uv":[5.6875,2.5625,7.25,2.75],"texture":"#0"},"south":{"uv":[2.0625,5.6875,2.1875,5.875],"texture":"#0"},"west":{"uv":[5.6875,2.5625,7.25,2.75],"texture":"#0"},"up":{"uv":[2.75,5,2.625,6.5625],"texture":"#0"},"down":{"uv":[2.75,5,2.625,6.5625],"texture":"#0"}}},{"from":[-3,-7.5,0],"to":[1,8,4],"rotation":{"angle":-22.5,"axis":"x","origin":[8,-0.75,11.51535]},"faces":{"north":{"uv":[10,1,10.25,1.96875],"texture":"#0"},"east":{"uv":[10,1,10.25,1.96875],"texture":"#0"},"south":{"uv":[10,1,10.25,1.96875],"texture":"#0"},"west":{"uv":[10,1,10.25,1.96875],"texture":"#0"},"up":{"uv":[10,2.21875,10.25,1.96875],"texture":"#0"},"down":{"uv":[10,2.21875,10.25,1.96875],"texture":"#0"}}},{"from":[15.6,-6.5,-16],"to":[17.6,-4.5,0],"rotation":{"angle":-22.5,"axis":"x","origin":[8,-0.75,11.51535]},"faces":{"north":{"uv":[7.375,0.6875,7.25,0.8125],"texture":"#0"},"east":{"uv":[8.25,1.875,7.25,1.75],"texture":"#0"},"south":{"uv":[7.375,0.6875,7.25,0.8125],"texture":"#0"},"west":{"uv":[7.25,1.875,8.25,1.75],"texture":"#0"},"up":{"uv":[9.875,1,10,2],"texture":"#0"},"down":{"uv":[9.875,1,10,2],"texture":"#0"}}},{"from":[8,-9,12],"to":[20.5,-7,14],"rotation":{"angle":0,"axis":"y","origin":[8,-0.75,11.51535]},"faces":{"north":{"uv":[7.25,1.875,8.03125,1.75],"texture":"#0"},"east":{"uv":[7.375,0.6875,7.25,0.8125],"texture":"#0"},"south":{"uv":[8.03125,1.875,7.25,1.75],"texture":"#0"},"west":{"uv":[7.375,0.6875,7.25,0.8125],"texture":"#0"},"up":{"uv":[9.875,1,10,1.78125],"rotation":90,"texture":"#0"},"down":{"uv":[9.875,1,10,1.78125],"rotation":270,"texture":"#0"}}},{"from":[-4.5,-9,12],"to":[8,-7,14],"rotation":{"angle":0,"axis":"y","origin":[8,-0.75,11.51535]},"faces":{"north":{"uv":[8.03125,1.875,7.25,1.75],"texture":"#0"},"east":{"uv":[7.25,0.6875,7.375,0.8125],"texture":"#0"},"south":{"uv":[7.25,1.875,8.03125,1.75],"texture":"#0"},"west":{"uv":[7.25,0.6875,7.375,0.8125],"texture":"#0"},"up":{"uv":[9.875,1.78125,10,1],"rotation":90,"texture":"#0"},"down":{"uv":[9.875,1.78125,10,1],"rotation":270,"texture":"#0"}}},{"from":[-1.6,-6.5,-16],"to":[0.4,-4.5,0],"rotation":{"angle":-22.5,"axis":"x","origin":[8,-0.75,11.51535]},"faces":{"north":{"uv":[7.25,0.6875,7.375,0.8125],"texture":"#0"},"east":{"uv":[8.25,1.875,7.25,1.75],"texture":"#0"},"south":{"uv":[7.25,0.6875,7.375,0.8125],"texture":"#0"},"west":{"uv":[7.25,1.875,8.25,1.75],"texture":"#0"},"up":{"uv":[10,1,9.875,2],"texture":"#0"},"down":{"uv":[10,1,9.875,2],"texture":"#0"}}},{"from":[1,2.5,1],"to":[8,5.5,3],"rotation":{"angle":-22.5,"axis":"x","origin":[8,-0.75,11.51535]},"faces":{"north":{"uv":[6.15625,2.5625,5.71875,2.75],"texture":"#0"},"east":{"uv":[2.1875,5.6875,2.0625,5.875],"texture":"#0"},"south":{"uv":[6.15625,2.5625,5.71875,2.75],"texture":"#0"},"west":{"uv":[2.1875,5.6875,2.0625,5.875],"texture":"#0"},"up":{"uv":[2.625,5.4375,2.75,5],"rotation":90,"texture":"#0"},"down":{"uv":[2.625,5.4375,2.75,5],"rotation":90,"texture":"#0"}}},{"from":[1,-2.5,1],"to":[8,0.5,3],"rotation":{"angle":-22.5,"axis":"x","origin":[8,-0.75,11.51535]},"faces":{"north":{"uv":[6.15625,2.5625,5.71875,2.75],"texture":"#0"},"east":{"uv":[2.1875,5.6875,2.0625,5.875],"texture":"#0"},"south":{"uv":[6.15625,2.5625,5.71875,2.75],"texture":"#0"},"west":{"uv":[2.1875,5.6875,2.0625,5.875],"texture":"#0"},"up":{"uv":[2.625,5.4375,2.75,5],"rotation":90,"texture":"#0"},"down":{"uv":[2.625,5.4375,2.75,5],"rotation":90,"texture":"#0"}}},{"from":[8,-2.5,1],"to":[15,0.5,3],"rotation":{"angle":-22.5,"axis":"x","origin":[8,-0.75,11.51535]},"faces":{"north":{"uv":[5.71875,2.5625,6.15625,2.75],"texture":"#0"},"east":{"uv":[2.0625,5.6875,2.1875,5.875],"texture":"#0"},"south":{"uv":[5.71875,2.5625,6.15625,2.75],"texture":"#0"},"west":{"uv":[2.0625,5.6875,2.1875,5.875],"texture":"#0"},"up":{"uv":[2.625,5,2.75,5.4375],"rotation":90,"texture":"#0"},"down":{"uv":[2.625,5,2.75,5.4375],"rotation":90,"texture":"#0"}}},{"from":[8,2.5,1],"to":[15,5.5,3],"rotation":{"angle":-22.5,"axis":"x","origin":[8,-0.75,11.51535]},"faces":{"north":{"uv":[5.71875,2.5625,6.15625,2.75],"texture":"#0"},"east":{"uv":[2.0625,5.6875,2.1875,5.875],"texture":"#0"},"south":{"uv":[5.71875,2.5625,6.15625,2.75],"texture":"#0"},"west":{"uv":[2.0625,5.6875,2.1875,5.875],"texture":"#0"},"up":{"uv":[2.625,5,2.75,5.4375],"rotation":90,"texture":"#0"},"down":{"uv":[2.625,5,2.75,5.4375],"rotation":90,"texture":"#0"}}},{"from":[-2.5,-7,0.5],"to":[18.5,-4,26],"rotation":{"angle":-22.5,"axis":"x","origin":[8,-0.75,11.51535]},"faces":{"north":{"uv":[6.0625,3.0625,7.375,3.25],"texture":"#0"},"east":{"uv":[5.75,4.03125,7.34375,4.21875],"texture":"#0"},"south":{"uv":[6.0625,3.0625,7.375,3.25],"texture":"#0"},"west":{"uv":[5.75,4.03125,7.34375,4.21875],"texture":"#0"},"up":{"uv":[9.8125,3.46875,8.5,1.875],"texture":"#0"},"down":{"uv":[9.8125,3.46875,8.5,1.875],"texture":"#0"}}},{"from":[19.5,-16,5],"to":[19.5,0,21],"rotation":{"angle":0,"axis":"y","origin":[19.1,-8.5,11.5]},"faces":{"north":{"uv":[0,0,0,1],"texture":"#missing"},"east":{"uv":[7.375,2.875,8.375,3.875],"texture":"#0"},"south":{"uv":[0,0,0,1],"texture":"#missing"},"west":{"uv":[7.375,2.875,8.375,3.875],"texture":"#0"},"up":{"uv":[0,0,0,1],"texture":"#missing"},"down":{"uv":[0,0,0,1],"texture":"#missing"}}},{"from":[-3.5,-16,5],"to":[-3.5,0,21],"rotation":{"angle":0,"axis":"y","origin":[-3.1,-8.5,11.5]},"faces":{"north":{"uv":[0,0,0,1],"texture":"#missing"},"east":{"uv":[8.375,2.875,7.375,3.875],"texture":"#0"},"south":{"uv":[0,0,0,1],"texture":"#missing"},"west":{"uv":[8.375,2.875,7.375,3.875],"texture":"#0"},"up":{"uv":[0,0,0,1],"texture":"#missing"},"down":{"uv":[0,0,0,1],"texture":"#missing"}}},{"from":[0.5,-8.5,12.3],"to":[15.5,6.5,15.3],"rotation":{"angle":-22.5,"axis":"x","origin":[0,0,0]},"faces":{"north":{"uv":[9.25,0,10.1875,0.9375],"rotation":180,"texture":"#0"},"east":{"uv":[7.25,1,8.1875,1.1875],"rotation":270,"texture":"#0"},"south":{"uv":[9.25,0,10.1875,0.9375],"texture":"#0"},"west":{"uv":[7.25,1,8.1875,1.1875],"rotation":90,"texture":"#0"},"up":{"uv":[7.25,1,8.1875,1.1875],"rotation":180,"texture":"#0"},"down":{"uv":[7.25,1,8.1875,1.1875],"texture":"#0"}}},{"from":[1.5,-7.5,1.8],"to":[14.5,5.5,17.8],"rotation":{"angle":-22.5,"axis":"x","origin":[0,0,0]},"faces":{"north":{"uv":[8.375,0,9.1875,0.8125],"rotation":180,"texture":"#0"},"east":{"uv":[7.5,0,8.3125,1],"rotation":270,"texture":"#0"},"south":{"uv":[8.375,0,9.1875,0.8125],"texture":"#0"},"west":{"uv":[7.5,0,8.3125,1],"rotation":90,"texture":"#0"},"up":{"uv":[7.5,0,8.3125,1],"rotation":180,"texture":"#0"},"down":{"uv":[7.5,0,8.3125,1],"texture":"#0"}}},{"from":[1,-8,4.8],"to":[15,6,14.8],"rotation":{"angle":-22.5,"axis":"x","origin":[0,0,0]},"faces":{"north":{"uv":[8.375,0,9.25,0.875],"rotation":180,"texture":"#0"},"east":{"uv":[8.375,0.875,9.25,1.5],"rotation":270,"texture":"#0"},"south":{"uv":[8.375,0,9.25,0.875],"texture":"#0"},"west":{"uv":[8.375,0.875,9.25,1.5],"rotation":90,"texture":"#0"},"up":{"uv":[8.375,0.875,9.25,1.5],"rotation":180,"texture":"#0"},"down":{"uv":[8.375,0.875,9.25,1.5],"texture":"#0"}}},{"from":[0.5,-8.5,4.3],"to":[15.5,6.5,7.3],"rotation":{"angle":-22.5,"axis":"x","origin":[0,0,0]},"faces":{"north":{"uv":[9.25,0,10.1875,0.9375],"rotation":180,"texture":"#0"},"east":{"uv":[7.25,1,8.1875,1.1875],"rotation":270,"texture":"#0"},"south":{"uv":[9.25,0,10.1875,0.9375],"texture":"#0"},"west":{"uv":[7.25,1,8.1875,1.1875],"rotation":90,"texture":"#0"},"up":{"uv":[7.25,1,8.1875,1.1875],"rotation":180,"texture":"#0"},"down":{"uv":[7.25,1,8.1875,1.1875],"texture":"#0"}}},{"from":[3.00896,-3.83853,13.7],"to":[15.00896,-0.83853,14.2],"rotation":{"angle":-22.5,"axis":"x","origin":[9,12.6,9.4]},"faces":{"north":{"uv":[1,5.9375,1.75,6.125],"texture":"#0"},"east":{"uv":[2.3125,5.6875,2.34375,5.875],"texture":"#0"},"south":{"uv":[1,5.9375,1.75,6.125],"texture":"#0"},"west":{"uv":[2.3125,5.6875,2.34375,5.875],"texture":"#0"},"up":{"uv":[2.34375,5.6875,2.375,6.4375],"rotation":270,"texture":"#0"},"down":{"uv":[2.34375,5.6875,2.375,6.4375],"rotation":90,"texture":"#0"}}},{"from":[3.00896,-3.83853,14.2],"to":[3.50896,-0.83853,22.2],"rotation":{"angle":-22.5,"axis":"x","origin":[9,12.6,9.4]},"faces":{"north":{"uv":[1,5.9375,1.03125,6.125],"texture":"#0"},"east":{"uv":[0.5,5.9375,1,6.125],"texture":"#0"},"south":{"uv":[1,5.9375,1.03125,6.125],"texture":"#0"},"west":{"uv":[0.5,5.9375,1,6.125],"texture":"#0"},"up":{"uv":[0.5,6.125,1,6.15625],"rotation":270,"texture":"#0"},"down":{"uv":[0.5,6.125,1,6.15625],"rotation":90,"texture":"#0"}}},{"from":[6.7,-3.3,23],"to":[10.7,-1.3,23],"rotation":{"angle":-22.5,"axis":"x","origin":[9,12.6,9.4]},"faces":{"north":{"uv":[0.75,5.75,0.5,5.875],"texture":"#0"},"east":{"uv":[1.8125,5.5,1.8125,5.625],"texture":"#0"},"south":{"uv":[0.75,5.75,0.5,5.875],"texture":"#0"},"west":{"uv":[1.8125,5.5,1.8125,5.625],"texture":"#0"},"up":{"uv":[1.84375,5.5,1.84375,5.75],"rotation":270,"texture":"#0"},"down":{"uv":[1.84375,5.5,1.84375,5.75],"rotation":90,"texture":"#0"}}},{"from":[5,3.9,25.6],"to":[9,5.9,25.6],"rotation":{"angle":-22.5,"axis":"x","origin":[17,10,21]},"faces":{"north":{"uv":[0.5,5.75,0.75,5.875],"texture":"#0"},"east":{"uv":[1.8125,5.5,1.8125,5.625],"texture":"#0"},"south":{"uv":[0.5,5.75,0.75,5.875],"texture":"#0"},"west":{"uv":[1.8125,5.5,1.8125,5.625],"texture":"#0"},"up":{"uv":[1.84375,5.5,1.84375,5.75],"rotation":90,"texture":"#0"},"down":{"uv":[1.84375,5.5,1.84375,5.75],"rotation":270,"texture":"#0"}}},{"from":[1.3,3.4,16.5],"to":[13.3,6.4,17],"rotation":{"angle":-22.5,"axis":"x","origin":[17,10,21]},"faces":{"north":{"uv":[1.75,5.9375,1,6.125],"texture":"#0"},"east":{"uv":[2.34375,5.6875,2.3125,5.875],"texture":"#0"},"south":{"uv":[1.75,5.9375,1,6.125],"texture":"#0"},"west":{"uv":[2.34375,5.6875,2.3125,5.875],"texture":"#0"},"up":{"uv":[2.375,5.6875,2.34375,6.4375],"rotation":90,"texture":"#0"},"down":{"uv":[2.375,5.6875,2.34375,6.4375],"rotation":270,"texture":"#0"}}},{"from":[1.3,3.4,17],"to":[1.8,6.4,25],"rotation":{"angle":-22.5,"axis":"x","origin":[17,10,21]},"faces":{"north":{"uv":[1.03125,5.9375,1,6.125],"texture":"#0"},"east":{"uv":[1,5.9375,0.5,6.125],"texture":"#0"},"south":{"uv":[1.03125,5.9375,1,6.125],"texture":"#0"},"west":{"uv":[1,5.9375,0.5,6.125],"texture":"#0"},"up":{"uv":[1,6.125,0.5,6.15625],"rotation":90,"texture":"#0"},"down":{"uv":[1,6.125,0.5,6.15625],"rotation":270,"texture":"#0"}}},{"from":[12.8,3.4,17],"to":[13.3,6.4,25],"rotation":{"angle":-22.5,"axis":"x","origin":[17,10,21]},"faces":{"north":{"uv":[1,5.9375,1.03125,6.125],"texture":"#0"},"east":{"uv":[0.5,5.9375,1,6.125],"texture":"#0"},"south":{"uv":[1,5.9375,1.03125,6.125],"texture":"#0"},"west":{"uv":[0.5,5.9375,1,6.125],"texture":"#0"},"up":{"uv":[0.5,6.125,1,6.15625],"rotation":90,"texture":"#0"},"down":{"uv":[0.5,6.125,1,6.15625],"rotation":270,"texture":"#0"}}},{"from":[1.3,3.4,25],"to":[13.3,6.4,25.5],"rotation":{"angle":-22.5,"axis":"x","origin":[17,10,21]},"faces":{"north":{"uv":[1,5.9375,1.75,6.125],"texture":"#0"},"east":{"uv":[2.3125,5.6875,2.34375,5.875],"texture":"#0"},"south":{"uv":[1,5.9375,1.75,6.125],"texture":"#0"},"west":{"uv":[2.3125,5.6875,2.34375,5.875],"texture":"#0"},"up":{"uv":[2.34375,5.6875,2.375,6.4375],"rotation":90,"texture":"#0"},"down":{"uv":[2.34375,5.6875,2.375,6.4375],"rotation":270,"texture":"#0"}}},{"from":[6.9,-4.5,16],"to":[10.9,-2,20],"rotation":{"angle":-22.5,"axis":"x","origin":[17,10,0]},"faces":{"north":{"uv":[1.5,6.125,1.25,6.28125],"texture":"#0"},"east":{"uv":[1.25,6.125,1,6.28125],"texture":"#0"},"south":{"uv":[1.5,6.125,1.25,6.28125],"texture":"#0"},"west":{"uv":[1.25,6.125,1,6.28125],"texture":"#0"},"up":{"uv":[1.25,6.28125,1,6.53125],"rotation":90,"texture":"#0"},"down":{"uv":[1.25,6.28125,1,6.53125],"rotation":270,"texture":"#0"}}},{"from":[8.5,-2,17.6],"to":[9.3,-1,18.4],"rotation":{"angle":-22.5,"axis":"x","origin":[17,10,0]},"faces":{"north":{"uv":[1.20625,5.8125,1.15625,5.875],"texture":"#0"},"east":{"uv":[1.20625,5.8125,1.15625,5.875],"texture":"#0"},"south":{"uv":[1.20625,5.8125,1.15625,5.875],"texture":"#0"},"west":{"uv":[1.20625,5.8125,1.15625,5.875],"texture":"#0"},"up":{"uv":[1.26875,5.8125,1.21875,5.8625],"rotation":90,"texture":"#0"},"down":{"uv":[1.26875,5.8125,1.21875,5.8625],"rotation":270,"texture":"#0"}}},{"from":[3.5,6,20.8],"to":[4.3,7,21.6],"rotation":{"angle":0,"axis":"y","origin":[17,10,0]},"faces":{"north":{"uv":[1.20625,5.8125,1.15625,5.875],"texture":"#0"},"east":{"uv":[1.20625,5.8125,1.15625,5.875],"texture":"#0"},"south":{"uv":[1.20625,5.8125,1.15625,5.875],"texture":"#0"},"west":{"uv":[1.20625,5.8125,1.15625,5.875],"texture":"#0"},"up":{"uv":[1.26875,5.8125,1.21875,5.8625],"rotation":90,"texture":"#0"},"down":{"uv":[1.26875,5.8125,1.21875,5.8625],"rotation":270,"texture":"#0"}}},{"from":[1.9,3.5,19.2],"to":[5.9,6,23.2],"rotation":{"angle":0,"axis":"y","origin":[17,10,0]},"faces":{"north":{"uv":[1.5,6.125,1.25,6.28125],"texture":"#0"},"east":{"uv":[1.25,6.125,1,6.28125],"texture":"#0"},"south":{"uv":[1.5,6.125,1.25,6.28125],"texture":"#0"},"west":{"uv":[1.25,6.125,1,6.28125],"texture":"#0"},"up":{"uv":[1.25,6.28125,1,6.53125],"rotation":90,"texture":"#0"},"down":{"uv":[1.25,6.28125,1,6.53125],"rotation":270,"texture":"#0"}}},{"from":[5.5,17.3,23.4],"to":[6.3,18.3,24.2],"rotation":{"angle":22.5,"axis":"x","origin":[17,10,0]},"faces":{"north":{"uv":[1.20625,5.8125,1.15625,5.875],"texture":"#0"},"east":{"uv":[1.20625,5.8125,1.15625,5.875],"texture":"#0"},"south":{"uv":[1.20625,5.8125,1.15625,5.875],"texture":"#0"},"west":{"uv":[1.20625,5.8125,1.15625,5.875],"texture":"#0"},"up":{"uv":[1.26875,5.8125,1.21875,5.8625],"rotation":90,"texture":"#0"},"down":{"uv":[1.26875,5.8125,1.21875,5.8625],"rotation":270,"texture":"#0"}}},{"from":[3.9,14.8,21.8],"to":[7.9,17.3,25.8],"rotation":{"angle":22.5,"axis":"x","origin":[17,10,0]},"faces":{"north":{"uv":[1.5,6.125,1.25,6.28125],"texture":"#0"},"east":{"uv":[1.25,6.125,1,6.28125],"texture":"#0"},"south":{"uv":[1.5,6.125,1.25,6.28125],"texture":"#0"},"west":{"uv":[1.25,6.125,1,6.28125],"texture":"#0"},"up":{"uv":[1.25,6.28125,1,6.53125],"rotation":90,"texture":"#0"},"down":{"uv":[1.25,6.28125,1,6.53125],"rotation":270,"texture":"#0"}}},{"from":[3.5,-3.8,14.2],"to":[14.5,-3.8,22.2],"rotation":{"angle":-22.5,"axis":"x","origin":[9,12.6,9.4]},"faces":{"north":{"uv":[1.03125,5.9375,1,6.125],"texture":"#0"},"east":{"uv":[1,5.9375,0.5,6.125],"texture":"#0"},"south":{"uv":[1.03125,5.9375,1,6.125],"texture":"#0"},"west":{"uv":[1,5.9375,0.5,6.125],"texture":"#0"},"up":{"uv":[1,6.15625,0.5,6.84375],"rotation":270,"texture":"#0"},"down":{"uv":[1,6.15625,0.5,6.84375],"rotation":90,"texture":"#0"}}},{"from":[1.8,3.5,17],"to":[12.8,3.5,25],"rotation":{"angle":-22.5,"axis":"x","origin":[17,10,21]},"faces":{"north":{"uv":[1.03125,5.9375,1,6.125],"texture":"#0"},"east":{"uv":[1,5.9375,0.5,6.125],"texture":"#0"},"south":{"uv":[1.03125,5.9375,1,6.125],"texture":"#0"},"west":{"uv":[1,5.9375,0.5,6.125],"texture":"#0"},"up":{"uv":[1,6.15625,0.5,6.84375],"rotation":270,"texture":"#0"},"down":{"uv":[1,6.15625,0.5,6.84375],"rotation":90,"texture":"#0"}}},{"from":[3.48595,-2.1843,14.2],"to":[14.48595,-2.1843,22.2],"rotation":{"angle":-22.5,"axis":"x","origin":[9,12.6,9.4]},"faces":{"north":{"uv":[1.03125,5.9375,1,6.125],"texture":"#0"},"east":{"uv":[1,5.9375,0.5,6.125],"texture":"#0"},"south":{"uv":[1.03125,5.9375,1,6.125],"texture":"#0"},"west":{"uv":[1,5.9375,0.5,6.125],"texture":"#0"},"up":{"uv":[0.5,7.53125,1,6.84375],"rotation":270,"texture":"#0"},"down":{"uv":[1,6.84375,0.5,7.53125],"rotation":90,"texture":"#0"}}},{"from":[3.00896,-3.83853,22.2],"to":[15.00896,-0.83853,22.7],"rotation":{"angle":-22.5,"axis":"x","origin":[9,12.6,9.4]},"faces":{"north":{"uv":[1.75,5.9375,1,6.125],"texture":"#0"},"east":{"uv":[2.34375,5.6875,2.3125,5.875],"texture":"#0"},"south":{"uv":[1.75,5.9375,1,6.125],"texture":"#0"},"west":{"uv":[2.34375,5.6875,2.3125,5.875],"texture":"#0"},"up":{"uv":[2.375,5.6875,2.34375,6.4375],"rotation":270,"texture":"#0"},"down":{"uv":[2.375,5.6875,2.34375,6.4375],"rotation":90,"texture":"#0"}}},{"from":[14.50896,-3.83853,14.4],"to":[15.00896,-0.83853,22.4],"rotation":{"angle":-22.5,"axis":"x","origin":[9,12.6,9.4]},"faces":{"north":{"uv":[1.03125,5.9375,1,6.125],"texture":"#0"},"east":{"uv":[1,5.9375,0.5,6.125],"texture":"#0"},"south":{"uv":[1.03125,5.9375,1,6.125],"texture":"#0"},"west":{"uv":[1,5.9375,0.5,6.125],"texture":"#0"},"up":{"uv":[1,6.125,0.5,6.15625],"rotation":270,"texture":"#0"},"down":{"uv":[1,6.125,0.5,6.15625],"rotation":90,"texture":"#0"}}}],"gui_light":"front","display":{"thirdperson_righthand":{"rotation":[67.5,0,0],"translation":[-0.25,3.25,2.25],"scale":[0.22071,0.22071,0.22071]},"thirdperson_lefthand":{"rotation":[67.5,0,0],"translation":[-0.25,3.25,2.25],"scale":[0.22071,0.22071,0.22071]},"firstperson_righthand":{"rotation":[172.95,-12.39,-179.13],"translation":[2.75,5.75,-1],"scale":[0.30821,0.30821,0.30821]},"firstperson_lefthand":{"rotation":[172.95,-12.39,-179.13],"translation":[2.75,5.75,-1],"scale":[0.30821,0.30821,0.30821]},"ground":{"translation":[0,6,0],"scale":[0.25,0.25,0.25]},"gui":{"rotation":[30,225,0],"translation":[0.25,2.25,0],"scale":[0.29844,0.29844,0.29844]},"head":{"rotation":[0,180,0],"translation":[0,-12.75,11],"scale":[0,0,0]},"fixed":{"rotation":[-90,0,0],"translation":[0,2,-48],"scale":[2,2,2]}}}