{"texture_size":[256, 256],"textures":{"0":"custom/furniture/medieval_market/medievalmarket","particle":"custom/furniture/medieval_market/medievalmarket"},"elements":[{"from":[9, 0, 10],"to":[13, 6, 14],"rotation":{"angle":0,"axis":"y","origin":[-5, 6, 13]},"faces":{"north":{"uv":[0, 5.4375, 0.25, 5.8125],"texture":"#0"},"east":{"uv":[0, 5.4375, 0.25, 5.8125],"texture":"#0"},"south":{"uv":[0, 5.4375, 0.25, 5.8125],"texture":"#0"},"west":{"uv":[0, 5.4375, 0.25, 5.8125],"texture":"#0"},"up":{"uv":[1.4375, 5.8125, 1.1875, 5.5625],"texture":"#0"},"down":{"uv":[1.4375, 5.8125, 1.1875, 5.5625],"texture":"#0"}}},{"from":[-14, 5, -1],"to":[14, 8, 10],"rotation":{"angle":-22.5,"axis":"x","origin":[1, 7, 12]},"faces":{"north":{"uv":[6.125, 2.1875, 8.125, 2.375],"texture":"#0"},"east":{"uv":[4.875, 5.5, 5.5625, 5.6875],"texture":"#0"},"south":{"uv":[6.125, 2.1875, 8.125, 2.375],"texture":"#0"},"west":{"uv":[4.875, 5.5, 5.5625, 5.6875],"texture":"#0"},"up":{"uv":[3.4375, 6.625, 2.75, 4.625],"rotation":270,"texture":"#0"},"down":{"uv":[3.4375, 6.625, 2.75, 4.625],"rotation":270,"texture":"#0"}}},{"from":[-16, 6.5, 4],"to":[16, 9.5, 6],"rotation":{"angle":-22.5,"axis":"x","origin":[15, -2.5, 14]},"faces":{"north":{"uv":[5.5, 2.5625, 7.75, 2.75],"texture":"#0"},"east":{"uv":[2.1875, 5.6875, 2.3125, 5.875],"texture":"#0"},"south":{"uv":[5.5, 2.5625, 7.75, 2.75],"texture":"#0"},"west":{"uv":[2.1875, 5.6875, 2.3125, 5.875],"texture":"#0"},"up":{"uv":[2.75, 6.9375, 2.625, 4.6875],"rotation":90,"texture":"#0"},"down":{"uv":[2.75, 6.9375, 2.625, 4.6875],"rotation":270,"texture":"#0"}}},{"from":[-14, 1, 11],"to":[16, 4, 13],"rotation":{"angle":0,"axis":"y","origin":[-1, 6, 13]},"faces":{"north":{"uv":[5.5, 2.375, 7.5, 2.5625],"texture":"#0"},"east":{"uv":[1.9375, 5.5625, 2.0625, 5.75],"texture":"#0"},"south":{"uv":[5.5, 2.375, 7.5, 2.5625],"texture":"#0"},"west":{"uv":[1.9375, 5.5625, 2.0625, 5.75],"texture":"#0"},"up":{"uv":[8, 2.875, 5.5, 2.75],"texture":"#0"},"down":{"uv":[8, 2.875, 5.5, 2.75],"texture":"#0"}}},{"from":[10, 0, 1],"to":[12, 3, 16],"rotation":{"angle":0,"axis":"y","origin":[-11, 6, 0]},"faces":{"north":{"uv":[2.0625, 5.6875, 2.1875, 5.875],"texture":"#0"},"east":{"uv":[5.5, 2.5625, 6.9375, 2.75],"texture":"#0"},"south":{"uv":[2.0625, 5.6875, 2.1875, 5.875],"texture":"#0"},"west":{"uv":[5.5, 2.5625, 6.9375, 2.75],"texture":"#0"},"up":{"uv":[2.75, 6.125, 2.625, 4.6875],"texture":"#0"},"down":{"uv":[2.75, 6.125, 2.625, 4.6875],"texture":"#0"}}},{"from":[-13, 0, 10],"to":[-9, 6, 14],"rotation":{"angle":0,"axis":"y","origin":[3, 6, 13]},"faces":{"north":{"uv":[0.25, 5.4375, 0, 5.8125],"texture":"#0"},"east":{"uv":[0.25, 5.4375, 0, 5.8125],"texture":"#0"},"south":{"uv":[0.25, 5.4375, 0, 5.8125],"texture":"#0"},"west":{"uv":[0.25, 5.4375, 0, 5.8125],"texture":"#0"},"up":{"uv":[1.1875, 5.8125, 1.4375, 5.5625],"texture":"#0"},"down":{"uv":[1.1875, 5.8125, 1.4375, 5.5625],"texture":"#0"}}},{"from":[-12, 0, 1],"to":[-10, 3, 16],"rotation":{"angle":0,"axis":"y","origin":[9, 6, 0]},"faces":{"north":{"uv":[2.1875, 5.6875, 2.0625, 5.875],"texture":"#0"},"east":{"uv":[6.9375, 2.5625, 5.5, 2.75],"texture":"#0"},"south":{"uv":[2.1875, 5.6875, 2.0625, 5.875],"texture":"#0"},"west":{"uv":[6.9375, 2.5625, 5.5, 2.75],"texture":"#0"},"up":{"uv":[2.625, 6.125, 2.75, 4.6875],"texture":"#0"},"down":{"uv":[2.625, 6.125, 2.75, 4.6875],"texture":"#0"}}},{"from":[-14, 5, 10],"to":[14, 8, 15],"rotation":{"angle":-22.5,"axis":"x","origin":[1, 7, 12]},"faces":{"north":{"uv":[6.125, 2.1875, 8.125, 2.375],"texture":"#0"},"east":{"uv":[5.25, 5.5, 5.5625, 5.6875],"texture":"#0"},"south":{"uv":[6.125, 2.1875, 8.125, 2.375],"texture":"#0"},"west":{"uv":[5.5625, 5.5, 5.25, 5.6875],"texture":"#0"},"up":{"uv":[2.8125, 6.625, 3.125, 4.625],"rotation":270,"texture":"#0"},"down":{"uv":[2.8125, 6.625, 3.125, 4.625],"rotation":270,"texture":"#0"}}},{"from":[5.8, 3.3, 1.7],"to":[13.8, 6.3, 2.2],"rotation":{"angle":-22.5,"axis":"x","origin":[-9.2, 6, 0]},"faces":{"north":{"uv":[0.5, 5.9375, 1, 6.125],"texture":"#0"},"east":{"uv":[1, 5.9375, 1.03125, 6.125],"texture":"#0"},"south":{"uv":[0.5, 5.9375, 1, 6.125],"texture":"#0"},"west":{"uv":[1, 5.9375, 1.03125, 6.125],"texture":"#0"},"up":{"uv":[0.5, 6.125, 1, 6.15625],"texture":"#0"},"down":{"uv":[0.5, 6.125, 1, 6.15625],"texture":"#0"}}},{"from":[5.8, 3.3, 13.2],"to":[13.8, 6.3, 13.7],"rotation":{"angle":-22.5,"axis":"x","origin":[6.8, 6, 0]},"faces":{"north":{"uv":[1, 5.9375, 0.5, 6.125],"texture":"#0"},"east":{"uv":[1.03125, 5.9375, 1, 6.125],"texture":"#0"},"south":{"uv":[1, 5.9375, 0.5, 6.125],"texture":"#0"},"west":{"uv":[1.03125, 5.9375, 1, 6.125],"texture":"#0"},"up":{"uv":[1, 6.125, 0.5, 6.15625],"texture":"#0"},"down":{"uv":[1, 6.125, 0.5, 6.15625],"texture":"#0"}}},{"from":[5.8, 3.4, 2.2],"to":[13.8, 3.4, 13.2],"rotation":{"angle":-22.5,"axis":"x","origin":[6.8, 6, 0]},"faces":{"north":{"uv":[1, 5.9375, 0.5, 6.125],"texture":"#0"},"east":{"uv":[1.03125, 5.9375, 1, 6.125],"texture":"#0"},"south":{"uv":[1, 5.9375, 0.5, 6.125],"texture":"#0"},"west":{"uv":[1.03125, 5.9375, 1, 6.125],"texture":"#0"},"up":{"uv":[1, 6.15625, 0.5, 6.84375],"texture":"#0"},"down":{"uv":[1, 6.15625, 0.5, 6.84375],"texture":"#0"}}},{"from":[11.3, 3.4, 2.2],"to":[13.8, 5.9, 4.7],"rotation":{"angle":-22.5,"axis":"x","origin":[6.8, 6, 0]},"faces":{"north":{"uv":[1.90625, 5.9375, 1.75, 6.09375],"texture":"#0"},"east":{"uv":[2.0625, 5.9375, 1.90625, 6.09375],"texture":"#0"},"south":{"uv":[1.90625, 5.9375, 1.75, 6.09375],"texture":"#0"},"west":{"uv":[2.0625, 5.9375, 1.90625, 6.09375],"texture":"#0"},"up":{"uv":[2.21875, 5.9375, 2.0625, 6.09375],"texture":"#0"},"down":{"uv":[2.21875, 5.9375, 2.0625, 6.09375],"texture":"#0"}}},{"from":[11.8, 5.9, 3.5],"to":[14.3, 8.4, 3.5],"rotation":{"angle":-22.5,"axis":"x","origin":[6.8, 6, 0]},"faces":{"north":{"uv":[2.625, 6.3125, 2.46875, 6.46875],"texture":"#0"},"east":{"uv":[2.0625, 5.9375, 1.90625, 6.09375],"texture":"#0"},"south":{"uv":[2.46875, 6.3125, 2.625, 6.46875],"texture":"#0"},"west":{"uv":[2.0625, 5.9375, 1.90625, 6.09375],"texture":"#0"},"up":{"uv":[2.21875, 5.9375, 2.0625, 5.9375],"texture":"#0"},"down":{"uv":[2.21875, 5.9375, 2.0625, 6.09375],"texture":"#0"}}},{"from":[7.6, 8.8, 8.6],"to":[10.1, 11.3, 8.6],"rotation":{"angle":22.5,"axis":"z","origin":[6.8, 6, 0]},"faces":{"north":{"uv":[2.625, 6.3125, 2.46875, 6.46875],"texture":"#0"},"east":{"uv":[2.0625, 5.9375, 1.90625, 6.09375],"texture":"#0"},"south":{"uv":[2.46875, 6.3125, 2.625, 6.46875],"texture":"#0"},"west":{"uv":[2.0625, 5.9375, 1.90625, 6.09375],"texture":"#0"},"up":{"uv":[2.21875, 5.9375, 2.0625, 5.9375],"texture":"#0"},"down":{"uv":[2.21875, 5.9375, 2.0625, 6.09375],"texture":"#0"}}},{"from":[7, 6.3, 7.3],"to":[9.5, 8.8, 9.8],"rotation":{"angle":22.5,"axis":"z","origin":[6.7, 6, 0]},"faces":{"north":{"uv":[2.21875, 6.09375, 2.0625, 6.25],"texture":"#0"},"east":{"uv":[2.21875, 6.25, 2.0625, 6.40625],"texture":"#0"},"south":{"uv":[2.21875, 6.09375, 2.0625, 6.25],"texture":"#0"},"west":{"uv":[2.21875, 6.25, 2.0625, 6.40625],"texture":"#0"},"up":{"uv":[2.21875, 6.40625, 2.0625, 6.5625],"texture":"#0"},"down":{"uv":[2.21875, 6.40625, 2.0625, 6.5625],"texture":"#0"}}},{"from":[6.7, 5.9, 6],"to":[9.2, 8.4, 6],"rotation":{"angle":-22.5,"axis":"x","origin":[6.8, 6, 0]},"faces":{"north":{"uv":[2.625, 6.3125, 2.46875, 6.46875],"texture":"#0"},"east":{"uv":[2.0625, 5.9375, 1.90625, 6.09375],"texture":"#0"},"south":{"uv":[2.46875, 6.3125, 2.625, 6.46875],"texture":"#0"},"west":{"uv":[2.0625, 5.9375, 1.90625, 6.09375],"texture":"#0"},"up":{"uv":[2.21875, 5.9375, 2.0625, 5.9375],"texture":"#0"},"down":{"uv":[2.21875, 5.9375, 2.0625, 6.09375],"texture":"#0"}}},{"from":[6.2, 3.4, 4.7],"to":[8.7, 5.9, 7.2],"rotation":{"angle":-22.5,"axis":"x","origin":[6.8, 6, 0]},"faces":{"north":{"uv":[2.21875, 6.09375, 2.0625, 6.25],"texture":"#0"},"east":{"uv":[2.21875, 6.25, 2.0625, 6.40625],"texture":"#0"},"south":{"uv":[2.21875, 6.09375, 2.0625, 6.25],"texture":"#0"},"west":{"uv":[2.21875, 6.25, 2.0625, 6.40625],"texture":"#0"},"up":{"uv":[2.21875, 6.40625, 2.0625, 6.5625],"texture":"#0"},"down":{"uv":[2.21875, 6.40625, 2.0625, 6.5625],"texture":"#0"}}},{"from":[7.5, 3.4, 2.2],"to":[10, 5.9, 4.7],"rotation":{"angle":-22.5,"axis":"x","origin":[6.8, 6, 0]},"faces":{"north":{"uv":[1.90625, 5.9375, 1.75, 6.09375],"texture":"#0"},"east":{"uv":[2.0625, 5.9375, 1.90625, 6.09375],"texture":"#0"},"south":{"uv":[1.90625, 5.9375, 1.75, 6.09375],"texture":"#0"},"west":{"uv":[2.0625, 5.9375, 1.90625, 6.09375],"texture":"#0"},"up":{"uv":[2.21875, 5.9375, 2.0625, 6.09375],"texture":"#0"},"down":{"uv":[2.21875, 5.9375, 2.0625, 6.09375],"texture":"#0"}}},{"from":[13, 8.5, 6],"to":[15.5, 11, 6],"rotation":{"angle":0,"axis":"y","origin":[10, 6, 0]},"faces":{"north":{"uv":[2.625, 6.46875, 2.46875, 6.625],"texture":"#0"},"east":{"uv":[2.0625, 5.9375, 1.90625, 6.09375],"texture":"#0"},"south":{"uv":[2.625, 6.46875, 2.46875, 6.625],"texture":"#0"},"west":{"uv":[2.0625, 5.9375, 1.90625, 6.09375],"texture":"#0"},"up":{"uv":[2.21875, 5.9375, 2.0625, 5.9375],"texture":"#0"},"down":{"uv":[2.21875, 5.9375, 2.0625, 6.09375],"texture":"#0"}}},{"from":[8, 6, 3.4],"to":[10.5, 8.5, 3.4],"rotation":{"angle":-22.5,"axis":"x","origin":[6.8, 6, 0]},"faces":{"north":{"uv":[2.625, 6.46875, 2.46875, 6.625],"texture":"#0"},"east":{"uv":[2.0625, 5.9375, 1.90625, 6.09375],"texture":"#0"},"south":{"uv":[2.625, 6.46875, 2.46875, 6.625],"texture":"#0"},"west":{"uv":[2.0625, 5.9375, 1.90625, 6.09375],"texture":"#0"},"up":{"uv":[2.21875, 5.9375, 2.0625, 5.9375],"texture":"#0"},"down":{"uv":[2.21875, 5.9375, 2.0625, 6.09375],"texture":"#0"}}},{"from":[9.3, 6, 4.7],"to":[11.8, 8.5, 7.2],"rotation":{"angle":0,"axis":"y","origin":[6.8, 6, 0]},"faces":{"north":{"uv":[1.90625, 5.9375, 1.75, 6.09375],"texture":"#0"},"east":{"uv":[2.0625, 5.9375, 1.90625, 6.09375],"texture":"#0"},"south":{"uv":[1.90625, 5.9375, 1.75, 6.09375],"texture":"#0"},"west":{"uv":[2.0625, 5.9375, 1.90625, 6.09375],"texture":"#0"},"up":{"uv":[2.21875, 5.9375, 2.0625, 6.09375],"texture":"#0"},"down":{"uv":[2.21875, 5.9375, 2.0625, 6.09375],"texture":"#0"}}},{"from":[-0.1, -2.1, 3.3],"to":[3.9, 1.4, 7.3],"rotation":{"angle":-22.5,"axis":"x","origin":[7.9, 0.4, -13.4]},"faces":{"north":{"uv":[1.75, 6.125, 1.5, 6.34375],"texture":"#0"},"east":{"uv":[1.75, 6.125, 1.5, 6.34375],"texture":"#0"},"south":{"uv":[1.75, 6.125, 1.5, 6.34375],"texture":"#0"},"west":{"uv":[1.75, 6.125, 1.5, 6.34375],"texture":"#0"},"up":{"uv":[1.5, 6.28125, 1.25, 6.53125],"texture":"#0"},"down":{"uv":[1.5, 6.28125, 1.25, 6.53125],"texture":"#0"}}},{"from":[-0.5, 9.2, 3.7],"to":[3.5, 12.7, 7.7],"rotation":{"angle":22.5,"axis":"z","origin":[7.9, 0.4, -13.4]},"faces":{"north":{"uv":[1.75, 6.125, 1.5, 6.34375],"texture":"#0"},"east":{"uv":[1.75, 6.125, 1.5, 6.34375],"texture":"#0"},"south":{"uv":[1.75, 6.125, 1.5, 6.34375],"texture":"#0"},"west":{"uv":[1.75, 6.125, 1.5, 6.34375],"texture":"#0"},"up":{"uv":[1.5, 6.28125, 1.25, 6.53125],"texture":"#0"},"down":{"uv":[1.5, 6.28125, 1.25, 6.53125],"texture":"#0"}}},{"from":[-0.9, 7.9, 5.9],"to":[3.6, 11.9, 10.4],"rotation":{"angle":0,"axis":"y","origin":[7.9, 0.4, -13.4]},"faces":{"north":{"uv":[2.0625, 6.125, 1.78125, 6.375],"texture":"#0"},"east":{"uv":[2.0625, 6.125, 1.78125, 6.375],"texture":"#0"},"south":{"uv":[2.0625, 6.125, 1.78125, 6.375],"texture":"#0"},"west":{"uv":[2.0625, 6.125, 1.78125, 6.375],"texture":"#0"},"up":{"uv":[1.8125, 6.375, 1.53125, 6.65625],"texture":"#0"},"down":{"uv":[1.8125, 6.375, 1.53125, 6.65625],"texture":"#0"}}},{"from":[0.1, 11.6, 7.9],"to":[4.6, 15.6, 12.4],"rotation":{"angle":22.5,"axis":"z","origin":[7.9, 0.4, -13.4]},"faces":{"north":{"uv":[2.0625, 6.125, 1.78125, 6.375],"texture":"#0"},"east":{"uv":[2.0625, 6.125, 1.78125, 6.375],"texture":"#0"},"south":{"uv":[2.0625, 6.125, 1.78125, 6.375],"texture":"#0"},"west":{"uv":[2.0625, 6.125, 1.78125, 6.375],"texture":"#0"},"up":{"uv":[1.8125, 6.375, 1.53125, 6.65625],"texture":"#0"},"down":{"uv":[1.8125, 6.375, 1.53125, 6.65625],"texture":"#0"}}},{"from":[9.1, 10.4, 8.6],"to":[11.6, 12.9, 8.6],"rotation":{"angle":-22.5,"axis":"z","origin":[6.8, 6, 0]},"faces":{"north":{"uv":[2.46875, 6.46875, 2.625, 6.625],"texture":"#0"},"east":{"uv":[2.0625, 5.9375, 1.90625, 6.09375],"texture":"#0"},"south":{"uv":[2.625, 6.46875, 2.46875, 6.625],"texture":"#0"},"west":{"uv":[2.0625, 5.9375, 1.90625, 6.09375],"texture":"#0"},"up":{"uv":[2.21875, 5.9375, 2.0625, 5.9375],"texture":"#0"},"down":{"uv":[2.21875, 5.9375, 2.0625, 6.09375],"texture":"#0"}}},{"from":[9.5, 7.9, 7.3],"to":[12, 10.4, 9.8],"rotation":{"angle":-22.5,"axis":"z","origin":[6.7, 6, 0]},"faces":{"north":{"uv":[1.90625, 5.9375, 1.75, 6.09375],"texture":"#0"},"east":{"uv":[2.0625, 5.9375, 1.90625, 6.09375],"texture":"#0"},"south":{"uv":[1.90625, 5.9375, 1.75, 6.09375],"texture":"#0"},"west":{"uv":[2.0625, 5.9375, 1.90625, 6.09375],"texture":"#0"},"up":{"uv":[2.21875, 5.9375, 2.0625, 6.09375],"texture":"#0"},"down":{"uv":[2.21875, 5.9375, 2.0625, 6.09375],"texture":"#0"}}},{"from":[-14, 5.7, 2.2],"to":[-6, 5.7, 13.2],"rotation":{"angle":-22.5,"axis":"x","origin":[9, 6, 0]},"faces":{"north":{"uv":[1, 5.9375, 0.5, 6.125],"texture":"#0"},"east":{"uv":[1.03125, 5.9375, 1, 6.125],"texture":"#0"},"south":{"uv":[1, 5.9375, 0.5, 6.125],"texture":"#0"},"west":{"uv":[1.03125, 5.9375, 1, 6.125],"texture":"#0"},"up":{"uv":[0.5, 6.6875, 0, 7.375],"texture":"#0"},"down":{"uv":[0.5, 6.6875, 0, 7.375],"texture":"#0"}}},{"from":[-11.5, 5.7, 8.2],"to":[-10, 6.2, 9.7],"rotation":{"angle":-22.5,"axis":"x","origin":[9, 6, 0]},"faces":{"north":{"uv":[2.3125, 6.03125, 2.21875, 6.0625],"texture":"#0"},"east":{"uv":[2.3125, 6.03125, 2.21875, 6.0625],"texture":"#0"},"south":{"uv":[2.3125, 6.03125, 2.21875, 6.0625],"texture":"#0"},"west":{"uv":[2.3125, 6.03125, 2.21875, 6.0625],"texture":"#0"},"up":{"uv":[2.3125, 5.9375, 2.21875, 6.03125],"texture":"#0"},"down":{"uv":[2.3125, 5.9375, 2.21875, 6.03125],"texture":"#0"}}},{"from":[-8.5, 5.7, 6.2],"to":[-7.5, 6.2, 7.2],"rotation":{"angle":-22.5,"axis":"x","origin":[10, 6, 0]},"faces":{"north":{"uv":[2, 5.8125, 1.9375, 5.84375],"texture":"#0"},"east":{"uv":[2, 5.8125, 1.9375, 5.84375],"texture":"#0"},"south":{"uv":[2, 5.8125, 1.9375, 5.84375],"texture":"#0"},"west":{"uv":[2, 5.8125, 1.9375, 5.84375],"texture":"#0"},"up":{"uv":[2, 5.75, 1.9375, 5.8125],"texture":"#0"},"down":{"uv":[2, 5.75, 1.9375, 5.8125],"texture":"#0"}}},{"from":[-12, 5.7, 5.2],"to":[-11, 6.2, 6.2],"rotation":{"angle":-22.5,"axis":"x","origin":[9, 6, 0]},"faces":{"north":{"uv":[2, 5.8125, 1.9375, 5.84375],"texture":"#0"},"east":{"uv":[2, 5.8125, 1.9375, 5.84375],"texture":"#0"},"south":{"uv":[2, 5.8125, 1.9375, 5.84375],"texture":"#0"},"west":{"uv":[2, 5.8125, 1.9375, 5.84375],"texture":"#0"},"up":{"uv":[2, 5.75, 1.9375, 5.8125],"texture":"#0"},"down":{"uv":[2, 5.75, 1.9375, 5.8125],"texture":"#0"}}},{"from":[13.8, 3.3, 1.7],"to":[14.3, 6.3, 13.7],"rotation":{"angle":-22.5,"axis":"x","origin":[-9.2, 6, 0]},"faces":{"north":{"uv":[2.3125, 5.6875, 2.34375, 5.875],"texture":"#0"},"east":{"uv":[1, 5.9375, 1.75, 6.125],"texture":"#0"},"south":{"uv":[2.3125, 5.6875, 2.34375, 5.875],"texture":"#0"},"west":{"uv":[1, 5.9375, 1.75, 6.125],"texture":"#0"},"up":{"uv":[2.34375, 5.6875, 2.375, 6.4375],"texture":"#0"},"down":{"uv":[2.34375, 5.6875, 2.375, 6.4375],"texture":"#0"}}},{"from":[14.2, 7.1, 6],"to":[14.2, 9.1, 10],"rotation":{"angle":22.5,"axis":"z","origin":[14.8, 9, 8]},"faces":{"north":{"uv":[1.8125, 5.5, 1.8125, 5.625],"texture":"#0"},"east":{"uv":[0.5, 5.75, 0.75, 5.875],"texture":"#0"},"south":{"uv":[1.8125, 5.5, 1.8125, 5.625],"texture":"#0"},"west":{"uv":[0.5, 5.75, 0.75, 5.875],"texture":"#0"},"up":{"uv":[1.84375, 5.5, 1.84375, 5.75],"texture":"#0"},"down":{"uv":[1.84375, 5.5, 1.84375, 5.75],"texture":"#0"}}},{"from":[5.4, 7.1, 6],"to":[5.4, 9.1, 10],"rotation":{"angle":-22.5,"axis":"z","origin":[4.8, 9, 8]},"faces":{"north":{"uv":[1.8125, 5.5, 1.8125, 5.625],"texture":"#0"},"east":{"uv":[0.75, 5.75, 0.5, 5.875],"texture":"#0"},"south":{"uv":[1.8125, 5.5, 1.8125, 5.625],"texture":"#0"},"west":{"uv":[0.75, 5.75, 0.5, 5.875],"texture":"#0"},"up":{"uv":[1.84375, 5.5, 1.84375, 5.75],"texture":"#0"},"down":{"uv":[1.84375, 5.5, 1.84375, 5.75],"texture":"#0"}}},{"from":[5.3, 3.3, 1.7],"to":[5.8, 6.3, 13.7],"rotation":{"angle":-22.5,"axis":"x","origin":[6.8, 6, 0]},"faces":{"north":{"uv":[2.34375, 5.6875, 2.3125, 5.875],"texture":"#0"},"east":{"uv":[1.75, 5.9375, 1, 6.125],"texture":"#0"},"south":{"uv":[2.34375, 5.6875, 2.3125, 5.875],"texture":"#0"},"west":{"uv":[1.75, 5.9375, 1, 6.125],"texture":"#0"},"up":{"uv":[2.375, 5.6875, 2.34375, 6.4375],"texture":"#0"},"down":{"uv":[2.375, 5.6875, 2.34375, 6.4375],"texture":"#0"}}},{"from":[-4.1, 3.4, 2.2],"to":[3.9, 3.4, 13.2],"rotation":{"angle":-22.5,"axis":"x","origin":[-3.1, 6, 0]},"faces":{"north":{"uv":[1, 5.9375, 0.5, 6.125],"texture":"#0"},"east":{"uv":[1.03125, 5.9375, 1, 6.125],"texture":"#0"},"south":{"uv":[1, 5.9375, 0.5, 6.125],"texture":"#0"},"west":{"uv":[1.03125, 5.9375, 1, 6.125],"texture":"#0"},"up":{"uv":[1, 6.15625, 0.5, 6.84375],"texture":"#0"},"down":{"uv":[1, 6.15625, 0.5, 6.84375],"texture":"#0"}}},{"from":[-4.1, 3.3, 13.2],"to":[3.9, 6.3, 13.7],"rotation":{"angle":-22.5,"axis":"x","origin":[-3.1, 6, 0]},"faces":{"north":{"uv":[1, 5.9375, 0.5, 6.125],"texture":"#0"},"east":{"uv":[1.03125, 5.9375, 1, 6.125],"texture":"#0"},"south":{"uv":[1, 5.9375, 0.5, 6.125],"texture":"#0"},"west":{"uv":[1.03125, 5.9375, 1, 6.125],"texture":"#0"},"up":{"uv":[1, 6.125, 0.5, 6.15625],"texture":"#0"},"down":{"uv":[1, 6.125, 0.5, 6.15625],"texture":"#0"}}},{"from":[3.9, 3.3, 1.7],"to":[4.4, 6.3, 13.7],"rotation":{"angle":-22.5,"axis":"x","origin":[-19.1, 6, 0]},"faces":{"north":{"uv":[2.3125, 5.6875, 2.34375, 5.875],"texture":"#0"},"east":{"uv":[1, 5.9375, 1.75, 6.125],"texture":"#0"},"south":{"uv":[2.3125, 5.6875, 2.34375, 5.875],"texture":"#0"},"west":{"uv":[1, 5.9375, 1.75, 6.125],"texture":"#0"},"up":{"uv":[2.34375, 5.6875, 2.375, 6.4375],"texture":"#0"},"down":{"uv":[2.34375, 5.6875, 2.375, 6.4375],"texture":"#0"}}},{"from":[4.3, 7.1, 6],"to":[4.3, 9.1, 10],"rotation":{"angle":22.5,"axis":"z","origin":[4.9, 9, 8]},"faces":{"north":{"uv":[1.8125, 5.5, 1.8125, 5.625],"texture":"#0"},"east":{"uv":[0.5, 5.75, 0.75, 5.875],"texture":"#0"},"south":{"uv":[1.8125, 5.5, 1.8125, 5.625],"texture":"#0"},"west":{"uv":[0.5, 5.75, 0.75, 5.875],"texture":"#0"},"up":{"uv":[1.84375, 5.5, 1.84375, 5.75],"texture":"#0"},"down":{"uv":[1.84375, 5.5, 1.84375, 5.75],"texture":"#0"}}},{"from":[-4.1, 3.3, 1.7],"to":[3.9, 6.3, 2.2],"rotation":{"angle":-22.5,"axis":"x","origin":[-19.1, 6, 0]},"faces":{"north":{"uv":[0.5, 5.9375, 1, 6.125],"texture":"#0"},"east":{"uv":[1, 5.9375, 1.03125, 6.125],"texture":"#0"},"south":{"uv":[0.5, 5.9375, 1, 6.125],"texture":"#0"},"west":{"uv":[1, 5.9375, 1.03125, 6.125],"texture":"#0"},"up":{"uv":[0.5, 6.125, 1, 6.15625],"texture":"#0"},"down":{"uv":[0.5, 6.125, 1, 6.15625],"texture":"#0"}}},{"from":[-4.6, 3.3, 1.7],"to":[-4.1, 6.3, 13.7],"rotation":{"angle":-22.5,"axis":"x","origin":[-3.1, 6, 0]},"faces":{"north":{"uv":[2.34375, 5.6875, 2.3125, 5.875],"texture":"#0"},"east":{"uv":[1.75, 5.9375, 1, 6.125],"texture":"#0"},"south":{"uv":[2.34375, 5.6875, 2.3125, 5.875],"texture":"#0"},"west":{"uv":[1.75, 5.9375, 1, 6.125],"texture":"#0"},"up":{"uv":[2.375, 5.6875, 2.34375, 6.4375],"texture":"#0"},"down":{"uv":[2.375, 5.6875, 2.34375, 6.4375],"texture":"#0"}}},{"from":[-4.5, 7.1, 6],"to":[-4.5, 9.1, 10],"rotation":{"angle":-22.5,"axis":"z","origin":[-5.1, 9, 8]},"faces":{"north":{"uv":[1.8125, 5.5, 1.8125, 5.625],"texture":"#0"},"east":{"uv":[0.75, 5.75, 0.5, 5.875],"texture":"#0"},"south":{"uv":[1.8125, 5.5, 1.8125, 5.625],"texture":"#0"},"west":{"uv":[0.75, 5.75, 0.5, 5.875],"texture":"#0"},"up":{"uv":[1.84375, 5.5, 1.84375, 5.75],"texture":"#0"},"down":{"uv":[1.84375, 5.5, 1.84375, 5.75],"texture":"#0"}}},{"from":[-14, 3.3, 13.2],"to":[-6, 6.3, 13.7],"rotation":{"angle":-22.5,"axis":"x","origin":[-13, 6, 0]},"faces":{"north":{"uv":[1, 5.9375, 0.5, 6.125],"texture":"#0"},"east":{"uv":[1.03125, 5.9375, 1, 6.125],"texture":"#0"},"south":{"uv":[1, 5.9375, 0.5, 6.125],"texture":"#0"},"west":{"uv":[1.03125, 5.9375, 1, 6.125],"texture":"#0"},"up":{"uv":[1, 6.125, 0.5, 6.15625],"texture":"#0"},"down":{"uv":[1, 6.125, 0.5, 6.15625],"texture":"#0"}}},{"from":[-6, 3.3, 1.7],"to":[-5.5, 6.3, 13.7],"rotation":{"angle":-22.5,"axis":"x","origin":[-29, 6, 0]},"faces":{"north":{"uv":[2.3125, 5.6875, 2.34375, 5.875],"texture":"#0"},"east":{"uv":[1, 5.9375, 1.75, 6.125],"texture":"#0"},"south":{"uv":[2.3125, 5.6875, 2.34375, 5.875],"texture":"#0"},"west":{"uv":[1, 5.9375, 1.75, 6.125],"texture":"#0"},"up":{"uv":[2.34375, 5.6875, 2.375, 6.4375],"texture":"#0"},"down":{"uv":[2.34375, 5.6875, 2.375, 6.4375],"texture":"#0"}}},{"from":[-5.5, 7.1, 6],"to":[-5.5, 9.1, 10],"rotation":{"angle":22.5,"axis":"z","origin":[-4.9, 9, 8]},"faces":{"north":{"uv":[1.8125, 5.5, 1.8125, 5.625],"texture":"#0"},"east":{"uv":[0.5, 5.75, 0.75, 5.875],"texture":"#0"},"south":{"uv":[1.8125, 5.5, 1.8125, 5.625],"texture":"#0"},"west":{"uv":[0.5, 5.75, 0.75, 5.875],"texture":"#0"},"up":{"uv":[1.84375, 5.5, 1.84375, 5.75],"texture":"#0"},"down":{"uv":[1.84375, 5.5, 1.84375, 5.75],"texture":"#0"}}},{"from":[-14.5, 3.3, 1.7],"to":[-14, 6.3, 13.7],"rotation":{"angle":-22.5,"axis":"x","origin":[-13, 6, 0]},"faces":{"north":{"uv":[2.34375, 5.6875, 2.3125, 5.875],"texture":"#0"},"east":{"uv":[1.75, 5.9375, 1, 6.125],"texture":"#0"},"south":{"uv":[2.34375, 5.6875, 2.3125, 5.875],"texture":"#0"},"west":{"uv":[1.75, 5.9375, 1, 6.125],"texture":"#0"},"up":{"uv":[2.375, 5.6875, 2.34375, 6.4375],"texture":"#0"},"down":{"uv":[2.375, 5.6875, 2.34375, 6.4375],"texture":"#0"}}},{"from":[-14, 3.3, 1.7],"to":[-6, 6.3, 2.2],"rotation":{"angle":-22.5,"axis":"x","origin":[-29, 6, 0]},"faces":{"north":{"uv":[0.5, 5.9375, 1, 6.125],"texture":"#0"},"east":{"uv":[1, 5.9375, 1.03125, 6.125],"texture":"#0"},"south":{"uv":[0.5, 5.9375, 1, 6.125],"texture":"#0"},"west":{"uv":[1, 5.9375, 1.03125, 6.125],"texture":"#0"},"up":{"uv":[0.5, 6.125, 1, 6.15625],"texture":"#0"},"down":{"uv":[0.5, 6.125, 1, 6.15625],"texture":"#0"}}},{"from":[-14.3, 7.1, 6],"to":[-14.3, 9.1, 10],"rotation":{"angle":-22.5,"axis":"z","origin":[-14.9, 9, 8]},"faces":{"north":{"uv":[1.8125, 5.5, 1.8125, 5.625],"texture":"#0"},"east":{"uv":[0.75, 5.75, 0.5, 5.875],"texture":"#0"},"south":{"uv":[1.8125, 5.5, 1.8125, 5.625],"texture":"#0"},"west":{"uv":[0.75, 5.75, 0.5, 5.875],"texture":"#0"},"up":{"uv":[1.84375, 5.5, 1.84375, 5.75],"texture":"#0"},"down":{"uv":[1.84375, 5.5, 1.84375, 5.75],"texture":"#0"}}}],"gui_light":"front","display":{"thirdperson_righthand":{"rotation":[67.5, 0, 0],"translation":[-0.25, 2, 1.75],"scale":[0.33984, 0.33984, 0.33984]},"thirdperson_lefthand":{"rotation":[67.5, 0, 0],"translation":[0.5, 2, 1.75],"scale":[0.33984, 0.33984, 0.33984]},"firstperson_righthand":{"rotation":[180, 60.25, 180],"translation":[0, 3.5, 0],"scale":[0.3707, 0.3707, 0.3707]},"firstperson_lefthand":{"rotation":[180, 60.25, 180],"translation":[0, 3.5, 0],"scale":[0.3707, 0.3707, 0.3707]},"ground":{"translation":[0, 3, 0],"scale":[0.25, 0.25, 0.25]},"gui":{"rotation":[30, 225, 0],"translation":[-2.75, 0, 0],"scale":[0.41172, 0.41172, 0.41172]},"head":{"rotation":[0, -180, 0],"translation":[1.5, -29.5, -0.75],"scale":[0, 0, 0]},"fixed":{"rotation":[-90, 0, 0],"translation":[0, -1, -16],"scale":[2, 2, 2]}}}