{"texture_size":[256, 256],"textures":{"0":"custom/furniture/medieval_market/medievalmarket","particle":"custom/furniture/medieval_market/medievalmarket"},"elements":[{"from":[10, 0, 2],"to":[14, 14, 6],"rotation":{"angle":0,"axis":"y","origin":[-4, 16, 13]},"faces":{"north":{"uv":[0.25, 4.71875, 0, 5.59375],"texture":"#0"},"east":{"uv":[0.25, 4.71875, 0.5, 5.59375],"texture":"#0"},"south":{"uv":[0.25, 4.71875, 0, 5.59375],"texture":"#0"},"west":{"uv":[0.25, 4.71875, 0.5, 5.59375],"texture":"#0"},"up":{"uv":[1.4375, 5.84375, 1.1875, 5.59375],"texture":"#0"},"down":{"uv":[1.4375, 5.84375, 1.1875, 5.59375],"texture":"#0"}}},{"from":[-14, 0, 2],"to":[-10, 14, 6],"rotation":{"angle":0,"axis":"y","origin":[-13, 16, 13]},"faces":{"north":{"uv":[0, 4.71875, 0.25, 5.59375],"texture":"#0"},"east":{"uv":[0.5, 4.71875, 0.25, 5.59375],"texture":"#0"},"south":{"uv":[0, 4.71875, 0.25, 5.59375],"texture":"#0"},"west":{"uv":[0.5, 4.71875, 0.25, 5.59375],"texture":"#0"},"up":{"uv":[1.1875, 5.8125, 1.4375, 5.5625],"texture":"#0"},"down":{"uv":[1.1875, 5.8125, 1.4375, 5.5625],"texture":"#0"}}},{"from":[-14, 0, 10],"to":[-10, 14, 14],"rotation":{"angle":0,"axis":"y","origin":[14, 16, 13]},"faces":{"north":{"uv":[0, 4.71875, 0.25, 5.59375],"texture":"#0"},"east":{"uv":[0.5, 4.71875, 0.25, 5.59375],"texture":"#0"},"south":{"uv":[0, 4.71875, 0.25, 5.59375],"texture":"#0"},"west":{"uv":[0.5, 4.71875, 0.25, 5.59375],"texture":"#0"},"up":{"uv":[1.1875, 5.84375, 1.4375, 5.59375],"texture":"#0"},"down":{"uv":[1.1875, 5.84375, 1.4375, 5.59375],"texture":"#0"}}},{"from":[10, 0, 10],"to":[14, 14, 14],"rotation":{"angle":0,"axis":"y","origin":[-4, 16, 13]},"faces":{"north":{"uv":[0.25, 4.71875, 0, 5.59375],"texture":"#0"},"east":{"uv":[0.25, 4.71875, 0.5, 5.59375],"texture":"#0"},"south":{"uv":[0.25, 4.71875, 0, 5.59375],"texture":"#0"},"west":{"uv":[0.25, 4.71875, 0.5, 5.59375],"texture":"#0"},"up":{"uv":[1.4375, 5.84375, 1.1875, 5.59375],"texture":"#0"},"down":{"uv":[1.4375, 5.84375, 1.1875, 5.59375],"texture":"#0"}}},{"from":[-10, 2.5, 3.1],"to":[10, 5.5, 4.9],"rotation":{"angle":0,"axis":"y","origin":[-2, 16, 13]},"faces":{"north":{"uv":[5.75, 2.5625, 7, 2.75],"texture":"#0"},"south":{"uv":[5.5, 2.5625, 7.125, 2.75],"texture":"#0"},"up":{"uv":[7, 2.8625, 5.75, 2.75],"texture":"#0"},"down":{"uv":[7.125, 2.8625, 5.875, 2.75],"texture":"#0"}}},{"from":[-2.6, 16, 9.1],"to":[16, 19, 11.1],"rotation":{"angle":0,"axis":"y","origin":[-2, 16, 13]},"faces":{"north":{"uv":[5.90625, 2.5625, 7.1875, 2.75],"texture":"#0"},"east":{"uv":[1.9375, 5.5625, 2.05, 5.75],"texture":"#0"},"south":{"uv":[5.90625, 2.5625, 7.1875, 2.75],"texture":"#0"},"west":{"uv":[1.9375, 5.5625, 2.05, 5.75],"texture":"#0"},"up":{"uv":[6.78125, 2.8625, 5.5, 2.75],"texture":"#0"},"down":{"uv":[6.78125, 2.8625, 5.5, 2.75],"texture":"#0"}}},{"from":[-10, 10, 3],"to":[10, 13, 5],"rotation":{"angle":0,"axis":"y","origin":[4, 16, 13]},"faces":{"north":{"uv":[7.375, 2.5625, 6.125, 2.75],"texture":"#0"},"south":{"uv":[7.375, 2.5625, 5.75, 2.75],"texture":"#0"},"down":{"uv":[5.5, 2.875, 6.75, 2.75],"texture":"#0"}}},{"from":[-16, 13, 1],"to":[16, 16, 15],"rotation":{"angle":0,"axis":"y","origin":[-2, 16, 13]},"faces":{"north":{"uv":[4.1875, 6.5625, 6.3125, 6.75],"texture":"#0"},"east":{"uv":[4.1875, 6.75, 5.0625, 6.9375],"texture":"#0"},"south":{"uv":[5.5, 2.1875, 7.625, 2.375],"texture":"#0"},"west":{"uv":[4.1875, 6.75, 5.0625, 6.9375],"texture":"#0"},"up":{"uv":[6.3125, 5.6875, 4.1875, 6.5625],"texture":"#0"},"down":{"uv":[6.3125, 5.6875, 4.1875, 6.5625],"texture":"#0"}}},{"from":[-1.9, 15.5, 2.2],"to":[6.1, 15.5, 13.2],"rotation":{"angle":-22.5,"axis":"x","origin":[-1.5, 18, 0]},"faces":{"north":{"uv":[1, 5.9375, 0.5, 6.125],"texture":"#0"},"east":{"uv":[1.03125, 5.9375, 1, 6.125],"texture":"#0"},"south":{"uv":[1, 5.9375, 0.5, 6.125],"texture":"#0"},"west":{"uv":[1.03125, 5.9375, 1, 6.125],"texture":"#0"},"up":{"uv":[1, 6.15625, 0.5, 6.84375],"texture":"#0"},"down":{"uv":[1, 6.15625, 0.5, 6.84375],"texture":"#0"}}},{"from":[-1.9, 15.3, 13.2],"to":[6.1, 18.3, 13.7],"rotation":{"angle":-22.5,"axis":"x","origin":[-0.9, 18, 0]},"faces":{"north":{"uv":[1, 5.9375, 0.5, 6.125],"texture":"#0"},"east":{"uv":[1.03125, 5.9375, 1, 6.125],"texture":"#0"},"south":{"uv":[1, 5.9375, 0.5, 6.125],"texture":"#0"},"west":{"uv":[1.03125, 5.9375, 1, 6.125],"texture":"#0"},"up":{"uv":[1, 6.125, 0.5, 6.15625],"texture":"#0"},"down":{"uv":[1, 6.125, 0.5, 6.15625],"texture":"#0"}}},{"from":[6.1, 15.3, 1.7],"to":[6.6, 18.3, 13.7],"rotation":{"angle":-22.5,"axis":"x","origin":[-16.9, 18, 0]},"faces":{"north":{"uv":[2.3125, 5.6875, 2.34375, 5.875],"texture":"#0"},"east":{"uv":[1, 5.9375, 1.75, 6.125],"texture":"#0"},"south":{"uv":[2.3125, 5.6875, 2.34375, 5.875],"texture":"#0"},"west":{"uv":[1, 5.9375, 1.75, 6.125],"texture":"#0"},"up":{"uv":[2.34375, 5.6875, 2.375, 6.4375],"texture":"#0"},"down":{"uv":[2.34375, 5.6875, 2.375, 6.4375],"texture":"#0"}}},{"from":[6.5, 19.1, 6],"to":[6.5, 21.1, 10],"rotation":{"angle":22.5,"axis":"z","origin":[7.1, 21, 8]},"faces":{"north":{"uv":[1.8125, 5.5, 1.8125, 5.625],"texture":"#0"},"east":{"uv":[0.5, 5.75, 0.75, 5.875],"texture":"#0"},"south":{"uv":[1.8125, 5.5, 1.8125, 5.625],"texture":"#0"},"west":{"uv":[0.5, 5.75, 0.75, 5.875],"texture":"#0"},"up":{"uv":[1.84375, 5.5, 1.84375, 5.75],"texture":"#0"},"down":{"uv":[1.84375, 5.5, 1.84375, 5.75],"texture":"#0"}}},{"from":[-1.9, 15.3, 1.7],"to":[6.1, 18.3, 2.2],"rotation":{"angle":-22.5,"axis":"x","origin":[-16.9, 18, 0]},"faces":{"north":{"uv":[0.5, 5.9375, 1, 6.125],"texture":"#0"},"east":{"uv":[1, 5.9375, 1.03125, 6.125],"texture":"#0"},"south":{"uv":[0.5, 5.9375, 1, 6.125],"texture":"#0"},"west":{"uv":[1, 5.9375, 1.03125, 6.125],"texture":"#0"},"up":{"uv":[0.5, 6.125, 1, 6.15625],"texture":"#0"},"down":{"uv":[0.5, 6.125, 1, 6.15625],"texture":"#0"}}},{"from":[-2.4, 15.3, 1.7],"to":[-1.9, 18.3, 13.7],"rotation":{"angle":-22.5,"axis":"x","origin":[-0.9, 18, 0]},"faces":{"north":{"uv":[2.34375, 5.6875, 2.3125, 5.875],"texture":"#0"},"east":{"uv":[1.75, 5.9375, 1, 6.125],"texture":"#0"},"south":{"uv":[2.34375, 5.6875, 2.3125, 5.875],"texture":"#0"},"west":{"uv":[1.75, 5.9375, 1, 6.125],"texture":"#0"},"up":{"uv":[2.375, 5.6875, 2.34375, 6.4375],"texture":"#0"},"down":{"uv":[2.375, 5.6875, 2.34375, 6.4375],"texture":"#0"}}},{"from":[-2.3, 19.1, 6],"to":[-2.3, 21.1, 10],"rotation":{"angle":-22.5,"axis":"z","origin":[-2.9, 21, 8]},"faces":{"north":{"uv":[1.8125, 5.5, 1.8125, 5.625],"texture":"#0"},"east":{"uv":[0.75, 5.75, 0.5, 5.875],"texture":"#0"},"south":{"uv":[1.8125, 5.5, 1.8125, 5.625],"texture":"#0"},"west":{"uv":[0.75, 5.75, 0.5, 5.875],"texture":"#0"},"up":{"uv":[1.84375, 5.5, 1.84375, 5.75],"texture":"#0"},"down":{"uv":[1.84375, 5.5, 1.84375, 5.75],"texture":"#0"}}},{"from":[7.2, 19.1, 6],"to":[7.2, 21.1, 10],"rotation":{"angle":-22.5,"axis":"z","origin":[6.6, 21, 8]},"faces":{"north":{"uv":[1.8125, 5.5, 1.8125, 5.625],"texture":"#0"},"east":{"uv":[0.75, 5.75, 0.5, 5.875],"texture":"#0"},"south":{"uv":[1.8125, 5.5, 1.8125, 5.625],"texture":"#0"},"west":{"uv":[0.75, 5.75, 0.5, 5.875],"texture":"#0"},"up":{"uv":[1.84375, 5.5, 1.84375, 5.75],"texture":"#0"},"down":{"uv":[1.84375, 5.5, 1.84375, 5.75],"texture":"#0"}}},{"from":[16, 19.1, 6],"to":[16, 21.1, 10],"rotation":{"angle":22.5,"axis":"z","origin":[16.6, 21, 8]},"faces":{"north":{"uv":[1.8125, 5.5, 1.8125, 5.625],"texture":"#0"},"east":{"uv":[0.5, 5.75, 0.75, 5.875],"texture":"#0"},"south":{"uv":[1.8125, 5.5, 1.8125, 5.625],"texture":"#0"},"west":{"uv":[0.5, 5.75, 0.75, 5.875],"texture":"#0"},"up":{"uv":[1.84375, 5.5, 1.84375, 5.75],"texture":"#0"},"down":{"uv":[1.84375, 5.5, 1.84375, 5.75],"texture":"#0"}}},{"from":[7.6, 15.5, 2.2],"to":[15.6, 15.5, 13.2],"rotation":{"angle":-22.5,"axis":"x","origin":[8.6, 18, 0]},"faces":{"north":{"uv":[1, 5.9375, 0.5, 6.125],"texture":"#0"},"east":{"uv":[1.03125, 5.9375, 1, 6.125],"texture":"#0"},"south":{"uv":[1, 5.9375, 0.5, 6.125],"texture":"#0"},"west":{"uv":[1.03125, 5.9375, 1, 6.125],"texture":"#0"},"up":{"uv":[1, 6.15625, 0.5, 6.84375],"texture":"#0"},"down":{"uv":[1, 6.15625, 0.5, 6.84375],"texture":"#0"}}},{"from":[7.6, 15.3, 13.2],"to":[15.3, 18.3, 13.7],"rotation":{"angle":-22.5,"axis":"x","origin":[8.6, 18, 0]},"faces":{"north":{"uv":[1, 5.9375, 0.5, 6.125],"texture":"#0"},"east":{"uv":[1.03125, 5.9375, 1, 6.125],"texture":"#0"},"south":{"uv":[1, 5.9375, 0.5, 6.125],"texture":"#0"},"west":{"uv":[1.03125, 5.9375, 1, 6.125],"texture":"#0"},"up":{"uv":[1, 6.125, 0.5, 6.15625],"texture":"#0"},"down":{"uv":[1, 6.125, 0.5, 6.15625],"texture":"#0"}}},{"from":[7.1, 15.3, 1.7],"to":[7.6, 18.3, 13.7],"rotation":{"angle":-22.5,"axis":"x","origin":[8.6, 18, 0]},"faces":{"north":{"uv":[2.34375, 5.6875, 2.3125, 5.875],"texture":"#0"},"east":{"uv":[1.75, 5.9375, 1, 6.125],"texture":"#0"},"south":{"uv":[2.34375, 5.6875, 2.3125, 5.875],"texture":"#0"},"west":{"uv":[1.75, 5.9375, 1, 6.125],"texture":"#0"},"up":{"uv":[2.375, 5.6875, 2.34375, 6.4375],"texture":"#0"},"down":{"uv":[2.375, 5.6875, 2.34375, 6.4375],"texture":"#0"}}},{"from":[15.3, 15.3, 1.7],"to":[15.8, 18.3, 13.7],"rotation":{"angle":-22.5,"axis":"x","origin":[-7.4, 18, 0]},"faces":{"north":{"uv":[2.3125, 5.6875, 2.34375, 5.875],"texture":"#0"},"east":{"uv":[1, 5.9375, 1.75, 6.125],"texture":"#0"},"south":{"uv":[2.3125, 5.6875, 2.34375, 5.875],"texture":"#0"},"west":{"uv":[1, 5.9375, 1.75, 6.125],"texture":"#0"},"up":{"uv":[2.34375, 5.6875, 2.375, 6.4375],"texture":"#0"},"down":{"uv":[2.34375, 5.6875, 2.375, 6.4375],"texture":"#0"}}},{"from":[7.6, 15.3, 1.7],"to":[15.3, 18.3, 2.2],"rotation":{"angle":-22.5,"axis":"x","origin":[-7.4, 18, 0]},"faces":{"north":{"uv":[0.5, 5.9375, 1, 6.125],"texture":"#0"},"east":{"uv":[1, 5.9375, 1.03125, 6.125],"texture":"#0"},"south":{"uv":[0.5, 5.9375, 1, 6.125],"texture":"#0"},"west":{"uv":[1, 5.9375, 1.03125, 6.125],"texture":"#0"},"up":{"uv":[0.5, 6.125, 1, 6.15625],"texture":"#0"},"down":{"uv":[0.5, 6.125, 1, 6.15625],"texture":"#0"}}},{"from":[10.9, 2.2, 6],"to":[13.1, 5.7, 10],"rotation":{"angle":0,"axis":"y","origin":[-5, 0, 12]},"faces":{"east":{"uv":[6.8125, 1.59375, 7.0625, 1.8125],"texture":"#0"},"west":{"uv":[6.8125, 1.59375, 7.0625, 1.8125],"texture":"#0"},"up":{"uv":[7.625, 1.5, 7.375, 1.375],"rotation":270,"texture":"#0"},"down":{"uv":[7.625, 1.5, 7.375, 1.375],"rotation":270,"texture":"#0"}}},{"from":[-13.1, 2.2, 6],"to":[-10.9, 5.7, 10],"rotation":{"angle":0,"axis":"y","origin":[19, 0, 12]},"faces":{"east":{"uv":[7, 1.59375, 6.75, 1.8125],"texture":"#0"},"west":{"uv":[7, 1.59375, 6.75, 1.8125],"texture":"#0"},"up":{"uv":[7.625, 1.375, 7.375, 1.5],"rotation":270,"texture":"#0"},"down":{"uv":[7.625, 1.375, 7.375, 1.5],"rotation":270,"texture":"#0"}}},{"from":[10.9, 9.7, 6],"to":[13.1, 13.2, 10],"rotation":{"angle":0,"axis":"y","origin":[-5, 0, 12]},"faces":{"north":{"uv":[3.8125, 3.875, 3.95, 4.09375],"texture":"#0"},"east":{"uv":[6.625, 1.59375, 7.25, 1.8125],"texture":"#0"},"south":{"uv":[3.8125, 3.875, 3.95, 4.09375],"texture":"#0"},"west":{"uv":[6.625, 1.59375, 7.25, 1.8125],"texture":"#0"},"up":{"uv":[7.875, 1.5, 7.25, 1.375],"rotation":270,"texture":"#0"},"down":{"uv":[7.875, 1.5, 7.25, 1.375],"rotation":270,"texture":"#0"}}},{"from":[-13.1, 9.7, 6],"to":[-10.9, 13.2, 10],"rotation":{"angle":0,"axis":"y","origin":[19, 0, 12]},"faces":{"east":{"uv":[7.125, 1.59375, 6.875, 1.8125],"texture":"#0"},"west":{"uv":[7.125, 1.59375, 6.875, 1.8125],"texture":"#0"},"down":{"uv":[7.625, 1.375, 7.375, 1.5],"rotation":270,"texture":"#0"}}},{"from":[-10.8, 16, 12],"to":[-7.8, 20, 16],"rotation":{"angle":-45,"axis":"y","origin":[-6.8, 24, 8]},"faces":{"north":{"uv":[7.25, 1.5, 7.4375, 1.75],"texture":"#0"},"east":{"uv":[7.4375, 1.5, 7.6875, 1.75],"texture":"#0"},"south":{"uv":[7.25, 1.5, 7.4375, 1.75],"texture":"#0"},"west":{"uv":[7.4375, 1.5, 7.6875, 1.75],"texture":"#0"},"up":{"uv":[7.6875, 1.5, 7.875, 1.75],"texture":"#0"},"down":{"uv":[7.6875, 1.5, 7.875, 1.75],"texture":"#0"}}},{"from":[-10.4, 16, 0.3],"to":[-7.4, 18.5, 4.3],"rotation":{"angle":22.5,"axis":"y","origin":[-3.4, 0, -0.7]},"faces":{"north":{"uv":[8.1875, 1.59375, 8.375, 1.75],"texture":"#0"},"east":{"uv":[7.90625, 1.59375, 8.15625, 1.75],"texture":"#0"},"south":{"uv":[8.1875, 1.59375, 8.375, 1.75],"texture":"#0"},"west":{"uv":[7.90625, 1.59375, 8.15625, 1.75],"texture":"#0"},"up":{"uv":[8.375, 1.5, 8.5625, 1.75],"texture":"#0"},"down":{"uv":[8.375, 1.5, 8.5625, 1.75],"texture":"#0"}}},{"from":[-9.9, 16, -0.7],"to":[-7.9, 18, 5.3],"rotation":{"angle":22.5,"axis":"y","origin":[-3.4, 0, -0.7]},"faces":{"north":{"uv":[9.625, 1, 9.75, 1.125],"texture":"#0"},"east":{"uv":[9.625, 1, 9.25, 1.125],"texture":"#0"},"south":{"uv":[9.625, 1, 9.75, 1.125],"texture":"#0"},"west":{"uv":[9.25, 1, 9.625, 1.125],"texture":"#0"},"up":{"uv":[9.75, 1, 9.875, 1.375],"texture":"#0"},"down":{"uv":[9.75, 1, 9.875, 1.375],"texture":"#0"}}},{"from":[0.5, 14.2, 9],"to":[4.5, 16.7, 12],"rotation":{"angle":-22.5,"axis":"x","origin":[-0.5, 0, 0]},"faces":{"north":{"uv":[7.90625, 1.59375, 8.15625, 1.75],"texture":"#0"},"east":{"uv":[8.1875, 1.59375, 8.375, 1.75],"texture":"#0"},"south":{"uv":[7.90625, 1.59375, 8.15625, 1.75],"texture":"#0"},"west":{"uv":[8.1875, 1.59375, 8.375, 1.75],"texture":"#0"},"up":{"uv":[8.375, 1.5, 8.5625, 1.75],"rotation":90,"texture":"#0"},"down":{"uv":[8.375, 1.5, 8.5625, 1.75],"rotation":270,"texture":"#0"}}},{"from":[-0.5, 14.2, 9.5],"to":[5.5, 16.2, 11.5],"rotation":{"angle":-22.5,"axis":"x","origin":[-0.5, 0, 0]},"faces":{"north":{"uv":[9.25, 1, 9.625, 1.125],"texture":"#0"},"east":{"uv":[9.625, 1, 9.75, 1.125],"texture":"#0"},"south":{"uv":[9.625, 1, 9.25, 1.125],"texture":"#0"},"west":{"uv":[9.625, 1, 9.75, 1.125],"texture":"#0"},"up":{"uv":[9.75, 1, 9.875, 1.375],"rotation":90,"texture":"#0"},"down":{"uv":[9.75, 1, 9.875, 1.375],"rotation":270,"texture":"#0"}}},{"from":[-0.5, 14.7, 12],"to":[3.5, 17.2, 15],"rotation":{"angle":-22.5,"axis":"x","origin":[-0.5, 0, 0]},"faces":{"north":{"uv":[7.90625, 1.59375, 8.15625, 1.75],"texture":"#0"},"east":{"uv":[8.1875, 1.59375, 8.375, 1.75],"texture":"#0"},"south":{"uv":[7.90625, 1.59375, 8.15625, 1.75],"texture":"#0"},"west":{"uv":[8.1875, 1.59375, 8.375, 1.75],"texture":"#0"},"up":{"uv":[8.375, 1.5, 8.5625, 1.75],"rotation":90,"texture":"#0"},"down":{"uv":[8.375, 1.5, 8.5625, 1.75],"rotation":270,"texture":"#0"}}},{"from":[-1.5, 14.7, 12.5],"to":[4.5, 16.7, 14.5],"rotation":{"angle":-22.5,"axis":"x","origin":[-0.5, 0, 0]},"faces":{"north":{"uv":[9.25, 1, 9.625, 1.125],"texture":"#0"},"east":{"uv":[9.625, 1, 9.75, 1.125],"texture":"#0"},"south":{"uv":[9.625, 1, 9.25, 1.125],"texture":"#0"},"west":{"uv":[9.625, 1, 9.75, 1.125],"texture":"#0"},"up":{"uv":[9.75, 1, 9.875, 1.375],"rotation":90,"texture":"#0"},"down":{"uv":[9.75, 1, 9.875, 1.375],"rotation":270,"texture":"#0"}}},{"from":[-7.8, 17.5, 12],"to":[-7.3, 19.5, 16],"rotation":{"angle":-45,"axis":"y","origin":[-6.8, 24, 8]},"faces":{"north":{"uv":[7.75, 1.375, 7.78125, 1.5],"texture":"#0"},"east":{"uv":[7.78125, 1.375, 8.03125, 1.5],"texture":"#0"},"south":{"uv":[7.75, 1.375, 7.78125, 1.5],"texture":"#0"},"west":{"uv":[7.78125, 1.375, 8.03125, 1.5],"texture":"#0"},"up":{"uv":[7.875, 1.5, 7.90625, 1.75],"texture":"#0"},"down":{"uv":[7.875, 1.5, 7.90625, 1.75],"texture":"#0"}}},{"from":[-11.3, 17.5, 12],"to":[-10.8, 19.5, 16],"rotation":{"angle":-45,"axis":"y","origin":[-6.8, 24, 8]},"faces":{"north":{"uv":[7.78125, 1.375, 7.75, 1.5],"texture":"#0"},"east":{"uv":[8.03125, 1.375, 7.78125, 1.5],"texture":"#0"},"south":{"uv":[7.78125, 1.375, 7.75, 1.5],"texture":"#0"},"west":{"uv":[8.03125, 1.375, 7.78125, 1.5],"texture":"#0"},"up":{"uv":[7.90625, 1.5, 7.875, 1.75],"texture":"#0"},"down":{"uv":[7.90625, 1.5, 7.875, 1.75],"texture":"#0"}}},{"from":[-12.3, 16, 2],"to":[-9.3, 17, 6],"rotation":{"angle":22.5,"axis":"y","origin":[-8.3, 24, 8]},"faces":{"north":{"uv":[7.6875, 1.5, 7.875, 1.5625],"rotation":180,"texture":"#0"},"east":{"uv":[7.4375, 1.5, 7.5, 1.75],"rotation":90,"texture":"#0"},"south":{"uv":[7.6875, 1.5, 7.875, 1.5625],"texture":"#0"},"west":{"uv":[7.4375, 1.5, 7.5, 1.75],"rotation":270,"texture":"#0"},"up":{"uv":[7.25, 1.5, 7.4375, 1.75],"texture":"#0"},"down":{"uv":[7.25, 1.5, 7.4375, 1.75],"rotation":180,"texture":"#0"}}},{"from":[-12.8, 16, 2.5],"to":[-12.3, 17, 4.5],"rotation":{"angle":22.5,"axis":"y","origin":[-8.3, 24, 8]},"faces":{"north":{"uv":[7.90625, 1.5, 7.875, 1.5625],"rotation":180,"texture":"#0"},"east":{"uv":[7.84375, 1.375, 7.78125, 1.5],"rotation":90,"texture":"#0"},"south":{"uv":[7.90625, 1.5, 7.875, 1.5625],"texture":"#0"},"west":{"uv":[7.84375, 1.375, 7.78125, 1.5],"rotation":270,"texture":"#0"},"up":{"uv":[7.78125, 1.375, 7.75, 1.5],"texture":"#0"},"down":{"uv":[7.78125, 1.375, 7.75, 1.5],"rotation":180,"texture":"#0"}}},{"from":[-9.3, 16, 2.5],"to":[-8.8, 17, 4.5],"rotation":{"angle":22.5,"axis":"y","origin":[-8.3, 24, 8]},"faces":{"north":{"uv":[7.875, 1.5, 7.90625, 1.5625],"rotation":180,"texture":"#0"},"east":{"uv":[7.78125, 1.375, 7.84375, 1.5],"rotation":90,"texture":"#0"},"south":{"uv":[7.875, 1.5, 7.90625, 1.5625],"texture":"#0"},"west":{"uv":[7.78125, 1.375, 7.84375, 1.5],"rotation":270,"texture":"#0"},"up":{"uv":[7.75, 1.375, 7.78125, 1.5],"texture":"#0"},"down":{"uv":[7.75, 1.375, 7.78125, 1.5],"rotation":180,"texture":"#0"}}},{"from":[7.6, 15.6, 9.1],"to":[8.1, 17.6, 13.1],"rotation":{"angle":-22.5,"axis":"x","origin":[14.6, 0, 0]},"faces":{"north":{"uv":[7.78125, 1.375, 7.75, 1.5],"texture":"#0"},"east":{"uv":[8.03125, 1.375, 7.78125, 1.5],"texture":"#0"},"south":{"uv":[7.78125, 1.375, 7.75, 1.5],"texture":"#0"},"west":{"uv":[8.03125, 1.375, 7.78125, 1.5],"texture":"#0"},"up":{"uv":[7.90625, 1.5, 7.875, 1.75],"texture":"#0"},"down":{"uv":[7.90625, 1.5, 7.875, 1.75],"texture":"#0"}}},{"from":[8.1, 14.1, 9.1],"to":[11.1, 18.1, 13.1],"rotation":{"angle":-22.5,"axis":"x","origin":[14.6, 0, 0]},"faces":{"north":{"uv":[7.25, 1.5, 7.4375, 1.75],"texture":"#0"},"east":{"uv":[7.4375, 1.5, 7.6875, 1.75],"texture":"#0"},"south":{"uv":[7.25, 1.5, 7.4375, 1.75],"texture":"#0"},"west":{"uv":[7.4375, 1.5, 7.6875, 1.75],"texture":"#0"},"up":{"uv":[7.6875, 1.5, 7.875, 1.75],"texture":"#0"},"down":{"uv":[7.6875, 1.5, 7.875, 1.75],"texture":"#0"}}},{"from":[11.1, 15.6, 9.1],"to":[11.6, 17.6, 13.1],"rotation":{"angle":-22.5,"axis":"x","origin":[14.6, 0, 0]},"faces":{"north":{"uv":[7.75, 1.375, 7.78125, 1.5],"texture":"#0"},"east":{"uv":[7.78125, 1.375, 8.03125, 1.5],"texture":"#0"},"south":{"uv":[7.75, 1.375, 7.78125, 1.5],"texture":"#0"},"west":{"uv":[7.78125, 1.375, 8.03125, 1.5],"texture":"#0"},"up":{"uv":[7.875, 1.5, 7.90625, 1.75],"texture":"#0"},"down":{"uv":[7.875, 1.5, 7.90625, 1.75],"texture":"#0"}}},{"from":[11.1, 15.6, 13.1],"to":[11.6, 17.6, 17.1],"rotation":{"angle":-22.5,"axis":"x","origin":[14.6, 0, 0]},"faces":{"north":{"uv":[7.75, 1.375, 7.78125, 1.5],"texture":"#0"},"east":{"uv":[7.78125, 1.375, 8.03125, 1.5],"texture":"#0"},"south":{"uv":[7.75, 1.375, 7.78125, 1.5],"texture":"#0"},"west":{"uv":[7.78125, 1.375, 8.03125, 1.5],"texture":"#0"},"up":{"uv":[7.875, 1.5, 7.90625, 1.75],"texture":"#0"},"down":{"uv":[7.875, 1.5, 7.90625, 1.75],"texture":"#0"}}},{"from":[8.1, 14.1, 13.1],"to":[11.1, 18.1, 17.1],"rotation":{"angle":-22.5,"axis":"x","origin":[14.6, 0, 0]},"faces":{"north":{"uv":[7.25, 1.5, 7.4375, 1.75],"texture":"#0"},"east":{"uv":[7.4375, 1.5, 7.6875, 1.75],"texture":"#0"},"south":{"uv":[7.25, 1.5, 7.4375, 1.75],"texture":"#0"},"west":{"uv":[7.4375, 1.5, 7.6875, 1.75],"texture":"#0"},"up":{"uv":[7.6875, 1.5, 7.875, 1.75],"texture":"#0"},"down":{"uv":[7.6875, 1.5, 7.875, 1.75],"texture":"#0"}}},{"from":[7.6, 15.6, 13.1],"to":[8.1, 17.6, 17.1],"rotation":{"angle":-22.5,"axis":"x","origin":[14.6, 0, 0]},"faces":{"north":{"uv":[7.78125, 1.375, 7.75, 1.5],"texture":"#0"},"east":{"uv":[8.03125, 1.375, 7.78125, 1.5],"texture":"#0"},"south":{"uv":[7.78125, 1.375, 7.75, 1.5],"texture":"#0"},"west":{"uv":[8.03125, 1.375, 7.78125, 1.5],"texture":"#0"},"up":{"uv":[7.90625, 1.5, 7.875, 1.75],"texture":"#0"},"down":{"uv":[7.90625, 1.5, 7.875, 1.75],"texture":"#0"}}},{"from":[14.8, 19.4, 2.1],"to":[15.3, 21.4, 6.1],"rotation":{"angle":0,"axis":"y","origin":[14.3, 0, 0]},"faces":{"north":{"uv":[7.75, 1.375, 7.78125, 1.5],"texture":"#0"},"east":{"uv":[7.78125, 1.375, 8.03125, 1.5],"texture":"#0"},"south":{"uv":[7.75, 1.375, 7.78125, 1.5],"texture":"#0"},"west":{"uv":[7.78125, 1.375, 8.03125, 1.5],"texture":"#0"},"up":{"uv":[7.875, 1.5, 7.90625, 1.75],"texture":"#0"},"down":{"uv":[7.875, 1.5, 7.90625, 1.75],"texture":"#0"}}},{"from":[12.1, 17.9, 2.1],"to":[14.8, 21.9, 6.1],"rotation":{"angle":0,"axis":"y","origin":[14.6, 0, 0]},"faces":{"north":{"uv":[7.25, 1.5, 7.4375, 1.75],"texture":"#0"},"east":{"uv":[7.4375, 1.5, 7.6875, 1.75],"texture":"#0"},"south":{"uv":[7.25, 1.5, 7.4375, 1.75],"texture":"#0"},"west":{"uv":[7.4375, 1.5, 7.6875, 1.75],"texture":"#0"},"up":{"uv":[7.6875, 1.5, 7.875, 1.75],"texture":"#0"},"down":{"uv":[7.6875, 1.5, 7.875, 1.75],"texture":"#0"}}},{"from":[11.6, 19.4, 2.1],"to":[12.1, 21.4, 6.1],"rotation":{"angle":0,"axis":"y","origin":[14.6, 0, 0]},"faces":{"north":{"uv":[7.78125, 1.375, 7.75, 1.5],"texture":"#0"},"east":{"uv":[8.03125, 1.375, 7.78125, 1.5],"texture":"#0"},"south":{"uv":[7.78125, 1.375, 7.75, 1.5],"texture":"#0"},"west":{"uv":[8.03125, 1.375, 7.78125, 1.5],"texture":"#0"},"up":{"uv":[7.90625, 1.5, 7.875, 1.75],"texture":"#0"},"down":{"uv":[7.90625, 1.5, 7.875, 1.75],"texture":"#0"}}},{"from":[7, 16.5, 18.9],"to":[10, 16.5, 25.9],"rotation":{"angle":-45,"axis":"y","origin":[17, 0, -1.1]},"faces":{"north":{"uv":[2.125, 6.71875, 1.9375, 6.71875],"rotation":180,"texture":"#0"},"east":{"uv":[1.9375, 7.15625, 1.9375, 6.71875],"rotation":90,"texture":"#0"},"south":{"uv":[2.125, 6.71875, 1.9375, 6.71875],"texture":"#0"},"west":{"uv":[1.9375, 7.15625, 1.9375, 6.71875],"rotation":270,"texture":"#0"},"up":{"uv":[2.0625, 6.375, 1.875, 6.8125],"rotation":180,"texture":"#0"},"down":{"uv":[2.0625, 6.375, 1.875, 6.8125],"texture":"#0"}}},{"from":[8, 16, 25.9],"to":[10, 17, 29.9],"rotation":{"angle":-45,"axis":"y","origin":[17, 0, -1.1]},"faces":{"north":{"uv":[8, 2.5625, 7.875, 2.625],"rotation":180,"texture":"#0"},"east":{"uv":[8.125, 2.625, 8.1875, 2.375],"rotation":90,"texture":"#0"},"south":{"uv":[8, 2.5625, 7.875, 2.625],"texture":"#0"},"west":{"uv":[8.125, 2.625, 8.1875, 2.375],"rotation":270,"texture":"#0"},"up":{"uv":[8.125, 2.375, 8, 2.625],"rotation":180,"texture":"#0"},"down":{"uv":[8.125, 2.375, 8, 2.625],"texture":"#0"}}}],"gui_light":"front","display":{"thirdperson_righthand":{"rotation":[67.5, 0, 0],"translation":[1.5, 2.25, 2.5],"scale":[0.25469, 0.25469, 0.25469]},"thirdperson_lefthand":{"rotation":[67.5, 0, 0],"translation":[-1.75, 2.25, 2.5],"scale":[0.25469, 0.25469, 0.25469]},"firstperson_righthand":{"rotation":[-180, 57.75, -180],"translation":[-0.75, 2, -1.5],"scale":[0.29258, 0.29258, 0.29258]},"firstperson_lefthand":{"rotation":[-180, 57.75, -180],"translation":[-0.5, 2, 1.5],"scale":[0.29258, 0.29258, 0.29258]},"ground":{"translation":[0, 8.5, 0],"scale":[0.25, 0.25, 0.25]},"gui":{"rotation":[30, 225, 0],"translation":[-2, -1.5, 0],"scale":[0.4, 0.4, 0.4]},"head":{"translation":[12.25, -29.5, 0.75],"scale":[0, 0, 0]},"fixed":{"rotation":[-90, 0, 0],"translation":[0, 0, -16],"scale":[2, 2, 2]}}}