{"texture_size":[256, 256],"textures":{"0":"custom/furniture/medieval_market/medievalmarket","particle":"custom/furniture/medieval_market/medievalmarket"},"elements":[{"from":[11, 0, 6],"to":[15, 14, 10],"rotation":{"angle":0,"axis":"y","origin":[-3, 16, 13]},"faces":{"north":{"uv":[0.25, 6.6875, 0, 5.8125],"texture":"#0"},"east":{"uv":[0.25, 6.6875, 0, 5.8125],"texture":"#0"},"south":{"uv":[0.25, 6.6875, 0, 5.8125],"texture":"#0"},"west":{"uv":[0.25, 6.6875, 0, 5.8125],"texture":"#0"},"up":{"uv":[1.4375, 5.8125, 1.1875, 5.5625],"texture":"#0"},"down":{"uv":[1.4375, 5.8125, 1.1875, 5.5625],"texture":"#0"}}},{"from":[-15, 0, 6],"to":[-11, 14, 10],"rotation":{"angle":0,"axis":"y","origin":[-3, 16, 13]},"faces":{"north":{"uv":[0.25, 6.6875, 0, 5.8125],"texture":"#0"},"east":{"uv":[0.25, 6.6875, 0, 5.8125],"texture":"#0"},"south":{"uv":[0.25, 6.6875, 0, 5.8125],"texture":"#0"},"west":{"uv":[0.25, 6.6875, 0, 5.8125],"texture":"#0"},"up":{"uv":[1.4375, 5.8125, 1.1875, 5.5625],"texture":"#0"},"down":{"uv":[1.4375, 5.8125, 1.1875, 5.5625],"texture":"#0"}}},{"from":[-15, 14, 6],"to":[-11, 28, 10],"rotation":{"angle":0,"axis":"y","origin":[-3, 16, 13]},"faces":{"north":{"uv":[0.25, 5.8125, 0, 6.6875],"texture":"#0"},"east":{"uv":[0.25, 5.8125, 0, 6.6875],"texture":"#0"},"south":{"uv":[0.25, 5.8125, 0, 6.6875],"texture":"#0"},"west":{"uv":[0.25, 5.8125, 0, 6.6875],"texture":"#0"},"up":{"uv":[1.4375, 5.8125, 1.1875, 5.5625],"texture":"#0"},"down":{"uv":[1.4375, 5.8125, 1.1875, 5.5625],"texture":"#0"}}},{"from":[-15.5, 22, -0.5],"to":[15.5, 23.5, 7.5],"faces":{"north":{"uv":[5.5, 3.9375, 7.5, 4.03125],"texture":"#0"},"east":{"uv":[5.9375, 5.5625, 5.5625, 5.65625],"texture":"#0"},"south":{"uv":[5.5, 3.9375, 7.5, 4.03125],"texture":"#0"},"west":{"uv":[5.9375, 5.5625, 5.5625, 5.65625],"texture":"#0"},"up":{"uv":[6.125, 5.875, 4.1875, 6.375],"texture":"#0"},"down":{"uv":[6.125, 5.875, 4.1875, 6.375],"texture":"#0"}}},{"from":[-15.5, 11, -0.5],"to":[15.5, 12.5, 7.5],"faces":{"north":{"uv":[5.5, 3.9375, 7.5, 4.03125],"texture":"#0"},"east":{"uv":[5.9375, 5.5625, 5.5625, 5.65625],"texture":"#0"},"south":{"uv":[5.5, 3.9375, 7.5, 4.03125],"texture":"#0"},"west":{"uv":[5.9375, 5.5625, 5.5625, 5.65625],"texture":"#0"},"up":{"uv":[6.125, 5.875, 4.1875, 6.375],"texture":"#0"},"down":{"uv":[6.125, 5.875, 4.1875, 6.375],"texture":"#0"}}},{"from":[-2.5, 12.5, 1.2],"to":[0, 15, 3.7],"rotation":{"angle":-22.5,"axis":"y","origin":[-7, 13.7, -4]},"faces":{"north":{"uv":[1.90625, 5.9375, 1.75, 6.09375],"texture":"#0"},"east":{"uv":[2.0625, 5.9375, 1.90625, 6.09375],"texture":"#0"},"south":{"uv":[1.90625, 5.9375, 1.75, 6.09375],"texture":"#0"},"west":{"uv":[2.0625, 5.9375, 1.90625, 6.09375],"texture":"#0"},"up":{"uv":[2.21875, 5.9375, 2.0625, 6.09375],"texture":"#0"},"down":{"uv":[2.21875, 5.9375, 2.0625, 6.09375],"texture":"#0"}}},{"from":[-2, 15, 2.5],"to":[0.5, 17.5, 2.5],"rotation":{"angle":-22.5,"axis":"y","origin":[-7, 13.7, -4]},"faces":{"north":{"uv":[2.625, 6.3125, 2.46875, 6.46875],"texture":"#0"},"east":{"uv":[2.0625, 5.9375, 1.90625, 6.09375],"texture":"#0"},"south":{"uv":[2.46875, 6.3125, 2.625, 6.46875],"texture":"#0"},"west":{"uv":[2.0625, 5.9375, 1.90625, 6.09375],"texture":"#0"},"up":{"uv":[2.21875, 5.9375, 2.0625, 5.9375],"texture":"#0"},"down":{"uv":[2.21875, 5.9375, 2.0625, 6.09375],"texture":"#0"}}},{"from":[-7.6, 12.4, 0.7],"to":[-5.1, 14.9, 3.2],"rotation":{"angle":0,"axis":"y","origin":[-7, 13.7, -4]},"faces":{"north":{"uv":[2.21875, 6.09375, 2.0625, 6.25],"texture":"#0"},"east":{"uv":[2.21875, 6.25, 2.0625, 6.40625],"texture":"#0"},"south":{"uv":[2.21875, 6.09375, 2.0625, 6.25],"texture":"#0"},"west":{"uv":[2.21875, 6.25, 2.0625, 6.40625],"texture":"#0"},"up":{"uv":[2.21875, 6.40625, 2.0625, 6.5625],"texture":"#0"},"down":{"uv":[2.21875, 6.40625, 2.0625, 6.5625],"texture":"#0"}}},{"from":[-7.1, 14.9, 2],"to":[-4.6, 17.4, 2],"rotation":{"angle":0,"axis":"y","origin":[-7, 13.7, -4]},"faces":{"north":{"uv":[2.625, 6.3125, 2.46875, 6.46875],"texture":"#0"},"east":{"uv":[2.0625, 5.9375, 1.90625, 6.09375],"texture":"#0"},"south":{"uv":[2.46875, 6.3125, 2.625, 6.46875],"texture":"#0"},"west":{"uv":[2.0625, 5.9375, 1.90625, 6.09375],"texture":"#0"},"up":{"uv":[2.21875, 5.9375, 2.0625, 5.9375],"texture":"#0"},"down":{"uv":[2.21875, 5.9375, 2.0625, 6.09375],"texture":"#0"}}},{"from":[11, 14, 6],"to":[15, 28, 10],"rotation":{"angle":0,"axis":"y","origin":[-3, 16, 13]},"faces":{"north":{"uv":[0.25, 5.8125, 0, 6.6875],"texture":"#0"},"east":{"uv":[0.25, 5.8125, 0, 6.6875],"texture":"#0"},"south":{"uv":[0.25, 5.8125, 0, 6.6875],"texture":"#0"},"west":{"uv":[0.25, 5.8125, 0, 6.6875],"texture":"#0"},"up":{"uv":[1.4375, 5.8125, 1.1875, 5.5625],"texture":"#0"},"down":{"uv":[1.4375, 5.8125, 1.1875, 5.5625],"texture":"#0"}}},{"from":[-16, 3, 7],"to":[16, 6, 9],"rotation":{"angle":0,"axis":"y","origin":[-3, 16, 13]},"faces":{"north":{"uv":[5.5, 2.375, 7.5, 2.5625],"texture":"#0"},"east":{"uv":[1.9375, 5.5625, 2.0625, 5.75],"texture":"#0"},"south":{"uv":[5.5, 2.375, 7.5, 2.5625],"texture":"#0"},"west":{"uv":[1.9375, 5.5625, 2.0625, 5.75],"texture":"#0"},"up":{"uv":[8, 2.875, 5.5, 2.75],"texture":"#0"},"down":{"uv":[8, 2.875, 5.5, 2.75],"texture":"#0"}}},{"from":[-16, 24, 7],"to":[16, 27, 9],"rotation":{"angle":0,"axis":"y","origin":[-3, 16, 13]},"faces":{"north":{"uv":[5.5, 2.375, 7.5, 2.5625],"texture":"#0"},"east":{"uv":[1.9375, 5.5625, 2.0625, 5.75],"texture":"#0"},"south":{"uv":[5.5, 2.375, 7.5, 2.5625],"texture":"#0"},"west":{"uv":[1.9375, 5.5625, 2.0625, 5.75],"texture":"#0"},"up":{"uv":[8, 2.875, 5.5, 2.75],"texture":"#0"},"down":{"uv":[8, 2.875, 5.5, 2.75],"texture":"#0"}}},{"from":[-16, 13, 7],"to":[16, 16, 9],"rotation":{"angle":0,"axis":"y","origin":[-3, 16, 13]},"faces":{"north":{"uv":[5.5, 2.375, 7.5, 2.5625],"texture":"#0"},"east":{"uv":[1.9375, 5.5625, 2.0625, 5.75],"texture":"#0"},"south":{"uv":[5.5, 2.375, 7.5, 2.5625],"texture":"#0"},"west":{"uv":[1.9375, 5.5625, 2.0625, 5.75],"texture":"#0"},"up":{"uv":[8, 2.875, 5.5, 2.75],"texture":"#0"},"down":{"uv":[8, 2.875, 5.5, 2.75],"texture":"#0"}}},{"from":[-14, 3.5, -9],"to":[-12, 6.5, 4],"rotation":{"angle":-45,"axis":"x","origin":[-13, 16, 3]},"faces":{"north":{"uv":[2.1875, 5.6875, 2.0625, 5.875],"texture":"#0"},"east":{"uv":[6.3125, 2.5625, 5.5, 2.75],"texture":"#0"},"south":{"uv":[2.1875, 5.6875, 2.0625, 5.875],"texture":"#0"},"west":{"uv":[6.3125, 2.5625, 5.5, 2.75],"texture":"#0"},"up":{"uv":[2.75, 5, 2.625, 5.8125],"texture":"#0"},"down":{"uv":[2.75, 5.8125, 2.625, 5],"texture":"#0"}}},{"from":[-14, 3.5, 12],"to":[-12, 6.5, 25],"rotation":{"angle":45,"axis":"x","origin":[-13, 16, 13]},"faces":{"north":{"uv":[2.0625, 5.6875, 2.1875, 5.875],"texture":"#0"},"east":{"uv":[5.5, 2.5625, 6.3125, 2.75],"texture":"#0"},"south":{"uv":[2.0625, 5.6875, 2.1875, 5.875],"texture":"#0"},"west":{"uv":[5.5, 2.5625, 6.3125, 2.75],"texture":"#0"},"up":{"uv":[2.75, 5.8125, 2.625, 5],"texture":"#0"},"down":{"uv":[2.75, 5, 2.625, 5.8125],"texture":"#0"}}},{"from":[12, 3.5, -9],"to":[14, 6.5, 4],"rotation":{"angle":-45,"axis":"x","origin":[13, 16, 3]},"faces":{"north":{"uv":[2.0625, 5.6875, 2.1875, 5.875],"texture":"#0"},"east":{"uv":[5.5, 2.5625, 6.3125, 2.75],"texture":"#0"},"south":{"uv":[2.0625, 5.6875, 2.1875, 5.875],"texture":"#0"},"west":{"uv":[5.5, 2.5625, 6.3125, 2.75],"texture":"#0"},"up":{"uv":[2.625, 5, 2.75, 5.8125],"texture":"#0"},"down":{"uv":[2.625, 5.8125, 2.75, 5],"texture":"#0"}}},{"from":[12, 3.5, 12],"to":[14, 6.5, 25],"rotation":{"angle":45,"axis":"x","origin":[13, 16, 13]},"faces":{"north":{"uv":[2.1875, 5.6875, 2.0625, 5.875],"texture":"#0"},"east":{"uv":[6.3125, 2.5625, 5.5, 2.75],"texture":"#0"},"south":{"uv":[2.1875, 5.6875, 2.0625, 5.875],"texture":"#0"},"west":{"uv":[6.3125, 2.5625, 5.5, 2.75],"texture":"#0"},"up":{"uv":[2.625, 5.8125, 2.75, 5],"texture":"#0"},"down":{"uv":[2.625, 5, 2.75, 5.8125],"texture":"#0"}}},{"from":[14.4, 26.7, 3.9],"to":[14.4, 27.7, 11.9],"rotation":{"angle":-22.5,"axis":"x","origin":[10.4, 15.8, 12.4]},"faces":{"north":{"uv":[1.0625, 6.84375, 1.125, 6.84375],"rotation":90,"texture":"#0"},"east":{"uv":[2.75, 6.6875, 3.25, 6.625],"rotation":180,"texture":"#0"},"south":{"uv":[1.0625, 6.84375, 1.125, 6.84375],"rotation":270,"texture":"#0"},"west":{"uv":[2.75, 6.6875, 3.25, 6.625],"texture":"#0"},"up":{"uv":[1, 6.84375, 1.5, 6.84375],"rotation":270,"texture":"#0"},"down":{"uv":[1, 6.84375, 1.5, 6.84375],"rotation":270,"texture":"#0"}}},{"from":[-14.4, 26.7, 3.9],"to":[-14.4, 27.7, 11.9],"rotation":{"angle":-22.5,"axis":"x","origin":[5.6, 15.8, 12.4]},"faces":{"north":{"uv":[1.0625, 6.84375, 1.125, 6.84375],"rotation":90,"texture":"#0"},"east":{"uv":[3.25, 6.6875, 2.75, 6.625],"texture":"#0"},"south":{"uv":[1.0625, 6.84375, 1.125, 6.84375],"rotation":270,"texture":"#0"},"west":{"uv":[3.25, 6.6875, 2.75, 6.625],"rotation":180,"texture":"#0"},"up":{"uv":[1, 6.84375, 1.5, 6.84375],"rotation":270,"texture":"#0"},"down":{"uv":[1, 6.84375, 1.5, 6.84375],"rotation":270,"texture":"#0"}}},{"from":[-14.4, 26.7, 3.9],"to":[-14.4, 27.7, 11.9],"rotation":{"angle":-22.5,"axis":"x","origin":[5.6, 15.8, 12.4]},"faces":{"north":{"uv":[1.0625, 6.84375, 1.125, 6.84375],"rotation":90,"texture":"#0"},"east":{"uv":[3.25, 6.6875, 2.75, 6.625],"texture":"#0"},"south":{"uv":[1.0625, 6.84375, 1.125, 6.84375],"rotation":270,"texture":"#0"},"west":{"uv":[3.25, 6.6875, 2.75, 6.625],"rotation":180,"texture":"#0"},"up":{"uv":[1, 6.84375, 1.5, 6.84375],"rotation":270,"texture":"#0"},"down":{"uv":[1, 6.84375, 1.5, 6.84375],"rotation":270,"texture":"#0"}}},{"from":[14.4, 26.7, 3.9],"to":[14.4, 27.7, 11.9],"rotation":{"angle":-22.5,"axis":"x","origin":[10.4, 15.8, 12.4]},"faces":{"north":{"uv":[1.0625, 6.84375, 1.125, 6.84375],"rotation":90,"texture":"#0"},"east":{"uv":[2.75, 6.6875, 3.25, 6.625],"rotation":180,"texture":"#0"},"south":{"uv":[1.0625, 6.84375, 1.125, 6.84375],"rotation":270,"texture":"#0"},"west":{"uv":[2.75, 6.6875, 3.25, 6.625],"texture":"#0"},"up":{"uv":[1, 6.84375, 1.5, 6.84375],"rotation":270,"texture":"#0"},"down":{"uv":[1, 6.84375, 1.5, 6.84375],"rotation":270,"texture":"#0"}}},{"from":[14.4, 15.7, 3.9],"to":[14.4, 16.7, 11.9],"rotation":{"angle":-22.5,"axis":"x","origin":[10.4, 4.8, 12.4]},"faces":{"north":{"uv":[1.0625, 6.84375, 1.125, 6.84375],"rotation":90,"texture":"#0"},"east":{"uv":[2.75, 6.6875, 3.25, 6.625],"rotation":180,"texture":"#0"},"south":{"uv":[1.0625, 6.84375, 1.125, 6.84375],"rotation":270,"texture":"#0"},"west":{"uv":[2.75, 6.6875, 3.25, 6.625],"texture":"#0"},"up":{"uv":[1, 6.84375, 1.5, 6.84375],"rotation":270,"texture":"#0"},"down":{"uv":[1, 6.84375, 1.5, 6.84375],"rotation":270,"texture":"#0"}}},{"from":[-14.4, 15.7, 3.9],"to":[-14.4, 16.7, 11.9],"rotation":{"angle":-22.5,"axis":"x","origin":[5.6, 4.8, 12.4]},"faces":{"north":{"uv":[1.0625, 6.84375, 1.125, 6.84375],"rotation":90,"texture":"#0"},"east":{"uv":[3.25, 6.6875, 2.75, 6.625],"texture":"#0"},"south":{"uv":[1.0625, 6.84375, 1.125, 6.84375],"rotation":270,"texture":"#0"},"west":{"uv":[3.25, 6.6875, 2.75, 6.625],"rotation":180,"texture":"#0"},"up":{"uv":[1, 6.84375, 1.5, 6.84375],"rotation":270,"texture":"#0"},"down":{"uv":[1, 6.84375, 1.5, 6.84375],"rotation":270,"texture":"#0"}}},{"from":[8.6, 15, -1.1],"to":[9.4, 16, -0.3],"rotation":{"angle":22.5,"axis":"y","origin":[17, 0, 0]},"faces":{"north":{"uv":[1.20625, 5.8125, 1.15625, 5.875],"texture":"#0"},"east":{"uv":[1.20625, 5.8125, 1.15625, 5.875],"texture":"#0"},"south":{"uv":[1.20625, 5.8125, 1.15625, 5.875],"texture":"#0"},"west":{"uv":[1.20625, 5.8125, 1.15625, 5.875],"texture":"#0"},"up":{"uv":[1.26875, 5.8125, 1.21875, 5.8625],"texture":"#0"},"down":{"uv":[1.26875, 5.8125, 1.21875, 5.8625],"texture":"#0"}}},{"from":[7, 12.5, -2.7],"to":[11, 15, 1.3],"rotation":{"angle":22.5,"axis":"y","origin":[17, 0, 0]},"faces":{"north":{"uv":[1.25, 6.125, 1, 6.28125],"texture":"#0"},"east":{"uv":[1.5, 6.125, 1.25, 6.28125],"texture":"#0"},"south":{"uv":[1.25, 6.125, 1, 6.28125],"texture":"#0"},"west":{"uv":[1.5, 6.125, 1.25, 6.28125],"texture":"#0"},"up":{"uv":[1.25, 6.28125, 1, 6.53125],"texture":"#0"},"down":{"uv":[1.25, 6.28125, 1, 6.53125],"texture":"#0"}}},{"from":[2.6, 26, -2.1],"to":[3.4, 27, -1.3],"rotation":{"angle":22.5,"axis":"y","origin":[17, 0, 0]},"faces":{"north":{"uv":[1.20625, 5.8125, 1.15625, 5.875],"texture":"#0"},"east":{"uv":[1.20625, 5.8125, 1.15625, 5.875],"texture":"#0"},"south":{"uv":[1.20625, 5.8125, 1.15625, 5.875],"texture":"#0"},"west":{"uv":[1.20625, 5.8125, 1.15625, 5.875],"texture":"#0"},"up":{"uv":[1.26875, 5.8125, 1.21875, 5.8625],"texture":"#0"},"down":{"uv":[1.26875, 5.8125, 1.21875, 5.8625],"texture":"#0"}}},{"from":[1, 23.5, -3.7],"to":[5, 26, 0.3],"rotation":{"angle":22.5,"axis":"y","origin":[17, 0, 0]},"faces":{"north":{"uv":[1.25, 6.125, 1, 6.28125],"texture":"#0"},"east":{"uv":[1.5, 6.125, 1.25, 6.28125],"texture":"#0"},"south":{"uv":[1.25, 6.125, 1, 6.28125],"texture":"#0"},"west":{"uv":[1.5, 6.125, 1.25, 6.28125],"texture":"#0"},"up":{"uv":[1.25, 6.28125, 1, 6.53125],"texture":"#0"},"down":{"uv":[1.25, 6.28125, 1, 6.53125],"texture":"#0"}}},{"from":[10, 16.5, 0.3],"to":[14, 19, 4.3],"rotation":{"angle":22.5,"axis":"z","origin":[17, 0, 0]},"faces":{"north":{"uv":[1.25, 6.125, 1, 6.28125],"texture":"#0"},"east":{"uv":[1.5, 6.125, 1.25, 6.28125],"texture":"#0"},"south":{"uv":[1.25, 6.125, 1, 6.28125],"texture":"#0"},"west":{"uv":[1.5, 6.125, 1.25, 6.28125],"texture":"#0"},"up":{"uv":[1.25, 6.28125, 1, 6.53125],"texture":"#0"},"down":{"uv":[1.25, 6.28125, 1, 6.53125],"texture":"#0"}}},{"from":[11.6, 19, 1.9],"to":[12.4, 20, 2.7],"rotation":{"angle":22.5,"axis":"z","origin":[17, 0, 0]},"faces":{"north":{"uv":[1.20625, 5.8125, 1.15625, 5.875],"texture":"#0"},"east":{"uv":[1.20625, 5.8125, 1.15625, 5.875],"texture":"#0"},"south":{"uv":[1.20625, 5.8125, 1.15625, 5.875],"texture":"#0"},"west":{"uv":[1.20625, 5.8125, 1.15625, 5.875],"texture":"#0"},"up":{"uv":[1.26875, 5.8125, 1.21875, 5.8625],"texture":"#0"},"down":{"uv":[1.26875, 5.8125, 1.21875, 5.8625],"texture":"#0"}}},{"from":[0.2, 23.6, 7.9],"to":[4.7, 27.6, 12.4],"rotation":{"angle":-22.5,"axis":"y","origin":[14, -3.6, -27.4]},"faces":{"north":{"uv":[2.0625, 6.125, 1.78125, 6.375],"texture":"#0"},"east":{"uv":[2.0625, 6.125, 1.78125, 6.375],"texture":"#0"},"south":{"uv":[2.0625, 6.125, 1.78125, 6.375],"texture":"#0"},"west":{"uv":[2.0625, 6.125, 1.78125, 6.375],"texture":"#0"},"up":{"uv":[1.8125, 6.375, 1.53125, 6.65625],"texture":"#0"},"down":{"uv":[1.8125, 6.375, 1.53125, 6.65625],"texture":"#0"}}},{"from":[-16, 23.5, -9.3],"to":[-12, 27, -5.3],"rotation":{"angle":22.5,"axis":"y","origin":[14, -3.6, -27.4]},"faces":{"north":{"uv":[1.75, 6.125, 1.5, 6.34375],"texture":"#0"},"east":{"uv":[1.75, 6.125, 1.5, 6.34375],"texture":"#0"},"south":{"uv":[1.75, 6.125, 1.5, 6.34375],"texture":"#0"},"west":{"uv":[1.75, 6.125, 1.5, 6.34375],"texture":"#0"},"up":{"uv":[1.5, 6.28125, 1.25, 6.53125],"texture":"#0"},"down":{"uv":[1.5, 6.28125, 1.25, 6.53125],"texture":"#0"}}},{"from":[0, 12.5, 7.7],"to":[4, 16, 11.7],"rotation":{"angle":-22.5,"axis":"y","origin":[14, -3.6, -27.4]},"faces":{"north":{"uv":[1.75, 6.125, 1.5, 6.34375],"texture":"#0"},"east":{"uv":[1.75, 6.125, 1.5, 6.34375],"texture":"#0"},"south":{"uv":[1.75, 6.125, 1.5, 6.34375],"texture":"#0"},"west":{"uv":[1.75, 6.125, 1.5, 6.34375],"texture":"#0"},"up":{"uv":[1.5, 6.28125, 1.25, 6.53125],"texture":"#0"},"down":{"uv":[1.5, 6.28125, 1.25, 6.53125],"texture":"#0"}}}],"gui_light":"front","display":{"thirdperson_righthand":{"rotation":[67.5, 0, 0],"translation":[2.5, 0.5, 1.5],"scale":[0.28399, 0.28399, 0.28399]},"thirdperson_lefthand":{"rotation":[67.5, 0, 0],"translation":[-2.25, 0.5, 1.5],"scale":[0.28399, 0.28399, 0.28399]},"firstperson_righthand":{"rotation":[180, 49.75, 180],"translation":[-3.25, 4, 1.25],"scale":[0.21055, 0.21055, 0.21055]},"firstperson_lefthand":{"rotation":[180, 49.75, 180],"translation":[-0.5, 4, 3.25],"scale":[0.21055, 0.21055, 0.21055]},"ground":{"translation":[0, 6, 0],"scale":[0.25, 0.25, 0.25]},"gui":{"rotation":[30, 225, 0],"translation":[-3.25, -2.75, 0],"scale":[0.4, 0.4, 0.4]},"head":{"translation":[12.25, -29.5, 0.75],"scale":[0, 0, 0]},"fixed":{"rotation":[-90, 0, 0],"translation":[0, 0, -18.75],"scale":[2, 2, 2]}}}