{"texture_size":[32,32],"textures":{"0":"custom/hats/mcdo"},"elements":[{"from":[3,5,6],"to":[4,8,10],"faces":{"east":{"uv":[5,0,7,1.5],"texture":"#0"},"south":{"uv":[3.5,8.5,4,10],"texture":"#0"},"west":{"uv":[5,1.5,7,3],"texture":"#0"},"up":{"uv":[7.5,10,7,8],"texture":"#0"},"down":{"uv":[8.5,7,8,9],"texture":"#0"}}},{"from":[12,5,10],"to":[13,7,14],"faces":{"east":{"uv":[4,7,6,8],"texture":"#0"},"south":{"uv":[8.5,7,9,8],"texture":"#0"},"west":{"uv":[6,7,8,8],"texture":"#0"},"up":{"uv":[2,10.5,1.5,8.5],"texture":"#0"},"down":{"uv":[2.5,8.5,2,10.5],"texture":"#0"}}},{"from":[12,5,6],"to":[13,8,10],"faces":{"east":{"uv":[0,6,2,7.5],"texture":"#0"},"south":{"uv":[4,8.5,4.5,10],"texture":"#0"},"west":{"uv":[2,6,4,7.5],"texture":"#0"},"up":{"uv":[1,10.5,0.5,8.5],"texture":"#0"},"down":{"uv":[1.5,8.5,1,10.5],"texture":"#0"}}},{"from":[3,5,10],"to":[4,7,14],"faces":{"east":{"uv":[7,1,9,2],"texture":"#0"},"south":{"uv":[4.5,8.5,5,9.5],"texture":"#0"},"west":{"uv":[7,2,9,3],"texture":"#0"},"up":{"uv":[8,10,7.5,8],"texture":"#0"},"down":{"uv":[0.5,8.5,0,10.5],"texture":"#0"}}},{"from":[3,5,5],"to":[13,9,6],"faces":{"north":{"uv":[0,0,5,2],"texture":"#0"},"east":{"uv":[2.5,8.5,3,10.5],"texture":"#0"},"south":{"uv":[0,2,5,4],"texture":"#0"},"west":{"uv":[3,8.5,3.5,10.5],"texture":"#0"},"up":{"uv":[10,3.5,5,3],"texture":"#0"},"down":{"uv":[10,3.5,5,4],"texture":"#0"}}},{"from":[3,5,14],"to":[13,6,15],"faces":{"north":{"uv":[4,6,9,6.5],"texture":"#0"},"east":{"uv":[8.5,8,9,8.5],"texture":"#0"},"south":{"uv":[4,6.5,9,7],"texture":"#0"},"west":{"uv":[8.5,8.5,9,9],"texture":"#0"},"up":{"uv":[12,0.5,7,0],"texture":"#0"},"down":{"uv":[12,0.5,7,1],"texture":"#0"}}},{"from":[4,5,1],"to":[12,5.5,5],"faces":{"north":{"uv":[0,7.5,4,8],"texture":"#0"},"east":{"uv":[8,5,10,5.5],"texture":"#0"},"west":{"uv":[8,5.5,10,6],"texture":"#0"},"up":{"uv":[4,6,0,4],"texture":"#0"},"down":{"uv":[8,4,4,6],"texture":"#0"}}},{"from":[12,4.5,1],"to":[13,5,6],"faces":{"north":{"uv":[9,1,9.5,1.5],"texture":"#0"},"east":{"uv":[0,8,2.5,8.5],"texture":"#0"},"west":{"uv":[2.5,8,5,8.5],"texture":"#0"},"up":{"uv":[5.5,10.5,5,8],"texture":"#0"},"down":{"uv":[6,8,5.5,10.5],"texture":"#0"}}},{"from":[3,4.5,1],"to":[4,5,6],"faces":{"north":{"uv":[9,1.5,9.5,2],"texture":"#0"},"east":{"uv":[8,4,10.5,4.5],"texture":"#0"},"west":{"uv":[8,4.5,10.5,5],"texture":"#0"},"up":{"uv":[6.5,10.5,6,8],"texture":"#0"},"down":{"uv":[7,8,6.5,10.5],"texture":"#0"}}}],"gui_light":"front","display":{"thirdperson_righthand":{"rotation":[-11,0,0],"translation":[0,0.75,1.25],"scale":[0.5,0.5,0.55]},"thirdperson_lefthand":{"rotation":[-11,0,0],"translation":[0,0.75,1.25],"scale":[0.5,0.5,0.55]},"firstperson_righthand":{"scale":[0.5,0.5,0.5]},"firstperson_lefthand":{"scale":[0.5,0.5,0.5]},"ground":{"scale":[0.75,0.75,0.75]},"gui":{"rotation":[25,-150,0],"translation":[0,1.5,0],"scale":[0.8,0.8,0.8]},"head":{"rotation":[12,0,0],"translation":[0,6.75,-2.75],"scale":[1.6,1.6,1.7]},"fixed":{"translation":[0,1.5,1],"scale":[1.25,1.25,1.25]}}}