{"textures":{"particle":"custom/hats/pink_cowboy_hat"},"elements":[{"from":[3,0,3],"to":[13,1.125,13],"rotation":{"angle":0,"axis":"y","origin":[8,3,8]},"faces":{"north":{"uv":[4.5,0,5,0.5],"texture":"#particle"},"east":{"uv":[0,0,0,0],"texture":"#particle"},"south":{"uv":[4.5,0,5,0.5],"texture":"#particle"},"west":{"uv":[0,0,0,0],"texture":"#particle"},"up":{"uv":[9.5,5,4.5,0],"texture":"#particle"},"down":{"uv":[9.5,10.5,4.5,5.5],"texture":"#particle"}}},{"from":[2.52863,-1.68511,2.9875],"to":[4.52863,-0.56011,13.0125],"rotation":{"angle":-22.5,"axis":"z","origin":[8,3,8]},"faces":{"north":{"uv":[10,5,11,5.5],"texture":"#particle"},"east":{"uv":[0,0,0,0],"texture":"#particle"},"south":{"uv":[11,5,10,5.5],"texture":"#particle"},"west":{"uv":[10,5,11,5.5],"texture":"#particle"},"up":{"uv":[11,5,10,0],"texture":"#particle"},"down":{"uv":[11,10.5,10,5.5],"texture":"#particle"}}},{"from":[11.47137,-1.68511,2.9875],"to":[13.47137,-0.56011,13.0125],"rotation":{"angle":22.5,"axis":"z","origin":[8,3,8]},"faces":{"north":{"uv":[11,5,10,5.5],"texture":"#particle"},"east":{"uv":[10,4.5,11,5],"texture":"#particle"},"south":{"uv":[10,5,11,5.5],"texture":"#particle"},"west":{"uv":[0,0,0,0],"texture":"#particle"},"up":{"uv":[11,5,10,0],"rotation":180,"texture":"#particle"},"down":{"uv":[11,10.5,10,5.5],"rotation":180,"texture":"#particle"}}},{"from":[1.52863,-1.68511,3.9875],"to":[2.52863,-0.56011,12.0125],"rotation":{"angle":-22.5,"axis":"z","origin":[8,3,8]},"faces":{"north":{"uv":[11.5,4,12,4.5],"texture":"#particle"},"east":{"uv":[0,0,0,0],"texture":"#particle"},"south":{"uv":[12,4,11.5,4.5],"texture":"#particle"},"west":{"uv":[11.5,4.5,12,5],"texture":"#particle"},"up":{"uv":[12,4,11.5,0],"texture":"#particle"},"down":{"uv":[12,8.5,11.5,4.5],"texture":"#particle"}}},{"from":[13.47137,-1.68511,3.9875],"to":[14.47137,-0.56011,12.0125],"rotation":{"angle":22.5,"axis":"z","origin":[8,3,8]},"faces":{"north":{"uv":[12,4,11.5,4.5],"texture":"#particle"},"east":{"uv":[11.5,4,12,4.5],"texture":"#particle"},"south":{"uv":[11.5,4,12,4.5],"texture":"#particle"},"west":{"uv":[11.5,4.5,12,5],"texture":"#particle"},"up":{"uv":[12,4,11.5,0],"rotation":180,"texture":"#particle"},"down":{"uv":[12,8.5,11.5,4.5],"rotation":180,"texture":"#particle"}}},{"from":[4,0,2],"to":[12,1.125,3],"rotation":{"angle":0,"axis":"y","origin":[8,3,8]},"faces":{"north":{"uv":[0,13.5,0.5,14],"texture":"#particle"},"east":{"uv":[0.5,13.5,0,14],"texture":"#particle"},"south":{"uv":[0,0,0,0],"texture":"#particle"},"west":{"uv":[0,13.5,0.5,14],"texture":"#particle"},"up":{"uv":[4,14,0,13.5],"texture":"#particle"},"down":{"uv":[0.5,14,0,13.5],"texture":"#particle"}}},{"from":[4,0,13],"to":[12,1.125,14],"rotation":{"angle":0,"axis":"y","origin":[8,3,8]},"faces":{"north":{"uv":[0,0,0,0],"texture":"#particle"},"east":{"uv":[0,13.5,0.5,14],"texture":"#particle"},"south":{"uv":[0,13.5,0.5,14],"texture":"#particle"},"west":{"uv":[0.5,13.5,0,14],"texture":"#particle"},"up":{"uv":[4,14,0,13.5],"rotation":180,"texture":"#particle"},"down":{"uv":[0.5,14,0,13.5],"rotation":180,"texture":"#particle"}}},{"from":[4,1,4],"to":[12,5,12],"rotation":{"angle":0,"axis":"y","origin":[8,3,8]},"faces":{"north":{"uv":[0,4.5,4,6.5],"texture":"#particle"},"east":{"uv":[0,7,4,9],"texture":"#particle"},"south":{"uv":[0,4.5,4,6.5],"texture":"#particle"},"west":{"uv":[0,7,4,9],"texture":"#particle"},"up":{"uv":[4,4,0,0],"texture":"#particle"},"down":{"uv":[0,0,0,0],"texture":"#particle"}}},{"from":[5,5,5],"to":[11,6,11],"rotation":{"angle":0,"axis":"y","origin":[8,3,8]},"faces":{"north":{"uv":[0,12.5,3,13],"texture":"#particle"},"east":{"uv":[0,12.5,3,13],"texture":"#particle"},"south":{"uv":[0,12.5,3,13],"texture":"#particle"},"west":{"uv":[0,12.5,3,13],"texture":"#particle"},"up":{"uv":[3,12.5,0,9.5],"texture":"#particle"},"down":{"uv":[0,0,0,0],"texture":"#particle"}}}],"gui_light":"front","display":{"thirdperson_righthand":{"rotation":[-57,0,0],"translation":[0,1.5,-3],"scale":[0.55,0.55,0.55]},"thirdperson_lefthand":{"rotation":[-57,0,0],"translation":[0,1.5,-3],"scale":[0.55,0.55,0.55]},"firstperson_righthand":{"translation":[1,2.75,0.5],"scale":[0.4,0.4,0.4]},"firstperson_lefthand":{"translation":[1,2.75,0.5],"scale":[0.4,0.4,0.4]},"ground":{"translation":[0,6.25,0]},"gui":{"rotation":[25,-150,0],"translation":[0,5,0]},"head":{"rotation":[12,0,0],"translation":[0,17.25,2.5],"scale":[1.9,1.9,1.9]},"fixed":{"translation":[0,5,2]}}}