{"texture_size":[32,32],"textures":{"0":"custom/hats/rgb_mohawk"},"elements":[{"from":[7,0,0],"to":[7,15,14],"faces":{"east":{"uv":[8,7.5,1,15],"texture":"#0"},"west":{"uv":[1,7.5,8,15],"texture":"#0"}}},{"from":[9,0,0],"to":[9,15,14],"faces":{"east":{"uv":[8,0,1,7.5],"texture":"#0"},"west":{"uv":[1,0,8,7.5],"texture":"#0"}}},{"from":[7,6,0],"to":[9,14,0],"faces":{"north":{"uv":[0,0,1,4],"texture":"#0"},"south":{"uv":[1,0,0,4],"texture":"#0"}}}],"display":{"head":{"translation":[0,7.75,6],"scale":[1.7,1.7,1.7]}}}