{"textures":{"0":"custom/hats/tennis_cap"},"elements":[{"from":[4,0,6],"to":[4,2,14],"faces":{"north":{"uv":[0,0,0,2],"texture":"#0"},"east":{"uv":[0,2,8,4],"texture":"#0"},"south":{"uv":[0,0,0,2],"texture":"#0"},"west":{"uv":[0,2,8,4],"texture":"#0"},"up":{"uv":[0,0,0,8],"texture":"#0"},"down":{"uv":[0,0,0,8],"texture":"#0"}}},{"from":[12,0,6],"to":[12,2,14],"faces":{"north":{"uv":[0,0,0,2],"texture":"#0"},"east":{"uv":[0,2,8,4],"texture":"#0"},"south":{"uv":[0,0,0,2],"texture":"#0"},"west":{"uv":[0,2,8,4],"texture":"#0"},"up":{"uv":[0,0,0,8],"texture":"#0"},"down":{"uv":[0,0,0,8],"texture":"#0"}}},{"from":[4,0,6],"to":[12,2,6],"faces":{"north":{"uv":[0,0,8,2],"texture":"#0"},"east":{"uv":[0,0,0,2],"texture":"#0"},"south":{"uv":[0,2,8,4],"texture":"#0"},"west":{"uv":[0,0,0,2],"texture":"#0"},"up":{"uv":[8,0,0,0],"texture":"#0"},"down":{"uv":[8,0,0,0],"texture":"#0"}}},{"from":[4,0,14],"to":[12,2,14],"faces":{"north":{"uv":[0,2,8,4],"texture":"#0"},"east":{"uv":[0,0,0,2],"texture":"#0"},"south":{"uv":[0,2,8,4],"texture":"#0"},"west":{"uv":[0,0,0,2],"texture":"#0"},"up":{"uv":[0,0,8,0],"texture":"#0"},"down":{"uv":[0,0,8,0],"texture":"#0"}}},{"from":[4,0,3],"to":[12,0,6],"faces":{"north":{"uv":[0,0,8,0],"texture":"#0"},"east":{"uv":[0,0,3,0],"texture":"#0"},"south":{"uv":[0,0,8,0],"texture":"#0"},"west":{"uv":[0,0,3,0],"texture":"#0"},"up":{"uv":[0,4,8,7],"texture":"#0"},"down":{"uv":[0,7,8,4],"texture":"#0"}}},{"from":[5,0,2],"to":[11,0,3],"faces":{"north":{"uv":[0,0,6,0],"texture":"#0"},"east":{"uv":[0,0,1,0],"texture":"#0"},"south":{"uv":[0,0,6,0],"texture":"#0"},"west":{"uv":[0,0,1,0],"texture":"#0"},"up":{"uv":[1,7,7,8],"texture":"#0"},"down":{"uv":[1,7,7,8],"texture":"#0"}}}],"gui_light":"front","display":{"thirdperson_righthand":{"rotation":[-21.15,-22.45,-86.49],"translation":[9.25,-3,-1.75]},"thirdperson_lefthand":{"rotation":[-21.15,-22.45,-86.49],"translation":[9.25,-3,-1.75]},"firstperson_righthand":{"rotation":[16.5,0,0],"translation":[0,7.25,3],"scale":[0.8,0.8,0.8]},"firstperson_lefthand":{"rotation":[16.5,0,0],"translation":[0,7.25,3],"scale":[0.8,0.8,0.8]},"ground":{"translation":[0,5,0]},"gui":{"rotation":[25,-150,0],"translation":[0.75,6.25,0]},"head":{"rotation":[9,0,0],"translation":[0,18.25,-2],"scale":[1.95,1.95,1.95]}}}