{"textures":{"0":"modelengine:entity/nm_penguin_baby_texture","particle":"#0"},"elements":[{"from":[8.0,3.0,6.4999995],"to":[9.0,8.0,9.5],"faces":{"east":{"uv":[8.0,10.0,9.5,12.5],"tintindex":0,"rotation":0,"texture":"#0"},"south":{"uv":[11.5,5.5,12.0,8.0],"tintindex":0,"rotation":0,"texture":"#0"},"north":{"uv":[4.5,11.0,5.0,13.5],"tintindex":0,"rotation":0,"texture":"#0"},"west":{"uv":[10.0,10.0,11.5,12.5],"tintindex":0,"rotation":0,"texture":"#0"},"up":{"uv":[7.5,13.5,7.0,12.0],"tintindex":0,"rotation":0,"texture":"#0"},"down":{"uv":[12.5,10.0,12.0,11.5],"tintindex":0,"rotation":0,"texture":"#0"}}}],"display":{"head":{"rotation":[0.0,0.0,0.0]},"firstperson_righthand":{"rotation":[0.0,0.0,0.0]},"thirdperson_lefthand":{"rotation":[0.0,-0.0,-0.0]},"firstperson_lefthand":{"rotation":[0.0,-0.0,-0.0]},"fixed":{"rotation":[0.0,0.0,0.0]},"ground":{"rotation":[0.0,0.0,0.0]},"thirdperson_righthand":{"rotation":[0.0,0.0,0.0]},"gui":{"rotation":[-150.0,-45.0,180.0]}}}