{"textures":{"0":"modelengine:entity/nm_penguin_baby_texture","particle":"#0"},"elements":[{"from":[7.0,7.5,7.75],"to":[9.0,8.5,10.75],"faces":{"east":{"uv":[12.0,12.0,13.5,12.5],"tintindex":0,"rotation":0,"texture":"#0"},"south":{"uv":[12.5,6.5,13.5,7.0],"tintindex":0,"rotation":0,"texture":"#0"},"north":{"uv":[1.5,12.5,2.5,13.0],"tintindex":0,"rotation":0,"texture":"#0"},"west":{"uv":[12.5,5.5,14.0,6.0],"tintindex":0,"rotation":0,"texture":"#0"},"up":{"uv":[2.5,12.0,1.5,10.5],"tintindex":0,"rotation":0,"texture":"#0"},"down":{"uv":[4.0,11.0,3.0,12.5],"tintindex":0,"rotation":0,"texture":"#0"}}}],"display":{"head":{"rotation":[0.0,0.0,0.0]},"firstperson_righthand":{"rotation":[0.0,0.0,0.0]},"thirdperson_lefthand":{"rotation":[0.0,-0.0,-0.0]},"firstperson_lefthand":{"rotation":[0.0,-0.0,-0.0]},"fixed":{"rotation":[0.0,0.0,0.0]},"ground":{"rotation":[0.0,0.0,0.0]},"thirdperson_righthand":{"rotation":[0.0,0.0,0.0]},"gui":{"rotation":[-150.0,-45.0,180.0]}}}