{"textures":{"0":"modelengine:entity/nm_penguin_baby_texture","particle":"#0"},"elements":[{"from":[5.0,8.0,5.5],"to":[11.0,15.0,10.5],"faces":{"east":{"uv":[0.0,4.0,2.5,7.5],"tintindex":0,"rotation":0,"texture":"#0"},"south":{"uv":[3.5,0.0,6.5,3.5],"tintindex":0,"rotation":0,"texture":"#0"},"north":{"uv":[0.0,0.0,3.0,3.5],"tintindex":0,"rotation":0,"texture":"#0"},"west":{"uv":[3.0,4.0,5.5,7.5],"tintindex":0,"rotation":0,"texture":"#0"},"up":{"uv":[9.0,6.5,6.0,4.0],"tintindex":0,"rotation":0,"texture":"#0"},"down":{"uv":[10.0,0.0,7.0,2.5],"tintindex":0,"rotation":0,"texture":"#0"}}}],"display":{"head":{"rotation":[0.0,0.0,0.0]},"firstperson_righthand":{"rotation":[0.0,0.0,0.0]},"thirdperson_lefthand":{"rotation":[0.0,-0.0,-0.0]},"firstperson_lefthand":{"rotation":[0.0,-0.0,-0.0]},"fixed":{"rotation":[0.0,0.0,0.0]},"ground":{"rotation":[0.0,0.0,0.0]},"thirdperson_righthand":{"rotation":[0.0,0.0,0.0]},"gui":{"rotation":[-150.0,-45.0,180.0]}}}