{"texture_size":[64, 64],"textures":{"0":"custom/furniture/blacksmith/chair","particle":"custom/furniture/blacksmith/chair"},"elements":[{"from":[-16, 6, 0],"to":[16, 10, 16],"faces":{"north":{"uv":[6.25, 3.5, 13.75, 4.25],"texture":"#0"},"east":{"uv":[0, 4.25, 3.5, 5],"texture":"#0"},"south":{"uv":[6.25, 3.5, 13.75, 4.25],"texture":"#0"},"west":{"uv":[0, 4.25, 3.5, 5],"texture":"#0"},"up":{"uv":[14, 3.5, 6.5, 0],"texture":"#0"},"down":{"uv":[14, 3.5, 6.5, 0],"texture":"#0"}}},{"from":[-15, 4, 1],"to":[15, 6, 15],"faces":{"north":{"uv":[0, 7.75, 7, 8.25],"texture":"#0"},"east":{"uv":[3.5, 3, 6.5, 3.5],"texture":"#0"},"south":{"uv":[0, 7.75, 7, 8.25],"texture":"#0"},"west":{"uv":[3.5, 3, 6.5, 3.5],"texture":"#0"},"up":{"uv":[3.125, 6.75, 3.25, 6.875],"texture":"#0"},"down":{"uv":[3.125, 6.75, 3.25, 6.875],"texture":"#0"}}},{"from":[-14, 0, 2],"to":[-11, 4, 5],"rotation":{"angle":0,"axis":"y","origin":[-1, 0, -1]},"faces":{"north":{"uv":[5.5, 3.5, 6.25, 4.5],"texture":"#0"},"east":{"uv":[5.5, 4.5, 6.25, 5.5],"texture":"#0"},"south":{"uv":[5.5, 3.5, 6.25, 4.5],"texture":"#0"},"west":{"uv":[5.5, 4.5, 6.25, 5.5],"texture":"#0"},"up":{"uv":[3, 6.75, 3.125, 6.875],"texture":"#0"},"down":{"uv":[3.125, 6.875, 3, 6.75],"texture":"#0"}}},{"from":[-14, 0, 11],"to":[-11, 4, 14],"rotation":{"angle":0,"axis":"y","origin":[-1, 0, 1]},"faces":{"north":{"uv":[5.5, 3.5, 6.25, 4.5],"texture":"#0"},"east":{"uv":[5.5, 4.5, 6.25, 5.5],"texture":"#0"},"south":{"uv":[5.5, 3.5, 6.25, 4.5],"texture":"#0"},"west":{"uv":[5.5, 4.5, 6.25, 5.5],"texture":"#0"},"up":{"uv":[3, 6.75, 3.125, 6.875],"texture":"#0"},"down":{"uv":[3.125, 6.875, 3, 6.75],"texture":"#0"}}},{"from":[-11, 2, 3],"to":[11, 3, 4],"rotation":{"angle":0,"axis":"y","origin":[0, 0, -1]},"faces":{"north":{"uv":[3.25, 6.75, 3.375, 7],"texture":"#0"},"east":{"uv":[3.25, 6.75, 3.375, 7],"texture":"#0"},"south":{"uv":[3.25, 6.75, 3.375, 7],"texture":"#0"},"west":{"uv":[3.25, 6.75, 3.375, 7],"texture":"#0"},"up":{"uv":[3.25, 6.75, 3.375, 6.875],"rotation":270,"texture":"#0"},"down":{"uv":[3.25, 6.75, 3.375, 6.875],"rotation":270,"texture":"#0"}}},{"from":[-11, 2, 12],"to":[11, 3, 13],"rotation":{"angle":0,"axis":"y","origin":[0, 0, 1]},"faces":{"north":{"uv":[3.25, 6.75, 3.375, 7],"texture":"#0"},"east":{"uv":[3.25, 6.75, 3.375, 7],"texture":"#0"},"south":{"uv":[3.25, 6.75, 3.375, 7],"texture":"#0"},"west":{"uv":[3.25, 6.75, 3.375, 7],"texture":"#0"},"up":{"uv":[3.25, 6.75, 3.375, 6.875],"rotation":270,"texture":"#0"},"down":{"uv":[3.25, 6.75, 3.375, 6.875],"rotation":270,"texture":"#0"}}},{"from":[11, 0, 11],"to":[14, 4, 14],"rotation":{"angle":0,"axis":"y","origin":[17, 0, 1]},"faces":{"north":{"uv":[6.25, 3.5, 5.5, 4.5],"texture":"#0"},"east":{"uv":[6.25, 4.5, 5.5, 5.5],"texture":"#0"},"south":{"uv":[6.25, 3.5, 5.5, 4.5],"texture":"#0"},"west":{"uv":[6.25, 4.5, 5.5, 5.5],"texture":"#0"},"up":{"uv":[3, 6.75, 3.125, 6.875],"texture":"#0"},"down":{"uv":[3, 6.875, 3.125, 6.75],"texture":"#0"}}},{"from":[11, 0, 2],"to":[14, 4, 5],"rotation":{"angle":0,"axis":"y","origin":[17, 0, -1]},"faces":{"north":{"uv":[6.25, 3.5, 5.5, 4.5],"texture":"#0"},"east":{"uv":[6.25, 4.5, 5.5, 5.5],"texture":"#0"},"south":{"uv":[6.25, 3.5, 5.5, 4.5],"texture":"#0"},"west":{"uv":[6.25, 4.5, 5.5, 5.5],"texture":"#0"},"up":{"uv":[3, 6.75, 3.125, 6.875],"texture":"#0"},"down":{"uv":[3, 6.875, 3.125, 6.75],"texture":"#0"}}},{"from":[12, 2, 5],"to":[13, 3, 11],"rotation":{"angle":0,"axis":"y","origin":[17, 0, 0]},"faces":{"north":{"uv":[3.375, 6.875, 3.25, 7],"texture":"#0"},"east":{"uv":[3.375, 6.75, 3.25, 7],"texture":"#0"},"south":{"uv":[3.375, 6.75, 3.25, 7],"texture":"#0"},"west":{"uv":[3.375, 6.75, 3.25, 7],"texture":"#0"},"up":{"uv":[3.375, 6.75, 3.25, 7],"texture":"#0"},"down":{"uv":[3.375, 6.75, 3.25, 7],"texture":"#0"}}},{"from":[-13, 2, 5],"to":[-12, 3, 11],"rotation":{"angle":0,"axis":"y","origin":[15, 0, 0]},"faces":{"north":{"uv":[3.375, 6.875, 3.25, 7],"texture":"#0"},"east":{"uv":[3.375, 6.75, 3.25, 7],"texture":"#0"},"south":{"uv":[3.375, 6.75, 3.25, 7],"texture":"#0"},"west":{"uv":[3.375, 6.75, 3.25, 7],"texture":"#0"},"up":{"uv":[3.375, 6.75, 3.25, 7],"texture":"#0"},"down":{"uv":[3.375, 6.75, 3.25, 7],"texture":"#0"}}},{"from":[-15, 10, 1],"to":[14, 11, 13.5],"rotation":{"angle":0,"axis":"y","origin":[0, 2, 0]},"faces":{"north":{"uv":[0, 10.75, 7, 11],"texture":"#0"},"east":{"uv":[0.125, 7.5, 2.875, 7.75],"texture":"#0"},"south":{"uv":[0, 10.75, 7, 11],"texture":"#0"},"west":{"uv":[0.125, 7.5, 2.875, 7.75],"texture":"#0"},"up":{"uv":[0, 8.25, 7, 11],"texture":"#0"},"down":{"uv":[0, 8.25, 7, 11],"texture":"#0"}}},{"from":[-13, 10, 13.5],"to":[-10, 17, 16],"rotation":{"angle":0,"axis":"y","origin":[0, 0, -1]},"faces":{"north":{"uv":[3.5, 5.5, 4.25, 7.25],"texture":"#0"},"east":{"uv":[3, 5, 3.5, 6.75],"texture":"#0"},"south":{"uv":[3.5, 5.5, 4.25, 7.25],"texture":"#0"},"west":{"uv":[3, 5, 3.5, 6.75],"texture":"#0"},"up":{"uv":[3.125, 6.75, 3.25, 6.875],"texture":"#0"},"down":{"uv":[3.125, 6.75, 3.25, 6.875],"texture":"#0"}}},{"from":[10, 10, 13.5],"to":[13, 17, 16],"rotation":{"angle":0,"axis":"y","origin":[0, 0, -1]},"faces":{"north":{"uv":[3.5, 5.5, 4.25, 7.25],"texture":"#0"},"east":{"uv":[3, 5, 3.5, 6.75],"texture":"#0"},"south":{"uv":[3.5, 5.5, 4.25, 7.25],"texture":"#0"},"west":{"uv":[3, 5, 3.5, 6.75],"texture":"#0"},"up":{"uv":[3.125, 6.75, 3.25, 6.875],"texture":"#0"},"down":{"uv":[3.125, 6.75, 3.25, 6.875],"texture":"#0"}}},{"from":[-15, 17, 12],"to":[15, 25, 16],"rotation":{"angle":0,"axis":"y","origin":[0, 1, 0]},"faces":{"north":{"uv":[4.25, 5.5, 11.25, 7.5],"texture":"#0"},"east":{"uv":[4.5, 3.5, 5.5, 5.5],"texture":"#0"},"south":{"uv":[4.25, 5.5, 11.25, 7.5],"texture":"#0"},"west":{"uv":[4.5, 3.5, 5.5, 5.5],"texture":"#0"},"up":{"uv":[6.25, 4.25, 13.25, 5.25],"texture":"#0"},"down":{"uv":[6.25, 4.2125, 13.25, 5.2125],"texture":"#0"}}}],"gui_light":"front","display":{"thirdperson_righthand":{"rotation":[67.5, 0, 0],"translation":[1.75, 1.5, 0.75],"scale":[0.22, 0.22, 0.22]},"thirdperson_lefthand":{"rotation":[67.5, 0, 0],"translation":[-1.75, 1.5, 0.75],"scale":[0.22, 0.22, 0.22]},"firstperson_righthand":{"translation":[-3.12, 4.7, 4.38],"scale":[0.19383, 0.19383, 0.19383]},"firstperson_lefthand":{"translation":[-6.12, 4.7, 4.38],"scale":[0.19383, 0.19383, 0.19383]},"ground":{"translation":[2.25, 3.25, 0],"scale":[0.35, 0.35, 0.35]},"gui":{"rotation":[30, 225, 0],"translation":[-1.75, -3, 0],"scale":[0.38, 0.38, 0.38]},"head":{"translation":[0, -30.5, 0],"scale":[0, 0, 0]},"fixed":{"rotation":[-90, 0, 0],"translation":[0, 0, -16],"scale":[2, 2, 2]}}}