{"overrides":[{"predicate":{"custom_model_data":1},"model":"modelengine:turkey/head"},{"predicate":{"custom_model_data":2},"model":"modelengine:penguin_baby/rightleg"},{"predicate":{"custom_model_data":3},"model":"modelengine:turkey/rightleg"},{"predicate":{"custom_model_data":4},"model":"modelengine:penguin_baby/leftleg"},{"predicate":{"custom_model_data":5},"model":"modelengine:turkey/torso"},{"predicate":{"custom_model_data":6},"model":"modelengine:turkey/leftleg"},{"predicate":{"custom_model_data":7},"model":"modelengine:turkey/tail_feathers_upper"},{"predicate":{"custom_model_data":8},"model":"modelengine:turkey/neck"},{"predicate":{"custom_model_data":9},"model":"modelengine:penguin_baby/tail"},{"predicate":{"custom_model_data":10},"model":"modelengine:penguin_baby/torso"},{"predicate":{"custom_model_data":11},"model":"modelengine:turkey/tail_feathers_lower"},{"predicate":{"custom_model_data":12},"model":"modelengine:turkey/leftwing"},{"predicate":{"custom_model_data":13},"model":"modelengine:turkey/rightwing"},{"predicate":{"custom_model_data":14},"model":"modelengine:penguin_baby/head"},{"predicate":{"custom_model_data":15},"model":"modelengine:penguin_baby/rightwing"},{"predicate":{"custom_model_data":16},"model":"modelengine:turkey/gobblebit"},{"predicate":{"custom_model_data":17},"model":"modelengine:penguin_baby/leftwing"},{"predicate":{"custom_model_data":18},"model":"modelengine:reindeer/leftarm"},{"predicate":{"custom_model_data":19},"model":"modelengine:reindeer/rightarm"},{"predicate":{"custom_model_data":20},"model":"modelengine:reindeer/rightleg"},{"predicate":{"custom_model_data":21},"model":"modelengine:reindeer/leftleg"},{"predicate":{"custom_model_data":22},"model":"modelengine:reindeer/torso"},{"predicate":{"custom_model_data":23},"model":"modelengine:reindeer/neck"},{"predicate":{"custom_model_data":24},"model":"modelengine:reindeer/tail"},{"predicate":{"custom_model_data":25},"model":"modelengine:reindeer/head"},{"predicate":{"custom_model_data":26},"model":"modelengine:penguin/leftwing"},{"predicate":{"custom_model_data":27},"model":"modelengine:reindeer/lefthorn"},{"predicate":{"custom_model_data":28},"model":"modelengine:reindeer/righthorn"},{"predicate":{"custom_model_data":29},"model":"modelengine:penguin/tail"},{"predicate":{"custom_model_data":30},"model":"modelengine:penguin/torso"},{"predicate":{"custom_model_data":31},"model":"modelengine:penguin/leftleg"},{"predicate":{"custom_model_data":32},"model":"modelengine:penguin/rightleg"},{"predicate":{"custom_model_data":33},"model":"modelengine:penguin/head"},{"predicate":{"custom_model_data":34},"model":"modelengine:penguin/rightwing"}],"parent":"minecraft:item/generated","textures":{"layer0":"minecraft:item/leather_horse_armor"}}