{"textures":{"0":"modelengine:entity/nm_turkey_texture","particle":"#0"},"elements":[{"from":[6.95,8.000001,2.0],"to":[9.0,9.0,4.0],"faces":{"east":{"uv":[10.5,10.5,11.0,10.75],"tintindex":0,"rotation":0,"texture":"#0"},"south":{"uv":[2.0,11.0,2.5,11.25],"tintindex":0,"rotation":0,"texture":"#0"},"north":{"uv":[10.5,10.0,11.0,10.25],"tintindex":0,"rotation":0,"texture":"#0"},"west":{"uv":[2.75,11.0,3.25,11.25],"tintindex":0,"rotation":0,"texture":"#0"},"up":{"uv":[11.0,9.0,10.5,8.5],"tintindex":0,"rotation":0,"texture":"#0"},"down":{"uv":[11.0,9.25,10.5,9.75],"tintindex":0,"rotation":0,"texture":"#0"}}},{"from":[6.45,8.000001,4.0],"to":[9.5,11.0,8.0],"faces":{"east":{"uv":[2.0,10.0,3.0,10.75],"tintindex":0,"rotation":0,"texture":"#0"},"south":{"uv":[10.25,0.0,11.0,0.75],"tintindex":0,"rotation":0,"texture":"#0"},"north":{"uv":[0.0,10.25,0.75,11.0],"tintindex":0,"rotation":0,"texture":"#0"},"west":{"uv":[3.25,10.0,4.25,10.75],"tintindex":0,"rotation":0,"texture":"#0"},"up":{"uv":[10.75,5.5,10.0,4.5],"tintindex":0,"rotation":0,"texture":"#0"},"down":{"uv":[10.75,5.75,10.0,6.75],"tintindex":0,"rotation":0,"texture":"#0"}}}],"display":{"head":{"rotation":[0.0,0.0,0.0]},"firstperson_righthand":{"rotation":[0.0,0.0,0.0]},"thirdperson_lefthand":{"rotation":[0.0,-0.0,-0.0]},"firstperson_lefthand":{"rotation":[0.0,-0.0,-0.0]},"fixed":{"rotation":[0.0,0.0,0.0]},"ground":{"rotation":[0.0,0.0,0.0]},"thirdperson_righthand":{"rotation":[0.0,0.0,0.0]},"gui":{"rotation":[-150.0,-45.0,180.0]}}}