{"textures":{"0":"modelengine:entity/nm_turkey_texture","particle":"#0"},"elements":[{"from":[8.001347,-0.9923248,11.5],"to":[8.001347,6.0076747,18.5],"faces":{"east":{"uv":[2.5,8.0,4.25,9.75],"tintindex":0,"rotation":0,"texture":"#0"},"west":{"uv":[4.25,8.0,2.5,9.75],"tintindex":0,"rotation":0,"texture":"#0"}}},{"from":[7.001347,-0.9923248,4.5],"to":[8.001347,8.007675,11.5],"faces":{"east":{"uv":[2.5,5.5,4.25,7.75],"tintindex":0,"rotation":0,"texture":"#0"},"south":{"uv":[1.0,10.25,1.25,12.5],"tintindex":0,"rotation":0,"texture":"#0"},"north":{"uv":[8.75,9.75,9.0,12.0],"tintindex":0,"rotation":0,"texture":"#0"},"west":{"uv":[4.5,7.75,6.25,10.0],"tintindex":0,"rotation":0,"texture":"#0"},"up":{"uv":[6.75,9.5,6.5,7.75],"tintindex":0,"rotation":0,"texture":"#0"},"down":{"uv":[6.25,10.25,6.0,12.0],"tintindex":0,"rotation":0,"texture":"#0"}}}],"display":{"head":{"rotation":[0.0,0.0,0.0]},"firstperson_righthand":{"rotation":[0.0,0.0,0.0]},"thirdperson_lefthand":{"rotation":[0.0,-0.0,-0.0]},"firstperson_lefthand":{"rotation":[0.0,-0.0,-0.0]},"fixed":{"rotation":[0.0,0.0,0.0]},"ground":{"rotation":[0.0,0.0,0.0]},"thirdperson_righthand":{"rotation":[0.0,0.0,0.0]},"gui":{"rotation":[-150.0,-45.0,180.0]}}}