{"textures":{"0":"modelengine:entity/nm_turkey_texture","particle":"#0"},"elements":[{"from":[3.5,7.75,3.5],"to":[12.5,16.75,13.5],"faces":{"east":{"uv":[4.5,0.0,7.0,2.25],"tintindex":0,"rotation":0,"texture":"#0"},"south":{"uv":[7.0,7.25,9.25,9.5],"tintindex":0,"rotation":0,"texture":"#0"},"north":{"uv":[7.25,2.25,9.5,4.5],"tintindex":0,"rotation":0,"texture":"#0"},"west":{"uv":[4.5,2.5,7.0,4.75],"tintindex":0,"rotation":0,"texture":"#0"},"up":{"uv":[6.75,7.5,4.5,5.0],"tintindex":0,"rotation":0,"texture":"#0"},"down":{"uv":[2.25,5.5,0.0,8.0],"tintindex":0,"rotation":0,"texture":"#0"}}}],"display":{"head":{"rotation":[0.0,0.0,0.0]},"firstperson_righthand":{"rotation":[0.0,0.0,0.0]},"thirdperson_lefthand":{"rotation":[0.0,-0.0,-0.0]},"firstperson_lefthand":{"rotation":[0.0,-0.0,-0.0]},"fixed":{"rotation":[0.0,0.0,0.0]},"ground":{"rotation":[0.0,0.0,0.0]},"thirdperson_righthand":{"rotation":[0.0,0.0,0.0]},"gui":{"rotation":[-150.0,-45.0,180.0]}}}