{"texture_size":[128, 128],"textures":{"2":"custom/furniture/forest/foresttexture_1","particle":"custom/furniture/forest/foresttexture_1"},"elements":[{"from":[11, 0, 4],"to":[16, 12, 12],"faces":{"north":{"uv":[3.875, 14.5, 4.5, 16],"texture":"#2"},"east":{"uv":[2.6875, 14.5, 3.6875, 16],"texture":"#2"},"south":{"uv":[3.875, 14.5, 4.5, 16],"texture":"#2"},"west":{"uv":[3.6875, 14.5, 2.6875, 16],"texture":"#2"},"up":{"uv":[4.625, 15, 5.25, 16],"texture":"#2"},"down":{"uv":[4.625, 15, 5.25, 16],"texture":"#2"}}},{"from":[-11, 8, 3],"to":[-10, 10, 13],"rotation":{"angle":0,"axis":"y","origin":[16, 0, 0]},"faces":{"north":{"uv":[14.875, 0, 14.75, 0.25],"texture":"#2"},"east":{"uv":[16, 0.25, 14.75, 0.5],"texture":"#2"},"south":{"uv":[14.75, 0, 14.875, 0.25],"texture":"#2"},"west":{"uv":[16, 0, 14.75, 0.25],"texture":"#2"},"up":{"uv":[14.625, 0, 14.5, 1.25],"texture":"#2"}}},{"from":[10, 8, 3],"to":[11, 10, 13],"faces":{"north":{"uv":[14.75, 0, 14.875, 0.25],"texture":"#2"},"east":{"uv":[14.75, 0, 16, 0.25],"texture":"#2"},"south":{"uv":[14.875, 0, 14.75, 0.25],"texture":"#2"},"west":{"uv":[14.75, 0.25, 16, 0.5],"texture":"#2"},"up":{"uv":[14.5, 0, 14.625, 1.25],"texture":"#2"}}},{"from":[-16, 1, 12],"to":[-11, 11, 14],"rotation":{"angle":0,"axis":"y","origin":[16, 0, 16]},"faces":{"north":{"uv":[5.375, 14.75, 6, 16],"texture":"#2"},"east":{"uv":[6.125, 13.4375, 6.375, 14.6875],"texture":"#2"},"south":{"uv":[5.375, 14.75, 6, 16],"texture":"#2"},"west":{"uv":[6.125, 14.75, 6.375, 16],"texture":"#2"},"up":{"uv":[6, 14.6875, 5.375, 14.4375],"texture":"#2"},"down":{"uv":[6, 14.6875, 5.375, 14.4375],"texture":"#2"}}},{"from":[-16, 1, 2],"to":[-11, 11, 4],"rotation":{"angle":0,"axis":"y","origin":[16, 0, 0]},"faces":{"north":{"uv":[6, 14.75, 5.375, 16],"texture":"#2"},"east":{"uv":[6.375, 13.4375, 6.125, 14.6875],"texture":"#2"},"south":{"uv":[6, 14.75, 5.375, 16],"texture":"#2"},"west":{"uv":[6.375, 14.75, 6.125, 16],"texture":"#2"},"up":{"uv":[6, 14.4375, 5.375, 14.6875],"texture":"#2"},"down":{"uv":[6, 14.4375, 5.375, 14.6875],"texture":"#2"}}},{"from":[11, 1, 2],"to":[16, 11, 4],"faces":{"north":{"uv":[5.375, 14.75, 6, 16],"texture":"#2"},"east":{"uv":[6.125, 14.75, 6.375, 16],"texture":"#2"},"south":{"uv":[5.375, 14.75, 6, 16],"texture":"#2"},"west":{"uv":[6.125, 13.4375, 6.375, 14.6875],"texture":"#2"},"up":{"uv":[5.375, 14.4375, 6, 14.6875],"texture":"#2"},"down":{"uv":[5.375, 14.4375, 6, 14.6875],"texture":"#2"}}},{"from":[11, 1, 12],"to":[16, 11, 14],"rotation":{"angle":0,"axis":"y","origin":[0, 0, 16]},"faces":{"north":{"uv":[6, 14.75, 5.375, 16],"texture":"#2"},"east":{"uv":[6.375, 14.75, 6.125, 16],"texture":"#2"},"south":{"uv":[6, 14.75, 5.375, 16],"texture":"#2"},"west":{"uv":[6.375, 13.4375, 6.125, 14.6875],"texture":"#2"},"up":{"uv":[5.375, 14.6875, 6, 14.4375],"texture":"#2"},"down":{"uv":[5.375, 14.6875, 6, 14.4375],"texture":"#2"}}},{"from":[-16, 0, 4],"to":[-11, 12, 12],"rotation":{"angle":0,"axis":"y","origin":[16, 0, 0]},"faces":{"north":{"uv":[4.5, 14.5, 3.875, 16],"texture":"#2"},"east":{"uv":[2.6875, 14.5, 3.6875, 16],"texture":"#2"},"south":{"uv":[4.5, 14.5, 3.875, 16],"texture":"#2"},"west":{"uv":[3.6875, 14.5, 2.6875, 16],"texture":"#2"},"up":{"uv":[5.25, 15, 4.625, 16],"texture":"#2"},"down":{"uv":[5.25, 16, 4.625, 15],"texture":"#2"}}},{"from":[-11, 1, 2],"to":[11, 7, 4],"faces":{"north":{"uv":[6.5, 15.25, 9.25, 16],"texture":"#2"},"east":{"uv":[9.375, 15.25, 9.625, 16],"texture":"#2"},"south":{"uv":[6.5, 15.25, 9.25, 16],"texture":"#2"},"west":{"uv":[9.375, 15.25, 9.625, 16],"texture":"#2"},"up":{"uv":[6.5, 14.875, 9.25, 15.125],"texture":"#2"},"down":{"uv":[6.5, 14.875, 9.25, 15.125],"texture":"#2"}}},{"from":[-11, 1, 12],"to":[11, 7, 14],"rotation":{"angle":0,"axis":"y","origin":[0, 0, 16]},"faces":{"north":{"uv":[9.25, 15.25, 6.5, 16],"texture":"#2"},"east":{"uv":[9.625, 15.25, 9.375, 16],"texture":"#2"},"south":{"uv":[9.25, 15.25, 6.5, 16],"texture":"#2"},"west":{"uv":[9.625, 15.25, 9.375, 16],"texture":"#2"},"up":{"uv":[6.5, 15.125, 9.25, 14.875],"texture":"#2"},"down":{"uv":[6.5, 15.125, 9.25, 14.875],"texture":"#2"}}},{"from":[-11, 0, 4],"to":[11, 7, 12],"faces":{"north":{"uv":[6.5, 13.875, 9.25, 14.75],"texture":"#2"},"east":{"uv":[6.5, 11.75, 7.5, 12.625],"texture":"#2"},"south":{"uv":[6.5, 13.875, 9.25, 14.75],"texture":"#2"},"west":{"uv":[6.5, 11.75, 7.5, 12.625],"texture":"#2"},"up":{"uv":[6.5, 12.75, 9.25, 13.75],"texture":"#2"},"down":{"uv":[6.5, 12.75, 9.25, 13.75],"texture":"#2"}}},{"from":[-11, 7, 3],"to":[11, 8, 13],"faces":{"north":{"uv":[0, 0.6875, 2.75, 0.8125],"texture":"#2"},"east":{"uv":[0, 0.6875, 1.25, 0.8125],"texture":"#2"},"south":{"uv":[2.75, 0.6875, 0, 0.8125],"texture":"#2"},"west":{"uv":[0, 0, 0, 0],"texture":"#2"},"up":{"uv":[0, 0.6875, 2.75, 1.9375],"texture":"#2"},"down":{"uv":[0, 0, 0, 0],"texture":"#2"}}},{"from":[-7, 4, 13],"to":[-6, 5, 17],"rotation":{"angle":-45,"axis":"x","origin":[8, 3, 14]},"faces":{"north":{"uv":[7.8125, 12.25, 7.9375, 12.375],"texture":"#2"},"east":{"uv":[7.625, 12.5, 8.125, 12.625],"texture":"#2"},"south":{"uv":[7.8125, 12.25, 7.9375, 12.375],"texture":"#2"},"west":{"uv":[7.625, 12.5, 8.125, 12.625],"texture":"#2"},"up":{"uv":[7.625, 11.9375, 7.75, 12.4375],"texture":"#2"},"down":{"uv":[7.625, 11.9375, 7.75, 12.4375],"texture":"#2"}}},{"from":[-6.5, 3, 17],"to":[-6.5, 6, 20],"rotation":{"angle":-45,"axis":"x","origin":[8, 3, 14]},"faces":{"north":{"uv":[10.5, 11.25, 10.5, 11.625],"texture":"#2"},"east":{"uv":[8.375, 12, 8, 12.375],"texture":"#2"},"south":{"uv":[10.5, 11.25, 10.5, 11.625],"texture":"#2"},"west":{"uv":[8, 12, 8.375, 12.375],"texture":"#2"},"up":{"uv":[10.5, 11.25, 10.5, 11.625],"texture":"#2"},"down":{"uv":[10.5, 11.25, 10.5, 11.625],"texture":"#2"}}},{"from":[0, 8.1, 1.9],"to":[8, 8.1, 14.1],"faces":{"north":{"uv":[10.625, 8.3125, 10.625, 8.3125],"texture":"#2"},"up":{"uv":[11.25, 11.875, 12.25, 13.375],"texture":"#2"},"down":{"uv":[11.25, 11.875, 12.25, 13.3875],"texture":"#2"}}},{"from":[0, 3, 1.9],"to":[8, 8.1, 1.9],"faces":{"north":{"uv":[10.1875, 12.6875, 11.1875, 13.3125],"texture":"#2"},"south":{"uv":[10.1875, 12.6875, 11.1875, 13.325],"texture":"#2"}}},{"from":[0, 3, 14.1],"to":[8, 8.1, 14.1],"rotation":{"angle":0,"axis":"y","origin":[0, 0, 16]},"faces":{"north":{"uv":[11.1875, 12.6875, 10.1875, 13.325],"texture":"#2"},"south":{"uv":[11.1875, 12.6875, 10.1875, 13.3125],"texture":"#2"}}}],"gui_light":"front","display":{"thirdperson_righthand":{"rotation":[67.6, 0, 0],"translation":[1.5, 1.5, 1.75],"scale":[0.18672, 0.18672, 0.18672]},"thirdperson_lefthand":{"rotation":[67.6, 0, 0],"translation":[-1.25, 1.5, 1.75],"scale":[0.18672, 0.18672, 0.18672]},"firstperson_righthand":{"translation":[2.38, 3.45, 1.13],"scale":[0.35773, 0.35773, 0.35773]},"firstperson_lefthand":{"translation":[-3.62, 3.45, 1.13],"scale":[0.35773, 0.35773, 0.35773]},"ground":{"translation":[4.25, 2, 0],"scale":[0.5, 0.5, 0.5]},"gui":{"rotation":[30, 225, 0],"translation":[-2.25, -1.25, 0],"scale":[0.41977, 0.41977, 0.41977]},"head":{"translation":[0, -30.5, 0],"scale":[0, 0, 0]},"fixed":{"rotation":[-90, 0, 0],"translation":[21.5, 0, -21.25],"scale":[2.67188, 2.67188, 2.67188]}}}