{"texture_size":[64, 64],"textures":{"0":"custom/furniture/modern/shelf_1","particle":"custom/furniture/modern/shelf_1"},"elements":[{"from":[2, 0, 3],"to":[3, 4, 4],"rotation":{"angle":-22.5,"axis":"z","origin":[2, 2, 15]},"faces":{"north":{"uv":[6.75, 6.5, 6.5, 7.5],"texture":"#0"},"east":{"uv":[7, 0, 6.75, 1],"texture":"#0"},"south":{"uv":[6.75, 6.5, 6.5, 7.5],"texture":"#0"},"west":{"uv":[7, 0, 6.75, 1],"texture":"#0"},"up":{"uv":[6.75, 4.75, 7, 4.5],"texture":"#0"},"down":{"uv":[6.75, 4.75, 7, 4.5],"texture":"#0"}}},{"from":[13, 0, 3],"to":[14, 4, 4],"rotation":{"angle":22.5,"axis":"z","origin":[14, 2, 15]},"faces":{"north":{"uv":[6.5, 6.5, 6.75, 7.5],"texture":"#0"},"east":{"uv":[6.75, 0, 7, 1],"texture":"#0"},"south":{"uv":[6.5, 6.5, 6.75, 7.5],"texture":"#0"},"west":{"uv":[6.75, 0, 7, 1],"texture":"#0"},"up":{"uv":[7, 4.75, 6.75, 4.5],"texture":"#0"},"down":{"uv":[7, 4.75, 6.75, 4.5],"texture":"#0"}}},{"from":[2, 0, 12],"to":[3, 4, 13],"rotation":{"angle":-22.5,"axis":"z","origin":[2, 2, 1]},"faces":{"north":{"uv":[6.5, 6.5, 6.75, 7.5],"texture":"#0"},"east":{"uv":[6.75, 0, 7, 1],"texture":"#0"},"south":{"uv":[6.5, 6.5, 6.75, 7.5],"texture":"#0"},"west":{"uv":[6.75, 0, 7, 1],"texture":"#0"},"up":{"uv":[6.75, 4.5, 7, 4.75],"texture":"#0"},"down":{"uv":[6.75, 4.5, 7, 4.75],"texture":"#0"}}},{"from":[13, 0, 12],"to":[14, 4, 13],"rotation":{"angle":22.5,"axis":"z","origin":[14, 2, 1]},"faces":{"north":{"uv":[6.75, 6.5, 6.5, 7.5],"texture":"#0"},"east":{"uv":[7, 0, 6.75, 1],"texture":"#0"},"south":{"uv":[6.75, 6.5, 6.5, 7.5],"texture":"#0"},"west":{"uv":[7, 0, 6.75, 1],"texture":"#0"},"up":{"uv":[7, 4.5, 6.75, 4.75],"texture":"#0"},"down":{"uv":[7, 4.5, 6.75, 4.75],"texture":"#0"}}},{"from":[15, 3, 2],"to":[16, 32, 14],"rotation":{"angle":0,"axis":"y","origin":[16, 5, 0]},"faces":{"north":{"uv":[3, 6, 3.25, 13.25],"texture":"#0"},"east":{"uv":[0, 0, 3, 7.25],"texture":"#0"},"south":{"uv":[3.25, 6, 3, 13.25],"texture":"#0"},"west":{"uv":[0, 7.25, 3, 14.5],"texture":"#0"},"up":{"uv":[6.75, 3, 6.5, 0],"texture":"#0"},"down":{"uv":[6.75, 3, 6.5, 0],"texture":"#0"}}},{"from":[0, 3, 2],"to":[1, 32, 14],"rotation":{"angle":0,"axis":"y","origin":[16, 5, 0]},"faces":{"north":{"uv":[3.25, 6, 3, 13.25],"texture":"#0"},"east":{"uv":[0, 7.25, 3, 14.5],"texture":"#0"},"south":{"uv":[3, 6, 3.25, 13.25],"texture":"#0"},"west":{"uv":[0, 0, 3, 7.25],"texture":"#0"},"up":{"uv":[6.75, 3, 6.5, 0],"texture":"#0"},"down":{"uv":[6.75, 3, 6.5, 0],"texture":"#0"}}},{"from":[1, 3, 2],"to":[15, 4, 14],"faces":{"north":{"uv":[6.25, 6, 9.75, 6.25],"texture":"#0"},"east":{"uv":[6.5, 3, 9.5, 3.25],"texture":"#0"},"south":{"uv":[6.25, 6, 9.75, 6.25],"texture":"#0"},"west":{"uv":[6.5, 3, 9.5, 3.25],"texture":"#0"},"up":{"uv":[6.5, 3, 3, 0],"texture":"#0"},"down":{"uv":[6.5, 0, 3, 3],"texture":"#0"}}},{"from":[1, 12, 2],"to":[15, 13, 14],"faces":{"north":{"uv":[6.25, 6, 9.75, 6.25],"texture":"#0"},"east":{"uv":[6.5, 3, 9.5, 3.25],"texture":"#0"},"south":{"uv":[6.25, 6, 9.75, 6.25],"texture":"#0"},"west":{"uv":[6.5, 3, 9.5, 3.25],"texture":"#0"},"up":{"uv":[6.5, 3, 3, 0],"texture":"#0"},"down":{"uv":[6.5, 0, 3, 3],"texture":"#0"}}},{"from":[1, 21, 2],"to":[15, 22, 14],"faces":{"north":{"uv":[6.25, 6, 9.75, 6.25],"texture":"#0"},"east":{"uv":[6.5, 3, 9.5, 3.25],"texture":"#0"},"south":{"uv":[6.25, 6, 9.75, 6.25],"texture":"#0"},"west":{"uv":[6.5, 3, 9.5, 3.25],"texture":"#0"},"up":{"uv":[6.5, 3, 3, 0],"texture":"#0"},"down":{"uv":[6.5, 0, 3, 3],"texture":"#0"}}},{"from":[1, 31, 2],"to":[15, 32, 14],"faces":{"north":{"uv":[6.25, 6.25, 9.75, 6.5],"texture":"#0"},"east":{"uv":[6.5, 3.25, 9.5, 3.5],"texture":"#0"},"south":{"uv":[6.25, 6.25, 9.75, 6.5],"texture":"#0"},"west":{"uv":[6.5, 3.25, 9.5, 3.5],"texture":"#0"},"up":{"uv":[6.5, 6, 3, 3],"texture":"#0"},"down":{"uv":[6.5, 0, 3, 3],"texture":"#0"}}},{"from":[12, 4, 6],"to":[13, 9, 10],"rotation":{"angle":0,"axis":"y","origin":[0, 1, 0]},"faces":{"north":{"uv":[6.5, 3.5, 6.75, 4.75],"texture":"#0"},"east":{"uv":[3.25, 6, 4.25, 7.25],"texture":"#0"},"south":{"uv":[6.75, 4.75, 7, 6],"texture":"#0"},"west":{"uv":[3.25, 6, 4.25, 7.25],"texture":"#0"},"up":{"uv":[7, 2, 6.75, 1],"texture":"#0"},"down":{"uv":[7, 2, 6.75, 1],"texture":"#0"}}},{"from":[1, 4, 5],"to":[2, 9, 9],"rotation":{"angle":0,"axis":"y","origin":[0, 1, 0]},"faces":{"north":{"uv":[6.5, 3.5, 6.75, 4.75],"texture":"#0"},"east":{"uv":[3.25, 6, 4.25, 7.25],"texture":"#0"},"south":{"uv":[6.75, 4.75, 7, 6],"texture":"#0"},"west":{"uv":[3.25, 6, 4.25, 7.25],"texture":"#0"},"up":{"uv":[7, 2, 6.75, 1],"texture":"#0"},"down":{"uv":[7, 2, 6.75, 1],"texture":"#0"}}},{"from":[13, 4, 7],"to":[14, 9, 11],"rotation":{"angle":0,"axis":"y","origin":[0, 1, 0]},"faces":{"north":{"uv":[6.5, 4.75, 6.75, 6],"texture":"#0"},"east":{"uv":[4.25, 6, 5.25, 7.25],"texture":"#0"},"south":{"uv":[6.75, 4.75, 7, 6],"texture":"#0"},"west":{"uv":[4.25, 6, 5.25, 7.25],"texture":"#0"},"up":{"uv":[7, 3, 6.75, 2],"texture":"#0"},"down":{"uv":[7, 3, 6.75, 2],"texture":"#0"}}},{"from":[-3, 4, 6],"to":[-2, 9, 10],"rotation":{"angle":45,"axis":"y","origin":[0, 1, 0]},"faces":{"north":{"uv":[6.5, 4.75, 6.75, 6],"texture":"#0"},"east":{"uv":[4.25, 6, 5.25, 7.25],"texture":"#0"},"south":{"uv":[6.75, 4.75, 7, 6],"texture":"#0"},"west":{"uv":[4.25, 6, 5.25, 7.25],"texture":"#0"},"up":{"uv":[7, 3, 6.75, 2],"texture":"#0"},"down":{"uv":[7, 3, 6.75, 2],"texture":"#0"}}},{"from":[11, 4, 7],"to":[12, 9, 11],"rotation":{"angle":0,"axis":"y","origin":[0, 1, 0]},"faces":{"north":{"uv":[6.25, 6.5, 6.5, 7.75],"texture":"#0"},"east":{"uv":[5.25, 6, 6.25, 7.25],"texture":"#0"},"south":{"uv":[6.75, 4.75, 7, 6],"texture":"#0"},"west":{"uv":[5.25, 6, 6.25, 7.25],"texture":"#0"},"up":{"uv":[7, 4.5, 6.75, 3.5],"texture":"#0"},"down":{"uv":[7, 4.5, 6.75, 3.5],"texture":"#0"}}},{"from":[8, 4, 7],"to":[9, 9, 11],"rotation":{"angle":-22.5,"axis":"z","origin":[9, 4, 7]},"faces":{"north":{"uv":[6.25, 6.5, 6.5, 7.75],"texture":"#0"},"east":{"uv":[5.25, 6, 6.25, 7.25],"texture":"#0"},"south":{"uv":[6.75, 4.75, 7, 6],"texture":"#0"},"west":{"uv":[5.25, 6, 6.25, 7.25],"texture":"#0"},"up":{"uv":[7, 4.5, 6.75, 3.5],"texture":"#0"},"down":{"uv":[7, 4.5, 6.75, 3.5],"texture":"#0"}}},{"from":[11, 13, 7],"to":[14, 16, 10],"faces":{"north":{"uv":[15.25, 0, 16, 0.75],"texture":"#0"},"east":{"uv":[15.25, 0, 16, 0.75],"texture":"#0"},"south":{"uv":[15.25, 0, 16, 0.75],"texture":"#0"},"west":{"uv":[15.25, 0, 16, 0.75],"texture":"#0"},"up":{"uv":[15.25, 0.75, 16, 1.5],"texture":"#0"},"down":{"uv":[15.25, 0.75, 16, 1.5],"texture":"#0"}}},{"from":[3, 22, 5],"to":[5, 24, 7],"rotation":{"angle":-22.5,"axis":"y","origin":[3, 24, 5]},"faces":{"north":{"uv":[15.5, 1.625, 16, 2.125],"texture":"#0"},"east":{"uv":[15.5, 1.625, 16, 2.125],"texture":"#0"},"south":{"uv":[15.5, 1.625, 16, 2.125],"texture":"#0"},"west":{"uv":[15.5, 1.625, 16, 2.125],"texture":"#0"},"up":{"uv":[15.5, 2.125, 16, 2.625],"texture":"#0"},"down":{"uv":[15.5, 2.125, 16, 2.625],"texture":"#0"}}},{"from":[11, 16, 10],"to":[15, 20, 10],"rotation":{"angle":45,"axis":"y","origin":[11, 16, 10]},"faces":{"north":{"uv":[14.125, 0, 15.125, 1],"texture":"#0"},"south":{"uv":[14.125, 0, 15.125, 1],"texture":"#0"}}},{"from":[12, 16, 7],"to":[16, 20, 7],"rotation":{"angle":-45,"axis":"y","origin":[11, 16, 6]},"faces":{"north":{"uv":[15.125, 0, 14.125, 1],"texture":"#0"},"south":{"uv":[15.125, 0, 14.125, 1],"texture":"#0"}}},{"from":[3, 24, 5],"to":[3, 27, 8],"rotation":{"angle":22.5,"axis":"y","origin":[3, 24, 5]},"faces":{"east":{"uv":[14.375, 1.375, 15.125, 2.125],"texture":"#0"},"west":{"uv":[14.375, 1.375, 15.125, 2.125],"texture":"#0"}}},{"from":[6, 13, 5],"to":[8, 15, 7],"rotation":{"angle":-22.5,"axis":"y","origin":[0, 0, 0]},"faces":{"north":{"uv":[15.5, 2.75, 16, 3.25],"texture":"#0"},"east":{"uv":[15.5, 2.75, 16, 3.25],"texture":"#0"},"south":{"uv":[15.5, 2.75, 16, 3.25],"texture":"#0"},"west":{"uv":[15.5, 2.75, 16, 3.25],"texture":"#0"},"up":{"uv":[15.5, 3.375, 16, 3.875],"texture":"#0"},"down":{"uv":[15.5, 3.375, 16, 3.875],"texture":"#0"}}},{"from":[5, 13, 6],"to":[6, 15, 6],"rotation":{"angle":-22.5,"axis":"y","origin":[0, 0, 0]},"faces":{"north":{"uv":[15.75, 3.875, 16, 4.375],"texture":"#0"},"south":{"uv":[15.75, 3.875, 16, 4.375],"texture":"#0"}}}],"gui_light":"front","display":{"thirdperson_righthand":{"translation":[0, 0.25, 0.25],"scale":[0.27, 0.27, 0.27]},"thirdperson_lefthand":{"translation":[0, 0.25, 0.25],"scale":[0.27, 0.27, 0.27]},"firstperson_righthand":{"translation":[0, 0.25, 0.25],"scale":[0.27, 0.27, 0.27]},"firstperson_lefthand":{"translation":[0, 0.25, 0.25],"scale":[0.27, 0.27, 0.27]},"ground":{"translation":[0, 2.75, 0],"scale":[0.64, 0.64, 0.64]},"gui":{"rotation":[30, -135, 0],"translation":[0, -3.25, 0],"scale":[0.38203, 0.38203, 0.38203]},"head":{"scale":[0, 0, 0]},"fixed":{"rotation":[-90, 0, 0],"translation":[0, -0.25, -16.25],"scale":[2, 2, 2]}},"groups":[0,1,2,3,{"name":"group","origin":[0, 5, 0],"color":0,"children":[4, 5, 6, 7, 8, 9, 10, 11, 12, 13, 14, 15, 16, 17, 18, 19, 20, 21, 22]},{"name":"group","origin":[0, 0, 0],"color":0,"children":[]},{"name":"group","origin":[0, 5, 0],"color":0,"children":[]},{"name":"group","origin":[0, 5, 0],"color":0,"children":[]}]}