{"texture_size":[128,128],"textures":{"0":"custom/furniture/modern/modernclean_01","particle":"custom/furniture/modern/modernclean_01"},"elements":[{"from":[0,5,0],"to":[13,9,15],"faces":{"north":{"uv":[4,6.75,5.625,7.25],"texture":"#0"},"east":{"uv":[4.5,6.25,2.625,6.75],"texture":"#0"},"south":{"uv":[4,6.75,5.625,7.25],"texture":"#0"},"west":{"uv":[2.625,6.25,4.5,6.75],"texture":"#0"},"up":{"uv":[3.375,7.25,5,9.125],"texture":"#0"},"down":{"uv":[3.375,7.25,5,9.125],"texture":"#0"}}},{"from":[6.5,3,1],"to":[16,5,16],"faces":{"north":{"uv":[0,11,1.1875,11.25],"texture":"#0"},"east":{"uv":[2.625,6,4.5,6.25],"texture":"#0"},"south":{"uv":[1.1875,11,0,11.25],"texture":"#0"},"west":{"uv":[2.625,6,4.5,6.25],"texture":"#0"},"up":{"uv":[0,9.125,1.1875,11],"texture":"#0"},"down":{"uv":[0,9.125,1.1875,11],"texture":"#0"}}},{"from":[-3,3,1],"to":[6.5,5,16],"rotation":{"angle":0,"axis":"y","origin":[16,0,0]},"faces":{"north":{"uv":[1.1875,11,0,11.25],"texture":"#0"},"east":{"uv":[4.5,6,2.625,6.25],"texture":"#0"},"south":{"uv":[0,11,1.1875,11.25],"texture":"#0"},"west":{"uv":[4.5,6,2.625,6.25],"texture":"#0"},"up":{"uv":[1.1875,9.125,0,11],"texture":"#0"},"down":{"uv":[1.1875,9.125,0,11],"texture":"#0"}}},{"from":[-3,5,1],"to":[0,12,16],"faces":{"north":{"uv":[2.75,4.625,3.125,5.5],"texture":"#0"},"east":{"uv":[4.5,5.875,6.375,6.75],"texture":"#0"},"south":{"uv":[2.75,4.625,3.125,5.5],"texture":"#0"},"west":{"uv":[4.5,5.875,6.375,6.75],"texture":"#0"},"up":{"uv":[3.125,4,3.5,5.875],"texture":"#0"},"down":{"uv":[3.125,4,3.5,5.875],"texture":"#0"}}},{"from":[13,5,1],"to":[16,12,16],"rotation":{"angle":0,"axis":"y","origin":[16,0,0]},"faces":{"north":{"uv":[3.125,4.625,2.75,5.5],"texture":"#0"},"east":{"uv":[6.375,5.875,4.5,6.75],"texture":"#0"},"south":{"uv":[3.125,4.625,2.75,5.5],"texture":"#0"},"west":{"uv":[6.375,5.875,4.5,6.75],"texture":"#0"},"up":{"uv":[3.5,4,3.125,5.875],"texture":"#0"},"down":{"uv":[3.5,4,3.125,5.875],"texture":"#0"}}},{"from":[-1,0,2],"to":[1,3,4],"rotation":{"angle":0,"axis":"y","origin":[16,0,0]},"faces":{"north":{"uv":[3.75,4,3.5,4.375],"texture":"#0"},"east":{"uv":[3.75,4,3.5,4.375],"texture":"#0"},"south":{"uv":[3.75,4,3.5,4.375],"texture":"#0"},"west":{"uv":[3.75,4,3.5,4.375],"texture":"#0"},"up":{"uv":[3.75,4.375,3.5,4.625],"texture":"#0"},"down":{"uv":[3.75,4.375,3.5,4.625],"texture":"#0"}}},{"from":[-1,0,12],"to":[1,3,14],"rotation":{"angle":0,"axis":"y","origin":[16,0,16]},"faces":{"north":{"uv":[3.5,4,3.75,4.375],"texture":"#0"},"east":{"uv":[3.5,4,3.75,4.375],"texture":"#0"},"south":{"uv":[3.5,4,3.75,4.375],"texture":"#0"},"west":{"uv":[3.5,4,3.75,4.375],"texture":"#0"},"up":{"uv":[3.75,4.625,3.5,4.375],"texture":"#0"},"down":{"uv":[3.75,4.625,3.5,4.375],"texture":"#0"}}},{"from":[12,0,12],"to":[14,3,14],"rotation":{"angle":0,"axis":"y","origin":[0,0,16]},"faces":{"north":{"uv":[3.75,4,3.5,4.375],"texture":"#0"},"east":{"uv":[3.75,4,3.5,4.375],"texture":"#0"},"south":{"uv":[3.75,4,3.5,4.375],"texture":"#0"},"west":{"uv":[3.75,4,3.5,4.375],"texture":"#0"},"up":{"uv":[3.5,4.625,3.75,4.375],"texture":"#0"},"down":{"uv":[3.5,4.625,3.75,4.375],"texture":"#0"}}},{"from":[12,0,2],"to":[14,3,4],"faces":{"north":{"uv":[3.5,4,3.75,4.375],"texture":"#0"},"east":{"uv":[3.5,4,3.75,4.375],"texture":"#0"},"south":{"uv":[3.5,4,3.75,4.375],"texture":"#0"},"west":{"uv":[3.5,4,3.75,4.375],"texture":"#0"},"up":{"uv":[3.5,4.375,3.75,4.625],"texture":"#0"},"down":{"uv":[3.5,4.375,3.75,4.625],"texture":"#0"}}},{"from":[0,6.5,11.5],"to":[13,17.5,15.5],"rotation":{"angle":22.5,"axis":"x","origin":[13,10,18]},"faces":{"north":{"uv":[0,7.25,1.625,8.625],"rotation":180,"texture":"#0"},"east":{"uv":[4.5,9.125,4,10.5],"rotation":180,"texture":"#0"},"south":{"uv":[0,7.25,1.625,8.625],"rotation":180,"texture":"#0"},"west":{"uv":[4.5,9.125,4,10.5],"rotation":180,"texture":"#0"},"up":{"uv":[0,8.625,1.625,9.125],"rotation":180,"texture":"#0"},"down":{"uv":[0,8.625,1.625,9.125],"rotation":180,"texture":"#0"}}}],"gui_light":"front","display":{"thirdperson_righthand":{"rotation":[67.5,0,0],"translation":[0.5,2,0.25],"scale":[0.25656,0.25656,0.25656]},"thirdperson_lefthand":{"rotation":[67.5,0,0],"translation":[-0.25,2,0.25],"scale":[0.25656,0.25656,0.25656]},"firstperson_righthand":{"translation":[0.25,3.5,0],"scale":[0.37414,0.37414,0.37414]},"firstperson_lefthand":{"translation":[-0.5,3.5,0],"scale":[0.37414,0.37414,0.37414]},"ground":{"translation":[0,6.25,0],"scale":[0.4,0.4,0.4]},"gui":{"rotation":[30,-135,0],"translation":[0,-1.25,0],"scale":[0.53648,0.53648,0.53648]},"head":{"rotation":[-165,180,0],"translation":[-1.75,3.75,0],"scale":[1.2,1.2,1.2]},"fixed":{"rotation":[-90,0,0],"translation":[3.75,0,-16],"scale":[2,2,2]}}}