{"texture_size":[64, 64],"textures":{"0":"custom/furniture/modern/speaker","particle":"custom/furniture/modern/speaker"},"elements":[{"from":[2, 0, 4.5],"to":[14, 1, 11.5],"faces":{"north":{"uv":[6, 6.75, 9, 7],"texture":"#0"},"east":{"uv":[6.75, 6.25, 8.5, 6.5],"texture":"#0"},"south":{"uv":[9, 6.75, 6, 7],"texture":"#0"},"west":{"uv":[6.75, 6.25, 8.5, 6.5],"texture":"#0"},"up":{"uv":[3, 1.75, 0, 0],"texture":"#0"},"down":{"uv":[3, 1.75, 0, 3.5],"texture":"#0"}}},{"from":[2, 1, 4.5],"to":[3, 7, 11.5],"faces":{"north":{"uv":[3.75, 7, 4, 8.5],"texture":"#0"},"east":{"uv":[0, 5, 1.75, 6.5],"texture":"#0"},"south":{"uv":[4, 7, 3.75, 8.5],"texture":"#0"},"west":{"uv":[5.5, 0, 7.25, 1.5],"texture":"#0"},"up":{"uv":[3, 8.75, 2.75, 7],"texture":"#0"},"down":{"uv":[3.25, 7, 3, 8.75],"texture":"#0"}}},{"from":[13, 1, 4.5],"to":[14, 7, 11.5],"rotation":{"angle":0,"axis":"y","origin":[16, 0, 0]},"faces":{"north":{"uv":[4, 7, 3.75, 8.5],"texture":"#0"},"east":{"uv":[7.25, 0, 5.5, 1.5],"texture":"#0"},"south":{"uv":[3.75, 7, 4, 8.5],"texture":"#0"},"west":{"uv":[1.75, 5, 0, 6.5],"texture":"#0"},"up":{"uv":[2.75, 8.75, 3, 7],"texture":"#0"},"down":{"uv":[3, 7, 3.25, 8.75],"texture":"#0"}}},{"from":[3, 1, 5],"to":[13, 7, 5],"faces":{"north":{"uv":[3, 0, 5.5, 1.5],"texture":"#0"},"east":{"uv":[0, 0, 0, 1.5],"texture":"#0"},"south":{"uv":[3, 1.5, 5.5, 3],"texture":"#0"},"west":{"uv":[0, 0, 0, 1.5],"texture":"#0"},"up":{"uv":[2.5, 0, 0, 0],"texture":"#0"},"down":{"uv":[2.5, 0, 0, 0],"texture":"#0"}}},{"from":[3, 1, 11],"to":[13, 7, 11],"faces":{"north":{"uv":[3, 3, 5.5, 4.5],"texture":"#0"},"east":{"uv":[0, 0, 0, 1.5],"texture":"#0"},"south":{"uv":[3, 0, 5.5, 1.5],"texture":"#0"},"west":{"uv":[0, 0, 0, 1.5],"texture":"#0"},"up":{"uv":[2.5, 0, 0, 0],"texture":"#0"},"down":{"uv":[2.5, 0, 0, 0],"texture":"#0"}}},{"from":[2, 7, 4.5],"to":[14, 8, 7],"faces":{"north":{"uv":[6, 5.75, 9, 6],"texture":"#0"},"east":{"uv":[7.875, 0.5, 7.25, 0.75],"texture":"#0"},"south":{"uv":[4.75, 6.5, 7.75, 6.75],"texture":"#0"},"west":{"uv":[7.25, 0.5, 7.875, 0.75],"texture":"#0"},"up":{"uv":[8.5, 3.625, 5.5, 3],"texture":"#0"},"down":{"uv":[8.5, 3.75, 5.5, 4.375],"texture":"#0"}}},{"from":[2, 7, 9],"to":[14, 8, 11.5],"faces":{"north":{"uv":[0, 6.75, 3, 7],"texture":"#0"},"east":{"uv":[7.875, 1, 7.25, 1.25],"texture":"#0"},"south":{"uv":[6, 5.75, 9, 6],"texture":"#0"},"west":{"uv":[7.25, 1, 7.875, 1.25],"texture":"#0"},"up":{"uv":[4.75, 6.625, 1.75, 6],"texture":"#0"},"down":{"uv":[8.5, 4.375, 5.5, 3.75],"texture":"#0"}}},{"from":[12, 7, 7],"to":[14, 8, 9],"faces":{"north":{"uv":[2.5, 4.25, 3, 4.5],"texture":"#0"},"east":{"uv":[7.25, 7.5, 7.75, 7.75],"texture":"#0"},"south":{"uv":[7.25, 7, 7.75, 7.25],"texture":"#0"},"west":{"uv":[7.25, 7.25, 7.75, 7.5],"texture":"#0"},"up":{"uv":[6.25, 7.5, 5.75, 7],"texture":"#0"},"down":{"uv":[6.75, 7, 6.25, 7.5],"texture":"#0"}}},{"from":[2, 7, 7],"to":[4, 8, 9],"faces":{"north":{"uv":[5.75, 7.5, 6.25, 7.75],"texture":"#0"},"east":{"uv":[6.25, 7.5, 6.75, 7.75],"texture":"#0"},"south":{"uv":[6.75, 7.5, 7.25, 7.75],"texture":"#0"},"west":{"uv":[7.25, 7.5, 7.75, 7.75],"texture":"#0"},"up":{"uv":[7.25, 7.5, 6.75, 7],"texture":"#0"},"down":{"uv":[7.75, 0, 7.25, 0.5],"texture":"#0"}}},{"from":[1.5, 8.5, 6.5],"to":[2, 9, 9.5],"rotation":{"angle":22.5,"axis":"x","origin":[1.75, 6.5, 8]},"faces":{"north":{"uv":[2, 8.5, 2.125, 8.625],"texture":"#0"},"east":{"uv":[0, 7.75, 0.75, 7.875],"texture":"#0"},"south":{"uv":[8.5, 3, 8.625, 3.125],"texture":"#0"},"west":{"uv":[7.75, 0, 8.5, 0.125],"texture":"#0"},"up":{"uv":[0.875, 8.5, 0.75, 7.75],"texture":"#0"},"down":{"uv":[1.125, 7.75, 1, 8.5],"texture":"#0"}}},{"from":[1.5, 10, 6.5],"to":[2, 10.5, 9.5],"rotation":{"angle":22.5,"axis":"x","origin":[1.75, 6.5, 8]},"faces":{"north":{"uv":[3.75, 8.5, 3.875, 8.625],"texture":"#0"},"east":{"uv":[7.75, 0.25, 8.5, 0.375],"texture":"#0"},"south":{"uv":[8.5, 3.75, 8.625, 3.875],"texture":"#0"},"west":{"uv":[1.25, 7.75, 2, 7.875],"texture":"#0"},"up":{"uv":[2.125, 8.5, 2, 7.75],"texture":"#0"},"down":{"uv":[4.375, 7.75, 4.25, 8.5],"texture":"#0"}}},{"from":[1.75, 10.5, 6.5],"to":[1.75, 13, 9.5],"rotation":{"angle":22.5,"axis":"x","origin":[1.75, 6.5, 8]},"faces":{"north":{"uv":[0, 0, 0, 0.625],"texture":"#0"},"east":{"uv":[1.75, 5, 2.5, 5.625],"texture":"#0"},"south":{"uv":[0, 0, 0, 0.625],"texture":"#0"},"west":{"uv":[0.75, 7, 1.5, 7.625],"texture":"#0"},"up":{"uv":[0, 0.75, 0, 0],"texture":"#0"},"down":{"uv":[0, 0, 0, 0.75],"texture":"#0"}}},{"from":[1.75, 13, 6.5],"to":[14.25, 13, 9.5],"rotation":{"angle":22.5,"axis":"x","origin":[1.75, 6.5, 8]},"faces":{"north":{"uv":[0, 0, 3.125, 0],"texture":"#0"},"east":{"uv":[0, 0, 0.75, 0],"texture":"#0"},"south":{"uv":[0, 0, 3.125, 0],"texture":"#0"},"west":{"uv":[0, 0, 0.75, 0],"texture":"#0"},"up":{"uv":[8.625, 2.25, 5.5, 1.5],"texture":"#0"},"down":{"uv":[8.625, 2.25, 5.5, 3],"texture":"#0"}}},{"from":[14.25, 10.5, 6.5],"to":[14.25, 13, 9.5],"rotation":{"angle":22.5,"axis":"x","origin":[14.25, 6.5, 8]},"faces":{"north":{"uv":[0, 0, 0, 0.625],"texture":"#0"},"east":{"uv":[0.75, 7, 1.5, 7.625],"texture":"#0"},"south":{"uv":[0, 0, 0, 0.625],"texture":"#0"},"west":{"uv":[1.75, 5, 2.5, 5.625],"texture":"#0"},"up":{"uv":[0, 0.75, 0, 0],"texture":"#0"},"down":{"uv":[0, 0, 0, 0.75],"texture":"#0"}}},{"from":[1.5, 9, 6.5],"to":[2, 10, 7],"rotation":{"angle":22.5,"axis":"x","origin":[1.75, 6.5, 8]},"faces":{"north":{"uv":[8.25, 1, 8.375, 1.25],"texture":"#0"},"east":{"uv":[8.25, 6.5, 8.375, 6.75],"texture":"#0"},"south":{"uv":[7.75, 8.25, 7.875, 8.5],"texture":"#0"},"west":{"uv":[8, 8.25, 8.125, 8.5],"texture":"#0"},"up":{"uv":[3.375, 8.625, 3.25, 8.5],"texture":"#0"},"down":{"uv":[8.625, 3.25, 8.5, 3.375],"texture":"#0"}}},{"from":[1.5, 9, 9],"to":[2, 10, 9.5],"rotation":{"angle":22.5,"axis":"x","origin":[1.75, 6.5, 8]},"faces":{"north":{"uv":[8.25, 8, 8.375, 8.25],"texture":"#0"},"east":{"uv":[8.25, 8.25, 8.375, 8.5],"texture":"#0"},"south":{"uv":[0, 8.5, 0.125, 8.75],"texture":"#0"},"west":{"uv":[8.5, 0, 8.625, 0.25],"texture":"#0"},"up":{"uv":[3.625, 8.625, 3.5, 8.5],"texture":"#0"},"down":{"uv":[8.625, 3.5, 8.5, 3.625],"texture":"#0"}}},{"from":[14, 8.5, 6.5],"to":[14.5, 9, 9.5],"rotation":{"angle":22.5,"axis":"x","origin":[14.25, 6.5, 8]},"faces":{"north":{"uv":[2.125, 8.5, 2, 8.625],"texture":"#0"},"east":{"uv":[8.5, 0, 7.75, 0.125],"texture":"#0"},"south":{"uv":[8.625, 3, 8.5, 3.125],"texture":"#0"},"west":{"uv":[0.75, 7.75, 0, 7.875],"texture":"#0"},"up":{"uv":[0.75, 8.5, 0.875, 7.75],"texture":"#0"},"down":{"uv":[1, 7.75, 1.125, 8.5],"texture":"#0"}}},{"from":[14, 9, 6.5],"to":[14.5, 10, 7],"rotation":{"angle":22.5,"axis":"x","origin":[14.25, 6.5, 8]},"faces":{"north":{"uv":[8.375, 1, 8.25, 1.25],"texture":"#0"},"east":{"uv":[8.125, 8.25, 8, 8.5],"texture":"#0"},"south":{"uv":[7.875, 8.25, 7.75, 8.5],"texture":"#0"},"west":{"uv":[8.375, 6.5, 8.25, 6.75],"texture":"#0"},"up":{"uv":[3.25, 8.625, 3.375, 8.5],"texture":"#0"},"down":{"uv":[8.5, 3.25, 8.625, 3.375],"texture":"#0"}}},{"from":[14, 10, 6.5],"to":[14.5, 10.5, 9.5],"rotation":{"angle":22.5,"axis":"x","origin":[14.25, 6.5, 8]},"faces":{"north":{"uv":[3.875, 8.5, 3.75, 8.625],"texture":"#0"},"east":{"uv":[2, 7.75, 1.25, 7.875],"texture":"#0"},"south":{"uv":[8.625, 3.75, 8.5, 3.875],"texture":"#0"},"west":{"uv":[8.5, 0.25, 7.75, 0.375],"texture":"#0"},"up":{"uv":[2, 8.5, 2.125, 7.75],"texture":"#0"},"down":{"uv":[4.25, 7.75, 4.375, 8.5],"texture":"#0"}}},{"from":[14, 9, 9],"to":[14.5, 10, 9.5],"rotation":{"angle":22.5,"axis":"x","origin":[14.25, 6.5, 8]},"faces":{"north":{"uv":[8.375, 8, 8.25, 8.25],"texture":"#0"},"east":{"uv":[8.625, 0, 8.5, 0.25],"texture":"#0"},"south":{"uv":[0.125, 8.5, 0, 8.75],"texture":"#0"},"west":{"uv":[8.375, 8.25, 8.25, 8.5],"texture":"#0"},"up":{"uv":[3.5, 8.625, 3.625, 8.5],"texture":"#0"},"down":{"uv":[8.5, 3.5, 8.625, 3.625],"texture":"#0"}}},{"from":[1.5, 6, 7],"to":[2, 8.5, 9],"rotation":{"angle":22.5,"axis":"x","origin":[1.75, 6.5, 8]},"faces":{"north":{"uv":[5.75, 8, 5.875, 8.625],"texture":"#0"},"east":{"uv":[2.5, 3.5, 3, 4.125],"texture":"#0"},"south":{"uv":[6, 8, 6.125, 8.625],"texture":"#0"},"west":{"uv":[4.25, 7, 4.75, 7.625],"texture":"#0"},"up":{"uv":[8.125, 5.75, 8, 5.25],"texture":"#0"},"down":{"uv":[6.875, 8, 6.75, 8.5],"texture":"#0"}}},{"from":[14, 6, 7],"to":[14.5, 8.5, 9],"rotation":{"angle":22.5,"axis":"x","origin":[14.25, 6.5, 8]},"faces":{"north":{"uv":[5.875, 8, 5.75, 8.625],"texture":"#0"},"east":{"uv":[4.75, 7, 4.25, 7.625],"texture":"#0"},"south":{"uv":[6.125, 8, 6, 8.625],"texture":"#0"},"west":{"uv":[4.25, 7, 4.75, 7.625],"texture":"#0"},"up":{"uv":[8, 5.75, 8.125, 5.25],"texture":"#0"},"down":{"uv":[6.75, 8, 6.875, 8.5],"texture":"#0"}}},{"from":[4, 7.25, 7],"to":[12, 7.25, 9],"rotation":{"angle":0,"axis":"y","origin":[0, 0.25, 0]},"faces":{"north":{"uv":[0, 0, 2, 0],"texture":"#0"},"east":{"uv":[0, 0, 0.5, 0],"texture":"#0"},"south":{"uv":[0, 0, 2, 0],"texture":"#0"},"west":{"uv":[0, 0, 0.5, 0],"texture":"#0"},"up":{"uv":[6.75, 6.5, 4.75, 6],"texture":"#0"},"down":{"uv":[8, 5.25, 6, 5.75],"texture":"#0"}}},{"from":[9, 7.25, 7.5],"to":[10, 8.75, 8.5],"rotation":{"angle":-45,"axis":"y","origin":[9.5, 8, 8]},"faces":{"north":{"uv":[0.5, 8, 0.75, 8.375],"texture":"#0"},"east":{"uv":[0.5, 8, 0.75, 8.375],"texture":"#0"},"south":{"uv":[0.5, 8, 0.75, 8.375],"texture":"#0"},"west":{"uv":[0.5, 8, 0.75, 8.375],"texture":"#0"},"up":{"uv":[8.25, 6.75, 8, 6.5],"texture":"#0"},"down":{"uv":[8.25, 7.5, 8, 7.75],"texture":"#0"}}},{"from":[7.5, 7.25, 7.5],"to":[8.5, 8.75, 8.5],"rotation":{"angle":-45,"axis":"y","origin":[8, 8, 8]},"faces":{"north":{"uv":[0.5, 8, 0.75, 8.375],"texture":"#0"},"east":{"uv":[0.5, 8, 0.75, 8.375],"texture":"#0"},"south":{"uv":[0.5, 8, 0.75, 8.375],"texture":"#0"},"west":{"uv":[0.5, 8, 0.75, 8.375],"texture":"#0"},"up":{"uv":[8.25, 6.75, 8, 6.5],"texture":"#0"},"down":{"uv":[8.25, 7.5, 8, 7.75],"texture":"#0"}}},{"from":[6, 7.25, 7.5],"to":[7, 8.75, 8.5],"rotation":{"angle":-45,"axis":"y","origin":[6.5, 8, 8]},"faces":{"north":{"uv":[0.5, 8, 0.75, 8.375],"texture":"#0"},"east":{"uv":[0.5, 8, 0.75, 8.375],"texture":"#0"},"south":{"uv":[0.5, 8, 0.75, 8.375],"texture":"#0"},"west":{"uv":[0.5, 8, 0.75, 8.375],"texture":"#0"},"up":{"uv":[8.25, 6.75, 8, 6.5],"texture":"#0"},"down":{"uv":[8.25, 7.5, 8, 7.75],"texture":"#0"}}},{"from":[4.5, 7.25, 7.5],"to":[5.5, 7.5, 8.5],"rotation":{"angle":0,"axis":"y","origin":[0, 0.25, 0]},"faces":{"north":{"uv":[1.25, 8.5, 1.5, 8.625],"texture":"#0"},"east":{"uv":[1.25, 8.5, 1.5, 8.625],"texture":"#0"},"south":{"uv":[1.5, 8.5, 1.75, 8.625],"texture":"#0"},"west":{"uv":[1.25, 8.5, 1.5, 8.625],"texture":"#0"},"up":{"uv":[8.5, 0.75, 8.25, 0.5],"texture":"#0"},"down":{"uv":[8.5, 0.75, 8.25, 1],"texture":"#0"}}},{"from":[4.75, 7.25, 7.65],"to":[5.25, 8.75, 8.15],"rotation":{"angle":22.5,"axis":"x","origin":[5, 7.25, 7.75]},"faces":{"north":{"uv":[8.25, 5.25, 8.375, 5.625],"texture":"#0"},"east":{"uv":[8.25, 7, 8.375, 7.375],"texture":"#0"},"south":{"uv":[7.5, 8.25, 7.625, 8.625],"texture":"#0"},"west":{"uv":[8.25, 7.5, 8.375, 7.875],"texture":"#0"},"up":{"uv":[8.625, 5.375, 8.5, 5.25],"texture":"#0"},"down":{"uv":[5.625, 8.5, 5.5, 8.625],"texture":"#0"}}},{"from":[5.5, 3.25, 4.75],"to":[10.5, 4.75, 5],"faces":{"north":{"uv":[0, 3.5, 1.25, 3.875],"texture":"#0"},"east":{"uv":[0, 4.25, 0.125, 4.625],"texture":"#0"},"south":{"uv":[1.25, 3.5, 2.5, 3.875],"texture":"#0"},"west":{"uv":[0.25, 4.25, 0.375, 4.625],"texture":"#0"},"up":{"uv":[1.25, 4.125, 0, 4],"texture":"#0"},"down":{"uv":[2.5, 4, 1.25, 4.125],"texture":"#0"}}},{"from":[5.5, 3.25, 11],"to":[10.5, 4.75, 11.25],"rotation":{"angle":0,"axis":"y","origin":[0, 0, 16]},"faces":{"north":{"uv":[2.5, 3.5, 1.25, 3.875],"texture":"#0"},"east":{"uv":[0.125, 4.25, 0, 4.625],"texture":"#0"},"south":{"uv":[1.25, 3.5, 0, 3.875],"texture":"#0"},"west":{"uv":[0.375, 4.25, 0.25, 4.625],"texture":"#0"},"up":{"uv":[1.25, 4, 0, 4.125],"texture":"#0"},"down":{"uv":[2.5, 4.125, 1.25, 4],"texture":"#0"}}}],"gui_light":"front","display":{"thirdperson_righthand":{"rotation":[66.5, 0, 0],"translation":[0, 2, 3.25],"scale":[0.41, 0.41, 0.41]},"thirdperson_lefthand":{"rotation":[66.5, 0, 0],"translation":[0, 2, 3.25],"scale":[0.41, 0.41, 0.41]},"firstperson_righthand":{"translation":[-2, 4.5, 1.75],"scale":[0.48172, 0.48172, 0.48172]},"firstperson_lefthand":{"translation":[-2, 4.5, 1.75],"scale":[0.48172, 0.48172, 0.48172]},"ground":{"translation":[0, 5, 0],"scale":[0.5, 0.5, 0.5]},"gui":{"rotation":[30, -135, 0],"translation":[0, 1.25, 0],"scale":[0.84711, 0.84711, 0.84711]},"head":{"scale":[0, 0, 0]},"fixed":{"rotation":[-90, 0, 0],"translation":[0, 0, -16],"scale":[2.00266, 2.00266, 2.00266]}},"groups":[0,1,2,3,4,5,6,7,8,9,10,11,12,13,14,15,16,17,18,19,{"name":"group","origin":[14.25, 6.5, 8],"color":0,"children":[20, 21]},{"name":"group","origin":[5, 7, 7.75],"color":0,"children":[22, 23, 24, 25, 26, 27]},28,29]}