{"texture_size":[128,128],"textures":{"0":"custom/furniture/modern/modernclean_01","1":"custom/furniture/modern/modernclean_02","particle":"custom/furniture/modern/modernclean_01"},"elements":[{"from":[-15,8,1],"to":[15,10,15],"faces":{"north":{"uv":[4,11.5,7.75,11.75],"texture":"#0"},"east":{"uv":[4.5,9.75,6.25,10],"texture":"#0"},"south":{"uv":[4,11.5,7.75,11.75],"texture":"#0"},"west":{"uv":[4.5,9.75,6.25,10],"texture":"#0"},"up":{"uv":[4,11.75,7.75,13.5],"texture":"#0"},"down":{"uv":[4,11.75,7.75,13.5],"texture":"#0"}}},{"from":[-15,2,1],"to":[15,3.5,15],"faces":{"north":{"uv":[1.875,15.625,5.625,15.8125],"texture":"#0"},"east":{"uv":[4.5,10,6.25,10.1875],"texture":"#0"},"south":{"uv":[1.875,15.625,5.625,15.8125],"texture":"#0"},"west":{"uv":[4.5,10,6.25,10.1875],"texture":"#0"},"up":{"uv":[1.875,13.875,5.625,15.625],"texture":"#0"},"down":{"uv":[1.875,13.875,5.625,15.625],"texture":"#0"}}},{"from":[11,0,3],"to":[13,9,5],"rotation":{"angle":0,"axis":"y","origin":[7,12,2]},"faces":{"north":{"uv":[5.3125,9.75,6.4375,9.5],"rotation":90,"texture":"#0"},"east":{"uv":[6.875,8.0625,6.625,9.1875],"texture":"#0"},"south":{"uv":[5.3125,9.75,6.4375,9.5],"rotation":90,"texture":"#0"},"west":{"uv":[6.875,8.0625,6.625,9.1875],"texture":"#0"},"up":{"uv":[6.625,9.4375,6.875,9.1875],"rotation":270,"texture":"#0"},"down":{"uv":[6.625,9.4375,6.875,9.1875],"rotation":270,"texture":"#0"}}},{"from":[11,0,11],"to":[13,9,13],"rotation":{"angle":0,"axis":"y","origin":[7,12,14]},"faces":{"north":{"uv":[5.3125,9.5,6.4375,9.75],"rotation":90,"texture":"#0"},"east":{"uv":[6.625,8.0625,6.875,9.1875],"texture":"#0"},"south":{"uv":[5.3125,9.5,6.4375,9.75],"rotation":90,"texture":"#0"},"west":{"uv":[6.625,8.0625,6.875,9.1875],"texture":"#0"},"up":{"uv":[6.875,9.4375,6.625,9.1875],"rotation":270,"texture":"#0"},"down":{"uv":[6.875,9.4375,6.625,9.1875],"rotation":270,"texture":"#0"}}},{"from":[-13,0,11],"to":[-11,9,13],"rotation":{"angle":0,"axis":"y","origin":[9,12,14]},"faces":{"north":{"uv":[5.3125,9.75,6.4375,9.5],"rotation":90,"texture":"#0"},"east":{"uv":[6.875,8.0625,6.625,9.1875],"texture":"#0"},"south":{"uv":[5.3125,9.75,6.4375,9.5],"rotation":90,"texture":"#0"},"west":{"uv":[6.875,8.0625,6.625,9.1875],"texture":"#0"},"up":{"uv":[6.875,9.1875,6.625,9.4375],"rotation":270,"texture":"#0"},"down":{"uv":[6.875,9.1875,6.625,9.4375],"rotation":270,"texture":"#0"}}},{"from":[-13,0,3],"to":[-11,9,5],"rotation":{"angle":0,"axis":"y","origin":[9,12,2]},"faces":{"north":{"uv":[5.3125,9.5,6.4375,9.75],"rotation":90,"texture":"#0"},"east":{"uv":[6.625,8.0625,6.875,9.1875],"texture":"#0"},"south":{"uv":[5.3125,9.5,6.4375,9.75],"rotation":90,"texture":"#0"},"west":{"uv":[6.625,8.0625,6.875,9.1875],"texture":"#0"},"up":{"uv":[6.625,9.1875,6.875,9.4375],"rotation":270,"texture":"#0"},"down":{"uv":[6.625,9.1875,6.875,9.4375],"rotation":270,"texture":"#0"}}},{"from":[0.7,11.5,8],"to":[4.7,14,8],"rotation":{"angle":-22.5,"axis":"y","origin":[0,0,0]},"faces":{"north":{"uv":[4.0625,4.6875,4.5625,5],"texture":"#1"},"east":{"uv":[4.5625,4.125,4.5625,4.4375],"texture":"#1"},"south":{"uv":[4.5625,4.6875,4.0625,5],"texture":"#1"},"west":{"uv":[4.5625,4.125,4.5625,4.4375],"texture":"#1"},"up":{"uv":[4.75,4.3125,5.25,4.3125],"texture":"#1"},"down":{"uv":[4.75,4.3125,5.25,4.3125],"texture":"#1"}}},{"from":[-6,5.5,6],"to":[0,7.5,11],"rotation":{"angle":45,"axis":"y","origin":[0,0,1]},"faces":{"north":{"uv":[8.375,4.25,8.625,5],"rotation":90,"texture":"#1"},"east":{"uv":[9.125,4.375,8.875,5],"rotation":270,"texture":"#1"},"south":{"uv":[8.625,4.25,8.875,5],"rotation":270,"texture":"#1"},"west":{"uv":[9.125,5,8.875,4.375],"rotation":270,"texture":"#1"},"up":{"uv":[8.375,4.25,7.75,5],"rotation":270,"texture":"#1"},"down":{"uv":[7.75,4.25,8.375,5],"rotation":270,"texture":"#1"}}},{"from":[6,3.5,3],"to":[11,5.5,9],"rotation":{"angle":-22.5,"axis":"y","origin":[0,0,1]},"faces":{"north":{"uv":[9.125,3.625,8.875,4.25],"rotation":270,"texture":"#1"},"east":{"uv":[8.625,3.5,8.875,4.25],"rotation":270,"texture":"#1"},"south":{"uv":[9.125,4.25,8.875,3.625],"rotation":270,"texture":"#1"},"west":{"uv":[8.375,3.5,8.625,4.25],"rotation":90,"texture":"#1"},"up":{"uv":[8.375,3.5,7.75,4.25],"rotation":180,"texture":"#1"},"down":{"uv":[7.75,3.5,8.375,4.25],"texture":"#1"}}},{"from":[-2,3.5,3],"to":[3,5.5,9],"rotation":{"angle":0,"axis":"y","origin":[0,0,1]},"faces":{"north":{"uv":[9.125,2.875,8.875,3.5],"rotation":270,"texture":"#1"},"east":{"uv":[8.625,2.75,8.875,3.5],"rotation":270,"texture":"#1"},"south":{"uv":[9.125,3.5,8.875,2.875],"rotation":270,"texture":"#1"},"west":{"uv":[8.375,2.75,8.625,3.5],"rotation":90,"texture":"#1"},"up":{"uv":[8.375,2.75,7.75,3.5],"rotation":180,"texture":"#1"},"down":{"uv":[7.75,2.75,8.375,3.5],"texture":"#1"}}},{"from":[2,10,7],"to":[4,11.5,9],"rotation":{"angle":-22.5,"axis":"y","origin":[0,0,0]},"faces":{"north":{"uv":[4.5625,4.125,4.8125,4.3125],"texture":"#1"},"east":{"uv":[4.5625,4.125,4.8125,4.3125],"texture":"#1"},"south":{"uv":[4.5625,4.125,4.8125,4.3125],"texture":"#1"},"west":{"uv":[4.5625,4.125,4.8125,4.3125],"texture":"#1"},"up":{"uv":[4.75,4.3125,5,4.5625],"texture":"#1"},"down":{"uv":[4.75,4.3125,5,4.5625],"texture":"#1"}}}],"gui_light":"front","display":{"thirdperson_righthand":{"rotation":[67.5,0,0],"translation":[2,1.5,0.5],"scale":[0.23313,0.23313,0.23313]},"thirdperson_lefthand":{"rotation":[67.5,0,0],"translation":[-1.75,1.5,0.5],"scale":[0.23313,0.23313,0.23313]},"firstperson_righthand":{"translation":[3,3.75,0],"scale":[0.35,0.35,0.35]},"firstperson_lefthand":{"translation":[-1.25,3.75,0],"scale":[0.35,0.35,0.35]},"ground":{"translation":[3.5,5.75,0],"scale":[0.4,0.4,0.4]},"gui":{"rotation":[30,-135,0],"translation":[-2.75,-0.5,0],"scale":[0.48164,0.48164,0.48164]},"head":{"scale":[0,0,0]},"fixed":{"rotation":[-90,0,0],"translation":[0.25,0,-16.75],"scale":[2.1,2.1,2.1]}}}