{"texture_size":[128,128],"textures":{"1":"custom/furniture/modern/modernclean_01","2":"custom/furniture/modern/modernclean_02","particle":"custom/furniture/modern/modernclean_01"},"elements":[{"from":[0,11,1.1],"to":[8,13,14.9],"faces":{"north":{"uv":[0,15.25,1,15.5],"texture":"#1"},"east":{"uv":[0,15.5,1.725,15.75],"texture":"#1"},"south":{"uv":[1,15.25,0,15.5],"texture":"#1"},"west":{"uv":[0,15.5,1.725,15.75],"texture":"#1"},"up":{"uv":[0,13.525,1,15.25],"texture":"#1"},"down":{"uv":[1,13.525,0,15.25],"texture":"#1"}}},{"from":[-8,11,1.1],"to":[0,13,14.9],"rotation":{"angle":0,"axis":"y","origin":[16,0,0]},"faces":{"north":{"uv":[1,15.25,0,15.5],"texture":"#1"},"east":{"uv":[1.725,15.5,0,15.75],"texture":"#1"},"south":{"uv":[0,15.25,1,15.5],"texture":"#1"},"west":{"uv":[1.725,15.5,0,15.75],"texture":"#1"},"up":{"uv":[1,13.525,0,15.25],"texture":"#1"},"down":{"uv":[0,13.525,1,15.25],"texture":"#1"}}},{"from":[0.1,4.5,1.1],"to":[10.2,6.5,14.9],"faces":{"north":{"uv":[0.0625,15.5,1.325,15.25],"texture":"#1"},"east":{"uv":[0,15.5,1.725,15.75],"texture":"#1"},"south":{"uv":[1.325,15.5,0.0625,15.25],"texture":"#1"},"west":{"uv":[0,15.5,1.725,15.75],"texture":"#1"},"up":{"uv":[0.625,13.525,1.8875,15.25],"texture":"#1"},"down":{"uv":[0.625,13.525,1.8875,15.25],"texture":"#1"}}},{"from":[-10,4.5,1.1],"to":[0.1,6.5,14.9],"rotation":{"angle":0,"axis":"y","origin":[16,0,0]},"faces":{"north":{"uv":[1.325,15.5,0.0625,15.25],"texture":"#1"},"east":{"uv":[1.725,15.5,0,15.75],"texture":"#1"},"south":{"uv":[0.0625,15.5,1.325,15.25],"texture":"#1"},"west":{"uv":[1.725,15.5,0,15.75],"texture":"#1"},"up":{"uv":[1.8875,13.525,0.625,15.25],"texture":"#1"},"down":{"uv":[1.8875,13.525,0.625,15.25],"texture":"#1"}}},{"from":[-9,-1.5,1],"to":[-7,14,3],"rotation":{"angle":-22.5,"axis":"z","origin":[-7,12,2]},"faces":{"north":{"uv":[4.5,9.5,6.4375,9.75],"rotation":90,"texture":"#1"},"east":{"uv":[6.625,7.25,6.875,9.1875],"texture":"#1"},"south":{"uv":[4.5,9.75,6.4375,9.5],"rotation":90,"texture":"#1"},"west":{"uv":[6.625,7.25,6.875,9.1875],"texture":"#1"},"up":{"uv":[6.625,9.1875,6.875,9.4375],"rotation":270,"texture":"#1"},"down":{"uv":[6.625,9.1875,6.875,9.4375],"rotation":270,"texture":"#1"}}},{"from":[-9,-1.5,13],"to":[-7,14,15],"rotation":{"angle":-22.5,"axis":"z","origin":[-7,12,14]},"faces":{"north":{"uv":[4.5,9.75,6.4375,9.5],"rotation":90,"texture":"#1"},"east":{"uv":[6.875,7.25,6.625,9.1875],"texture":"#1"},"south":{"uv":[4.5,9.75,6.4375,9.5],"rotation":90,"texture":"#1"},"west":{"uv":[6.875,7.25,6.625,9.1875],"texture":"#1"},"up":{"uv":[6.875,9.1875,6.625,9.4375],"rotation":270,"texture":"#1"},"down":{"uv":[6.875,9.1875,6.625,9.4375],"rotation":270,"texture":"#1"}}},{"from":[-9,10,3],"to":[-7,12,13],"rotation":{"angle":-22.5,"axis":"z","origin":[-7,12,14]},"faces":{"north":{"uv":[6.875,9.1875,6.625,9.4375],"texture":"#1"},"east":{"uv":[4.9375,9.75,6.1875,9.5],"rotation":180,"texture":"#1"},"south":{"uv":[6.875,9.1875,6.625,9.4375],"texture":"#1"},"west":{"uv":[4.9375,9.75,6.1875,9.5],"rotation":180,"texture":"#1"},"up":{"uv":[6.875,7.6875,6.625,8.9375],"texture":"#1"},"down":{"uv":[6.875,7.6875,6.625,8.9375],"texture":"#1"}}},{"from":[-9,4,3],"to":[-7,6,13],"rotation":{"angle":-22.5,"axis":"z","origin":[-7,12,14]},"faces":{"north":{"uv":[6.875,9.1875,6.625,9.4375],"texture":"#1"},"east":{"uv":[4.9375,9.75,6.1875,9.5],"rotation":180,"texture":"#1"},"south":{"uv":[6.875,9.1875,6.625,9.4375],"texture":"#1"},"west":{"uv":[4.9375,9.75,6.1875,9.5],"rotation":180,"texture":"#1"},"up":{"uv":[6.875,7.6875,6.625,8.9375],"texture":"#1"},"down":{"uv":[6.875,7.6875,6.625,8.9375],"texture":"#1"}}},{"from":[7,4,3],"to":[9,6,13],"rotation":{"angle":22.5,"axis":"z","origin":[7,12,14]},"faces":{"north":{"uv":[6.625,9.1875,6.875,9.4375],"texture":"#1"},"east":{"uv":[6.1875,9.75,4.9375,9.5],"rotation":180,"texture":"#1"},"south":{"uv":[6.625,9.1875,6.875,9.4375],"texture":"#1"},"west":{"uv":[6.1875,9.75,4.9375,9.5],"rotation":180,"texture":"#1"},"up":{"uv":[6.625,7.6875,6.875,8.9375],"texture":"#1"},"down":{"uv":[6.625,7.6875,6.875,8.9375],"texture":"#1"}}},{"from":[7,10,3],"to":[9,12,13],"rotation":{"angle":22.5,"axis":"z","origin":[7,12,14]},"faces":{"north":{"uv":[6.625,9.1875,6.875,9.4375],"texture":"#1"},"east":{"uv":[6.1875,9.75,4.9375,9.5],"rotation":180,"texture":"#1"},"south":{"uv":[6.625,9.1875,6.875,9.4375],"texture":"#1"},"west":{"uv":[6.1875,9.75,4.9375,9.5],"rotation":180,"texture":"#1"},"up":{"uv":[6.625,7.6875,6.875,8.9375],"texture":"#1"},"down":{"uv":[6.625,7.6875,6.875,8.9375],"texture":"#1"}}},{"from":[7,-1.5,13],"to":[9,14,15],"rotation":{"angle":22.5,"axis":"z","origin":[7,12,14]},"faces":{"north":{"uv":[4.5,9.75,6.4375,9.5],"rotation":90,"texture":"#1"},"east":{"uv":[6.625,7.25,6.875,9.1875],"texture":"#1"},"south":{"uv":[4.5,9.5,6.4375,9.75],"rotation":90,"texture":"#1"},"west":{"uv":[6.625,7.25,6.875,9.1875],"texture":"#1"},"up":{"uv":[6.875,9.4375,6.625,9.1875],"rotation":270,"texture":"#1"},"down":{"uv":[6.875,9.4375,6.625,9.1875],"rotation":270,"texture":"#1"}}},{"from":[7,-1.5,1],"to":[9,14,3],"rotation":{"angle":22.5,"axis":"z","origin":[7,12,2]},"faces":{"north":{"uv":[4.5,9.75,6.4375,9.5],"rotation":90,"texture":"#1"},"east":{"uv":[6.875,7.25,6.625,9.1875],"texture":"#1"},"south":{"uv":[4.5,9.75,6.4375,9.5],"rotation":90,"texture":"#1"},"west":{"uv":[6.875,7.25,6.625,9.1875],"texture":"#1"},"up":{"uv":[6.625,9.4375,6.875,9.1875],"rotation":270,"texture":"#1"},"down":{"uv":[6.625,9.4375,6.875,9.1875],"rotation":270,"texture":"#1"}}},{"from":[-16,13,0],"to":[16,16,16],"faces":{"north":{"uv":[1.875,13.5,5.875,13.875],"texture":"#1"},"east":{"uv":[6.5,9.125,4.5,9.5],"texture":"#1"},"south":{"uv":[1.875,13.5,5.875,13.875],"texture":"#1"},"west":{"uv":[4.5,9.125,6.5,9.5],"texture":"#1"},"up":{"uv":[0,11.25,4,13.25],"texture":"#1"},"down":{"uv":[0,11.25,4,13.25],"texture":"#1"}}},{"from":[0,6,3],"to":[2,7.5,5],"rotation":{"angle":-22.5,"axis":"y","origin":[-4,-3,-3]},"faces":{"north":{"uv":[4.5625,4.125,4.8125,4.3125],"texture":"#2"},"east":{"uv":[4.5625,4.125,4.8125,4.3125],"texture":"#2"},"south":{"uv":[4.5625,4.125,4.8125,4.3125],"texture":"#2"},"west":{"uv":[4.5625,4.125,4.8125,4.3125],"texture":"#2"},"up":{"uv":[4.75,4.3125,5,4.5625],"texture":"#2"},"down":{"uv":[4.75,4.3125,5,4.5625],"texture":"#2"}}},{"from":[-1.3,7.5,4],"to":[2.7,10,4],"rotation":{"angle":-22.5,"axis":"y","origin":[-4,-3,-3]},"faces":{"north":{"uv":[4.0625,4.6875,4.5625,5],"texture":"#2"},"east":{"uv":[4.5625,4.125,4.5625,4.4375],"texture":"#2"},"south":{"uv":[4.5625,4.6875,4.0625,5],"texture":"#2"},"west":{"uv":[4.5625,4.125,4.5625,4.4375],"texture":"#2"},"up":{"uv":[4.75,4.3125,5.25,4.3125],"texture":"#2"},"down":{"uv":[4.75,4.3125,5.25,4.3125],"texture":"#2"}}},{"from":[-5.3,8,10],"to":[-1.3,10.5,10],"rotation":{"angle":45,"axis":"y","origin":[-4,-3,-3]},"faces":{"north":{"uv":[4.0625,4.6875,4.5625,5],"texture":"#2"},"east":{"uv":[4.5625,4.125,4.5625,4.4375],"texture":"#2"},"south":{"uv":[4.5625,4.6875,4.0625,5],"texture":"#2"},"west":{"uv":[4.5625,4.125,4.5625,4.4375],"texture":"#2"},"up":{"uv":[4.75,4.3125,5.25,4.3125],"texture":"#2"},"down":{"uv":[4.75,4.3125,5.25,4.3125],"texture":"#2"}}},{"from":[-4,6.5,9],"to":[-2,8,11],"rotation":{"angle":45,"axis":"y","origin":[-4,-3,-3]},"faces":{"north":{"uv":[4.5625,4.125,4.8125,4.3125],"texture":"#2"},"east":{"uv":[4.5625,4.125,4.8125,4.3125],"texture":"#2"},"south":{"uv":[4.5625,4.125,4.8125,4.3125],"texture":"#2"},"west":{"uv":[4.5625,4.125,4.8125,4.3125],"texture":"#2"},"up":{"uv":[4.75,4.3125,5,4.5625],"texture":"#2"},"down":{"uv":[4.75,4.3125,5,4.5625],"texture":"#2"}}},{"from":[-3,6.4,6],"to":[0,8.4,9],"rotation":{"angle":22.5,"axis":"y","origin":[-4,-3,-3]},"faces":{"north":{"uv":[3.6875,4.3125,4.0625,4.5625],"texture":"#2"},"east":{"uv":[3.6875,4.3125,4.0625,4.5625],"texture":"#2"},"south":{"uv":[3.6875,4.3125,4.0625,4.5625],"texture":"#2"},"west":{"uv":[3.6875,4.3125,4.0625,4.5625],"texture":"#2"},"up":{"uv":[3.6875,4.5625,4.0625,4.9375],"texture":"#2"},"down":{"uv":[3.6875,4.5625,4.0625,4.9375],"texture":"#2"}}},{"from":[-7,5.9,6],"to":[-4,7.9,9],"rotation":{"angle":0,"axis":"y","origin":[-3,-3.5,-3]},"faces":{"north":{"uv":[3.6875,4.3125,4.0625,4.5625],"texture":"#2"},"east":{"uv":[3.6875,4.3125,4.0625,4.5625],"texture":"#2"},"south":{"uv":[3.6875,4.3125,4.0625,4.5625],"texture":"#2"},"west":{"uv":[3.6875,4.3125,4.0625,4.5625],"texture":"#2"},"up":{"uv":[3.6875,4.5625,4.0625,4.9375],"texture":"#2"},"down":{"uv":[3.6875,4.5625,4.0625,4.9375],"texture":"#2"}}},{"from":[-7.5,7.5,7],"to":[-3.5,11.5,7],"rotation":{"angle":-22.5,"axis":"y","origin":[-5.5,7.5,7]},"faces":{"north":{"uv":[9.125,4,9.625,4.5],"texture":"#2"},"east":{"uv":[0,0,0,0.5],"texture":"#2"},"south":{"uv":[9.625,4,9.125,4.5],"texture":"#2"},"west":{"uv":[0,0,0,0.5],"texture":"#2"},"up":{"uv":[0,0,0.5,0],"rotation":180,"texture":"#2"},"down":{"uv":[0,0,0.5,0],"rotation":180,"texture":"#2"}}},{"from":[-5.5,7.5,5],"to":[-5.5,11.5,9],"rotation":{"angle":-45,"axis":"y","origin":[-5.5,7.5,7]},"faces":{"north":{"uv":[0,0,0,0.5],"texture":"#2"},"east":{"uv":[9.625,4,9.125,4.5],"texture":"#2"},"south":{"uv":[0,0,0,0.5],"texture":"#2"},"west":{"uv":[9.125,4,9.625,4.5],"texture":"#2"},"up":{"uv":[0,0,0.5,0],"rotation":90,"texture":"#2"},"down":{"uv":[0,0,0.5,0],"rotation":270,"texture":"#2"}}},{"from":[-4.2,8.4,7.5],"to":[0.8,11.4,7.5],"rotation":{"angle":22.5,"axis":"y","origin":[-4,-3,-3]},"faces":{"north":{"uv":[4.0625,4.3125,4.6875,4.6875],"texture":"#2"},"east":{"uv":[0,0,0,0.375],"texture":"#2"},"south":{"uv":[4.6875,4.3125,4.0625,4.6875],"texture":"#2"},"west":{"uv":[0,0,0,0.375],"texture":"#2"},"up":{"uv":[0,0,0.625,0],"texture":"#2"},"down":{"uv":[0,0,0.625,0],"texture":"#2"}}}],"gui_light":"front","display":{"thirdperson_righthand":{"rotation":[67.5,0,0],"translation":[2,1.5,-0.5],"scale":[0.23313,0.23313,0.23313]},"thirdperson_lefthand":{"rotation":[67.5,0,0],"translation":[-1.75,1.5,-0.5],"scale":[0.23313,0.23313,0.23313]},"firstperson_righthand":{"translation":[4.25,1.5,-1.5],"scale":[0.37,0.37,0.37]},"firstperson_lefthand":{"translation":[-1.5,1.5,-1.5],"scale":[0.37,0.37,0.37]},"ground":{"translation":[2.5,4.75,0],"scale":[0.32,0.32,0.32]},"gui":{"rotation":[30,-135,0],"translation":[-2.5,-1.5,0],"scale":[0.44063,0.44063,0.44063]},"head":{"scale":[0,0,0]},"fixed":{"rotation":[-90,0,0],"translation":[-0.5,0,-16.5],"scale":[1.95,1.95,1.95]}}}