{"texture_size":[8,8],"textures":{"0":"custom/furniture/office/office_01","2":"custom/furniture/office/office_animation_01","particle":"custom/furniture/office/office_01"},"elements":[{"from":[8,0,9],"to":[12,0.5,11],"faces":{"north":{"uv":[6.5625,12.1875,7.0625,12.25],"texture":"#0"},"east":{"uv":[6.3125,12.5625,6.5625,12.625],"texture":"#0"},"south":{"uv":[6.5625,12.1875,7.0625,12.25],"texture":"#0"},"west":{"uv":[6.3125,12.5625,6.5625,12.625],"texture":"#0"},"up":{"uv":[6.5625,12.25,7.0625,12.5],"texture":"#0"},"down":{"uv":[6.5625,12.25,7.0625,12.5],"texture":"#0"}}},{"from":[7,0,4],"to":[15,0.5,7],"faces":{"north":{"uv":[11.3125,12.1875,12.3125,12.25],"texture":"#0"},"east":{"uv":[6.6875,12.125,7.0625,12.1875],"texture":"#0"},"south":{"uv":[11.3125,12.1875,12.3125,12.25],"texture":"#0"},"west":{"uv":[6.6875,12.125,7.0625,12.1875],"texture":"#0"},"up":{"uv":[11.3125,12.25,12.3125,12.625],"texture":"#0"},"down":{"uv":[11.3125,12.25,12.3125,12.625],"texture":"#0"}}},{"from":[4.5,0,4],"to":[6,1,6.5],"faces":{"north":{"uv":[6.625,12,6.8125,12.125],"texture":"#0"},"east":{"uv":[7.125,12,6.8125,12.125],"texture":"#0"},"south":{"uv":[6.625,12,6.8125,12.125],"texture":"#0"},"west":{"uv":[6.8125,12,7.125,12.125],"texture":"#0"},"up":{"uv":[6.25,12.625,6.4375,12.9375],"texture":"#0"},"down":{"uv":[6.25,12.625,6.4375,12.9375],"texture":"#0"}}},{"from":[0,0,7],"to":[4,9,15],"faces":{"north":{"uv":[13,10.8125,13.5,11.9375],"texture":"#0"},"east":{"uv":[13.5,10.8125,14.5,11.9375],"texture":"#0"},"south":{"uv":[12.5,10.8125,13,11.9375],"texture":"#0"},"west":{"uv":[13.5,10.8125,14.5,11.9375],"texture":"#0"},"up":{"uv":[12.5,13,13,14],"texture":"#0"},"down":{"uv":[12.5,13,13,14],"texture":"#0"}}},{"from":[9,0,10],"to":[11,4.5,10.5],"faces":{"north":{"uv":[6.3125,13.0625,6.5625,13.625],"texture":"#0"},"east":{"uv":[6.25,13.0625,6.3125,13.625],"texture":"#0"},"south":{"uv":[6.3125,13.0625,6.5625,13.625],"texture":"#0"},"west":{"uv":[6.25,13.0625,6.3125,13.625],"texture":"#0"},"up":{"uv":[6.3125,13,6.5625,13.0625],"texture":"#0"},"down":{"uv":[6.3125,13,6.5625,13.0625],"texture":"#0"}}},{"from":[6,2,9],"to":[14,7.5,10],"faces":{"north":{"uv":[6.5,10.75,7.5,11.4375],"texture":"#0"},"east":{"uv":[8.5,10.75,8.625,11.4375],"texture":"#0"},"south":{"uv":[7.5,10.75,8.5,11.4375],"texture":"#0"},"west":{"uv":[8.625,10.75,8.5,11.4375],"texture":"#0"},"up":{"uv":[6.5,11.4375,7.5,11.5625],"texture":"#0"},"down":{"uv":[6.5,11.4375,7.5,11.5625],"texture":"#0"}}},{"from":[6,2,8.9],"to":[14,7.5,8.9],"faces":{"north":{"uv":[0,0,16,11],"texture":"#2"}}}],"gui_light":"front","display":{"thirdperson_righthand":{"rotation":[67.5,0,0],"translation":[-0.75,1.75,1.75],"scale":[0.44922,0.44922,0.44922]},"thirdperson_lefthand":{"rotation":[67.5,0,0],"translation":[-0.75,1.75,1.75],"scale":[0.44922,0.44922,0.44922]},"firstperson_righthand":{"translation":[1.25,7,-0.25],"scale":[0.63242,0.63242,0.63242]},"firstperson_lefthand":{"translation":[1.25,7,-0.25],"scale":[0.63242,0.63242,0.63242]},"ground":{"translation":[0,5.25,0],"scale":[0.62031,0.62031,0.62031]},"gui":{"rotation":[30,225,0],"translation":[0,2,0],"scale":[0.90039,0.90039,0.90039]},"head":{"translation":[0.5,14.85,-1.5]},"fixed":{"rotation":[-90,0,0],"translation":[0,0,-16],"scale":[2,2,2]}}}