{"texture_size":[256,256],"textures":{"0":"custom/furniture/medieval_market/medievalmarket","particle":"custom/furniture/medieval_market/medievalmarket"},"elements":[{"from":[1.5,-8.5,14],"to":[14.5,4.5,30],"rotation":{"angle":22.5,"axis":"y","origin":[1,0,7]},"faces":{"north":{"uv":[8.375,0,9.1875,0.8125],"rotation":180,"texture":"#0"},"east":{"uv":[7.5,0,8.3125,1],"rotation":270,"texture":"#0"},"south":{"uv":[8.375,0,9.1875,0.8125],"texture":"#0"},"west":{"uv":[7.5,0,8.3125,1],"rotation":90,"texture":"#0"},"up":{"uv":[7.5,0,8.3125,1],"rotation":180,"texture":"#0"},"down":{"uv":[7.5,0,8.3125,1],"texture":"#0"}}},{"from":[1,-9,17],"to":[15,5,27],"rotation":{"angle":22.5,"axis":"y","origin":[1,0,7]},"faces":{"north":{"uv":[8.375,0,9.25,0.875],"rotation":180,"texture":"#0"},"east":{"uv":[8.375,0.875,9.25,1.5],"rotation":270,"texture":"#0"},"south":{"uv":[8.375,0,9.25,0.875],"texture":"#0"},"west":{"uv":[8.375,0.875,9.25,1.5],"rotation":90,"texture":"#0"},"up":{"uv":[8.375,0.875,9.25,1.5],"rotation":180,"texture":"#0"},"down":{"uv":[8.375,0.875,9.25,1.5],"texture":"#0"}}},{"from":[0.5,-9.5,24.5],"to":[15.5,5.5,27.5],"rotation":{"angle":22.5,"axis":"y","origin":[1,0,7]},"faces":{"north":{"uv":[9.25,0,10.1875,0.9375],"rotation":180,"texture":"#0"},"east":{"uv":[7.25,1,8.1875,1.1875],"rotation":270,"texture":"#0"},"south":{"uv":[9.25,0,10.1875,0.9375],"texture":"#0"},"west":{"uv":[7.25,1,8.1875,1.1875],"rotation":90,"texture":"#0"},"up":{"uv":[7.25,1,8.1875,1.1875],"rotation":180,"texture":"#0"},"down":{"uv":[7.25,1,8.1875,1.1875],"texture":"#0"}}},{"from":[0.5,-9.5,16.5],"to":[15.5,5.5,19.5],"rotation":{"angle":22.5,"axis":"y","origin":[1,0,7]},"faces":{"north":{"uv":[9.25,0,10.1875,0.9375],"rotation":180,"texture":"#0"},"east":{"uv":[7.25,1,8.1875,1.1875],"rotation":270,"texture":"#0"},"south":{"uv":[9.25,0,10.1875,0.9375],"texture":"#0"},"west":{"uv":[7.25,1,8.1875,1.1875],"rotation":90,"texture":"#0"},"up":{"uv":[7.25,1,8.1875,1.1875],"rotation":180,"texture":"#0"},"down":{"uv":[7.25,1,8.1875,1.1875],"texture":"#0"}}},{"from":[-13.5,-8.5,10],"to":[-0.5,4.5,26],"rotation":{"angle":0,"axis":"y","origin":[1,0,7]},"faces":{"north":{"uv":[8.375,0,9.1875,0.8125],"rotation":180,"texture":"#0"},"east":{"uv":[7.5,0,8.3125,1],"rotation":270,"texture":"#0"},"south":{"uv":[8.375,0,9.1875,0.8125],"texture":"#0"},"west":{"uv":[7.5,0,8.3125,1],"rotation":90,"texture":"#0"},"up":{"uv":[7.5,0,8.3125,1],"rotation":180,"texture":"#0"},"down":{"uv":[7.5,0,8.3125,1],"texture":"#0"}}},{"from":[-14.5,-9.5,20.5],"to":[0.5,5.5,23.5],"rotation":{"angle":0,"axis":"y","origin":[1,0,7]},"faces":{"north":{"uv":[9.25,0,10.1875,0.9375],"rotation":180,"texture":"#0"},"east":{"uv":[7.25,1,8.1875,1.1875],"rotation":270,"texture":"#0"},"south":{"uv":[9.25,0,10.1875,0.9375],"texture":"#0"},"west":{"uv":[7.25,1,8.1875,1.1875],"rotation":90,"texture":"#0"},"up":{"uv":[7.25,1,8.1875,1.1875],"rotation":180,"texture":"#0"},"down":{"uv":[7.25,1,8.1875,1.1875],"texture":"#0"}}},{"from":[-14.5,-9.5,12.5],"to":[0.5,5.5,15.5],"rotation":{"angle":0,"axis":"y","origin":[1,0,7]},"faces":{"north":{"uv":[9.25,0,10.1875,0.9375],"rotation":180,"texture":"#0"},"east":{"uv":[7.25,1,8.1875,1.1875],"rotation":270,"texture":"#0"},"south":{"uv":[9.25,0,10.1875,0.9375],"texture":"#0"},"west":{"uv":[7.25,1,8.1875,1.1875],"rotation":90,"texture":"#0"},"up":{"uv":[7.25,1,8.1875,1.1875],"rotation":180,"texture":"#0"},"down":{"uv":[7.25,1,8.1875,1.1875],"texture":"#0"}}},{"from":[-14,-9,13],"to":[0,5,23],"rotation":{"angle":0,"axis":"y","origin":[1,0,7]},"faces":{"north":{"uv":[8.375,0,9.25,0.875],"rotation":180,"texture":"#0"},"east":{"uv":[8.375,0.875,9.25,1.5],"rotation":270,"texture":"#0"},"south":{"uv":[8.375,0,9.25,0.875],"texture":"#0"},"west":{"uv":[8.375,0.875,9.25,1.5],"rotation":90,"texture":"#0"},"up":{"uv":[8.375,0.875,9.25,1.5],"rotation":180,"texture":"#0"},"down":{"uv":[8.375,0.875,9.25,1.5],"texture":"#0"}}},{"from":[-5.5,5.5,11.5],"to":[7.5,21.5,24.5],"rotation":{"angle":-22.5,"axis":"y","origin":[1,22,18]},"faces":{"north":{"uv":[7.5,0,8.3125,1],"rotation":180,"texture":"#0"},"east":{"uv":[7.5,0,8.3125,1],"rotation":180,"texture":"#0"},"south":{"uv":[7.5,0,8.3125,1],"rotation":180,"texture":"#0"},"west":{"uv":[7.5,0,8.3125,1],"rotation":180,"texture":"#0"},"up":{"uv":[8.375,0,9.1875,0.8125],"texture":"#0"},"down":{"uv":[8.375,0,9.1875,0.8125],"texture":"#0"}}},{"from":[8,-12.5,20],"to":[32,-9.5,22],"rotation":{"angle":0,"axis":"y","origin":[6,0,20]},"faces":{"north":{"uv":[5.5,2.5625,7,2.75],"texture":"#0"},"east":{"uv":[1.9375,5.5625,2.0625,5.75],"texture":"#0"},"south":{"uv":[5.5,2.5625,7,2.75],"texture":"#0"},"west":{"uv":[1.9375,5.5625,2.0625,5.75],"texture":"#0"},"up":{"uv":[7,2.875,5.5,2.75],"texture":"#0"},"down":{"uv":[7,2.875,5.5,2.75],"texture":"#0"}}},{"from":[-14.1,-12.9,-2],"to":[-11.9,-9.4,20],"rotation":{"angle":0,"axis":"y","origin":[13,-16,19]},"faces":{"north":{"uv":[6.03125,2.375,6.16875,2.59375],"texture":"#0"},"east":{"uv":[6.03125,2.375,7.40625,2.59375],"texture":"#0"},"south":{"uv":[6.03125,2.375,6.16875,2.59375],"texture":"#0"},"west":{"uv":[6.03125,2.375,7.40625,2.59375],"texture":"#0"},"up":{"uv":[7.40625,2.575,6.03125,2.4375],"rotation":270,"texture":"#0"},"down":{"uv":[7.40625,2.575,6.03125,2.4375],"rotation":270,"texture":"#0"}}},{"from":[27.9,-12.9,-2],"to":[30.1,-9.4,20],"rotation":{"angle":0,"axis":"y","origin":[3,-16,19]},"faces":{"north":{"uv":[6.16875,2.375,6.03125,2.59375],"texture":"#0"},"east":{"uv":[7.40625,2.375,6.03125,2.59375],"texture":"#0"},"south":{"uv":[6.16875,2.375,6.03125,2.59375],"texture":"#0"},"west":{"uv":[7.40625,2.375,6.03125,2.59375],"texture":"#0"},"up":{"uv":[7.40625,2.4375,6.03125,2.575],"rotation":270,"texture":"#0"},"down":{"uv":[7.40625,2.4375,6.03125,2.575],"rotation":270,"texture":"#0"}}},{"from":[28,-16,21.4],"to":[30,-10,24.4],"rotation":{"angle":-22.5,"axis":"x","origin":[29,-16,23]},"faces":{"north":{"uv":[8.25,1.375,8.375,1],"texture":"#0"},"east":{"uv":[7,1.40625,6.625,1.59375],"rotation":270,"texture":"#0"},"south":{"uv":[8.25,1,8.375,1.375],"texture":"#0"},"west":{"uv":[7,1.40625,6.625,1.59375],"rotation":270,"texture":"#0"},"up":{"uv":[7.375,0.8125,7.25,1],"texture":"#0"},"down":{"uv":[7.375,0.8125,7.25,1],"texture":"#0"}}},{"from":[8,-12.5,-4],"to":[32,-9.5,-2],"rotation":{"angle":0,"axis":"y","origin":[6,0,8]},"faces":{"north":{"uv":[5.5,2.5625,7,2.75],"texture":"#0"},"east":{"uv":[1.9375,5.5625,2.0625,5.75],"texture":"#0"},"south":{"uv":[5.5,2.5625,7,2.75],"texture":"#0"},"west":{"uv":[1.9375,5.5625,2.0625,5.75],"texture":"#0"},"up":{"uv":[7,2.875,5.5,2.75],"texture":"#0"},"down":{"uv":[7,2.875,5.5,2.75],"texture":"#0"}}},{"from":[8,-12.5,8],"to":[32,-9.5,10],"rotation":{"angle":0,"axis":"y","origin":[6,0,10]},"faces":{"north":{"uv":[5.5,2.5625,7,2.75],"texture":"#0"},"east":{"uv":[1.9375,5.5625,2.0625,5.75],"texture":"#0"},"south":{"uv":[5.5,2.5625,7,2.75],"texture":"#0"},"west":{"uv":[1.9375,5.5625,2.0625,5.75],"texture":"#0"},"up":{"uv":[7,2.875,5.5,2.75],"texture":"#0"},"down":{"uv":[7,2.875,5.5,2.75],"texture":"#0"}}},{"from":[-16,-12.5,8],"to":[8,-9.5,10],"rotation":{"angle":0,"axis":"y","origin":[10,0,10]},"faces":{"north":{"uv":[7,2.5625,5.5,2.75],"texture":"#0"},"east":{"uv":[2.0625,5.5625,1.9375,5.75],"texture":"#0"},"south":{"uv":[7,2.5625,5.5,2.75],"texture":"#0"},"west":{"uv":[2.0625,5.5625,1.9375,5.75],"texture":"#0"},"up":{"uv":[5.5,2.875,7,2.75],"texture":"#0"},"down":{"uv":[5.5,2.875,7,2.75],"texture":"#0"}}},{"from":[-16,-12.5,-4],"to":[8,-9.5,-2],"rotation":{"angle":0,"axis":"y","origin":[10,0,8]},"faces":{"north":{"uv":[7,2.5625,5.5,2.75],"texture":"#0"},"east":{"uv":[2.0625,5.5625,1.9375,5.75],"texture":"#0"},"south":{"uv":[7,2.5625,5.5,2.75],"texture":"#0"},"west":{"uv":[2.0625,5.5625,1.9375,5.75],"texture":"#0"},"up":{"uv":[5.5,2.875,7,2.75],"texture":"#0"},"down":{"uv":[5.5,2.875,7,2.75],"texture":"#0"}}},{"from":[-16,-12.5,20],"to":[8,-9.5,22],"rotation":{"angle":0,"axis":"y","origin":[10,0,20]},"faces":{"north":{"uv":[7,2.5625,5.5,2.75],"texture":"#0"},"east":{"uv":[2.0625,5.5625,1.9375,5.75],"texture":"#0"},"south":{"uv":[7,2.5625,5.5,2.75],"texture":"#0"},"west":{"uv":[2.0625,5.5625,1.9375,5.75],"texture":"#0"},"up":{"uv":[5.5,2.875,7,2.75],"texture":"#0"},"down":{"uv":[5.5,2.875,7,2.75],"texture":"#0"}}},{"from":[28,-16,-6.4],"to":[30,-10,-3.4],"rotation":{"angle":22.5,"axis":"x","origin":[29,-16,-5]},"faces":{"north":{"uv":[8.375,1,8.25,1.375],"texture":"#0"},"east":{"uv":[7,1.59375,6.625,1.40625],"rotation":270,"texture":"#0"},"south":{"uv":[8.375,1.375,8.25,1],"texture":"#0"},"west":{"uv":[7,1.59375,6.625,1.40625],"rotation":270,"texture":"#0"},"up":{"uv":[7.375,1,7.25,0.8125],"texture":"#0"},"down":{"uv":[7.375,1,7.25,0.8125],"texture":"#0"}}},{"from":[-14,-16,-6.4],"to":[-12,-10,-3.4],"rotation":{"angle":22.5,"axis":"x","origin":[-13,-16,-5]},"faces":{"north":{"uv":[8.25,1,8.375,1.375],"texture":"#0"},"east":{"uv":[7,1.40625,6.625,1.59375],"rotation":270,"texture":"#0"},"south":{"uv":[8.25,1.375,8.375,1],"texture":"#0"},"west":{"uv":[7,1.40625,6.625,1.59375],"rotation":270,"texture":"#0"},"up":{"uv":[7.25,1,7.375,0.8125],"texture":"#0"},"down":{"uv":[7.25,1,7.375,0.8125],"texture":"#0"}}},{"from":[-14,-16,21.4],"to":[-12,-10,24.4],"rotation":{"angle":-22.5,"axis":"x","origin":[-13,-16,23]},"faces":{"north":{"uv":[8.375,1.375,8.25,1],"texture":"#0"},"east":{"uv":[7,1.59375,6.625,1.40625],"rotation":270,"texture":"#0"},"south":{"uv":[8.375,1,8.25,1.375],"texture":"#0"},"west":{"uv":[7,1.59375,6.625,1.40625],"rotation":270,"texture":"#0"},"up":{"uv":[7.25,0.8125,7.375,1],"texture":"#0"},"down":{"uv":[7.25,0.8125,7.375,1],"texture":"#0"}}},{"from":[7,-16,-6.4],"to":[9,-10,-3.4],"rotation":{"angle":22.5,"axis":"x","origin":[8,-16,-5]},"faces":{"north":{"uv":[8.25,1,8.375,1.375],"texture":"#0"},"east":{"uv":[7,1.40625,6.625,1.59375],"rotation":270,"texture":"#0"},"south":{"uv":[8.25,1.375,8.375,1],"texture":"#0"},"west":{"uv":[7,1.40625,6.625,1.59375],"rotation":270,"texture":"#0"},"up":{"uv":[7.25,1,7.375,0.8125],"texture":"#0"},"down":{"uv":[7.25,1,7.375,0.8125],"texture":"#0"}}},{"from":[6.9,-12.9,-2],"to":[9.1,-9.4,20],"rotation":{"angle":0,"axis":"y","origin":[34,-16,19]},"faces":{"north":{"uv":[6.03125,2.375,6.16875,2.59375],"texture":"#0"},"east":{"uv":[6.03125,2.375,7.40625,2.59375],"texture":"#0"},"south":{"uv":[6.03125,2.375,6.16875,2.59375],"texture":"#0"},"west":{"uv":[6.03125,2.375,7.40625,2.59375],"texture":"#0"},"up":{"uv":[7.40625,2.575,6.03125,2.4375],"rotation":270,"texture":"#0"},"down":{"uv":[7.40625,2.575,6.03125,2.4375],"rotation":270,"texture":"#0"}}},{"from":[7,-16,21.4],"to":[9,-10,24.4],"rotation":{"angle":-22.5,"axis":"x","origin":[8,-16,23]},"faces":{"north":{"uv":[8.375,1.375,8.25,1],"texture":"#0"},"east":{"uv":[7,1.59375,6.625,1.40625],"rotation":270,"texture":"#0"},"south":{"uv":[8.375,1,8.25,1.375],"texture":"#0"},"west":{"uv":[7,1.59375,6.625,1.40625],"rotation":270,"texture":"#0"},"up":{"uv":[7.25,0.8125,7.375,1],"texture":"#0"},"down":{"uv":[7.25,0.8125,7.375,1],"texture":"#0"}}},{"from":[-6.5,8,10.5],"to":[8.5,11,25.5],"rotation":{"angle":-22.5,"axis":"y","origin":[1,22,18]},"faces":{"north":{"uv":[7.25,1,8.1875,1.1875],"rotation":180,"texture":"#0"},"east":{"uv":[7.25,1,8.1875,1.1875],"rotation":180,"texture":"#0"},"south":{"uv":[7.25,1,8.1875,1.1875],"rotation":180,"texture":"#0"},"west":{"uv":[7.25,1,8.1875,1.1875],"rotation":180,"texture":"#0"},"up":{"uv":[9.25,0,10.1875,0.9375],"texture":"#0"},"down":{"uv":[9.25,0,10.1875,0.9375],"texture":"#0"}}},{"from":[-6.5,16,10.5],"to":[8.5,19,25.5],"rotation":{"angle":-22.5,"axis":"y","origin":[1,22,18]},"faces":{"north":{"uv":[7.25,1,8.1875,1.1875],"rotation":180,"texture":"#0"},"east":{"uv":[7.25,1,8.1875,1.1875],"rotation":180,"texture":"#0"},"south":{"uv":[7.25,1,8.1875,1.1875],"rotation":180,"texture":"#0"},"west":{"uv":[7.25,1,8.1875,1.1875],"rotation":180,"texture":"#0"},"up":{"uv":[9.25,0,10.1875,0.9375],"texture":"#0"},"down":{"uv":[9.25,0,10.1875,0.9375],"texture":"#0"}}},{"from":[-6,8.5,11],"to":[8,18.5,25],"rotation":{"angle":-22.5,"axis":"y","origin":[1,22,18]},"faces":{"north":{"uv":[8.375,0.875,9.25,1.5],"rotation":180,"texture":"#0"},"east":{"uv":[8.375,0.875,9.25,1.5],"rotation":180,"texture":"#0"},"south":{"uv":[8.375,0.875,9.25,1.5],"rotation":180,"texture":"#0"},"west":{"uv":[8.375,0.875,9.25,1.5],"rotation":180,"texture":"#0"},"up":{"uv":[8.375,0,9.25,0.875],"texture":"#0"},"down":{"uv":[8.375,0,9.25,0.875],"texture":"#0"}}},{"from":[-13.5,-9.5,-4.5],"to":[-0.5,6.5,8.5],"rotation":{"angle":0,"axis":"y","origin":[1,0,7]},"faces":{"north":{"uv":[7.5,0,8.3125,1],"rotation":180,"texture":"#0"},"east":{"uv":[7.5,0,8.3125,1],"rotation":180,"texture":"#0"},"south":{"uv":[7.5,0,8.3125,1],"rotation":180,"texture":"#0"},"west":{"uv":[7.5,0,8.3125,1],"rotation":180,"texture":"#0"},"up":{"uv":[8.375,0,9.1875,0.8125],"texture":"#0"},"down":{"uv":[8.375,0,9.1875,0.8125],"texture":"#0"}}},{"from":[-14.5,1,-5.5],"to":[0.5,4,9.5],"rotation":{"angle":0,"axis":"y","origin":[1,0,7]},"faces":{"north":{"uv":[7.25,1,8.1875,1.1875],"rotation":180,"texture":"#0"},"east":{"uv":[7.25,1,8.1875,1.1875],"rotation":180,"texture":"#0"},"south":{"uv":[7.25,1,8.1875,1.1875],"rotation":180,"texture":"#0"},"west":{"uv":[7.25,1,8.1875,1.1875],"rotation":180,"texture":"#0"},"up":{"uv":[9.25,0,10.1875,0.9375],"texture":"#0"},"down":{"uv":[9.25,0,10.1875,0.9375],"texture":"#0"}}},{"from":[-14,-6.5,-5],"to":[0,3.5,9],"rotation":{"angle":0,"axis":"y","origin":[1,0,7]},"faces":{"north":{"uv":[8.375,0.875,9.25,1.5],"rotation":180,"texture":"#0"},"east":{"uv":[8.375,0.875,9.25,1.5],"rotation":180,"texture":"#0"},"south":{"uv":[8.375,0.875,9.25,1.5],"rotation":180,"texture":"#0"},"west":{"uv":[8.375,0.875,9.25,1.5],"rotation":180,"texture":"#0"},"up":{"uv":[8.375,0,9.25,0.875],"texture":"#0"},"down":{"uv":[8.375,0,9.25,0.875],"texture":"#0"}}},{"from":[-14.5,-7,-5.5],"to":[0.5,-4,9.5],"rotation":{"angle":0,"axis":"y","origin":[1,0,7]},"faces":{"north":{"uv":[7.25,1,8.1875,1.1875],"rotation":180,"texture":"#0"},"east":{"uv":[7.25,1,8.1875,1.1875],"rotation":180,"texture":"#0"},"south":{"uv":[7.25,1,8.1875,1.1875],"rotation":180,"texture":"#0"},"west":{"uv":[7.25,1,8.1875,1.1875],"rotation":180,"texture":"#0"},"up":{"uv":[9.25,0,10.1875,0.9375],"texture":"#0"},"down":{"uv":[9.25,0,10.1875,0.9375],"texture":"#0"}}},{"from":[2,-7.5,-2],"to":[12,0.5,8],"rotation":{"angle":0,"axis":"y","origin":[-5,0,3]},"faces":{"north":{"uv":[7.25,0.90625,6.625,1.40625],"texture":"#0"},"east":{"uv":[6.625,0.90625,7.25,1.40625],"texture":"#0"},"south":{"uv":[6.625,1.40625,7.25,0.90625],"texture":"#0"},"west":{"uv":[6.625,0.90625,7.25,1.40625],"texture":"#0"},"up":{"uv":[6.625,0.90625,7.25,1.40625],"texture":"#0"},"down":{"uv":[6.625,0.90625,7.25,1.40625],"texture":"#0"}}},{"from":[1,-9.5,-3],"to":[13,-7.5,9],"rotation":{"angle":0,"axis":"y","origin":[-5,0,3]},"faces":{"north":{"uv":[7.25,2.0625,8,2.1875],"texture":"#0"},"east":{"uv":[6.5,2.0625,7.25,2.1875],"texture":"#0"},"south":{"uv":[7.25,2.0625,8,2.1875],"texture":"#0"},"west":{"uv":[6.5,2.0625,7.25,2.1875],"texture":"#0"},"up":{"uv":[6.5,0,7.25,0.75],"texture":"#0"},"down":{"uv":[6.5,0,7.25,0.75],"texture":"#0"}}},{"from":[1,-7.5,7],"to":[3,0.5,9],"rotation":{"angle":0,"axis":"y","origin":[11,0,19]},"faces":{"north":{"uv":[7.25,0,7.375,0.5],"texture":"#0"},"east":{"uv":[7.375,0,7.5,0.5],"texture":"#0"},"south":{"uv":[7.25,0,7.375,0.5],"texture":"#0"},"west":{"uv":[7.375,0,7.5,0.5],"texture":"#0"},"up":{"uv":[6.625,0.875,6.5,0.75],"texture":"#0"},"down":{"uv":[6.625,0.875,6.5,0.75],"texture":"#0"}}},{"from":[1,0.5,-3],"to":[13,2.5,9],"rotation":{"angle":0,"axis":"y","origin":[-5,16,3]},"faces":{"north":{"uv":[7.25,2.1875,8,2.0625],"texture":"#0"},"east":{"uv":[6.5,2.1875,7.25,2.0625],"texture":"#0"},"south":{"uv":[7.25,2.1875,8,2.0625],"texture":"#0"},"west":{"uv":[6.5,2.1875,7.25,2.0625],"texture":"#0"},"up":{"uv":[6.5,0.75,7.25,0],"texture":"#0"},"down":{"uv":[6.5,0.75,7.25,0],"texture":"#0"}}},{"from":[1,-7.5,-3],"to":[3,0.5,-1],"rotation":{"angle":0,"axis":"y","origin":[11,0,3]},"faces":{"north":{"uv":[7.375,0,7.25,0.5],"texture":"#0"},"east":{"uv":[7.5,0,7.375,0.5],"texture":"#0"},"south":{"uv":[7.375,0,7.25,0.5],"texture":"#0"},"west":{"uv":[7.5,0,7.375,0.5],"texture":"#0"},"up":{"uv":[6.625,0.75,6.5,0.875],"texture":"#0"},"down":{"uv":[6.625,0.75,6.5,0.875],"texture":"#0"}}},{"from":[11,-7.5,-3],"to":[13,0.5,-1],"rotation":{"angle":0,"axis":"y","origin":[-5,0,3]},"faces":{"north":{"uv":[7.25,0,7.375,0.5],"texture":"#0"},"east":{"uv":[7.375,0,7.5,0.5],"texture":"#0"},"south":{"uv":[7.25,0,7.375,0.5],"texture":"#0"},"west":{"uv":[7.375,0,7.5,0.5],"texture":"#0"},"up":{"uv":[6.5,0.75,6.625,0.875],"texture":"#0"},"down":{"uv":[6.5,0.75,6.625,0.875],"texture":"#0"}}},{"from":[11,-7.5,7],"to":[13,0.5,9],"rotation":{"angle":0,"axis":"y","origin":[-5,0,19]},"faces":{"north":{"uv":[7.375,0,7.25,0.5],"texture":"#0"},"east":{"uv":[7.5,0,7.375,0.5],"texture":"#0"},"south":{"uv":[7.375,0,7.25,0.5],"texture":"#0"},"west":{"uv":[7.5,0,7.375,0.5],"texture":"#0"},"up":{"uv":[6.5,0.875,6.625,0.75],"texture":"#0"},"down":{"uv":[6.5,0.875,6.625,0.75],"texture":"#0"}}},{"from":[18,-7.5,-1],"to":[28,0.5,9],"rotation":{"angle":-22.5,"axis":"y","origin":[22,0,3]},"faces":{"north":{"uv":[7.25,0.90625,6.625,1.40625],"texture":"#0"},"east":{"uv":[6.625,0.90625,7.25,1.40625],"texture":"#0"},"south":{"uv":[6.625,1.40625,7.25,0.90625],"texture":"#0"},"west":{"uv":[6.625,0.90625,7.25,1.40625],"texture":"#0"},"up":{"uv":[6.625,0.90625,7.25,1.40625],"texture":"#0"},"down":{"uv":[6.625,0.90625,7.25,1.40625],"texture":"#0"}}},{"from":[17,-9.5,-2],"to":[29,-7.5,10],"rotation":{"angle":-22.5,"axis":"y","origin":[22,0,3]},"faces":{"north":{"uv":[7.25,2.0625,8,2.1875],"texture":"#0"},"east":{"uv":[6.5,2.0625,7.25,2.1875],"texture":"#0"},"south":{"uv":[7.25,2.0625,8,2.1875],"texture":"#0"},"west":{"uv":[6.5,2.0625,7.25,2.1875],"texture":"#0"},"up":{"uv":[6.5,0,7.25,0.75],"texture":"#0"},"down":{"uv":[6.5,0,7.25,0.75],"texture":"#0"}}},{"from":[17,-7.5,8],"to":[19,0.5,10],"rotation":{"angle":-22.5,"axis":"y","origin":[22,0,3]},"faces":{"north":{"uv":[7.25,0,7.375,0.5],"texture":"#0"},"east":{"uv":[7.375,0,7.5,0.5],"texture":"#0"},"south":{"uv":[7.25,0,7.375,0.5],"texture":"#0"},"west":{"uv":[7.375,0,7.5,0.5],"texture":"#0"},"up":{"uv":[6.625,0.875,6.5,0.75],"texture":"#0"},"down":{"uv":[6.625,0.875,6.5,0.75],"texture":"#0"}}},{"from":[17,0.5,-2],"to":[29,2.5,10],"rotation":{"angle":-22.5,"axis":"y","origin":[22,0,3]},"faces":{"north":{"uv":[7.25,2.1875,8,2.0625],"texture":"#0"},"east":{"uv":[6.5,2.1875,7.25,2.0625],"texture":"#0"},"south":{"uv":[7.25,2.1875,8,2.0625],"texture":"#0"},"west":{"uv":[6.5,2.1875,7.25,2.0625],"texture":"#0"},"up":{"uv":[6.5,0.75,7.25,0],"texture":"#0"},"down":{"uv":[6.5,0.75,7.25,0],"texture":"#0"}}},{"from":[17,-7.5,-2],"to":[19,0.5,0],"rotation":{"angle":-22.5,"axis":"y","origin":[22,0,3]},"faces":{"north":{"uv":[7.375,0,7.25,0.5],"texture":"#0"},"east":{"uv":[7.5,0,7.375,0.5],"texture":"#0"},"south":{"uv":[7.375,0,7.25,0.5],"texture":"#0"},"west":{"uv":[7.5,0,7.375,0.5],"texture":"#0"},"up":{"uv":[6.625,0.75,6.5,0.875],"texture":"#0"},"down":{"uv":[6.625,0.75,6.5,0.875],"texture":"#0"}}},{"from":[27,-7.5,-2],"to":[29,0.5,0],"rotation":{"angle":-22.5,"axis":"y","origin":[22,0,3]},"faces":{"north":{"uv":[7.25,0,7.375,0.5],"texture":"#0"},"east":{"uv":[7.375,0,7.5,0.5],"texture":"#0"},"south":{"uv":[7.25,0,7.375,0.5],"texture":"#0"},"west":{"uv":[7.375,0,7.5,0.5],"texture":"#0"},"up":{"uv":[6.5,0.75,6.625,0.875],"texture":"#0"},"down":{"uv":[6.5,0.75,6.625,0.875],"texture":"#0"}}},{"from":[27,-7.5,8],"to":[29,0.5,10],"rotation":{"angle":-22.5,"axis":"y","origin":[22,0,3]},"faces":{"north":{"uv":[7.375,0,7.25,0.5],"texture":"#0"},"east":{"uv":[7.5,0,7.375,0.5],"texture":"#0"},"south":{"uv":[7.375,0,7.25,0.5],"texture":"#0"},"west":{"uv":[7.5,0,7.375,0.5],"texture":"#0"},"up":{"uv":[6.5,0.875,6.625,0.75],"texture":"#0"},"down":{"uv":[6.5,0.875,6.625,0.75],"texture":"#0"}}},{"from":[11.4,3.4,-4],"to":[11.4,5.4,0],"rotation":{"angle":45,"axis":"y","origin":[16.5,9.8,10]},"faces":{"north":{"uv":[1.8125,5.5,1.8125,5.625],"texture":"#0"},"east":{"uv":[0.75,5.75,0.5,5.875],"texture":"#0"},"south":{"uv":[1.8125,5.5,1.8125,5.625],"texture":"#0"},"west":{"uv":[0.75,5.75,0.5,5.875],"texture":"#0"},"up":{"uv":[1.84375,5.5,1.84375,5.75],"texture":"#0"},"down":{"uv":[1.84375,5.5,1.84375,5.75],"texture":"#0"}}},{"from":[12,2.6,-7.3],"to":[20,5.6,-6.8],"rotation":{"angle":45,"axis":"y","origin":[16.5,9.8,10]},"faces":{"north":{"uv":[0.5,5.9375,1,6.125],"texture":"#0"},"east":{"uv":[1,5.9375,1.03125,6.125],"texture":"#0"},"south":{"uv":[0.5,5.9375,1,6.125],"texture":"#0"},"west":{"uv":[1,5.9375,1.03125,6.125],"texture":"#0"},"up":{"uv":[0.5,6.125,1,6.15625],"texture":"#0"},"down":{"uv":[0.5,6.125,1,6.15625],"texture":"#0"}}},{"from":[11.5,2.6,-7.3],"to":[12,5.6,4.7],"rotation":{"angle":45,"axis":"y","origin":[16.5,9.8,10]},"faces":{"north":{"uv":[2.34375,5.6875,2.3125,5.875],"texture":"#0"},"east":{"uv":[1.75,5.9375,1,6.125],"texture":"#0"},"south":{"uv":[2.34375,5.6875,2.3125,5.875],"texture":"#0"},"west":{"uv":[1.75,5.9375,1,6.125],"texture":"#0"},"up":{"uv":[2.375,5.6875,2.34375,6.4375],"texture":"#0"},"down":{"uv":[2.375,5.6875,2.34375,6.4375],"texture":"#0"}}},{"from":[12,2.6,4.2],"to":[20,5.6,4.7],"rotation":{"angle":45,"axis":"y","origin":[16.5,9.8,10]},"faces":{"north":{"uv":[1,5.9375,0.5,6.125],"texture":"#0"},"east":{"uv":[1.03125,5.9375,1,6.125],"texture":"#0"},"south":{"uv":[1,5.9375,0.5,6.125],"texture":"#0"},"west":{"uv":[1.03125,5.9375,1,6.125],"texture":"#0"},"up":{"uv":[1,6.125,0.5,6.15625],"texture":"#0"},"down":{"uv":[1,6.125,0.5,6.15625],"texture":"#0"}}},{"from":[20,2.6,-7.3],"to":[20.5,5.6,4.7],"rotation":{"angle":45,"axis":"y","origin":[16.5,9.8,10]},"faces":{"north":{"uv":[2.3125,5.6875,2.34375,5.875],"texture":"#0"},"east":{"uv":[1,5.9375,1.75,6.125],"texture":"#0"},"south":{"uv":[2.3125,5.6875,2.34375,5.875],"texture":"#0"},"west":{"uv":[1,5.9375,1.75,6.125],"texture":"#0"},"up":{"uv":[2.34375,5.6875,2.375,6.4375],"texture":"#0"},"down":{"uv":[2.34375,5.6875,2.375,6.4375],"texture":"#0"}}},{"from":[12,2.7,-6.8],"to":[20,2.7,4.2],"rotation":{"angle":45,"axis":"y","origin":[16.5,9.8,10]},"faces":{"north":{"uv":[1,5.9375,0.5,6.125],"texture":"#0"},"east":{"uv":[1.03125,5.9375,1,6.125],"texture":"#0"},"south":{"uv":[1,5.9375,0.5,6.125],"texture":"#0"},"west":{"uv":[1.03125,5.9375,1,6.125],"texture":"#0"},"up":{"uv":[1,6.15625,0.5,6.84375],"texture":"#0"},"down":{"uv":[1,6.15625,0.5,6.84375],"texture":"#0"}}},{"from":[20.5,3.4,-4],"to":[20.5,5.4,0],"rotation":{"angle":45,"axis":"y","origin":[16.5,9.8,10]},"faces":{"north":{"uv":[1.8125,5.5,1.8125,5.625],"texture":"#0"},"east":{"uv":[0.5,5.75,0.75,5.875],"texture":"#0"},"south":{"uv":[1.8125,5.5,1.8125,5.625],"texture":"#0"},"west":{"uv":[0.5,5.75,0.75,5.875],"texture":"#0"},"up":{"uv":[1.84375,5.5,1.84375,5.75],"texture":"#0"},"down":{"uv":[1.84375,5.5,1.84375,5.75],"texture":"#0"}}},{"from":[-11.6,7.4,5.89949],"to":[-11.6,9.4,9.89949],"rotation":{"angle":-22.5,"axis":"y","origin":[9.5,9.8,3]},"faces":{"north":{"uv":[1.8125,5.5,1.8125,5.625],"texture":"#0"},"east":{"uv":[0.75,5.75,0.5,5.875],"texture":"#0"},"south":{"uv":[1.8125,5.5,1.8125,5.625],"texture":"#0"},"west":{"uv":[0.75,5.75,0.5,5.875],"texture":"#0"},"up":{"uv":[1.84375,5.5,1.84375,5.75],"texture":"#0"},"down":{"uv":[1.84375,5.5,1.84375,5.75],"texture":"#0"}}},{"from":[-11,6.6,2.59949],"to":[-3,9.6,3.09949],"rotation":{"angle":-22.5,"axis":"y","origin":[9.5,9.8,3]},"faces":{"north":{"uv":[0.5,5.9375,1,6.125],"texture":"#0"},"east":{"uv":[1,5.9375,1.03125,6.125],"texture":"#0"},"south":{"uv":[0.5,5.9375,1,6.125],"texture":"#0"},"west":{"uv":[1,5.9375,1.03125,6.125],"texture":"#0"},"up":{"uv":[0.5,6.125,1,6.15625],"texture":"#0"},"down":{"uv":[0.5,6.125,1,6.15625],"texture":"#0"}}},{"from":[-11.5,6.6,2.59949],"to":[-11,9.6,14.59949],"rotation":{"angle":-22.5,"axis":"y","origin":[9.5,9.8,3]},"faces":{"north":{"uv":[2.34375,5.6875,2.3125,5.875],"texture":"#0"},"east":{"uv":[1.75,5.9375,1,6.125],"texture":"#0"},"south":{"uv":[2.34375,5.6875,2.3125,5.875],"texture":"#0"},"west":{"uv":[1.75,5.9375,1,6.125],"texture":"#0"},"up":{"uv":[2.375,5.6875,2.34375,6.4375],"texture":"#0"},"down":{"uv":[2.375,5.6875,2.34375,6.4375],"texture":"#0"}}},{"from":[-11,6.6,14.09949],"to":[-3,9.6,14.59949],"rotation":{"angle":-22.5,"axis":"y","origin":[9.5,9.8,3]},"faces":{"north":{"uv":[1,5.9375,0.5,6.125],"texture":"#0"},"east":{"uv":[1.03125,5.9375,1,6.125],"texture":"#0"},"south":{"uv":[1,5.9375,0.5,6.125],"texture":"#0"},"west":{"uv":[1.03125,5.9375,1,6.125],"texture":"#0"},"up":{"uv":[1,6.125,0.5,6.15625],"texture":"#0"},"down":{"uv":[1,6.125,0.5,6.15625],"texture":"#0"}}},{"from":[-3,6.6,2.59949],"to":[-2.5,9.6,14.59949],"rotation":{"angle":-22.5,"axis":"y","origin":[9.5,9.8,3]},"faces":{"north":{"uv":[2.3125,5.6875,2.34375,5.875],"texture":"#0"},"east":{"uv":[1,5.9375,1.75,6.125],"texture":"#0"},"south":{"uv":[2.3125,5.6875,2.34375,5.875],"texture":"#0"},"west":{"uv":[1,5.9375,1.75,6.125],"texture":"#0"},"up":{"uv":[2.34375,5.6875,2.375,6.4375],"texture":"#0"},"down":{"uv":[2.34375,5.6875,2.375,6.4375],"texture":"#0"}}},{"from":[-11,6.7,3.09949],"to":[-3,6.7,14.09949],"rotation":{"angle":-22.5,"axis":"y","origin":[9.5,9.8,3]},"faces":{"north":{"uv":[1,5.9375,0.5,6.125],"texture":"#0"},"east":{"uv":[1.03125,5.9375,1,6.125],"texture":"#0"},"south":{"uv":[1,5.9375,0.5,6.125],"texture":"#0"},"west":{"uv":[1.03125,5.9375,1,6.125],"texture":"#0"},"up":{"uv":[1,6.15625,0.5,6.84375],"texture":"#0"},"down":{"uv":[1,6.15625,0.5,6.84375],"texture":"#0"}}},{"from":[-2.5,7.4,5.89949],"to":[-2.5,9.4,9.89949],"rotation":{"angle":-22.5,"axis":"y","origin":[9.5,9.8,3]},"faces":{"north":{"uv":[1.8125,5.5,1.8125,5.625],"texture":"#0"},"east":{"uv":[0.5,5.75,0.75,5.875],"texture":"#0"},"south":{"uv":[1.8125,5.5,1.8125,5.625],"texture":"#0"},"west":{"uv":[0.5,5.75,0.75,5.875],"texture":"#0"},"up":{"uv":[1.84375,5.5,1.84375,5.75],"texture":"#0"},"down":{"uv":[1.84375,5.5,1.84375,5.75],"texture":"#0"}}},{"from":[11,7,14.7],"to":[17,11,20.7],"rotation":{"angle":0,"axis":"y","origin":[1,0,16]},"faces":{"north":{"uv":[3.25,8.375,3.625,8.625],"texture":"#0"},"east":{"uv":[3.25,8.375,3.625,8.625],"texture":"#0"},"south":{"uv":[3.25,8.375,3.625,8.625],"texture":"#0"},"west":{"uv":[3.25,8.375,3.625,8.625],"texture":"#0"},"up":{"uv":[3.625,8.625,3.25,9],"texture":"#0"},"down":{"uv":[3.625,9,3.25,9.375],"texture":"#0"}}},{"from":[11,11,14.7],"to":[17,12,15.7],"rotation":{"angle":0,"axis":"y","origin":[1,0,0]},"faces":{"north":{"uv":[3.25,8.28125,3.625,8.34375],"texture":"#0"},"east":{"uv":[3.25,8.28125,3.3125,8.34375],"texture":"#0"},"south":{"uv":[3.25,8.28125,3.625,8.34375],"texture":"#0"},"west":{"uv":[3.25,8.28125,3.3125,8.34375],"texture":"#0"},"up":{"uv":[3.625,8.6875,3.25,8.625],"texture":"#0"},"down":{"uv":[3.625,9.0625,3.25,9],"texture":"#0"}}},{"from":[11,11,19.7],"to":[17,12,20.7],"rotation":{"angle":0,"axis":"y","origin":[1,0,16]},"faces":{"north":{"uv":[3.625,8.28125,3.25,8.34375],"texture":"#0"},"east":{"uv":[3.3125,8.28125,3.25,8.34375],"texture":"#0"},"south":{"uv":[3.625,8.28125,3.25,8.34375],"texture":"#0"},"west":{"uv":[3.3125,8.28125,3.25,8.34375],"texture":"#0"},"up":{"uv":[3.625,8.625,3.25,8.6875],"texture":"#0"},"down":{"uv":[3.625,9,3.25,9.0625],"texture":"#0"}}},{"from":[11,11,15.7],"to":[12,12,19.7],"rotation":{"angle":0,"axis":"y","origin":[1,0,0]},"faces":{"north":{"uv":[3.25,8.375,3.3125,8.4375],"texture":"#0"},"east":{"uv":[3.53125,8.375,3.28125,8.4375],"texture":"#0"},"south":{"uv":[3.3125,8.375,3.25,8.4375],"texture":"#0"},"west":{"uv":[3.53125,8.375,3.28125,8.4375],"texture":"#0"},"up":{"uv":[3.3125,8.875,3.25,8.625],"texture":"#0"},"down":{"uv":[3.3125,9.25,3.25,9],"texture":"#0"}}},{"from":[12,5,15.7],"to":[16,7,19.7],"rotation":{"angle":0,"axis":"y","origin":[1,0,16]},"faces":{"north":{"uv":[2.75,8.5625,3,8.6875],"texture":"#0"},"east":{"uv":[3,8.6875,2.75,8.8125],"texture":"#0"},"south":{"uv":[2.75,8.5625,3,8.6875],"texture":"#0"},"west":{"uv":[3,8.6875,2.75,8.8125],"texture":"#0"},"up":{"uv":[3.25,8.5625,3,8.8125],"texture":"#0"},"down":{"uv":[3.25,8.5625,3,8.8125],"texture":"#0"}}},{"from":[16,11,15.7],"to":[17,12,19.7],"rotation":{"angle":0,"axis":"y","origin":[1,0,0]},"faces":{"north":{"uv":[3.25,8.375,3.3125,8.4375],"texture":"#0"},"east":{"uv":[3.53125,8.375,3.28125,8.4375],"texture":"#0"},"south":{"uv":[3.3125,8.375,3.25,8.4375],"texture":"#0"},"west":{"uv":[3.53125,8.375,3.28125,8.4375],"texture":"#0"},"up":{"uv":[3.3125,8.875,3.25,8.625],"texture":"#0"},"down":{"uv":[3.3125,9.25,3.25,9],"texture":"#0"}}}],"gui_light":"front","display":{"thirdperson_righthand":{"rotation":[67.5,0,0],"translation":[0,2.5,1.5],"scale":[0.16016,0.16016,0.16016]},"thirdperson_lefthand":{"rotation":[67.5,0,0],"translation":[0,2.5,1.5],"scale":[0.16016,0.16016,0.16016]},"firstperson_righthand":{"rotation":[0,45,0],"scale":[0.4,0.4,0.4]},"firstperson_lefthand":{"rotation":[0,45,0],"scale":[0.4,0.4,0.4]},"ground":{"translation":[0,3,0],"scale":[0.21094,0.21094,0.21094]},"gui":{"rotation":[30,225,0],"translation":[0.25,1.5,0],"scale":[0.26914,0.26914,0.26914]},"head":{"translation":[0.25,-6.39,-2.5],"scale":[0,0,0]},"fixed":{"rotation":[-90,-2,0],"translation":[0,16,-49.25],"scale":[2,2,2]}}}