{"texture_size":[256,256],"textures":{"0":"custom/furniture/medieval_market/medievalmarket","particle":"custom/furniture/medieval_market/medievalmarket"},"elements":[{"from":[24,-16,5],"to":[30,22,11],"faces":{"north":{"uv":[0.375,7.78125,0,10.15625],"texture":"#0"},"east":{"uv":[0.375,7.78125,0,10.15625],"texture":"#0"},"south":{"uv":[0.375,7.78125,0,10.15625],"texture":"#0"},"west":{"uv":[0.375,7.78125,0,10.15625],"texture":"#0"},"up":{"uv":[0.75,8.15625,0.375,7.78125],"texture":"#0"},"down":{"uv":[0.75,8.15625,0.375,7.78125],"texture":"#0"}}},{"from":[-14,-16,5],"to":[-8,22,11],"rotation":{"angle":0,"axis":"y","origin":[16,0,0]},"faces":{"north":{"uv":[0,7.78125,0.375,10.15625],"texture":"#0"},"east":{"uv":[0,7.78125,0.375,10.15625],"texture":"#0"},"south":{"uv":[0,7.78125,0.375,10.15625],"texture":"#0"},"west":{"uv":[0,7.78125,0.375,10.15625],"texture":"#0"},"up":{"uv":[0.375,8.15625,0.75,7.78125],"texture":"#0"},"down":{"uv":[0.375,8.15625,0.75,7.78125],"texture":"#0"}}},{"from":[20,5,4.3],"to":[28,18,5.3],"faces":{"north":{"uv":[12.75,0,13.25,0.8125],"texture":"#0"},"east":{"uv":[13.25,0,13.3125,0.8125],"texture":"#0"},"south":{"uv":[12.75,0,13.25,0.8125],"texture":"#0"},"west":{"uv":[13.3125,0,13.25,0.8125],"texture":"#0"},"up":{"uv":[12.75,0.8125,13.25,0.875],"texture":"#0"},"down":{"uv":[12.75,0.8125,13.25,0.875],"texture":"#0"}}},{"from":[20,18,4.8],"to":[28,20,4.8],"faces":{"north":{"uv":[12.75,0.875,13.25,1],"texture":"#0"},"east":{"uv":[13.25,0,13.25,0.125],"texture":"#0"},"south":{"uv":[12.75,0.875,13.25,1],"texture":"#0"},"west":{"uv":[13.25,0,13.25,0.125],"texture":"#0"},"up":{"uv":[12.75,0.8125,13.25,0.8125],"texture":"#0"},"down":{"uv":[12.75,0.8125,13.25,0.8125],"texture":"#0"}}},{"from":[-16,20,4],"to":[32,28,12],"faces":{"north":{"uv":[10.875,1.375,13.875,1.875],"texture":"#0"},"east":{"uv":[13.875,1.375,14.375,1.875],"texture":"#0"},"south":{"uv":[10.875,1.375,13.875,1.875],"texture":"#0"},"west":{"uv":[13.875,1.375,14.375,1.875],"texture":"#0"},"up":{"uv":[10.875,1.375,13.875,1.875],"texture":"#0"},"down":{"uv":[10.875,1.375,13.875,1.875],"texture":"#0"}}},{"from":[-15,28,8],"to":[-8,32,8],"faces":{"north":{"uv":[9.25,1.125,9.6875,1.375],"texture":"#0"},"east":{"uv":[13.875,1.375,13.875,1.625],"texture":"#0"},"south":{"uv":[9.6875,1.125,9.25,1.375],"texture":"#0"},"west":{"uv":[13.875,1.375,13.875,1.625],"texture":"#0"},"up":{"uv":[10.875,1.375,11.3125,1.375],"texture":"#0"},"down":{"uv":[10.875,1.375,11.3125,1.375],"texture":"#0"}}},{"from":[26.5,28,7],"to":[30,29.5,9],"rotation":{"angle":0,"axis":"y","origin":[17,-1,0]},"faces":{"north":{"uv":[1.33125,7.41875,1.55,7.5125],"texture":"#0"},"east":{"uv":[1.55,7.41875,1.675,7.5125],"texture":"#0"},"south":{"uv":[1.33125,7.41875,1.55,7.5125],"texture":"#0"},"west":{"uv":[1.55,7.41875,1.675,7.5125],"texture":"#0"},"up":{"uv":[1.8,7.5125,1.675,7.29375],"rotation":90,"texture":"#0"},"down":{"uv":[1.8,7.5125,1.675,7.29375],"rotation":90,"texture":"#0"}}},{"from":[29,28,7.5],"to":[30,30.5,8.5],"rotation":{"angle":22.5,"axis":"z","origin":[29,29,9]},"faces":{"north":{"uv":[1.8125,7.375,1.875,7.53125],"texture":"#0"},"east":{"uv":[1.875,7.375,1.9375,7.53125],"texture":"#0"},"south":{"uv":[1.8125,7.375,1.875,7.53125],"texture":"#0"},"west":{"uv":[1.875,7.375,1.9375,7.53125],"texture":"#0"},"up":{"uv":[1.84375,7.375,1.78125,7.3125],"rotation":270,"texture":"#0"},"down":{"uv":[1.84375,7.375,1.78125,7.3125],"rotation":270,"texture":"#0"}}},{"from":[28.4,30.4,7.4],"to":[29.9,31.9,8.6],"rotation":{"angle":0,"axis":"y","origin":[17,-1,0]},"faces":{"north":{"uv":[1.4375,7.3125,1.53125,7.40625],"texture":"#0"},"east":{"uv":[1.54063,7.21875,1.61563,7.3125],"texture":"#0"},"south":{"uv":[1.53125,7.3125,1.4375,7.40625],"texture":"#0"},"west":{"uv":[1.54063,7.21875,1.61563,7.3125],"texture":"#0"},"up":{"uv":[1.48125,7.3125,1.40625,7.21875],"rotation":90,"texture":"#0"},"down":{"uv":[1.48125,7.3125,1.40625,7.21875],"rotation":90,"texture":"#0"}}},{"from":[29.9,30.4,7.5],"to":[30.9,30.9,8.5],"rotation":{"angle":0,"axis":"y","origin":[17,-1,0]},"faces":{"north":{"uv":[1.8125,7.15625,1.875,7.1875],"texture":"#0"},"east":{"uv":[1.8125,7.1875,1.875,7.21875],"texture":"#0"},"south":{"uv":[1.8125,7.15625,1.875,7.1875],"texture":"#0"},"west":{"uv":[1.8125,7.1875,1.875,7.21875],"texture":"#0"},"up":{"uv":[1.875,7.15625,1.8125,7.09375],"rotation":90,"texture":"#0"},"down":{"uv":[1.875,7.15625,1.8125,7.09375],"rotation":90,"texture":"#0"}}},{"from":[-5,27.5,3],"to":[23,30.5,4],"faces":{"north":{"uv":[0,7.53125,1.75,7.71875],"texture":"#0"},"east":{"uv":[2.21875,6.28125,2.28125,6.46875],"texture":"#0"},"south":{"uv":[0,7.53125,1.75,7.71875],"texture":"#0"},"west":{"uv":[2.21875,6.28125,2.28125,6.46875],"texture":"#0"},"up":{"uv":[0,7.71875,1.75,7.78125],"texture":"#0"},"down":{"uv":[0,7.71875,1.75,7.78125],"texture":"#0"}}},{"from":[-8,24.5,3],"to":[20,27.5,4],"faces":{"north":{"uv":[0,7.53125,1.75,7.71875],"texture":"#0"},"east":{"uv":[2.21875,6.28125,2.28125,6.46875],"texture":"#0"},"south":{"uv":[0,7.53125,1.75,7.71875],"texture":"#0"},"west":{"uv":[2.21875,6.28125,2.28125,6.46875],"texture":"#0"},"up":{"uv":[0,7.71875,1.75,7.78125],"texture":"#0"},"down":{"uv":[0,7.71875,1.75,7.78125],"texture":"#0"}}},{"from":[-3,21.5,3],"to":[25,24.5,4],"faces":{"north":{"uv":[0,7.53125,1.75,7.71875],"texture":"#0"},"east":{"uv":[2.21875,6.28125,2.28125,6.46875],"texture":"#0"},"south":{"uv":[0,7.53125,1.75,7.71875],"texture":"#0"},"west":{"uv":[2.21875,6.28125,2.28125,6.46875],"texture":"#0"},"up":{"uv":[0,7.71875,1.75,7.78125],"texture":"#0"},"down":{"uv":[0,7.71875,1.75,7.78125],"texture":"#0"}}},{"from":[-6,18.5,3],"to":[22,21.5,4],"faces":{"north":{"uv":[0,7.53125,1.75,7.71875],"texture":"#0"},"east":{"uv":[2.21875,6.28125,2.28125,6.46875],"texture":"#0"},"south":{"uv":[0,7.53125,1.75,7.71875],"texture":"#0"},"west":{"uv":[2.21875,6.28125,2.28125,6.46875],"texture":"#0"},"up":{"uv":[0,7.71875,1.75,7.78125],"texture":"#0"},"down":{"uv":[0,7.71875,1.75,7.78125],"texture":"#0"}}},{"from":[-5.5,20,2.8],"to":[21.5,31,2.8],"faces":{"north":{"uv":[8.46875,3.5,10.15625,4.1875],"texture":"#0"},"east":{"uv":[8.46875,3.46875,8.46875,4.21875],"texture":"#0"},"south":{"uv":[10.15625,3.5,8.46875,4.1875],"texture":"#0"},"west":{"uv":[8.46875,3.46875,8.46875,4.21875],"texture":"#0"},"up":{"uv":[8.46875,3.46875,10.15625,3.46875],"texture":"#0"},"down":{"uv":[8.46875,3.46875,10.15625,3.46875],"texture":"#0"}}},{"from":[-2,18.4,2.9],"to":[-1,30.6,4.1],"faces":{"north":{"uv":[9.8125,2.71875,9.875,3.48125],"texture":"#0"},"east":{"uv":[9.875,2.71875,9.95,3.48125],"texture":"#0"},"south":{"uv":[9.8125,2.71875,9.875,3.48125],"texture":"#0"},"west":{"uv":[9.875,2.71875,9.95,3.48125],"texture":"#0"},"up":{"uv":[9.8125,2.625,9.875,2.7],"texture":"#0"},"down":{"uv":[9.8125,2.625,9.875,2.7],"texture":"#0"}}},{"from":[18,18.4,2.9],"to":[19,30.6,4.1],"faces":{"north":{"uv":[9.8125,2.71875,9.875,3.48125],"texture":"#0"},"east":{"uv":[9.875,2.71875,9.95,3.48125],"texture":"#0"},"south":{"uv":[9.8125,2.71875,9.875,3.48125],"texture":"#0"},"west":{"uv":[9.875,2.71875,9.95,3.48125],"texture":"#0"},"up":{"uv":[9.8125,2.625,9.875,2.7],"texture":"#0"},"down":{"uv":[9.8125,2.625,9.875,2.7],"texture":"#0"}}}],"gui_light":"front","display":{"thirdperson_righthand":{"rotation":[67.5,0,0],"translation":[0,0,2.25],"scale":[0.1875,0.1875,0.1875]},"thirdperson_lefthand":{"rotation":[67.5,0,0],"translation":[0,0,2.25],"scale":[0.1875,0.1875,0.1875]},"firstperson_righthand":{"translation":[0.5,5.25,1.25],"scale":[0.23985,0.23985,0.23985]},"firstperson_lefthand":{"translation":[0.5,5.25,1.25],"scale":[0.23985,0.23985,0.23985]},"ground":{"translation":[0,4,0],"scale":[0.25,0.25,0.25]},"gui":{"rotation":[30,225,0],"translation":[-0.25,0.25,0],"scale":[0.24961,0.24961,0.24961]},"head":{"rotation":[0,180,0],"translation":[0,12,0],"scale":[0,0,0]},"fixed":{"rotation":[-90,0,0],"translation":[0,0,-52.75],"scale":[2.2,2.2,2.2]}}}