{"texture_size":[256,256],"textures":{"0":"custom/furniture/medieval_market/medievalmarket","particle":"custom/furniture/medieval_market/medievalmarket"},"elements":[{"from":[12,-16,6],"to":[16,16,10],"rotation":{"angle":0,"axis":"y","origin":[-2,0,13]},"faces":{"north":{"uv":[0.25,4.6875,0,6.6875],"texture":"#0"},"east":{"uv":[0.25,4.6875,0.5,6.6875],"texture":"#0"},"south":{"uv":[0.25,4.6875,0,6.6875],"texture":"#0"},"west":{"uv":[0.25,4.6875,0.5,6.6875],"texture":"#0"},"up":{"uv":[1.4375,5.8125,1.1875,5.5625],"texture":"#0"},"down":{"uv":[1.4375,5.8125,1.1875,5.5625],"texture":"#0"}}},{"from":[-14,-16,6],"to":[-10,16,10],"rotation":{"angle":0,"axis":"y","origin":[14,0,13]},"faces":{"north":{"uv":[0,4.6875,0.25,6.6875],"texture":"#0"},"east":{"uv":[0.5,4.6875,0.25,6.6875],"texture":"#0"},"south":{"uv":[0,4.6875,0.25,6.6875],"texture":"#0"},"west":{"uv":[0.5,4.6875,0.25,6.6875],"texture":"#0"},"up":{"uv":[1.1875,5.8125,1.4375,5.5625],"texture":"#0"},"down":{"uv":[1.1875,5.8125,1.4375,5.5625],"texture":"#0"}}},{"from":[-16,16,6],"to":[18,20,10],"rotation":{"angle":0,"axis":"y","origin":[-2,0,13]},"faces":{"north":{"uv":[4.125,5,6.5,5.25],"texture":"#0"},"east":{"uv":[1.4375,5.5625,1.6875,5.8125],"texture":"#0"},"south":{"uv":[4.125,5,6.5,5.25],"texture":"#0"},"west":{"uv":[1.4375,5.5625,1.6875,5.8125],"texture":"#0"},"up":{"uv":[4.125,5,6.5,5.25],"texture":"#0"},"down":{"uv":[4.125,5,6.5,5.25],"texture":"#0"}}},{"from":[-15,-10,7],"to":[17,-7,9],"rotation":{"angle":0,"axis":"y","origin":[-2,0,13]},"faces":{"north":{"uv":[5.5,2.375,7.5,2.5625],"texture":"#0"},"east":{"uv":[1.9375,5.5625,2.0625,5.75],"texture":"#0"},"south":{"uv":[5.5,2.375,7.5,2.5625],"texture":"#0"},"west":{"uv":[1.9375,5.5625,2.0625,5.75],"texture":"#0"},"up":{"uv":[8,2.875,5.5,2.75],"texture":"#0"},"down":{"uv":[8,2.875,5.5,2.75],"texture":"#0"}}},{"from":[-13,-11.5,8],"to":[-11,-8.5,29],"rotation":{"angle":22.5,"axis":"x","origin":[-2,0,13]},"faces":{"north":{"uv":[2.0625,5.6875,2.1875,5.875],"texture":"#0"},"east":{"uv":[5.5,2.5625,6.8125,2.75],"texture":"#0"},"south":{"uv":[2.0625,5.6875,2.1875,5.875],"texture":"#0"},"west":{"uv":[5.5,2.5625,6.8125,2.75],"texture":"#0"},"up":{"uv":[2.75,5,2.625,6.3125],"texture":"#0"},"down":{"uv":[2.75,5,2.625,6.3125],"texture":"#0"}}},{"from":[13,-11.5,8],"to":[15,-8.5,29],"rotation":{"angle":22.5,"axis":"x","origin":[14,0,13]},"faces":{"north":{"uv":[2.1875,5.6875,2.0625,5.875],"texture":"#0"},"east":{"uv":[6.8125,2.5625,5.5,2.75],"texture":"#0"},"south":{"uv":[2.1875,5.6875,2.0625,5.875],"texture":"#0"},"west":{"uv":[6.8125,2.5625,5.5,2.75],"texture":"#0"},"up":{"uv":[2.625,5,2.75,6.3125],"texture":"#0"},"down":{"uv":[2.625,5,2.75,6.3125],"texture":"#0"}}},{"from":[-16,-3,4],"to":[18,0,15],"rotation":{"angle":0,"axis":"y","origin":[-2,0,13]},"faces":{"north":{"uv":[5.5,2.1875,8.375,2.375],"texture":"#0"},"east":{"uv":[0.5,5.5625,1.1875,5.75],"texture":"#0"},"south":{"uv":[5.5,2.1875,8.375,2.375],"texture":"#0"},"west":{"uv":[0.5,5.5625,1.1875,5.75],"texture":"#0"},"up":{"uv":[6,0.9375,3.875,1.625],"texture":"#0"},"down":{"uv":[6,1.625,3.875,0.9375],"texture":"#0"}}},{"from":[-8,12,8],"to":[-7,16,10],"rotation":{"angle":22.5,"axis":"x","origin":[16,0,0]},"faces":{"north":{"uv":[8.125,2.625,8.1875,2.375],"rotation":180,"texture":"#0"},"east":{"uv":[8.125,2.375,8,2.625],"texture":"#0"},"south":{"uv":[8.125,2.625,8.1875,2.375],"rotation":180,"texture":"#0"},"west":{"uv":[8.125,2.375,8,2.625],"texture":"#0"},"up":{"uv":[8,2.5625,7.875,2.625],"rotation":270,"texture":"#0"},"down":{"uv":[8,2.5625,7.875,2.625],"rotation":90,"texture":"#0"}}},{"from":[-7.5,5,8],"to":[-7.5,12,11],"rotation":{"angle":22.5,"axis":"x","origin":[16,0,0]},"faces":{"north":{"uv":[1.9375,7.15625,1.9375,6.71875],"rotation":180,"texture":"#0"},"east":{"uv":[1.875,6.375,2.0625,6.8125],"texture":"#0"},"south":{"uv":[1.9375,7.15625,1.9375,6.71875],"rotation":180,"texture":"#0"},"west":{"uv":[2.0625,6.375,1.875,6.8125],"texture":"#0"},"up":{"uv":[2.125,6.71875,1.9375,6.71875],"rotation":270,"texture":"#0"},"down":{"uv":[2.125,6.71875,1.9375,6.71875],"rotation":90,"texture":"#0"}}},{"from":[-16,-3,0.5],"to":[18,0,4],"rotation":{"angle":0,"axis":"y","origin":[-2,0,13]},"faces":{"north":{"uv":[5.5,2.1875,7.625,2.375],"texture":"#0"},"east":{"uv":[1.0625,5.5625,0.84375,5.75],"texture":"#0"},"south":{"uv":[5.5,2.1875,7.625,2.375],"texture":"#0"},"west":{"uv":[1.0625,5.5625,0.84375,5.75],"texture":"#0"},"up":{"uv":[6,1.625,3.875,1.40625],"texture":"#0"},"down":{"uv":[6,1.15625,3.875,0.9375],"texture":"#0"}}},{"from":[-16,10.7,2.6],"to":[18,16.7,2.6],"rotation":{"angle":0,"axis":"y","origin":[24,15.7,-2.5]},"faces":{"north":{"uv":[0.46875,2.9375,2.59375,3.3125],"texture":"#0"},"south":{"uv":[2.59375,2.9375,0.46875,3.3125],"texture":"#0"}}},{"from":[-16,22.42929,1.40503],"to":[18,22.42929,6.40503],"rotation":{"angle":-22.5,"axis":"x","origin":[22,22.5,16.4]},"faces":{"up":{"uv":[2.90625,2.5,5.03125,2.1875],"texture":"#0"},"down":{"uv":[2.90625,2.5,5.03125,2.1875],"texture":"#0"}}},{"from":[-16,16.4,11.4],"to":[18,21.4,11.4],"rotation":{"angle":-22.5,"axis":"x","origin":[24,15.7,17.5]},"faces":{"north":{"uv":[2.625,3,0.5,3.3125],"texture":"#0"},"south":{"uv":[2.625,3,0.5,3.3125],"texture":"#0"}}},{"from":[-15.9,9.22929,0.50503],"to":[-15.9,16.22929,8.00503],"rotation":{"angle":-22.5,"axis":"x","origin":[-11,21.5,0.4]},"faces":{"east":{"uv":[2.375,4.6875,1.90625,5.125],"texture":"#0"},"west":{"uv":[2.375,4.6875,1.90625,5.125],"texture":"#0"}}},{"from":[17.9,9.22929,0.50503],"to":[17.9,16.22929,8.00503],"rotation":{"angle":-22.5,"axis":"x","origin":[27,21.5,0.4]},"faces":{"east":{"uv":[1.90625,4.6875,2.375,5.125],"texture":"#0"},"west":{"uv":[1.90625,4.6875,2.375,5.125],"texture":"#0"}}},{"from":[4,1.5,7.6],"to":[6.5,3.5,9.1],"rotation":{"angle":0,"axis":"y","origin":[10.4,16.3,12]},"faces":{"north":{"uv":[1.15625,7.21875,1.28125,7.0625],"rotation":270,"texture":"#0"},"east":{"uv":[1.28125,7.3125,1.40625,7.21875],"rotation":270,"texture":"#0"},"south":{"uv":[1.15625,7.0625,1.28125,7.21875],"rotation":270,"texture":"#0"},"west":{"uv":[1.3125,7.40625,1.4375,7.3125],"rotation":90,"texture":"#0"},"up":{"uv":[1.125,7.3125,1.28125,7.21875],"rotation":180,"texture":"#0"},"down":{"uv":[1.125,7.3125,1.28125,7.21875],"texture":"#0"}}},{"from":[13.5,0.4,7.7],"to":[15.5,1.9,10.2],"rotation":{"angle":22.5,"axis":"y","origin":[-4.3,5.3,16.6]},"faces":{"north":{"uv":[1.375,6.9375,1.25,7.03125],"texture":"#0"},"east":{"uv":[1.15625,7.09375,1,7.1875],"texture":"#0"},"south":{"uv":[1.125,6.84375,1,6.9375],"texture":"#0"},"west":{"uv":[1.15625,7.09375,1,7.1875],"texture":"#0"},"up":{"uv":[1.125,6.9375,1,7.09375],"texture":"#0"},"down":{"uv":[1.125,6.9375,1,7.09375],"texture":"#0"}}},{"from":[8.7,0.16566,7.42067],"to":[13.7,2.16566,10.42067],"rotation":{"angle":22.5,"axis":"y","origin":[-4.3,5.3,16.6]},"faces":{"north":{"uv":[1.3125,7.3125,1,7.4375],"texture":"#0"},"east":{"uv":[1.5,6.53125,1.3125,6.65625],"texture":"#0"},"south":{"uv":[1.3125,6.71875,1,6.84375],"texture":"#0"},"west":{"uv":[1.5,6.53125,1.3125,6.65625],"texture":"#0"},"up":{"uv":[1.3125,6.53125,1,6.71875],"texture":"#0"},"down":{"uv":[1.3125,6.53125,1,6.71875],"texture":"#0"}}},{"from":[3.8,3.3,7.3],"to":[6.8,8.3,9.3],"rotation":{"angle":0,"axis":"y","origin":[10.4,16.3,12]},"faces":{"north":{"uv":[1.5625,6.84375,1.875,6.65625],"rotation":270,"texture":"#0"},"east":{"uv":[1.6875,7.09375,2,6.96875],"rotation":270,"texture":"#0"},"south":{"uv":[1.5625,6.65625,1.875,6.84375],"rotation":270,"texture":"#0"},"west":{"uv":[1.5625,6.96875,1.875,6.84375],"rotation":90,"texture":"#0"},"up":{"uv":[2.0625,6.9375,1.875,6.8125],"rotation":180,"texture":"#0"},"down":{"uv":[2.0625,6.9375,1.875,6.8125],"texture":"#0"}}},{"from":[4.3,7.3,8],"to":[6.3,9.3,8.9],"rotation":{"angle":0,"axis":"y","origin":[10.4,15.8,12.4]},"faces":{"north":{"uv":[1.5625,7.09375,1.6875,6.96875],"rotation":270,"texture":"#0"},"east":{"uv":[1.8125,7.15,1.6875,7.09375],"rotation":270,"texture":"#0"},"south":{"uv":[1.5625,7.09375,1.6875,6.96875],"rotation":270,"texture":"#0"},"west":{"uv":[1.5625,7.15,1.6875,7.09375],"rotation":90,"texture":"#0"},"up":{"uv":[1.5625,7.2125,1.6875,7.15625],"rotation":180,"texture":"#0"},"down":{"uv":[1.5625,7.2125,1.6875,7.15625],"texture":"#0"}}},{"from":[7.2,0.7,7.9],"to":[9.2,1.6,9.9],"rotation":{"angle":22.5,"axis":"y","origin":[-4.3,5.3,16.6]},"faces":{"north":{"uv":[1.125,7.1875,1,7.24375],"texture":"#0"},"east":{"uv":[1.125,7.25,1,7.30625],"texture":"#0"},"south":{"uv":[1.125,7.1875,1,7.24375],"texture":"#0"},"west":{"uv":[1.125,7.25,1,7.30625],"texture":"#0"},"up":{"uv":[1.25,6.9375,1.125,7.0625],"texture":"#0"},"down":{"uv":[1.25,6.9375,1.125,7.0625],"texture":"#0"}}},{"from":[5.2,1.16566,6.82067],"to":[8.2,1.16566,10.82067],"rotation":{"angle":22.5,"axis":"y","origin":[-4.3,5.3,16.6]},"faces":{"north":{"uv":[1.0625,6.84375,1,6.9375],"texture":"#0"},"east":{"uv":[1.21875,6.84375,1.0625,6.9375],"texture":"#0"},"south":{"uv":[1.0625,6.84375,1,6.9375],"texture":"#0"},"west":{"uv":[1.21875,6.84375,1.0625,6.9375],"texture":"#0"},"up":{"uv":[1.5,6.65625,1.3125,6.90625],"texture":"#0"},"down":{"uv":[1.5,6.65625,1.3125,6.90625],"texture":"#0"}}},{"from":[3.3,8.3,8.4],"to":[7.3,11.3,8.4],"rotation":{"angle":0,"axis":"y","origin":[10.4,15.8,12.4]},"faces":{"north":{"uv":[1.375,7.15625,1.5625,6.90625],"rotation":270,"texture":"#0"},"east":{"uv":[1,6.9375,1.0625,6.84375],"rotation":270,"texture":"#0"},"south":{"uv":[1.375,7.15625,1.5625,6.90625],"rotation":270,"texture":"#0"},"west":{"uv":[1,6.9375,1.0625,6.84375],"rotation":90,"texture":"#0"},"up":{"uv":[1.0625,6.9375,1.21875,6.84375],"rotation":180,"texture":"#0"},"down":{"uv":[1.0625,6.9375,1.21875,6.84375],"texture":"#0"}}},{"from":[4.8,10.3,8.4],"to":[5.8,18.3,8.4],"rotation":{"angle":0,"axis":"y","origin":[10.4,15.8,12.4]},"faces":{"north":{"uv":[2.75,6.6875,3.25,6.625],"rotation":270,"texture":"#0"},"east":{"uv":[1,6.84375,1.5,6.84375],"rotation":270,"texture":"#0"},"south":{"uv":[2.75,6.6875,3.25,6.625],"rotation":270,"texture":"#0"},"west":{"uv":[1,6.84375,1.5,6.84375],"rotation":90,"texture":"#0"},"up":{"uv":[1.0625,6.84375,1.125,6.84375],"rotation":180,"texture":"#0"},"down":{"uv":[1.0625,6.84375,1.125,6.84375],"texture":"#0"}}},{"from":[9.4,11.7,7.5],"to":[10.4,19.7,7.5],"rotation":{"angle":0,"axis":"y","origin":[10.4,15.8,12.4]},"faces":{"north":{"uv":[2.75,6.6875,3.25,6.625],"rotation":270,"texture":"#0"},"east":{"uv":[1,6.84375,1.5,6.84375],"rotation":270,"texture":"#0"},"south":{"uv":[2.75,6.6875,3.25,6.625],"rotation":270,"texture":"#0"},"west":{"uv":[1,6.84375,1.5,6.84375],"rotation":90,"texture":"#0"},"up":{"uv":[1.0625,6.84375,1.125,6.84375],"rotation":180,"texture":"#0"},"down":{"uv":[1.0625,6.84375,1.125,6.84375],"texture":"#0"}}},{"from":[-7.6,14.7,7.5],"to":[-6.6,17.7,7.5],"rotation":{"angle":0,"axis":"y","origin":[10.4,15.8,12.4]},"faces":{"north":{"uv":[2.75,6.6875,2.9375,6.625],"rotation":270,"texture":"#0"},"east":{"uv":[1,6.84375,1.5,6.84375],"rotation":270,"texture":"#0"},"south":{"uv":[2.75,6.6875,2.9375,6.625],"rotation":270,"texture":"#0"},"west":{"uv":[1,6.84375,1.5,6.84375],"rotation":90,"texture":"#0"},"up":{"uv":[1.0625,6.84375,1.125,6.84375],"rotation":180,"texture":"#0"},"down":{"uv":[1.0625,6.84375,1.125,6.84375],"texture":"#0"}}},{"from":[-9.12067,12.8,7.46566],"to":[-5.12067,15.8,7.46566],"rotation":{"angle":0,"axis":"y","origin":[-4.3,5.3,16.6]},"faces":{"north":{"uv":[1.5,6.65625,1.3125,6.90625],"rotation":90,"texture":"#0"},"east":{"uv":[1.0625,6.84375,1,6.9375],"rotation":270,"texture":"#0"},"south":{"uv":[1.5,6.90625,1.3125,6.65625],"rotation":90,"texture":"#0"},"west":{"uv":[1.0625,6.84375,1,6.9375],"rotation":90,"texture":"#0"},"up":{"uv":[1.21875,6.84375,1.0625,6.9375],"rotation":180,"texture":"#0"},"down":{"uv":[1.21875,6.84375,1.0625,6.9375],"texture":"#0"}}},{"from":[-8.2,11.8,7],"to":[-6.2,13.8,7.9],"rotation":{"angle":0,"axis":"y","origin":[-4.3,5.3,16.6]},"faces":{"north":{"uv":[1.25,6.9375,1.125,7.0625],"rotation":90,"texture":"#0"},"east":{"uv":[1.125,7.1875,1,7.24375],"rotation":270,"texture":"#0"},"south":{"uv":[1.25,7.0625,1.125,6.9375],"rotation":90,"texture":"#0"},"west":{"uv":[1.125,7.1875,1,7.24375],"rotation":90,"texture":"#0"},"up":{"uv":[1.125,7.25,1,7.30625],"rotation":180,"texture":"#0"},"down":{"uv":[1.125,7.25,1,7.30625],"texture":"#0"}}},{"from":[-8.72067,7.3,6.46566],"to":[-5.72067,12.3,8.46566],"rotation":{"angle":0,"axis":"y","origin":[-4.3,5.3,16.6]},"faces":{"north":{"uv":[1.3125,6.53125,1,6.71875],"rotation":90,"texture":"#0"},"east":{"uv":[1.3125,6.71875,1,6.84375],"rotation":270,"texture":"#0"},"south":{"uv":[1.3125,6.71875,1,6.53125],"rotation":90,"texture":"#0"},"west":{"uv":[1.3125,7.3125,1,7.4375],"rotation":90,"texture":"#0"},"up":{"uv":[1.5,6.53125,1.3125,6.65625],"rotation":180,"texture":"#0"},"down":{"uv":[1.5,6.53125,1.3125,6.65625],"texture":"#0"}}},{"from":[-8.5,5.5,6.7],"to":[-6,7.5,8.2],"rotation":{"angle":0,"axis":"y","origin":[-4.3,5.3,16.6]},"faces":{"north":{"uv":[1.125,6.9375,1,7.09375],"rotation":90,"texture":"#0"},"east":{"uv":[1.125,6.84375,1,6.9375],"rotation":270,"texture":"#0"},"south":{"uv":[1.125,7.09375,1,6.9375],"rotation":90,"texture":"#0"},"west":{"uv":[1.375,6.9375,1.25,7.03125],"rotation":90,"texture":"#0"},"up":{"uv":[1.15625,7.09375,1,7.1875],"rotation":180,"texture":"#0"},"down":{"uv":[1.15625,7.09375,1,7.1875],"texture":"#0"}}},{"from":[7.87933,9.8,7.46566],"to":[11.87933,12.8,7.46566],"rotation":{"angle":0,"axis":"y","origin":[-4.3,5.3,16.6]},"faces":{"north":{"uv":[1.5,6.65625,1.3125,6.90625],"rotation":90,"texture":"#0"},"east":{"uv":[1.0625,6.84375,1,6.9375],"rotation":270,"texture":"#0"},"south":{"uv":[1.5,6.65625,1.3125,6.90625],"rotation":90,"texture":"#0"},"west":{"uv":[1.0625,6.84375,1,6.9375],"rotation":90,"texture":"#0"},"up":{"uv":[1.21875,6.84375,1.0625,6.9375],"rotation":180,"texture":"#0"},"down":{"uv":[1.21875,6.84375,1.0625,6.9375],"texture":"#0"}}},{"from":[8.8,8.8,7],"to":[10.8,10.8,7.9],"rotation":{"angle":0,"axis":"y","origin":[-4.3,5.3,16.6]},"faces":{"north":{"uv":[1.25,6.9375,1.125,7.0625],"rotation":90,"texture":"#0"},"east":{"uv":[1.125,7.1875,1,7.24375],"rotation":270,"texture":"#0"},"south":{"uv":[1.25,6.9375,1.125,7.0625],"rotation":90,"texture":"#0"},"west":{"uv":[1.125,7.1875,1,7.24375],"rotation":90,"texture":"#0"},"up":{"uv":[1.125,7.25,1,7.30625],"rotation":180,"texture":"#0"},"down":{"uv":[1.125,7.25,1,7.30625],"texture":"#0"}}},{"from":[8.27933,4.3,6.46566],"to":[11.27933,9.3,8.46566],"rotation":{"angle":0,"axis":"y","origin":[-4.3,5.3,16.6]},"faces":{"north":{"uv":[1.3125,6.53125,1,6.71875],"rotation":90,"texture":"#0"},"east":{"uv":[1.3125,6.71875,1,6.84375],"rotation":270,"texture":"#0"},"south":{"uv":[1.3125,6.71875,1,6.53125],"rotation":90,"texture":"#0"},"west":{"uv":[1.3125,7.3125,1,7.4375],"rotation":90,"texture":"#0"},"up":{"uv":[1.5,6.53125,1.3125,6.65625],"rotation":180,"texture":"#0"},"down":{"uv":[1.5,6.53125,1.3125,6.65625],"texture":"#0"}}},{"from":[8.5,2.5,6.7],"to":[11,4.5,8.2],"rotation":{"angle":0,"axis":"y","origin":[-4.3,5.3,16.6]},"faces":{"north":{"uv":[1.125,6.9375,1,7.09375],"rotation":90,"texture":"#0"},"east":{"uv":[1.125,6.84375,1,6.9375],"rotation":270,"texture":"#0"},"south":{"uv":[1.125,7.09375,1,6.9375],"rotation":90,"texture":"#0"},"west":{"uv":[1.375,6.9375,1.25,7.03125],"rotation":90,"texture":"#0"},"up":{"uv":[1.15625,7.09375,1,7.1875],"rotation":180,"texture":"#0"},"down":{"uv":[1.15625,7.09375,1,7.1875],"texture":"#0"}}},{"from":[-1.5,-1.2,8.8],"to":[0.5,0.3,11.3],"rotation":{"angle":-22.5,"axis":"z","origin":[5.3,-0.3,4]},"faces":{"north":{"uv":[1.28125,7.21875,1.40625,7.3125],"texture":"#0"},"east":{"uv":[1.125,7.21875,1.28125,7.3125],"texture":"#0"},"south":{"uv":[1.3125,7.3125,1.4375,7.40625],"texture":"#0"},"west":{"uv":[1.125,7.21875,1.28125,7.3125],"texture":"#0"},"up":{"uv":[1.28125,7.21875,1.15625,7.0625],"texture":"#0"},"down":{"uv":[1.28125,7.0625,1.15625,7.21875],"texture":"#0"}}},{"from":[-5.7,1.1,8.5],"to":[-0.7,3.1,11.5],"rotation":{"angle":0,"axis":"y","origin":[5.3,-0.3,4]},"faces":{"north":{"uv":[1.6875,6.96875,2,7.09375],"texture":"#0"},"east":{"uv":[2.0625,6.8125,1.875,6.9375],"texture":"#0"},"south":{"uv":[1.5625,6.84375,1.875,6.96875],"texture":"#0"},"west":{"uv":[1.875,6.8125,2.0625,6.9375],"texture":"#0"},"up":{"uv":[1.875,6.84375,1.5625,6.65625],"texture":"#0"},"down":{"uv":[1.875,6.65625,1.5625,6.84375],"texture":"#0"}}},{"from":[-5.7,5.5,9],"to":[-3.7,6.4,11],"rotation":{"angle":22.5,"axis":"z","origin":[5.8,-0.7,4]},"faces":{"north":{"uv":[1.8125,7.09375,1.6875,7.15],"texture":"#0"},"east":{"uv":[1.5625,7.15625,1.6875,7.2125],"texture":"#0"},"south":{"uv":[1.5625,7.09375,1.6875,7.15],"texture":"#0"},"west":{"uv":[1.5625,7.15625,1.6875,7.2125],"texture":"#0"},"up":{"uv":[1.6875,7.09375,1.5625,6.96875],"texture":"#0"},"down":{"uv":[1.6875,6.96875,1.5625,7.09375],"texture":"#0"}}},{"from":[-9.7,1.1,8],"to":[-6.7,1.1,12],"rotation":{"angle":0,"axis":"y","origin":[5.8,-0.7,4]},"faces":{"north":{"uv":[1,6.84375,1.0625,6.9375],"texture":"#0"},"east":{"uv":[1.0625,6.84375,1.21875,6.9375],"texture":"#0"},"south":{"uv":[1,6.84375,1.0625,6.9375],"texture":"#0"},"west":{"uv":[1.0625,6.84375,1.21875,6.9375],"texture":"#0"},"up":{"uv":[1.5625,7.15625,1.375,6.90625],"texture":"#0"},"down":{"uv":[1.5625,6.90625,1.375,7.15625],"texture":"#0"}}},{"from":[-9,0,6],"to":[1,1,13],"faces":{"north":{"uv":[6.0625,3.6875,6.6875,3.75],"texture":"#0"},"east":{"uv":[6.0625,3.75,6.5,3.8125],"texture":"#0"},"south":{"uv":[6.0625,3.6875,6.6875,3.75],"texture":"#0"},"west":{"uv":[6.0625,3.75,6.5,3.8125],"texture":"#0"},"up":{"uv":[6.0625,3.25,6.6875,3.6875],"texture":"#0"},"down":{"uv":[6.0625,3.25,6.6875,3.6875],"texture":"#0"}}}],"gui_light":"front","display":{"thirdperson_righthand":{"rotation":[67.5,0,0],"translation":[1.5,2.25,2.5],"scale":[0.25469,0.25469,0.25469]},"thirdperson_lefthand":{"rotation":[67.5,0,0],"translation":[-1.75,2.25,2.5],"scale":[0.25469,0.25469,0.25469]},"firstperson_righthand":{"rotation":[0,-29.25,0],"translation":[0,5.5,2],"scale":[0.2457,0.2457,0.2457]},"firstperson_lefthand":{"rotation":[0,-52.75,0],"translation":[-3.5,6,1.5],"scale":[0.18906,0.18906,0.18906]},"ground":{"translation":[0,8.5,0],"scale":[0.25,0.25,0.25]},"gui":{"rotation":[30,225,0],"translation":[-1.25,0.75,0],"scale":[0.31992,0.31992,0.31992]},"head":{"translation":[12.25,-2,0.75],"scale":[0,0,0]},"fixed":{"rotation":[-90,0,0],"translation":[16.5,-0.5,-52.25],"scale":[2.17445,2.17445,2.17445]}}}