{"textures":{"0":"modelengine:entity/nm_turkey_texture","particle":"#0"},"elements":[{"from":[7.5,0.25000048,7.5249996],"to":[8.5,8.25,9.525],"faces":{"east":{"uv":[9.75,2.25,10.25,4.25],"tintindex":0,"rotation":0,"texture":"#0"},"south":{"uv":[5.5,10.25,5.75,12.25],"tintindex":0,"rotation":0,"texture":"#0"},"north":{"uv":[1.5,10.25,1.75,12.25],"tintindex":0,"rotation":0,"texture":"#0"},"west":{"uv":[6.5,9.75,7.0,11.75],"tintindex":0,"rotation":0,"texture":"#0"},"up":{"uv":[2.25,8.75,2.0,8.25],"tintindex":0,"rotation":0,"texture":"#0"},"down":{"uv":[2.25,9.0,2.0,9.5],"tintindex":0,"rotation":0,"texture":"#0"}}}],"display":{"head":{"rotation":[0.0,0.0,0.0]},"firstperson_righthand":{"rotation":[0.0,0.0,0.0]},"thirdperson_lefthand":{"rotation":[0.0,-0.0,-0.0]},"firstperson_lefthand":{"rotation":[0.0,-0.0,-0.0]},"fixed":{"rotation":[0.0,0.0,0.0]},"ground":{"rotation":[0.0,0.0,0.0]},"thirdperson_righthand":{"rotation":[0.0,0.0,0.0]},"gui":{"rotation":[-150.0,-45.0,180.0]}}}