{"textures":{"0":"modelengine:entity/nm_turkey_texture","particle":"#0"},"elements":[{"from":[6.5,8.0,6.0],"to":[9.5,15.0,8.0],"faces":{"east":{"uv":[7.25,9.75,7.75,11.5],"tintindex":0,"rotation":0,"texture":"#0"},"south":{"uv":[9.5,9.25,10.25,11.0],"tintindex":0,"rotation":0,"texture":"#0"},"north":{"uv":[9.5,7.25,10.25,9.0],"tintindex":0,"rotation":0,"texture":"#0"},"west":{"uv":[8.0,9.75,8.5,11.5],"tintindex":0,"rotation":0,"texture":"#0"},"up":{"uv":[11.25,7.5,10.5,7.0],"tintindex":0,"rotation":0,"texture":"#0"},"down":{"uv":[11.25,7.75,10.5,8.25],"tintindex":0,"rotation":0,"texture":"#0"}}}],"display":{"head":{"rotation":[0.0,0.0,0.0]},"firstperson_righthand":{"rotation":[0.0,0.0,0.0]},"thirdperson_lefthand":{"rotation":[0.0,-0.0,-0.0]},"firstperson_lefthand":{"rotation":[0.0,-0.0,-0.0]},"fixed":{"rotation":[0.0,0.0,0.0]},"ground":{"rotation":[0.0,0.0,0.0]},"thirdperson_righthand":{"rotation":[0.0,0.0,0.0]},"gui":{"rotation":[-150.0,-45.0,180.0]}}}