{"textures":{"0":"modelengine:entity/nm_turkey_texture","particle":"#0"},"elements":[{"from":[6.5,4.25,5.0005],"to":[9.5,4.25,8.0005],"faces":{"up":{"uv":[11.0,1.75,10.25,1.0],"tintindex":0,"rotation":0,"texture":"#0"},"down":{"uv":[11.0,1.0,10.25,1.75],"tintindex":0,"rotation":0,"texture":"#0"}}},{"from":[7.0,4.25,7.9995003],"to":[9.0,8.25,7.9995003],"faces":{"south":{"uv":[11.0,2.0,10.5,3.0],"tintindex":0,"rotation":0,"texture":"#0"},"north":{"uv":[10.5,2.0,11.0,3.0],"tintindex":0,"rotation":0,"texture":"#0"}}}],"display":{"head":{"rotation":[0.0,0.0,0.0]},"firstperson_righthand":{"rotation":[0.0,0.0,0.0]},"thirdperson_lefthand":{"rotation":[0.0,-0.0,-0.0]},"firstperson_lefthand":{"rotation":[0.0,-0.0,-0.0]},"fixed":{"rotation":[0.0,0.0,0.0]},"ground":{"rotation":[0.0,0.0,0.0]},"thirdperson_righthand":{"rotation":[0.0,0.0,0.0]},"gui":{"rotation":[-150.0,-45.0,180.0]}}}