{"texture_size":[32, 32],"textures":{"0":"custom/furniture/modern/ceiling_light","particle":"custom/furniture/modern/ceiling_light"},"elements":[{"from":[-16, 0, 5],"to":[16, 1, 11],"faces":{"north":{"uv":[0, 6, 16, 6.5],"texture":"#0"},"east":{"uv":[4, 7, 7, 7.5],"texture":"#0"},"south":{"uv":[0, 6, 16, 6.5],"texture":"#0"},"west":{"uv":[4, 7, 7, 7.5],"texture":"#0"},"up":{"uv":[16, 3, 0, 0],"texture":"#0"},"down":{"uv":[16, 3, 0, 0],"texture":"#0"}}},{"from":[-14, -6, 7],"to":[-12, -2, 9],"rotation":{"angle":22.5,"axis":"x","origin":[-13, -2, 8.5]},"faces":{"north":{"uv":[3, 7, 4, 9],"texture":"#0"},"east":{"uv":[3, 7, 4, 9],"texture":"#0"},"south":{"uv":[3, 7, 4, 9],"texture":"#0"},"west":{"uv":[3, 7, 4, 9],"texture":"#0"},"up":{"uv":[5, 8.5, 4, 7.5],"texture":"#0"},"down":{"uv":[6, 7.5, 5, 8.5],"texture":"#0"}}},{"from":[-13.5, -2, 7.5],"to":[-12.5, 0, 8.5],"rotation":{"angle":0,"axis":"y","origin":[2, 0, 0]},"faces":{"north":{"uv":[7, 7.5, 7.5, 8.5],"texture":"#0"},"east":{"uv":[7, 7.5, 7.5, 8.5],"texture":"#0"},"south":{"uv":[7, 7.5, 7.5, 8.5],"texture":"#0"},"west":{"uv":[7, 7.5, 7.5, 8.5],"texture":"#0"},"up":{"uv":[8.5, 8, 8, 7.5],"texture":"#0"},"down":{"uv":[8.5, 8, 8, 8.5],"texture":"#0"}}},{"from":[12, -6, 7],"to":[14, -2, 9],"rotation":{"angle":22.5,"axis":"x","origin":[13, -2, 8.5]},"faces":{"north":{"uv":[4, 7, 3, 9],"texture":"#0"},"east":{"uv":[4, 7, 3, 9],"texture":"#0"},"south":{"uv":[4, 7, 3, 9],"texture":"#0"},"west":{"uv":[4, 7, 3, 9],"texture":"#0"},"up":{"uv":[4, 8.5, 5, 7.5],"texture":"#0"},"down":{"uv":[5, 7.5, 6, 8.5],"texture":"#0"}}},{"from":[12.5, -2, 7.5],"to":[13.5, 0, 8.5],"rotation":{"angle":0,"axis":"y","origin":[-2, 0, 0]},"faces":{"north":{"uv":[7.5, 7.5, 7, 8.5],"texture":"#0"},"east":{"uv":[7.5, 7.5, 7, 8.5],"texture":"#0"},"south":{"uv":[7.5, 7.5, 7, 8.5],"texture":"#0"},"west":{"uv":[7.5, 7.5, 7, 8.5],"texture":"#0"},"up":{"uv":[8, 8, 8.5, 7.5],"texture":"#0"},"down":{"uv":[8, 8, 8.5, 8.5],"texture":"#0"}}},{"from":[-1, -6, 7],"to":[1, -2, 9],"rotation":{"angle":22.5,"axis":"x","origin":[0, -2, 8.5]},"faces":{"north":{"uv":[4, 7, 3, 9],"texture":"#0"},"east":{"uv":[4, 7, 3, 9],"texture":"#0"},"south":{"uv":[4, 7, 3, 9],"texture":"#0"},"west":{"uv":[4, 7, 3, 9],"texture":"#0"},"up":{"uv":[4, 8.5, 5, 7.5],"texture":"#0"},"down":{"uv":[5, 7.5, 6, 8.5],"texture":"#0"}}},{"from":[-0.5, -2, 7.5],"to":[0.5, 0, 8.5],"rotation":{"angle":0,"axis":"y","origin":[-15, 0, 0]},"faces":{"north":{"uv":[7.5, 7.5, 7, 8.5],"texture":"#0"},"east":{"uv":[7.5, 7.5, 7, 8.5],"texture":"#0"},"south":{"uv":[7.5, 7.5, 7, 8.5],"texture":"#0"},"west":{"uv":[7.5, 7.5, 7, 8.5],"texture":"#0"},"up":{"uv":[8, 8, 8.5, 7.5],"texture":"#0"},"down":{"uv":[8, 8, 8.5, 8.5],"texture":"#0"}}}],"gui_light":"front","display":{"thirdperson_righthand":{"rotation":[116, 0, 0],"translation":[2, -0.25, 3],"scale":[0.21, 0.21, 0.21]},"thirdperson_lefthand":{"rotation":[116, 0, 0],"translation":[-1.75, -0.25, 3],"scale":[0.21, 0.21, 0.21]},"firstperson_righthand":{"rotation":[78.25, 0, 0],"translation":[4.75, -0.5, 0],"scale":[0.36531, 0.36531, 0.36531]},"firstperson_lefthand":{"rotation":[78.25, 0, 0],"translation":[-0.75, -0.5, 0],"scale":[0.36531, 0.36531, 0.36531]},"ground":{"translation":[0, 5.75, 0],"scale":[0.23, 0.23, 0.23]},"gui":{"rotation":[30, -135, 0],"translation":[-2.75, 2, 0],"scale":[0.48, 0.48, 0.48]},"head":{"scale":[0, 0, 0]},"fixed":{"rotation":[-90, 180, 0],"translation":[-24, 0, -53.5],"scale":[3, 3, 3]}}}