{"texture_size":[128, 128],"textures":{"1":"custom/furniture/modern/modernclean_02","particle":"custom/furniture/modern/modernclean_01"},"elements":[{"from":[3, 0.5, 12],"to":[13, 7.5, 12.5],"rotation":{"angle":0,"axis":"y","origin":[0, -0.5, 0]},"faces":{"north":{"uv":[0, 6.0625, 1.25, 6.9375],"texture":"#1"},"east":{"uv":[1.25, 5.125, 1.3125, 6],"texture":"#1"},"south":{"uv":[0, 6.9375, 1.25, 7.8125],"texture":"#1"},"west":{"uv":[1.25, 5.125, 1.3125, 6],"texture":"#1"},"up":{"uv":[1.25, 7.8125, 0, 7.875],"texture":"#1"},"down":{"uv":[1.25, 7.8125, 0, 7.875],"texture":"#1"}}},{"from":[3, 0, 5],"to":[13, 0.5, 12],"rotation":{"angle":0,"axis":"y","origin":[0, -0.5, 0]},"faces":{"north":{"uv":[0, 6, 1.25, 6.0625],"texture":"#1"},"east":{"uv":[4.5625, 4.25, 3.6875, 4.3125],"texture":"#1"},"south":{"uv":[0, 6, 1.25, 6.0625],"texture":"#1"},"west":{"uv":[3.6875, 4.25, 4.5625, 4.3125],"texture":"#1"},"up":{"uv":[1.25, 5.125, 0, 6],"texture":"#1"},"down":{"uv":[1.25, 5.125, 0, 6],"texture":"#1"}}}],"gui_light":"front","display":{"thirdperson_righthand":{"rotation":[67.5, 0, 0],"translation":[0.25, 3.75, 2.5],"scale":[0.6, 0.6, 0.6]},"thirdperson_lefthand":{"rotation":[67.5, 0, 0],"translation":[0.25, 3.75, 2.5],"scale":[0.6, 0.6, 0.6]},"firstperson_righthand":{"translation":[0, 6.75, -0.5],"scale":[0.67328, 0.67328, 0.67328]},"firstperson_lefthand":{"translation":[0, 6.75, -0.5],"scale":[0.67328, 0.67328, 0.67328]},"ground":{"translation":[0, 6, 0],"scale":[0.67, 0.67, 0.67]},"gui":{"rotation":[30, -135, 0],"translation":[0.75, 3.75, 0],"scale":[1.14328, 1.14328, 1.14328]},"head":{"rotation":[0, 180, 0],"translation":[-27, -30.5, -26.75],"scale":[0, 0, 0]},"fixed":{"rotation":[-90, 0, 0],"translation":[0, -2.5, -24.75],"scale":[3.1, 3.1, 3.1]}}}