{"texture_size":[128, 128],"textures":{"0":"custom/furniture/modern/wardrobe","particle":"custom/furniture/modern/wardrobe"},"elements":[{"from":[0, 0, 2],"to":[16, 32, 16],"faces":{"north":{"uv":[0, 0, 2, 4],"texture":"#0"},"east":{"uv":[5.5, 4, 3.75, 8],"texture":"#0"},"south":{"uv":[2, 0, 4, 4],"texture":"#0"},"west":{"uv":[3.75, 4, 5.5, 8],"texture":"#0"},"up":{"uv":[7.5, 5.625, 5.5, 3.875],"texture":"#0"},"down":{"uv":[7.5, 5.625, 5.5, 7.375],"texture":"#0"}}},{"from":[0, 1, 1],"to":[16, 32, 2],"faces":{"north":{"uv":[5.5, 7.375, 7.5, 11.25],"texture":"#0"},"east":{"uv":[2, 4, 2.125, 7.875],"texture":"#0"},"south":{"uv":[7.5, 0.25, 9.5, 4.125],"texture":"#0"},"west":{"uv":[2.125, 4, 2.25, 7.875],"texture":"#0"},"up":{"uv":[9.5, 4.25, 7.5, 4.125],"texture":"#0"},"down":{"uv":[9.5, 4.25, 7.5, 4.375],"texture":"#0"}}},{"from":[8.25, 4, 0.5],"to":[8.75, 14, 1],"faces":{"north":{"uv":[6.5, 0.25, 6.5625, 1.5],"texture":"#0"},"east":{"uv":[6.625, 1.5, 6.6875, 2.75],"texture":"#0"},"south":{"uv":[6.375, 0.25, 6.4375, 1.5],"texture":"#0"},"west":{"uv":[6.625, 1.5, 6.6875, 2.75],"texture":"#0"},"up":{"uv":[6.3125, 2.8125, 6.25, 2.75],"texture":"#0"},"down":{"uv":[6.3125, 2.875, 6.25, 2.9375],"texture":"#0"}}},{"from":[7.25, 4, 0.5],"to":[7.75, 14, 1],"faces":{"north":{"uv":[6.5, 0.25, 6.5625, 1.5],"texture":"#0"},"east":{"uv":[6.625, 1.5, 6.6875, 2.75],"texture":"#0"},"south":{"uv":[6.625, 0.25, 6.6875, 1.5],"texture":"#0"},"west":{"uv":[6.625, 1.5, 6.6875, 2.75],"texture":"#0"},"up":{"uv":[6.3125, 3.0625, 6.25, 3],"texture":"#0"},"down":{"uv":[6.3125, 3.125, 6.25, 3.1875],"texture":"#0"}}},{"from":[0, 0, 1],"to":[1, 1, 2],"faces":{"north":{"uv":[4, 3.875, 4.125, 4],"texture":"#0"},"east":{"uv":[4.125, 3.875, 4.25, 4],"texture":"#0"},"south":{"uv":[4.25, 3.875, 4.375, 4],"texture":"#0"},"west":{"uv":[4.375, 3.875, 4.5, 4],"texture":"#0"},"up":{"uv":[4.625, 4, 4.5, 3.875],"texture":"#0"},"down":{"uv":[4.75, 3.875, 4.625, 4],"texture":"#0"}}},{"from":[15, 0, 1],"to":[16, 1, 2],"faces":{"north":{"uv":[4.75, 3.875, 4.875, 4],"texture":"#0"},"east":{"uv":[4.875, 3.875, 5, 4],"texture":"#0"},"south":{"uv":[5, 3.875, 5.125, 4],"texture":"#0"},"west":{"uv":[5.125, 3.875, 5.25, 4],"texture":"#0"},"up":{"uv":[5.375, 4, 5.25, 3.875],"texture":"#0"},"down":{"uv":[5.5, 3.875, 5.375, 4],"texture":"#0"}}}],"gui_light":"front","display":{"thirdperson_righthand":{"rotation":[68.5, 0, 0],"translation":[0, 1.25, -0.25],"scale":[0.25102, 0.25102, 0.25102]},"thirdperson_lefthand":{"rotation":[68.5, 0, 0],"translation":[0, 1.25, -0.25],"scale":[0.25102, 0.25102, 0.25102]},"firstperson_righthand":{"translation":[2, 0.25, 0],"scale":[0.34063, 0.34063, 0.34063]},"firstperson_lefthand":{"translation":[2, 0.25, 0],"scale":[0.34063, 0.34063, 0.34063]},"ground":{"translation":[0, 3.5, 0],"scale":[0.35, 0.35, 0.35]},"gui":{"rotation":[30, -135, 0],"translation":[0, -2.75, 0],"scale":[0.37, 0.37, 0.37]},"head":{"scale":[0, 0, 0]},"fixed":{"rotation":[-90, 0, 0],"translation":[0, -0.75, -15.75],"scale":[1.98578, 1.98578, 1.98578]}}}