{"textures":{"0":"modelengine:entity/rabbit_normal","particle":"#0"},"elements":[{"from":[6.2511597,7.0042896,7.39606],"to":[10.25116,12.004291,8.39606],"faces":{"east":{"uv":[11.0,1.75,10.75,3.0],"tintindex":0,"rotation":0,"texture":"#0"},"south":{"uv":[12.0,1.75,11.0,3.0],"tintindex":0,"rotation":0,"texture":"#0"},"north":{"uv":[10.75,1.75,9.75,3.0],"tintindex":0,"rotation":0,"texture":"#0"},"west":{"uv":[9.75,1.75,9.5,3.0],"tintindex":0,"rotation":0,"texture":"#0"},"up":{"uv":[9.75,1.75,10.75,1.5],"tintindex":0,"rotation":0,"texture":"#0"},"down":{"uv":[10.75,1.5,11.75,1.75],"tintindex":0,"rotation":0,"texture":"#0"}}},{"from":[6.2511597,12.004291,7.89606],"to":[10.25116,14.004291,7.89606],"faces":{"north":{"uv":[10.75,0.75,9.75,1.25],"tintindex":0,"rotation":0,"texture":"#0"}}}],"display":{"head":{"rotation":[0.0,0.0,0.0]},"firstperson_righthand":{"rotation":[0.0,0.0,0.0]},"thirdperson_lefthand":{"rotation":[0.0,-0.0,-0.0]},"firstperson_lefthand":{"rotation":[0.0,-0.0,-0.0]},"fixed":{"rotation":[0.0,0.0,0.0]},"ground":{"rotation":[0.0,0.0,0.0]},"thirdperson_righthand":{"rotation":[0.0,0.0,0.0]},"gui":{"rotation":[-150.0,-45.0,180.0]}}}