{"textures":{"0":"modelengine:entity/nm_penguin_texture","particle":"#0"},"elements":[{"from":[6.5,7.0,4.5],"to":[9.5,8.0,8.5],"faces":{"east":{"uv":[9.0,1.0,8.0,1.25],"tintindex":0,"rotation":0,"texture":"#0"},"south":{"uv":[8.75,2.0,8.0,2.25],"tintindex":0,"rotation":0,"texture":"#0"},"north":{"uv":[8.75,1.5,8.0,1.75],"tintindex":0,"rotation":0,"texture":"#0"},"west":{"uv":[9.0,0.5,8.0,0.75],"tintindex":0,"rotation":0,"texture":"#0"},"up":{"uv":[2.5,8.0,3.25,7.0],"tintindex":0,"rotation":0,"texture":"#0"},"down":{"uv":[7.25,4.25,8.0,5.25],"tintindex":0,"rotation":0,"texture":"#0"}}}],"display":{"head":{"rotation":[0.0,0.0,0.0]},"firstperson_righthand":{"rotation":[0.0,0.0,0.0]},"thirdperson_lefthand":{"rotation":[0.0,-0.0,-0.0]},"firstperson_lefthand":{"rotation":[0.0,-0.0,-0.0]},"fixed":{"rotation":[0.0,0.0,0.0]},"ground":{"rotation":[0.0,0.0,0.0]},"thirdperson_righthand":{"rotation":[0.0,0.0,0.0]},"gui":{"rotation":[-150.0,-45.0,180.0]}}}