{"textures":{"0":"modelengine:entity/nm_penguin_texture","particle":"#0"},"elements":[{"from":[7.0,-1.0,6.4999995],"to":[8.0,8.0,10.5],"faces":{"east":{"uv":[5.75,5.25,4.75,7.5],"tintindex":0,"rotation":0,"texture":"#0"},"south":{"uv":[5.0,7.75,4.75,10.0],"tintindex":0,"rotation":0,"texture":"#0"},"north":{"uv":[4.5,7.75,4.25,10.0],"tintindex":0,"rotation":0,"texture":"#0"},"west":{"uv":[4.5,5.25,3.5,7.5],"tintindex":0,"rotation":0,"texture":"#0"},"up":{"uv":[6.25,2.75,6.5,1.75],"tintindex":0,"rotation":0,"texture":"#0"},"down":{"uv":[6.75,7.75,7.0,8.75],"tintindex":0,"rotation":0,"texture":"#0"}}}],"display":{"head":{"rotation":[0.0,0.0,0.0]},"firstperson_righthand":{"rotation":[0.0,0.0,0.0]},"thirdperson_lefthand":{"rotation":[0.0,-0.0,-0.0]},"firstperson_lefthand":{"rotation":[0.0,-0.0,-0.0]},"fixed":{"rotation":[0.0,0.0,0.0]},"ground":{"rotation":[0.0,0.0,0.0]},"thirdperson_righthand":{"rotation":[0.0,0.0,0.0]},"gui":{"rotation":[-150.0,-45.0,180.0]}}}