{"textures":{"0":"modelengine:entity/nm_penguin_texture","particle":"#0"},"elements":[{"from":[6.0,7.5,7.75],"to":[10.0,8.5,12.75],"faces":{"east":{"uv":[7.5,3.0,8.75,3.25],"tintindex":0,"rotation":0,"texture":"#0"},"south":{"uv":[8.0,0.0,9.0,0.25],"tintindex":0,"rotation":0,"texture":"#0"},"north":{"uv":[4.5,3.0,5.5,3.25],"tintindex":0,"rotation":0,"texture":"#0"},"west":{"uv":[7.5,3.5,8.75,3.75],"tintindex":0,"rotation":0,"texture":"#0"},"up":{"uv":[7.75,1.25,6.75,0.0],"tintindex":0,"rotation":0,"texture":"#0"},"down":{"uv":[7.75,1.5,6.75,2.75],"tintindex":0,"rotation":0,"texture":"#0"}}}],"display":{"head":{"rotation":[0.0,0.0,0.0]},"firstperson_righthand":{"rotation":[0.0,0.0,0.0]},"thirdperson_lefthand":{"rotation":[0.0,-0.0,-0.0]},"firstperson_lefthand":{"rotation":[0.0,-0.0,-0.0]},"fixed":{"rotation":[0.0,0.0,0.0]},"ground":{"rotation":[0.0,0.0,0.0]},"thirdperson_righthand":{"rotation":[0.0,0.0,0.0]},"gui":{"rotation":[-150.0,-45.0,180.0]}}}