{"texture_size":[256, 256],"textures":{"0":"custom/furniture/medieval_market/medievalmarket","particle":"custom/furniture/medieval_market/medievalmarket"},"elements":[{"from":[10, 2, 0],"to":[20, 10, 10],"rotation":{"angle":0,"axis":"y","origin":[7, 0, -3]},"faces":{"north":{"uv":[6.625, 0.90625, 7.25, 1.40625],"texture":"#0"},"east":{"uv":[7.25, 0.90625, 6.625, 1.40625],"texture":"#0"},"south":{"uv":[7.25, 1.40625, 6.625, 0.90625],"texture":"#0"},"west":{"uv":[7.25, 0.90625, 6.625, 1.40625],"texture":"#0"},"up":{"uv":[6.625, 0.90625, 7.25, 1.40625],"texture":"#0"},"down":{"uv":[6.625, 0.90625, 7.25, 1.40625],"texture":"#0"}}},{"from":[9, 0, -1],"to":[21, 2, 11],"rotation":{"angle":0,"axis":"y","origin":[7, 0, -3]},"faces":{"north":{"uv":[7.25, 2.0625, 8, 2.1875],"texture":"#0"},"east":{"uv":[6.5, 2.0625, 7.25, 2.1875],"texture":"#0"},"south":{"uv":[7.25, 2.0625, 8, 2.1875],"texture":"#0"},"west":{"uv":[6.5, 2.0625, 7.25, 2.1875],"texture":"#0"},"up":{"uv":[6.5, 0, 7.25, 0.75],"texture":"#0"},"down":{"uv":[6.5, 0, 7.25, 0.75],"texture":"#0"}}},{"from":[9, 10, -1],"to":[21, 12, 11],"rotation":{"angle":0,"axis":"y","origin":[7, 16, -3]},"faces":{"north":{"uv":[7.25, 2.1875, 8, 2.0625],"texture":"#0"},"east":{"uv":[6.5, 2.1875, 7.25, 2.0625],"texture":"#0"},"south":{"uv":[7.25, 2.1875, 8, 2.0625],"texture":"#0"},"west":{"uv":[6.5, 2.1875, 7.25, 2.0625],"texture":"#0"},"up":{"uv":[6.5, 0.75, 7.25, 0],"texture":"#0"},"down":{"uv":[6.5, 0.75, 7.25, 0],"texture":"#0"}}},{"from":[19, 2, -1],"to":[21, 10, 1],"rotation":{"angle":0,"axis":"y","origin":[7, 0, -3]},"faces":{"north":{"uv":[7.25, 0, 7.375, 0.5],"texture":"#0"},"east":{"uv":[7.375, 0, 7.5, 0.5],"texture":"#0"},"south":{"uv":[7.25, 0, 7.375, 0.5],"texture":"#0"},"west":{"uv":[7.375, 0, 7.5, 0.5],"texture":"#0"},"up":{"uv":[6.5, 0.75, 6.625, 0.875],"texture":"#0"},"down":{"uv":[6.5, 0.75, 6.625, 0.875],"texture":"#0"}}},{"from":[9, 2, -1],"to":[11, 10, 1],"rotation":{"angle":0,"axis":"y","origin":[23, 0, -3]},"faces":{"north":{"uv":[7.375, 0, 7.25, 0.5],"texture":"#0"},"east":{"uv":[7.5, 0, 7.375, 0.5],"texture":"#0"},"south":{"uv":[7.375, 0, 7.25, 0.5],"texture":"#0"},"west":{"uv":[7.5, 0, 7.375, 0.5],"texture":"#0"},"up":{"uv":[6.625, 0.75, 6.5, 0.875],"texture":"#0"},"down":{"uv":[6.625, 0.75, 6.5, 0.875],"texture":"#0"}}},{"from":[9, 2, 9],"to":[11, 10, 11],"rotation":{"angle":0,"axis":"y","origin":[23, 0, 13]},"faces":{"north":{"uv":[7.25, 0, 7.375, 0.5],"texture":"#0"},"east":{"uv":[7.375, 0, 7.5, 0.5],"texture":"#0"},"south":{"uv":[7.25, 0, 7.375, 0.5],"texture":"#0"},"west":{"uv":[7.375, 0, 7.5, 0.5],"texture":"#0"},"up":{"uv":[6.625, 0.875, 6.5, 0.75],"texture":"#0"},"down":{"uv":[6.625, 0.875, 6.5, 0.75],"texture":"#0"}}},{"from":[19, 2, 9],"to":[21, 10, 11],"rotation":{"angle":0,"axis":"y","origin":[7, 0, 13]},"faces":{"north":{"uv":[7.375, 0, 7.25, 0.5],"texture":"#0"},"east":{"uv":[7.5, 0, 7.375, 0.5],"texture":"#0"},"south":{"uv":[7.375, 0, 7.25, 0.5],"texture":"#0"},"west":{"uv":[7.5, 0, 7.375, 0.5],"texture":"#0"},"up":{"uv":[6.5, 0.875, 6.625, 0.75],"texture":"#0"},"down":{"uv":[6.5, 0.875, 6.625, 0.75],"texture":"#0"}}},{"from":[-4, 10, 5],"to":[8, 12, 17],"rotation":{"angle":0,"axis":"y","origin":[-6, 16, 3]},"faces":{"north":{"uv":[7.25, 2.1875, 8, 2.0625],"texture":"#0"},"east":{"uv":[6.5, 2.1875, 7.25, 2.0625],"texture":"#0"},"south":{"uv":[7.25, 2.1875, 8, 2.0625],"texture":"#0"},"west":{"uv":[6.5, 2.1875, 7.25, 2.0625],"texture":"#0"},"up":{"uv":[6.5, 0.75, 7.25, 0],"texture":"#0"},"down":{"uv":[6.5, 0.75, 7.25, 0],"texture":"#0"}}},{"from":[-3, 2, 6],"to":[7, 10, 16],"rotation":{"angle":0,"axis":"y","origin":[-6, 0, 3]},"faces":{"north":{"uv":[7.25, 0.90625, 6.625, 1.40625],"texture":"#0"},"east":{"uv":[6.625, 0.90625, 7.25, 1.40625],"texture":"#0"},"south":{"uv":[6.625, 1.40625, 7.25, 0.90625],"texture":"#0"},"west":{"uv":[6.625, 0.90625, 7.25, 1.40625],"texture":"#0"},"up":{"uv":[6.625, 0.90625, 7.25, 1.40625],"texture":"#0"},"down":{"uv":[6.625, 0.90625, 7.25, 1.40625],"texture":"#0"}}},{"from":[-4, 0, 5],"to":[8, 2, 17],"rotation":{"angle":0,"axis":"y","origin":[-6, 0, 3]},"faces":{"north":{"uv":[7.25, 2.0625, 8, 2.1875],"texture":"#0"},"east":{"uv":[6.5, 2.0625, 7.25, 2.1875],"texture":"#0"},"south":{"uv":[7.25, 2.0625, 8, 2.1875],"texture":"#0"},"west":{"uv":[6.5, 2.0625, 7.25, 2.1875],"texture":"#0"},"up":{"uv":[6.5, 0, 7.25, 0.75],"texture":"#0"},"down":{"uv":[6.5, 0, 7.25, 0.75],"texture":"#0"}}},{"from":[6, 2, 5],"to":[8, 10, 7],"rotation":{"angle":0,"axis":"y","origin":[-6, 0, 3]},"faces":{"north":{"uv":[7.25, 0, 7.375, 0.5],"texture":"#0"},"east":{"uv":[7.375, 0, 7.5, 0.5],"texture":"#0"},"south":{"uv":[7.25, 0, 7.375, 0.5],"texture":"#0"},"west":{"uv":[7.375, 0, 7.5, 0.5],"texture":"#0"},"up":{"uv":[6.5, 0.75, 6.625, 0.875],"texture":"#0"},"down":{"uv":[6.5, 0.75, 6.625, 0.875],"texture":"#0"}}},{"from":[-4, 2, 5],"to":[-2, 10, 7],"rotation":{"angle":0,"axis":"y","origin":[10, 0, 3]},"faces":{"north":{"uv":[7.375, 0, 7.25, 0.5],"texture":"#0"},"east":{"uv":[7.5, 0, 7.375, 0.5],"texture":"#0"},"south":{"uv":[7.375, 0, 7.25, 0.5],"texture":"#0"},"west":{"uv":[7.5, 0, 7.375, 0.5],"texture":"#0"},"up":{"uv":[6.625, 0.75, 6.5, 0.875],"texture":"#0"},"down":{"uv":[6.625, 0.75, 6.5, 0.875],"texture":"#0"}}},{"from":[6, 2, 15],"to":[8, 10, 17],"rotation":{"angle":0,"axis":"y","origin":[-6, 0, 19]},"faces":{"north":{"uv":[7.375, 0, 7.25, 0.5],"texture":"#0"},"east":{"uv":[7.5, 0, 7.375, 0.5],"texture":"#0"},"south":{"uv":[7.375, 0, 7.25, 0.5],"texture":"#0"},"west":{"uv":[7.5, 0, 7.375, 0.5],"texture":"#0"},"up":{"uv":[6.5, 0.875, 6.625, 0.75],"texture":"#0"},"down":{"uv":[6.5, 0.875, 6.625, 0.75],"texture":"#0"}}},{"from":[-4, 2, 15],"to":[-2, 10, 17],"rotation":{"angle":0,"axis":"y","origin":[10, 0, 19]},"faces":{"north":{"uv":[7.25, 0, 7.375, 0.5],"texture":"#0"},"east":{"uv":[7.375, 0, 7.5, 0.5],"texture":"#0"},"south":{"uv":[7.25, 0, 7.375, 0.5],"texture":"#0"},"west":{"uv":[7.375, 0, 7.5, 0.5],"texture":"#0"},"up":{"uv":[6.625, 0.875, 6.5, 0.75],"texture":"#0"},"down":{"uv":[6.625, 0.875, 6.5, 0.75],"texture":"#0"}}},{"from":[-1, 22, 2],"to":[11, 24, 14],"rotation":{"angle":45,"axis":"y","origin":[7, 28, 5]},"faces":{"north":{"uv":[7.25, 2.1875, 8, 2.0625],"texture":"#0"},"east":{"uv":[6.5, 2.1875, 7.25, 2.0625],"texture":"#0"},"south":{"uv":[7.25, 2.1875, 8, 2.0625],"texture":"#0"},"west":{"uv":[6.5, 2.1875, 7.25, 2.0625],"texture":"#0"},"up":{"uv":[6.5, 0.75, 7.25, 0],"texture":"#0"},"down":{"uv":[6.5, 0.75, 7.25, 0],"texture":"#0"}}},{"from":[0, 14, 3],"to":[10, 22, 13],"rotation":{"angle":45,"axis":"y","origin":[7, 28, 5]},"faces":{"north":{"uv":[6.625, 0.90625, 7.25, 1.40625],"texture":"#0"},"east":{"uv":[7.25, 0.90625, 6.625, 1.40625],"texture":"#0"},"south":{"uv":[7.25, 1.40625, 6.625, 0.90625],"texture":"#0"},"west":{"uv":[7.25, 0.90625, 6.625, 1.40625],"texture":"#0"},"up":{"uv":[6.625, 0.90625, 7.25, 1.40625],"texture":"#0"},"down":{"uv":[6.625, 0.90625, 7.25, 1.40625],"texture":"#0"}}},{"from":[-1, 12, 2],"to":[11, 14, 14],"rotation":{"angle":45,"axis":"y","origin":[7, 28, 5]},"faces":{"north":{"uv":[7.25, 2.0625, 8, 2.1875],"texture":"#0"},"east":{"uv":[6.5, 2.0625, 7.25, 2.1875],"texture":"#0"},"south":{"uv":[7.25, 2.0625, 8, 2.1875],"texture":"#0"},"west":{"uv":[6.5, 2.0625, 7.25, 2.1875],"texture":"#0"},"up":{"uv":[6.5, 0, 7.25, 0.75],"texture":"#0"},"down":{"uv":[6.5, 0, 7.25, 0.75],"texture":"#0"}}},{"from":[9, 14, 2],"to":[11, 22, 4],"rotation":{"angle":45,"axis":"y","origin":[7, 28, 5]},"faces":{"north":{"uv":[7.25, 0, 7.375, 0.5],"texture":"#0"},"east":{"uv":[7.375, 0, 7.5, 0.5],"texture":"#0"},"south":{"uv":[7.25, 0, 7.375, 0.5],"texture":"#0"},"west":{"uv":[7.375, 0, 7.5, 0.5],"texture":"#0"},"up":{"uv":[6.5, 0.75, 6.625, 0.875],"texture":"#0"},"down":{"uv":[6.5, 0.75, 6.625, 0.875],"texture":"#0"}}},{"from":[-1, 14, 2],"to":[1, 22, 4],"rotation":{"angle":45,"axis":"y","origin":[7, 28, 5]},"faces":{"north":{"uv":[7.375, 0, 7.25, 0.5],"texture":"#0"},"east":{"uv":[7.5, 0, 7.375, 0.5],"texture":"#0"},"south":{"uv":[7.375, 0, 7.25, 0.5],"texture":"#0"},"west":{"uv":[7.5, 0, 7.375, 0.5],"texture":"#0"},"up":{"uv":[6.625, 0.75, 6.5, 0.875],"texture":"#0"},"down":{"uv":[6.625, 0.75, 6.5, 0.875],"texture":"#0"}}},{"from":[9, 14, 12],"to":[11, 22, 14],"rotation":{"angle":45,"axis":"y","origin":[7, 28, 5]},"faces":{"north":{"uv":[7.375, 0, 7.25, 0.5],"texture":"#0"},"east":{"uv":[7.5, 0, 7.375, 0.5],"texture":"#0"},"south":{"uv":[7.375, 0, 7.25, 0.5],"texture":"#0"},"west":{"uv":[7.5, 0, 7.375, 0.5],"texture":"#0"},"up":{"uv":[6.5, 0.875, 6.625, 0.75],"texture":"#0"},"down":{"uv":[6.5, 0.875, 6.625, 0.75],"texture":"#0"}}},{"from":[-1, 14, 12],"to":[1, 22, 14],"rotation":{"angle":45,"axis":"y","origin":[7, 28, 5]},"faces":{"north":{"uv":[7.25, 0, 7.375, 0.5],"texture":"#0"},"east":{"uv":[7.375, 0, 7.5, 0.5],"texture":"#0"},"south":{"uv":[7.25, 0, 7.375, 0.5],"texture":"#0"},"west":{"uv":[7.375, 0, 7.5, 0.5],"texture":"#0"},"up":{"uv":[6.625, 0.875, 6.5, 0.75],"texture":"#0"},"down":{"uv":[6.625, 0.875, 6.5, 0.75],"texture":"#0"}}}],"gui_light":"front","display":{"thirdperson_righthand":{"rotation":[72.84, 2.46, 5.1],"translation":[0, 2, 2],"scale":[0.27149, 0.27149, 0.27149]},"thirdperson_lefthand":{"rotation":[72.84, 2.46, 5.1],"translation":[0, 2, 2],"scale":[0.27149, 0.27149, 0.27149]},"firstperson_righthand":{"rotation":[0, -77.75, 0],"translation":[1.5, 3, 0],"scale":[0.36484, 0.36484, 0.36484]},"firstperson_lefthand":{"rotation":[0, -77.75, 0],"translation":[1.5, 3, 0],"scale":[0.36484, 0.36484, 0.36484]},"ground":{"translation":[0, 3, 0],"scale":[0.25, 0.25, 0.25]},"gui":{"rotation":[30, 135, 0],"translation":[0, -1, 0],"scale":[0.42344, 0.42344, 0.42344]},"head":{"translation":[10.75, -29, 0],"scale":[0, 0, 0]},"fixed":{"rotation":[-90, 0, 0],"translation":[0, 0, -16],"scale":[2, 2, 2]}}}