{"textures":{"0":"custom/furniture/medieval_market/medievalmarket","particle":"custom/furniture/medieval_market/medievalmarket"},"elements":[{"from":[2,0,2],"to":[14,0,14],"faces":{"up":{"uv":[6.6875,7.84375,5.9375,7.09375],"texture":"#0"},"down":{"uv":[6.6875,7.84375,5.9375,7.09375],"texture":"#0"}}},{"from":[6,0,2],"to":[10,1,4],"faces":{"north":{"uv":[6.125,7.03125,6.375,7.09375],"texture":"#0"},"east":{"uv":[6,7,6.125,7.0625],"texture":"#0"},"south":{"uv":[6.125,7.03125,6.375,7.09375],"texture":"#0"},"west":{"uv":[6,7,6.125,7.0625],"texture":"#0"},"up":{"uv":[6.375,7.03125,6.125,6.90625],"texture":"#0"},"down":{"uv":[6.375,7.03125,6.125,6.90625],"texture":"#0"}}},{"from":[12,0,6],"to":[14,1,10],"faces":{"north":{"uv":[6,7,6.125,7.0625],"texture":"#0"},"east":{"uv":[6.125,7.03125,6.375,7.09375],"texture":"#0"},"south":{"uv":[6,7,6.125,7.0625],"texture":"#0"},"west":{"uv":[6.125,7.03125,6.375,7.09375],"texture":"#0"},"up":{"uv":[6.375,7.03125,6.125,6.90625],"rotation":90,"texture":"#0"},"down":{"uv":[6.375,7.03125,6.125,6.90625],"rotation":270,"texture":"#0"}}},{"from":[8,0,11.5],"to":[12,1,13.5],"faces":{"north":{"uv":[6.125,7.03125,6.375,7.09375],"texture":"#0"},"east":{"uv":[6,7,6.125,7.0625],"texture":"#0"},"south":{"uv":[6.125,7.03125,6.375,7.09375],"texture":"#0"},"west":{"uv":[6,7,6.125,7.0625],"texture":"#0"},"up":{"uv":[6.375,7.03125,6.125,6.90625],"texture":"#0"},"down":{"uv":[6.375,7.03125,6.125,6.90625],"texture":"#0"}}},{"from":[1,0,7],"to":[3,1,11],"faces":{"north":{"uv":[6,7,6.125,7.0625],"texture":"#0"},"east":{"uv":[6.125,7.03125,6.375,7.09375],"texture":"#0"},"south":{"uv":[6,7,6.125,7.0625],"texture":"#0"},"west":{"uv":[6.125,7.03125,6.375,7.09375],"texture":"#0"},"up":{"uv":[6.375,7.03125,6.125,6.90625],"rotation":90,"texture":"#0"},"down":{"uv":[6.375,7.03125,6.125,6.90625],"rotation":270,"texture":"#0"}}},{"from":[4,0,1],"to":[6,2,3],"faces":{"north":{"uv":[6.1875,6.75,6.3125,6.875],"texture":"#0"},"east":{"uv":[6.1875,6.75,6.3125,6.875],"texture":"#0"},"south":{"uv":[6.1875,6.75,6.3125,6.875],"texture":"#0"},"west":{"uv":[6.1875,6.75,6.3125,6.875],"texture":"#0"},"up":{"uv":[6.125,7,6,6.875],"texture":"#0"},"down":{"uv":[6.125,7,6,6.875],"texture":"#0"}}},{"from":[1.5,-1,5],"to":[3.5,1,7],"faces":{"north":{"uv":[6.1875,6.75,6.3125,6.875],"texture":"#0"},"east":{"uv":[6.1875,6.75,6.3125,6.875],"texture":"#0"},"south":{"uv":[6.1875,6.75,6.3125,6.875],"texture":"#0"},"west":{"uv":[6.1875,6.75,6.3125,6.875],"texture":"#0"},"up":{"uv":[6.125,7,6,6.875],"texture":"#0"},"down":{"uv":[6.125,7,6,6.875],"texture":"#0"}}},{"from":[12.5,0,9],"to":[14.5,2,11],"faces":{"north":{"uv":[6.1875,6.75,6.3125,6.875],"texture":"#0"},"east":{"uv":[6.1875,6.75,6.3125,6.875],"texture":"#0"},"south":{"uv":[6.1875,6.75,6.3125,6.875],"texture":"#0"},"west":{"uv":[6.1875,6.75,6.3125,6.875],"texture":"#0"},"up":{"uv":[6.125,7,6,6.875],"texture":"#0"},"down":{"uv":[6.125,7,6,6.875],"texture":"#0"}}},{"from":[1,0,2],"to":[4,2,5],"faces":{"north":{"uv":[6,6.75,6.1875,6.875],"texture":"#0"},"east":{"uv":[6,6.75,6.1875,6.875],"texture":"#0"},"south":{"uv":[6,6.75,6.1875,6.875],"texture":"#0"},"west":{"uv":[6,6.75,6.1875,6.875],"texture":"#0"},"up":{"uv":[6,6.9375,5.8125,6.75],"texture":"#0"},"down":{"uv":[6,6.9375,5.8125,6.75],"texture":"#0"}}},{"from":[2,0,11],"to":[5,2,14],"faces":{"north":{"uv":[6,6.75,6.1875,6.875],"texture":"#0"},"east":{"uv":[6.1875,6.75,6,6.875],"texture":"#0"},"south":{"uv":[6,6.75,6.1875,6.875],"texture":"#0"},"west":{"uv":[6,6.75,6.1875,6.875],"texture":"#0"},"up":{"uv":[5.8125,6.9375,6,6.75],"texture":"#0"},"down":{"uv":[6,6.9375,5.8125,6.75],"texture":"#0"}}},{"from":[13,0,3],"to":[16,2,6],"faces":{"north":{"uv":[6,6.75,6.1875,6.875],"texture":"#0"},"east":{"uv":[6.1875,6.75,6,6.875],"texture":"#0"},"south":{"uv":[6,6.75,6.1875,6.875],"texture":"#0"},"west":{"uv":[6,6.75,6.1875,6.875],"texture":"#0"},"up":{"uv":[5.8125,6.9375,6,6.75],"texture":"#0"},"down":{"uv":[6,6.9375,5.8125,6.75],"texture":"#0"}}},{"from":[10,0,1],"to":[13,2,4],"faces":{"north":{"uv":[6,6.75,6.1875,6.875],"texture":"#0"},"east":{"uv":[6.1875,6.75,6,6.875],"texture":"#0"},"south":{"uv":[6,6.75,6.1875,6.875],"texture":"#0"},"west":{"uv":[6,6.75,6.1875,6.875],"texture":"#0"},"up":{"uv":[5.8125,6.9375,6,6.75],"texture":"#0"},"down":{"uv":[6,6.9375,5.8125,6.75],"texture":"#0"}}},{"from":[12,0,11],"to":[15,2,14],"faces":{"north":{"uv":[6,6.75,6.1875,6.875],"texture":"#0"},"east":{"uv":[6.1875,6.75,6,6.875],"texture":"#0"},"south":{"uv":[6,6.75,6.1875,6.875],"texture":"#0"},"west":{"uv":[6,6.75,6.1875,6.875],"texture":"#0"},"up":{"uv":[5.8125,6.9375,6,6.75],"texture":"#0"},"down":{"uv":[6,6.9375,5.8125,6.75],"texture":"#0"}}},{"from":[5,-1,12],"to":[8,1,15],"faces":{"north":{"uv":[6,6.75,6.1875,6.875],"texture":"#0"},"east":{"uv":[6,6.75,6.1875,6.875],"texture":"#0"},"south":{"uv":[6,6.75,6.1875,6.875],"texture":"#0"},"west":{"uv":[6,6.75,6.1875,6.875],"texture":"#0"},"up":{"uv":[6,6.9375,5.8125,6.75],"texture":"#0"},"down":{"uv":[6,6.9375,5.8125,6.75],"texture":"#0"}}},{"from":[-3.5,-5.9,7],"to":[-1.5,31.6,9],"rotation":{"angle":-22.5,"axis":"z","origin":[10,2.25,7.48465]},"faces":{"north":{"uv":[5.5,2.625,7.84375,2.75],"rotation":270,"texture":"#0"},"east":{"uv":[5.5,2.625,7.84375,2.75],"rotation":270,"texture":"#0"},"south":{"uv":[5.5,2.625,7.84375,2.75],"rotation":270,"texture":"#0"},"west":{"uv":[5.5,2.625,7.84375,2.75],"rotation":270,"texture":"#0"},"up":{"uv":[7.375,0.8125,7.25,0.6875],"rotation":90,"texture":"#0"},"down":{"uv":[7.375,0.8125,7.25,0.6875],"rotation":90,"texture":"#0"}}},{"from":[17.5,-5.9,7],"to":[19.5,31.6,9],"rotation":{"angle":22.5,"axis":"z","origin":[6,2.25,7.48465]},"faces":{"north":{"uv":[5.5,2.75,7.84375,2.625],"rotation":270,"texture":"#0"},"east":{"uv":[5.5,2.75,7.84375,2.625],"rotation":270,"texture":"#0"},"south":{"uv":[5.5,2.75,7.84375,2.625],"rotation":270,"texture":"#0"},"west":{"uv":[5.5,2.75,7.84375,2.625],"rotation":270,"texture":"#0"},"up":{"uv":[7.375,0.6875,7.25,0.8125],"rotation":90,"texture":"#0"},"down":{"uv":[7.375,0.6875,7.25,0.8125],"rotation":90,"texture":"#0"}}},{"from":[6.98465,-5.9,17.48465],"to":[8.98465,31.6,19.48465],"rotation":{"angle":-22.5,"axis":"x","origin":[8.5,2.25,5.98465]},"faces":{"north":{"uv":[5.5,2.75,7.84375,2.625],"rotation":270,"texture":"#0"},"east":{"uv":[5.5,2.75,7.84375,2.625],"rotation":270,"texture":"#0"},"south":{"uv":[5.5,2.75,7.84375,2.625],"rotation":270,"texture":"#0"},"west":{"uv":[5.5,2.75,7.84375,2.625],"rotation":270,"texture":"#0"},"up":{"uv":[7.375,0.6875,7.25,0.8125],"rotation":180,"texture":"#0"},"down":{"uv":[7.375,0.6875,7.25,0.8125],"texture":"#0"}}},{"from":[6.98465,-5.9,-3.51535],"to":[8.98465,31.6,-1.51535],"rotation":{"angle":22.5,"axis":"x","origin":[8.5,2.25,9.98465]},"faces":{"north":{"uv":[5.5,2.625,7.84375,2.75],"rotation":270,"texture":"#0"},"east":{"uv":[5.5,2.625,7.84375,2.75],"rotation":270,"texture":"#0"},"south":{"uv":[5.5,2.625,7.84375,2.75],"rotation":270,"texture":"#0"},"west":{"uv":[5.5,2.625,7.84375,2.75],"rotation":270,"texture":"#0"},"up":{"uv":[7.375,0.8125,7.25,0.6875],"rotation":180,"texture":"#0"},"down":{"uv":[7.375,0.8125,7.25,0.6875],"texture":"#0"}}},{"from":[6.3,23.5,17.9],"to":[9.7,24.5,22.1],"rotation":{"angle":-22.5,"axis":"x","origin":[16,-3.3,0]},"faces":{"north":{"uv":[9.8125,2.93125,9.875,2.71875],"rotation":270,"texture":"#0"},"east":{"uv":[9.875,2.71875,9.8125,2.98125],"rotation":270,"texture":"#0"},"south":{"uv":[9.8125,2.93125,9.875,2.71875],"rotation":90,"texture":"#0"},"west":{"uv":[9.875,2.71875,9.8125,2.98125],"rotation":90,"texture":"#0"},"up":{"uv":[10.18125,3,9.96875,3.2625],"rotation":180,"texture":"#0"},"down":{"uv":[10.18125,3,9.96875,3.2625],"rotation":180,"texture":"#0"}}},{"from":[6.2,29.5,-7.1],"to":[9.8,30.5,-2.9],"rotation":{"angle":22.5,"axis":"x","origin":[16,-3.3,0]},"faces":{"north":{"uv":[9.8125,2.94375,9.875,2.71875],"rotation":270,"texture":"#0"},"east":{"uv":[9.875,2.71875,9.8125,2.98125],"rotation":270,"texture":"#0"},"south":{"uv":[9.8125,2.94375,9.875,2.71875],"rotation":90,"texture":"#0"},"west":{"uv":[9.875,2.71875,9.8125,2.98125],"rotation":90,"texture":"#0"},"up":{"uv":[10.19375,3,9.96875,3.2625],"rotation":180,"texture":"#0"},"down":{"uv":[10.19375,3,9.96875,3.2625],"rotation":180,"texture":"#0"}}}],"gui_light":"front","display":{"thirdperson_righthand":{"rotation":[67.5,0,0],"translation":[0,1.75,1],"scale":[0.23633,0.23633,0.23633]},"thirdperson_lefthand":{"rotation":[67.5,0,0],"translation":[0,1.75,1],"scale":[0.23633,0.23633,0.23633]},"firstperson_righthand":{"rotation":[0,225,0],"translation":[0,-0.5,0],"scale":[0.44883,0.44883,0.44883]},"firstperson_lefthand":{"rotation":[0,225,0],"translation":[0,-0.5,0],"scale":[0.44883,0.44883,0.44883]},"ground":{"translation":[0,3,0],"scale":[0.31445,0.31445,0.31445]},"gui":{"rotation":[30,225,0],"translation":[0.25,-2.25,0],"scale":[0.41172,0.41172,0.41172]},"head":{"translation":[0,-27.25,0],"scale":[0,0,0]},"fixed":{"rotation":[-90,0,0],"translation":[-0.25,0,-19.75],"scale":[2.2,2.2,2.2]}}}