{"texture_size":[256, 256],"textures":{"0":"custom/furniture/medieval_market/medievalmarket","particle":"custom/furniture/medieval_market/medievalmarket"},"elements":[{"from":[19, -16, 6],"to":[23, -2, 10],"rotation":{"angle":0,"axis":"y","origin":[6, 0, 13]},"faces":{"north":{"uv":[0.25, 5.8125, 0, 6.6875],"texture":"#0"},"east":{"uv":[0.25, 5.8125, 0, 6.6875],"texture":"#0"},"south":{"uv":[0.25, 5.8125, 0, 6.6875],"texture":"#0"},"west":{"uv":[0.25, 5.8125, 0, 6.6875],"texture":"#0"},"up":{"uv":[1.4375, 5.8125, 1.1875, 5.5625],"texture":"#0"},"down":{"uv":[1.4375, 5.8125, 1.1875, 5.5625],"texture":"#0"}}},{"from":[-7, -16, 6],"to":[-3, -2, 10],"rotation":{"angle":0,"axis":"y","origin":[6, 0, 13]},"faces":{"north":{"uv":[0.25, 5.8125, 0, 6.6875],"texture":"#0"},"east":{"uv":[0.25, 5.8125, 0, 6.6875],"texture":"#0"},"south":{"uv":[0.25, 5.8125, 0, 6.6875],"texture":"#0"},"west":{"uv":[0.25, 5.8125, 0, 6.6875],"texture":"#0"},"up":{"uv":[1.4375, 5.8125, 1.1875, 5.5625],"texture":"#0"},"down":{"uv":[1.4375, 5.8125, 1.1875, 5.5625],"texture":"#0"}}},{"from":[19, -16, 17],"to":[23, -2, 21],"rotation":{"angle":0,"axis":"y","origin":[6, 0, 13]},"faces":{"north":{"uv":[0.25, 5.8125, 0, 6.6875],"texture":"#0"},"east":{"uv":[0.25, 5.8125, 0, 6.6875],"texture":"#0"},"south":{"uv":[0.25, 5.8125, 0, 6.6875],"texture":"#0"},"west":{"uv":[0.25, 5.8125, 0, 6.6875],"texture":"#0"},"up":{"uv":[1.4375, 5.8125, 1.1875, 5.5625],"texture":"#0"},"down":{"uv":[1.4375, 5.8125, 1.1875, 5.5625],"texture":"#0"}}},{"from":[-7, -16, 17],"to":[-3, -2, 21],"rotation":{"angle":0,"axis":"y","origin":[6, 0, 13]},"faces":{"north":{"uv":[0.25, 5.8125, 0, 6.6875],"texture":"#0"},"east":{"uv":[0.25, 5.8125, 0, 6.6875],"texture":"#0"},"south":{"uv":[0.25, 5.8125, 0, 6.6875],"texture":"#0"},"west":{"uv":[0.25, 5.8125, 0, 6.6875],"texture":"#0"},"up":{"uv":[1.4375, 5.8125, 1.1875, 5.5625],"texture":"#0"},"down":{"uv":[1.4375, 5.8125, 1.1875, 5.5625],"texture":"#0"}}},{"from":[-8, -10, -5],"to":[24, -7, 6],"rotation":{"angle":0,"axis":"y","origin":[8, -8, 2.5]},"faces":{"north":{"uv":[6.125, 2.1875, 8.125, 2.375],"texture":"#0"},"east":{"uv":[4.875, 5.5, 5.5625, 5.6875],"texture":"#0"},"south":{"uv":[6.125, 2.1875, 8.125, 2.375],"texture":"#0"},"west":{"uv":[4.875, 5.5, 5.5625, 5.6875],"texture":"#0"},"up":{"uv":[3.4375, 6.625, 2.75, 4.625],"rotation":270,"texture":"#0"},"down":{"uv":[3.4375, 6.625, 2.75, 4.625],"rotation":270,"texture":"#0"}}},{"from":[-8, -3, 5.5],"to":[24, 0, 16.5],"rotation":{"angle":0,"axis":"y","origin":[8, 1, 12]},"faces":{"north":{"uv":[6.125, 2.1875, 8.125, 2.375],"texture":"#0"},"east":{"uv":[4.875, 5.5, 5.5625, 5.6875],"texture":"#0"},"south":{"uv":[6.125, 2.1875, 8.125, 2.375],"texture":"#0"},"west":{"uv":[4.875, 5.5, 5.5625, 5.6875],"texture":"#0"},"up":{"uv":[2.75, 6.625, 3.4375, 4.625],"rotation":270,"texture":"#0"},"down":{"uv":[3.4375, 6.625, 2.75, 4.625],"rotation":270,"texture":"#0"}}},{"from":[-8, -13, 7],"to":[24, -10, 9],"rotation":{"angle":0,"axis":"y","origin":[6, 0, 13]},"faces":{"north":{"uv":[5.5, 2.375, 7.5, 2.5625],"texture":"#0"},"east":{"uv":[1.9375, 5.5625, 2.0625, 5.75],"texture":"#0"},"south":{"uv":[5.5, 2.375, 7.5, 2.5625],"texture":"#0"},"west":{"uv":[1.9375, 5.5625, 2.0625, 5.75],"texture":"#0"},"up":{"uv":[8, 2.875, 5.5, 2.75],"texture":"#0"},"down":{"uv":[8, 2.875, 5.5, 2.75],"texture":"#0"}}},{"from":[-8, -13, 18],"to":[24, -10, 20],"rotation":{"angle":0,"axis":"y","origin":[6, 0, 13]},"faces":{"north":{"uv":[5.5, 2.375, 7.5, 2.5625],"texture":"#0"},"east":{"uv":[1.9375, 5.5625, 2.0625, 5.75],"texture":"#0"},"south":{"uv":[5.5, 2.375, 7.5, 2.5625],"texture":"#0"},"west":{"uv":[1.9375, 5.5625, 2.0625, 5.75],"texture":"#0"},"up":{"uv":[8, 2.875, 5.5, 2.75],"texture":"#0"},"down":{"uv":[8, 2.875, 5.5, 2.75],"texture":"#0"}}},{"from":[-6, -13, 0],"to":[-4, -10, 23],"rotation":{"angle":0,"axis":"y","origin":[16, 0, 0]},"faces":{"north":{"uv":[2.1875, 5.6875, 2.0625, 5.875],"texture":"#0"},"east":{"uv":[7.25, 2.5625, 5.8125, 2.75],"texture":"#0"},"south":{"uv":[2.1875, 5.6875, 2.0625, 5.875],"texture":"#0"},"west":{"uv":[7.25, 2.5625, 5.8125, 2.75],"texture":"#0"},"up":{"uv":[2.625, 6.125, 2.75, 4.6875],"texture":"#0"},"down":{"uv":[2.625, 6.125, 2.75, 4.6875],"texture":"#0"}}},{"from":[-8, -3, 16.5],"to":[24, 0, 21.5],"rotation":{"angle":0,"axis":"y","origin":[8, 1, 12]},"faces":{"north":{"uv":[6.125, 2.1875, 8.125, 2.375],"texture":"#0"},"east":{"uv":[5.25, 5.5, 5.5625, 5.6875],"texture":"#0"},"south":{"uv":[6.125, 2.1875, 8.125, 2.375],"texture":"#0"},"west":{"uv":[5.5625, 5.5, 5.25, 5.6875],"texture":"#0"},"up":{"uv":[2.8125, 6.625, 3.125, 4.625],"rotation":270,"texture":"#0"},"down":{"uv":[2.8125, 6.625, 3.125, 4.625],"rotation":270,"texture":"#0"}}},{"from":[22.6, -6.2, -3.10051],"to":[22.6, -4.2, 0.89949],"rotation":{"angle":0,"axis":"y","origin":[9.5, 9.8, 2]},"faces":{"north":{"uv":[1.8125, 5.5, 1.8125, 5.625],"texture":"#0"},"east":{"uv":[0.5, 5.75, 0.75, 5.875],"texture":"#0"},"south":{"uv":[1.8125, 5.5, 1.8125, 5.625],"texture":"#0"},"west":{"uv":[0.5, 5.75, 0.75, 5.875],"texture":"#0"},"up":{"uv":[1.84375, 5.5, 1.84375, 5.75],"texture":"#0"},"down":{"uv":[1.84375, 5.5, 1.84375, 5.75],"texture":"#0"}}},{"from":[22, -7, -6.40051],"to":[22.5, -4, 5.59949],"rotation":{"angle":0,"axis":"y","origin":[9.5, 9.8, 2]},"faces":{"north":{"uv":[2.3125, 5.6875, 2.34375, 5.875],"texture":"#0"},"east":{"uv":[1, 5.9375, 1.75, 6.125],"texture":"#0"},"south":{"uv":[2.3125, 5.6875, 2.34375, 5.875],"texture":"#0"},"west":{"uv":[1, 5.9375, 1.75, 6.125],"texture":"#0"},"up":{"uv":[2.34375, 5.6875, 2.375, 6.4375],"texture":"#0"},"down":{"uv":[2.34375, 5.6875, 2.375, 6.4375],"texture":"#0"}}},{"from":[14, -7, -6.40051],"to":[22, -4, -5.90051],"rotation":{"angle":0,"axis":"y","origin":[9.5, 9.8, 2]},"faces":{"north":{"uv":[0.5, 5.9375, 1, 6.125],"texture":"#0"},"east":{"uv":[1, 5.9375, 1.03125, 6.125],"texture":"#0"},"south":{"uv":[0.5, 5.9375, 1, 6.125],"texture":"#0"},"west":{"uv":[1, 5.9375, 1.03125, 6.125],"texture":"#0"},"up":{"uv":[0.5, 6.125, 1, 6.15625],"texture":"#0"},"down":{"uv":[0.5, 6.125, 1, 6.15625],"texture":"#0"}}},{"from":[13.4, -6.2, -3.10051],"to":[13.4, -4.2, 0.89949],"rotation":{"angle":0,"axis":"y","origin":[9.5, 9.8, 2]},"faces":{"north":{"uv":[1.8125, 5.5, 1.8125, 5.625],"texture":"#0"},"east":{"uv":[0.75, 5.75, 0.5, 5.875],"texture":"#0"},"south":{"uv":[1.8125, 5.5, 1.8125, 5.625],"texture":"#0"},"west":{"uv":[0.75, 5.75, 0.5, 5.875],"texture":"#0"},"up":{"uv":[1.84375, 5.5, 1.84375, 5.75],"texture":"#0"},"down":{"uv":[1.84375, 5.5, 1.84375, 5.75],"texture":"#0"}}},{"from":[13.5, -7, -6.40051],"to":[14, -4, 5.59949],"rotation":{"angle":0,"axis":"y","origin":[9.5, 9.8, 2]},"faces":{"north":{"uv":[2.34375, 5.6875, 2.3125, 5.875],"texture":"#0"},"east":{"uv":[1.75, 5.9375, 1, 6.125],"texture":"#0"},"south":{"uv":[2.34375, 5.6875, 2.3125, 5.875],"texture":"#0"},"west":{"uv":[1.75, 5.9375, 1, 6.125],"texture":"#0"},"up":{"uv":[2.375, 5.6875, 2.34375, 6.4375],"texture":"#0"},"down":{"uv":[2.375, 5.6875, 2.34375, 6.4375],"texture":"#0"}}},{"from":[14, -7, 5.09949],"to":[22, -4, 5.59949],"rotation":{"angle":0,"axis":"y","origin":[9.5, 9.8, 2]},"faces":{"north":{"uv":[1, 5.9375, 0.5, 6.125],"texture":"#0"},"east":{"uv":[1.03125, 5.9375, 1, 6.125],"texture":"#0"},"south":{"uv":[1, 5.9375, 0.5, 6.125],"texture":"#0"},"west":{"uv":[1.03125, 5.9375, 1, 6.125],"texture":"#0"},"up":{"uv":[1, 6.125, 0.5, 6.15625],"texture":"#0"},"down":{"uv":[1, 6.125, 0.5, 6.15625],"texture":"#0"}}},{"from":[14, -6.9, -5.90051],"to":[22, -6.9, 5.09949],"rotation":{"angle":0,"axis":"y","origin":[9.5, 9.8, 2]},"faces":{"north":{"uv":[1, 5.9375, 0.5, 5.9375],"texture":"#0"},"east":{"uv":[1.6875, 5.9375, 1, 5.9375],"texture":"#0"},"south":{"uv":[1, 5.9375, 0.5, 5.9375],"texture":"#0"},"west":{"uv":[1.6875, 5.9375, 1, 5.9375],"texture":"#0"},"up":{"uv":[1, 6.15625, 0.5, 6.84375],"texture":"#0"},"down":{"uv":[1, 6.15625, 0.5, 6.84375],"texture":"#0"}}},{"from":[4, -7, 5.09949],"to":[12, -4, 5.59949],"rotation":{"angle":0,"axis":"y","origin":[9.5, 9.8, 2]},"faces":{"north":{"uv":[1, 5.9375, 0.5, 6.125],"texture":"#0"},"east":{"uv":[1.03125, 5.9375, 1, 6.125],"texture":"#0"},"south":{"uv":[1, 5.9375, 0.5, 6.125],"texture":"#0"},"west":{"uv":[1.03125, 5.9375, 1, 6.125],"texture":"#0"},"up":{"uv":[1, 6.125, 0.5, 6.15625],"texture":"#0"},"down":{"uv":[1, 6.125, 0.5, 6.15625],"texture":"#0"}}},{"from":[3.5, -7, -6.40051],"to":[4, -4, 5.59949],"rotation":{"angle":0,"axis":"y","origin":[9.5, 9.8, 2]},"faces":{"north":{"uv":[2.34375, 5.6875, 2.3125, 5.875],"texture":"#0"},"east":{"uv":[1.75, 5.9375, 1, 6.125],"texture":"#0"},"south":{"uv":[2.34375, 5.6875, 2.3125, 5.875],"texture":"#0"},"west":{"uv":[1.75, 5.9375, 1, 6.125],"texture":"#0"},"up":{"uv":[2.375, 5.6875, 2.34375, 6.4375],"texture":"#0"},"down":{"uv":[2.375, 5.6875, 2.34375, 6.4375],"texture":"#0"}}},{"from":[4, -6.9, -5.90051],"to":[12, -6.9, 5.09949],"rotation":{"angle":0,"axis":"y","origin":[9.5, 9.8, 2]},"faces":{"north":{"uv":[1, 5.9375, 0.5, 5.9375],"texture":"#0"},"east":{"uv":[1.6875, 5.9375, 1, 5.9375],"texture":"#0"},"south":{"uv":[1, 5.9375, 0.5, 5.9375],"texture":"#0"},"west":{"uv":[1.6875, 5.9375, 1, 5.9375],"texture":"#0"},"up":{"uv":[1, 6.15625, 0.5, 6.84375],"texture":"#0"},"down":{"uv":[1, 6.15625, 0.5, 6.84375],"texture":"#0"}}},{"from":[12, -7, -6.40051],"to":[12.5, -4, 5.59949],"rotation":{"angle":0,"axis":"y","origin":[9.5, 9.8, 2]},"faces":{"north":{"uv":[2.3125, 5.6875, 2.34375, 5.875],"texture":"#0"},"east":{"uv":[1, 5.9375, 1.75, 6.125],"texture":"#0"},"south":{"uv":[2.3125, 5.6875, 2.34375, 5.875],"texture":"#0"},"west":{"uv":[1, 5.9375, 1.75, 6.125],"texture":"#0"},"up":{"uv":[2.34375, 5.6875, 2.375, 6.4375],"texture":"#0"},"down":{"uv":[2.34375, 5.6875, 2.375, 6.4375],"texture":"#0"}}},{"from":[4, -7, -6.40051],"to":[12, -4, -5.90051],"rotation":{"angle":0,"axis":"y","origin":[9.5, 9.8, 2]},"faces":{"north":{"uv":[0.5, 5.9375, 1, 6.125],"texture":"#0"},"east":{"uv":[1, 5.9375, 1.03125, 6.125],"texture":"#0"},"south":{"uv":[0.5, 5.9375, 1, 6.125],"texture":"#0"},"west":{"uv":[1, 5.9375, 1.03125, 6.125],"texture":"#0"},"up":{"uv":[0.5, 6.125, 1, 6.15625],"texture":"#0"},"down":{"uv":[0.5, 6.125, 1, 6.15625],"texture":"#0"}}},{"from":[3.4, -6.2, -3.10051],"to":[3.4, -4.2, 0.89949],"rotation":{"angle":0,"axis":"y","origin":[9.5, 9.8, 2]},"faces":{"north":{"uv":[1.8125, 5.5, 1.8125, 5.625],"texture":"#0"},"east":{"uv":[0.75, 5.75, 0.5, 5.875],"texture":"#0"},"south":{"uv":[1.8125, 5.5, 1.8125, 5.625],"texture":"#0"},"west":{"uv":[0.75, 5.75, 0.5, 5.875],"texture":"#0"},"up":{"uv":[1.84375, 5.5, 1.84375, 5.75],"texture":"#0"},"down":{"uv":[1.84375, 5.5, 1.84375, 5.75],"texture":"#0"}}},{"from":[12.6, -6.2, -3.10051],"to":[12.6, -4.2, 0.89949],"rotation":{"angle":0,"axis":"y","origin":[9.5, 9.8, 2]},"faces":{"north":{"uv":[1.8125, 5.5, 1.8125, 5.625],"texture":"#0"},"east":{"uv":[0.5, 5.75, 0.75, 5.875],"texture":"#0"},"south":{"uv":[1.8125, 5.5, 1.8125, 5.625],"texture":"#0"},"west":{"uv":[0.5, 5.75, 0.75, 5.875],"texture":"#0"},"up":{"uv":[1.84375, 5.5, 1.84375, 5.75],"texture":"#0"},"down":{"uv":[1.84375, 5.5, 1.84375, 5.75],"texture":"#0"}}},{"from":[-6, -7, 5.09949],"to":[2, -4, 5.59949],"rotation":{"angle":0,"axis":"y","origin":[9.5, 9.8, 2]},"faces":{"north":{"uv":[1, 5.9375, 0.5, 6.125],"texture":"#0"},"east":{"uv":[1.03125, 5.9375, 1, 6.125],"texture":"#0"},"south":{"uv":[1, 5.9375, 0.5, 6.125],"texture":"#0"},"west":{"uv":[1.03125, 5.9375, 1, 6.125],"texture":"#0"},"up":{"uv":[1, 6.125, 0.5, 6.15625],"texture":"#0"},"down":{"uv":[1, 6.125, 0.5, 6.15625],"texture":"#0"}}},{"from":[-6.5, -7, -6.40051],"to":[-6, -4, 5.59949],"rotation":{"angle":0,"axis":"y","origin":[9.5, 9.8, 2]},"faces":{"north":{"uv":[2.34375, 5.6875, 2.3125, 5.875],"texture":"#0"},"east":{"uv":[1.75, 5.9375, 1, 6.125],"texture":"#0"},"south":{"uv":[2.34375, 5.6875, 2.3125, 5.875],"texture":"#0"},"west":{"uv":[1.75, 5.9375, 1, 6.125],"texture":"#0"},"up":{"uv":[2.375, 5.6875, 2.34375, 6.4375],"texture":"#0"},"down":{"uv":[2.375, 5.6875, 2.34375, 6.4375],"texture":"#0"}}},{"from":[-6, -6.9, -5.90051],"to":[2, -6.9, 5.09949],"rotation":{"angle":0,"axis":"y","origin":[9.5, 9.8, 2]},"faces":{"north":{"uv":[1, 5.9375, 0.5, 5.9375],"texture":"#0"},"east":{"uv":[1.6875, 5.9375, 1, 5.9375],"texture":"#0"},"south":{"uv":[1, 5.9375, 0.5, 5.9375],"texture":"#0"},"west":{"uv":[1.6875, 5.9375, 1, 5.9375],"texture":"#0"},"up":{"uv":[1, 6.15625, 0.5, 6.84375],"texture":"#0"},"down":{"uv":[1, 6.15625, 0.5, 6.84375],"texture":"#0"}}},{"from":[2, -7, -6.40051],"to":[2.5, -4, 5.59949],"rotation":{"angle":0,"axis":"y","origin":[9.5, 9.8, 2]},"faces":{"north":{"uv":[2.3125, 5.6875, 2.34375, 5.875],"texture":"#0"},"east":{"uv":[1, 5.9375, 1.75, 6.125],"texture":"#0"},"south":{"uv":[2.3125, 5.6875, 2.34375, 5.875],"texture":"#0"},"west":{"uv":[1, 5.9375, 1.75, 6.125],"texture":"#0"},"up":{"uv":[2.34375, 5.6875, 2.375, 6.4375],"texture":"#0"},"down":{"uv":[2.34375, 5.6875, 2.375, 6.4375],"texture":"#0"}}},{"from":[-6, -7, -6.40051],"to":[2, -4, -5.90051],"rotation":{"angle":0,"axis":"y","origin":[9.5, 9.8, 2]},"faces":{"north":{"uv":[0.5, 5.9375, 1, 6.125],"texture":"#0"},"east":{"uv":[1, 5.9375, 1.03125, 6.125],"texture":"#0"},"south":{"uv":[0.5, 5.9375, 1, 6.125],"texture":"#0"},"west":{"uv":[1, 5.9375, 1.03125, 6.125],"texture":"#0"},"up":{"uv":[0.5, 6.125, 1, 6.15625],"texture":"#0"},"down":{"uv":[0.5, 6.125, 1, 6.15625],"texture":"#0"}}},{"from":[-6.6, -6.2, -3.10051],"to":[-6.6, -4.2, 0.89949],"rotation":{"angle":0,"axis":"y","origin":[9.5, 9.8, 2]},"faces":{"north":{"uv":[1.8125, 5.5, 1.8125, 5.625],"texture":"#0"},"east":{"uv":[0.75, 5.75, 0.5, 5.875],"texture":"#0"},"south":{"uv":[1.8125, 5.5, 1.8125, 5.625],"texture":"#0"},"west":{"uv":[0.75, 5.75, 0.5, 5.875],"texture":"#0"},"up":{"uv":[1.84375, 5.5, 1.84375, 5.75],"texture":"#0"},"down":{"uv":[1.84375, 5.5, 1.84375, 5.75],"texture":"#0"}}},{"from":[2.6, -6.2, -3.10051],"to":[2.6, -4.2, 0.89949],"rotation":{"angle":0,"axis":"y","origin":[9.5, 9.8, 2]},"faces":{"north":{"uv":[1.8125, 5.5, 1.8125, 5.625],"texture":"#0"},"east":{"uv":[0.5, 5.75, 0.75, 5.875],"texture":"#0"},"south":{"uv":[1.8125, 5.5, 1.8125, 5.625],"texture":"#0"},"west":{"uv":[0.5, 5.75, 0.75, 5.875],"texture":"#0"},"up":{"uv":[1.84375, 5.5, 1.84375, 5.75],"texture":"#0"},"down":{"uv":[1.84375, 5.5, 1.84375, 5.75],"texture":"#0"}}},{"from":[-6, 0, 19.09949],"to":[2, 3, 19.59949],"rotation":{"angle":0,"axis":"y","origin":[9.5, 9.8, 2]},"faces":{"north":{"uv":[1, 5.9375, 0.5, 6.125],"texture":"#0"},"east":{"uv":[1.03125, 5.9375, 1, 6.125],"texture":"#0"},"south":{"uv":[1, 5.9375, 0.5, 6.125],"texture":"#0"},"west":{"uv":[1.03125, 5.9375, 1, 6.125],"texture":"#0"},"up":{"uv":[1, 6.125, 0.5, 6.15625],"texture":"#0"},"down":{"uv":[1, 6.125, 0.5, 6.15625],"texture":"#0"}}},{"from":[-6.5, 0, 7.59949],"to":[-6, 3, 19.59949],"rotation":{"angle":0,"axis":"y","origin":[9.5, 9.8, 2]},"faces":{"north":{"uv":[2.34375, 5.6875, 2.3125, 5.875],"texture":"#0"},"east":{"uv":[1.75, 5.9375, 1, 6.125],"texture":"#0"},"south":{"uv":[2.34375, 5.6875, 2.3125, 5.875],"texture":"#0"},"west":{"uv":[1.75, 5.9375, 1, 6.125],"texture":"#0"},"up":{"uv":[2.375, 5.6875, 2.34375, 6.4375],"texture":"#0"},"down":{"uv":[2.375, 5.6875, 2.34375, 6.4375],"texture":"#0"}}},{"from":[-6, 0.1, 8.09949],"to":[2, 0.1, 19.09949],"rotation":{"angle":0,"axis":"y","origin":[9.5, 9.8, 2]},"faces":{"north":{"uv":[1, 5.9375, 0.5, 5.9375],"texture":"#0"},"east":{"uv":[1.6875, 5.9375, 1, 5.9375],"texture":"#0"},"south":{"uv":[1, 5.9375, 0.5, 5.9375],"texture":"#0"},"west":{"uv":[1.6875, 5.9375, 1, 5.9375],"texture":"#0"},"up":{"uv":[1, 6.15625, 0.5, 6.84375],"texture":"#0"},"down":{"uv":[1, 6.15625, 0.5, 6.84375],"texture":"#0"}}},{"from":[2, 0, 7.59949],"to":[2.5, 3, 19.59949],"rotation":{"angle":0,"axis":"y","origin":[9.5, 9.8, 2]},"faces":{"north":{"uv":[2.3125, 5.6875, 2.34375, 5.875],"texture":"#0"},"east":{"uv":[1, 5.9375, 1.75, 6.125],"texture":"#0"},"south":{"uv":[2.3125, 5.6875, 2.34375, 5.875],"texture":"#0"},"west":{"uv":[1, 5.9375, 1.75, 6.125],"texture":"#0"},"up":{"uv":[2.34375, 5.6875, 2.375, 6.4375],"texture":"#0"},"down":{"uv":[2.34375, 5.6875, 2.375, 6.4375],"texture":"#0"}}},{"from":[-6, 0, 7.59949],"to":[2, 3, 8.09949],"rotation":{"angle":0,"axis":"y","origin":[9.5, 9.8, 2]},"faces":{"north":{"uv":[0.5, 5.9375, 1, 6.125],"texture":"#0"},"east":{"uv":[1, 5.9375, 1.03125, 6.125],"texture":"#0"},"south":{"uv":[0.5, 5.9375, 1, 6.125],"texture":"#0"},"west":{"uv":[1, 5.9375, 1.03125, 6.125],"texture":"#0"},"up":{"uv":[0.5, 6.125, 1, 6.15625],"texture":"#0"},"down":{"uv":[0.5, 6.125, 1, 6.15625],"texture":"#0"}}},{"from":[-6.6, 0.8, 10.89949],"to":[-6.6, 2.8, 14.89949],"rotation":{"angle":0,"axis":"y","origin":[9.5, 9.8, 2]},"faces":{"north":{"uv":[1.8125, 5.5, 1.8125, 5.625],"texture":"#0"},"east":{"uv":[0.75, 5.75, 0.5, 5.875],"texture":"#0"},"south":{"uv":[1.8125, 5.5, 1.8125, 5.625],"texture":"#0"},"west":{"uv":[0.75, 5.75, 0.5, 5.875],"texture":"#0"},"up":{"uv":[1.84375, 5.5, 1.84375, 5.75],"texture":"#0"},"down":{"uv":[1.84375, 5.5, 1.84375, 5.75],"texture":"#0"}}},{"from":[2.6, 0.8, 10.89949],"to":[2.6, 2.8, 14.89949],"rotation":{"angle":0,"axis":"y","origin":[9.5, 9.8, 2]},"faces":{"north":{"uv":[1.8125, 5.5, 1.8125, 5.625],"texture":"#0"},"east":{"uv":[0.5, 5.75, 0.75, 5.875],"texture":"#0"},"south":{"uv":[1.8125, 5.5, 1.8125, 5.625],"texture":"#0"},"west":{"uv":[0.5, 5.75, 0.75, 5.875],"texture":"#0"},"up":{"uv":[1.84375, 5.5, 1.84375, 5.75],"texture":"#0"},"down":{"uv":[1.84375, 5.5, 1.84375, 5.75],"texture":"#0"}}},{"from":[4, 0, 19.09949],"to":[12, 3, 19.59949],"rotation":{"angle":0,"axis":"y","origin":[9.5, 9.8, 2]},"faces":{"north":{"uv":[1, 5.9375, 0.5, 6.125],"texture":"#0"},"east":{"uv":[1.03125, 5.9375, 1, 6.125],"texture":"#0"},"south":{"uv":[1, 5.9375, 0.5, 6.125],"texture":"#0"},"west":{"uv":[1.03125, 5.9375, 1, 6.125],"texture":"#0"},"up":{"uv":[1, 6.125, 0.5, 6.15625],"texture":"#0"},"down":{"uv":[1, 6.125, 0.5, 6.15625],"texture":"#0"}}},{"from":[3.5, 0, 7.59949],"to":[4, 3, 19.59949],"rotation":{"angle":0,"axis":"y","origin":[9.5, 9.8, 2]},"faces":{"north":{"uv":[2.34375, 5.6875, 2.3125, 5.875],"texture":"#0"},"east":{"uv":[1.75, 5.9375, 1, 6.125],"texture":"#0"},"south":{"uv":[2.34375, 5.6875, 2.3125, 5.875],"texture":"#0"},"west":{"uv":[1.75, 5.9375, 1, 6.125],"texture":"#0"},"up":{"uv":[2.375, 5.6875, 2.34375, 6.4375],"texture":"#0"},"down":{"uv":[2.375, 5.6875, 2.34375, 6.4375],"texture":"#0"}}},{"from":[4, 0.1, 8.09949],"to":[12, 0.1, 19.09949],"rotation":{"angle":0,"axis":"y","origin":[9.5, 9.8, 2]},"faces":{"north":{"uv":[1, 5.9375, 0.5, 5.9375],"texture":"#0"},"east":{"uv":[1.6875, 5.9375, 1, 5.9375],"texture":"#0"},"south":{"uv":[1, 5.9375, 0.5, 5.9375],"texture":"#0"},"west":{"uv":[1.6875, 5.9375, 1, 5.9375],"texture":"#0"},"up":{"uv":[1, 6.15625, 0.5, 6.84375],"texture":"#0"},"down":{"uv":[1, 6.15625, 0.5, 6.84375],"texture":"#0"}}},{"from":[12, 0, 7.59949],"to":[12.5, 3, 19.59949],"rotation":{"angle":0,"axis":"y","origin":[9.5, 9.8, 2]},"faces":{"north":{"uv":[2.3125, 5.6875, 2.34375, 5.875],"texture":"#0"},"east":{"uv":[1, 5.9375, 1.75, 6.125],"texture":"#0"},"south":{"uv":[2.3125, 5.6875, 2.34375, 5.875],"texture":"#0"},"west":{"uv":[1, 5.9375, 1.75, 6.125],"texture":"#0"},"up":{"uv":[2.34375, 5.6875, 2.375, 6.4375],"texture":"#0"},"down":{"uv":[2.34375, 5.6875, 2.375, 6.4375],"texture":"#0"}}},{"from":[4, 0, 7.59949],"to":[12, 3, 8.09949],"rotation":{"angle":0,"axis":"y","origin":[9.5, 9.8, 2]},"faces":{"north":{"uv":[0.5, 5.9375, 1, 6.125],"texture":"#0"},"east":{"uv":[1, 5.9375, 1.03125, 6.125],"texture":"#0"},"south":{"uv":[0.5, 5.9375, 1, 6.125],"texture":"#0"},"west":{"uv":[1, 5.9375, 1.03125, 6.125],"texture":"#0"},"up":{"uv":[0.5, 6.125, 1, 6.15625],"texture":"#0"},"down":{"uv":[0.5, 6.125, 1, 6.15625],"texture":"#0"}}},{"from":[3.4, 0.8, 10.89949],"to":[3.4, 2.8, 14.89949],"rotation":{"angle":0,"axis":"y","origin":[9.5, 9.8, 2]},"faces":{"north":{"uv":[1.8125, 5.5, 1.8125, 5.625],"texture":"#0"},"east":{"uv":[0.75, 5.75, 0.5, 5.875],"texture":"#0"},"south":{"uv":[1.8125, 5.5, 1.8125, 5.625],"texture":"#0"},"west":{"uv":[0.75, 5.75, 0.5, 5.875],"texture":"#0"},"up":{"uv":[1.84375, 5.5, 1.84375, 5.75],"texture":"#0"},"down":{"uv":[1.84375, 5.5, 1.84375, 5.75],"texture":"#0"}}},{"from":[12.6, 0.8, 10.89949],"to":[12.6, 2.8, 14.89949],"rotation":{"angle":0,"axis":"y","origin":[9.5, 9.8, 2]},"faces":{"north":{"uv":[1.8125, 5.5, 1.8125, 5.625],"texture":"#0"},"east":{"uv":[0.5, 5.75, 0.75, 5.875],"texture":"#0"},"south":{"uv":[1.8125, 5.5, 1.8125, 5.625],"texture":"#0"},"west":{"uv":[0.5, 5.75, 0.75, 5.875],"texture":"#0"},"up":{"uv":[1.84375, 5.5, 1.84375, 5.75],"texture":"#0"},"down":{"uv":[1.84375, 5.5, 1.84375, 5.75],"texture":"#0"}}},{"from":[14, 0, 19.09949],"to":[22, 3, 19.59949],"rotation":{"angle":0,"axis":"y","origin":[9.5, 9.8, 2]},"faces":{"north":{"uv":[1, 5.9375, 0.5, 6.125],"texture":"#0"},"east":{"uv":[1.03125, 5.9375, 1, 6.125],"texture":"#0"},"south":{"uv":[1, 5.9375, 0.5, 6.125],"texture":"#0"},"west":{"uv":[1.03125, 5.9375, 1, 6.125],"texture":"#0"},"up":{"uv":[1, 6.125, 0.5, 6.15625],"texture":"#0"},"down":{"uv":[1, 6.125, 0.5, 6.15625],"texture":"#0"}}},{"from":[-5.9, -16, 1.5],"to":[-4.1, -7, 4.5],"rotation":{"angle":45,"axis":"x","origin":[-13, -6, -2]},"faces":{"north":{"uv":[2.7375, 5, 2.625, 5.5625],"rotation":180,"texture":"#0"},"east":{"uv":[5.5, 2.5625, 6.0625, 2.75],"rotation":270,"texture":"#0"},"south":{"uv":[2.7375, 5.5625, 2.625, 5],"texture":"#0"},"west":{"uv":[5.5, 2.5625, 6.0625, 2.75],"rotation":270,"texture":"#0"},"up":{"uv":[2.175, 5.6875, 2.0625, 5.875],"texture":"#0"},"down":{"uv":[2.175, 5.6875, 2.0625, 5.875],"rotation":180,"texture":"#0"}}},{"from":[20.1, -16, 1.5],"to":[21.9, -7, 4.5],"rotation":{"angle":45,"axis":"x","origin":[29, -6, -2]},"faces":{"north":{"uv":[2.625, 5, 2.7375, 5.5625],"rotation":180,"texture":"#0"},"east":{"uv":[5.5, 2.75, 6.0625, 2.5625],"rotation":270,"texture":"#0"},"south":{"uv":[2.625, 5.5625, 2.7375, 5],"texture":"#0"},"west":{"uv":[5.5, 2.75, 6.0625, 2.5625],"rotation":270,"texture":"#0"},"up":{"uv":[2.0625, 5.6875, 2.175, 5.875],"texture":"#0"},"down":{"uv":[2.0625, 5.6875, 2.175, 5.875],"rotation":180,"texture":"#0"}}},{"from":[17.27794, 3.5, 18.67106],"to":[18.27794, 4.5, 19.67106],"rotation":{"angle":0,"axis":"y","origin":[13, 0, 5]},"faces":{"north":{"uv":[6.6875, 3.25, 6.75, 3.3125],"texture":"#0"},"east":{"uv":[6.6875, 3.25, 6.75, 3.3125],"texture":"#0"},"south":{"uv":[6.6875, 3.25, 6.75, 3.3125],"texture":"#0"},"west":{"uv":[6.6875, 3.25, 6.75, 3.3125],"texture":"#0"},"up":{"uv":[6.6875, 3.25, 6.75, 3.3125],"rotation":270,"texture":"#0"},"down":{"uv":[6.6875, 3.25, 6.75, 3.3125],"rotation":90,"texture":"#0"}}},{"from":[15.27794, 1.5, 16.67106],"to":[20.27794, 7, 18.67106],"rotation":{"angle":0,"axis":"y","origin":[13, 0, 5]},"faces":{"north":{"uv":[8.96875, 4.59375, 8.65625, 4.9375],"texture":"#0"},"east":{"uv":[9.21875, 4.59375, 9.09375, 4.9375],"texture":"#0"},"south":{"uv":[8.96875, 4.59375, 8.65625, 4.9375],"texture":"#0"},"west":{"uv":[9.21875, 4.59375, 9.09375, 4.9375],"texture":"#0"},"up":{"uv":[9.09375, 4.59375, 8.96875, 4.90625],"rotation":270,"texture":"#0"},"down":{"uv":[9.09375, 4.59375, 8.96875, 4.90625],"rotation":90,"texture":"#0"}}},{"from":[14.77794, 1, 10.67106],"to":[20.77794, 8, 16.67106],"rotation":{"angle":0,"axis":"y","origin":[13, 0, 5]},"faces":{"north":{"uv":[9.59375, 4.5625, 9.96875, 5],"texture":"#0"},"east":{"uv":[9.96875, 4.5625, 10.34375, 5],"texture":"#0"},"south":{"uv":[9.59375, 4.5625, 9.96875, 5],"texture":"#0"},"west":{"uv":[9.96875, 4.5625, 10.34375, 5],"texture":"#0"},"up":{"uv":[9.21875, 4.59375, 9.59375, 4.96875],"rotation":270,"texture":"#0"},"down":{"uv":[9.21875, 4.59375, 9.59375, 4.96875],"rotation":90,"texture":"#0"}}},{"from":[15.27794, 1.5, 8.67106],"to":[20.27794, 7, 10.67106],"rotation":{"angle":0,"axis":"y","origin":[13, 0, 5]},"faces":{"north":{"uv":[8.65625, 4.59375, 8.96875, 4.9375],"texture":"#0"},"east":{"uv":[9.09375, 4.59375, 9.21875, 4.9375],"texture":"#0"},"south":{"uv":[8.65625, 4.59375, 8.96875, 4.9375],"texture":"#0"},"west":{"uv":[9.09375, 4.59375, 9.21875, 4.9375],"texture":"#0"},"up":{"uv":[8.96875, 4.59375, 9.09375, 4.90625],"rotation":270,"texture":"#0"},"down":{"uv":[8.96875, 4.59375, 9.09375, 4.90625],"rotation":90,"texture":"#0"}}},{"from":[17.27794, 3.5, 7.67106],"to":[18.27794, 4.5, 8.67106],"rotation":{"angle":0,"axis":"y","origin":[13, 0, 5]},"faces":{"north":{"uv":[6.75, 3.25, 6.6875, 3.3125],"texture":"#0"},"east":{"uv":[6.75, 3.25, 6.6875, 3.3125],"texture":"#0"},"south":{"uv":[6.75, 3.25, 6.6875, 3.3125],"texture":"#0"},"west":{"uv":[6.75, 3.25, 6.6875, 3.3125],"texture":"#0"},"up":{"uv":[6.75, 3.25, 6.6875, 3.3125],"rotation":270,"texture":"#0"},"down":{"uv":[6.75, 3.25, 6.6875, 3.3125],"rotation":90,"texture":"#0"}}},{"from":[10, 2, 8],"to":[12, 3.5, 11],"rotation":{"angle":0,"axis":"y","origin":[7, 2, 9]},"faces":{"north":{"uv":[8.75, 5.125, 8.625, 5.21875],"texture":"#0"},"east":{"uv":[8.9375, 5.125, 8.75, 5.21875],"texture":"#0"},"south":{"uv":[8.75, 5.125, 8.625, 5.21875],"texture":"#0"},"west":{"uv":[8.9375, 5.125, 8.75, 5.21875],"texture":"#0"},"up":{"uv":[8.9375, 5.21875, 8.75, 5.34375],"rotation":270,"texture":"#0"},"down":{"uv":[8.9375, 5.21875, 8.75, 5.34375],"rotation":90,"texture":"#0"}}},{"from":[9.5, -1, 14.5],"to":[12, 1, 18],"rotation":{"angle":-22.5,"axis":"x","origin":[7, 2, 9]},"faces":{"north":{"uv":[8.9375, 5.625, 8.78125, 5.75],"texture":"#0"},"east":{"uv":[8.9375, 5.5, 8.71875, 5.625],"texture":"#0"},"south":{"uv":[8.9375, 5.625, 8.78125, 5.75],"texture":"#0"},"west":{"uv":[8.9375, 5.5, 8.71875, 5.625],"texture":"#0"},"up":{"uv":[8.9375, 5.34375, 8.71875, 5.5],"rotation":270,"texture":"#0"},"down":{"uv":[8.9375, 5.34375, 8.71875, 5.5],"rotation":90,"texture":"#0"}}},{"from":[10.2, -3.5, 15.9],"to":[11.2, -2.5, 18.4],"rotation":{"angle":-45,"axis":"x","origin":[7, 2, 9]},"faces":{"north":{"uv":[8.59375, 5.28125, 8.53125, 5.34375],"texture":"#0"},"east":{"uv":[8.75, 5.21875, 8.59375, 5.28125],"texture":"#0"},"south":{"uv":[8.59375, 5.28125, 8.53125, 5.34375],"texture":"#0"},"west":{"uv":[8.75, 5.21875, 8.59375, 5.28125],"texture":"#0"},"up":{"uv":[8.75, 5.28125, 8.59375, 5.34375],"rotation":270,"texture":"#0"},"down":{"uv":[8.75, 5.28125, 8.59375, 5.34375],"rotation":90,"texture":"#0"}}},{"from":[4.8, -3.5, 15.9],"to":[5.8, -2.5, 18.4],"rotation":{"angle":-45,"axis":"x","origin":[7, 2, 9]},"faces":{"north":{"uv":[8.53125, 5.28125, 8.59375, 5.34375],"texture":"#0"},"east":{"uv":[8.59375, 5.21875, 8.75, 5.28125],"texture":"#0"},"south":{"uv":[8.53125, 5.28125, 8.59375, 5.34375],"texture":"#0"},"west":{"uv":[8.59375, 5.21875, 8.75, 5.28125],"texture":"#0"},"up":{"uv":[8.75, 5.34375, 8.59375, 5.28125],"rotation":270,"texture":"#0"},"down":{"uv":[8.75, 5.34375, 8.59375, 5.28125],"rotation":90,"texture":"#0"}}},{"from":[4, -1, 14.5],"to":[6.5, 1, 18],"rotation":{"angle":-22.5,"axis":"x","origin":[7, 2, 9]},"faces":{"north":{"uv":[8.78125, 5.625, 8.9375, 5.75],"texture":"#0"},"east":{"uv":[8.71875, 5.5, 8.9375, 5.625],"texture":"#0"},"south":{"uv":[8.78125, 5.625, 8.9375, 5.75],"texture":"#0"},"west":{"uv":[8.71875, 5.5, 8.9375, 5.625],"texture":"#0"},"up":{"uv":[8.9375, 5.5, 8.71875, 5.34375],"rotation":270,"texture":"#0"},"down":{"uv":[8.9375, 5.5, 8.71875, 5.34375],"rotation":90,"texture":"#0"}}},{"from":[5, 2, 9],"to":[11, 5.5, 17],"rotation":{"angle":0,"axis":"y","origin":[7, 2, 9]},"faces":{"north":{"uv":[9.4375, 5.71875, 9.0625, 5.9375],"texture":"#0"},"east":{"uv":[9.4375, 5.5, 8.9375, 5.71875],"texture":"#0"},"south":{"uv":[9.4375, 5.71875, 9.0625, 5.9375],"texture":"#0"},"west":{"uv":[9.4375, 5.5, 8.9375, 5.71875],"texture":"#0"},"up":{"uv":[9.4375, 5.125, 8.9375, 5.5],"rotation":270,"texture":"#0"},"down":{"uv":[9.4375, 5.125, 8.9375, 5.5],"rotation":90,"texture":"#0"}}},{"from":[4, 2, 8],"to":[6, 3.5, 11],"rotation":{"angle":0,"axis":"y","origin":[7, 2, 9]},"faces":{"north":{"uv":[8.625, 5.125, 8.75, 5.21875],"texture":"#0"},"east":{"uv":[8.75, 5.125, 8.9375, 5.21875],"texture":"#0"},"south":{"uv":[8.625, 5.125, 8.75, 5.21875],"texture":"#0"},"west":{"uv":[8.75, 5.125, 8.9375, 5.21875],"texture":"#0"},"up":{"uv":[8.9375, 5.34375, 8.75, 5.21875],"rotation":270,"texture":"#0"},"down":{"uv":[8.9375, 5.34375, 8.75, 5.21875],"rotation":90,"texture":"#0"}}},{"from":[-5.5, -7, -4],"to":[-1.5, -5, -3],"faces":{"north":{"uv":[5.6875, 8.125, 5.9375, 8.25],"texture":"#0"},"east":{"uv":[5.9375, 8, 6, 8.125],"texture":"#0"},"south":{"uv":[5.6875, 8.125, 5.9375, 8.25],"rotation":180,"texture":"#0"},"west":{"uv":[5.9375, 8, 6, 8.125],"rotation":180,"texture":"#0"},"up":{"uv":[5.6875, 8.0625, 5.9375, 8.125],"rotation":180,"texture":"#0"},"down":{"uv":[5.9375, 8.0625, 5.6875, 8.125],"texture":"#0"}}},{"from":[-6, -7, -3],"to":[-1, -5, 1],"faces":{"north":{"uv":[5.375, 8.1875, 5.6875, 8.3125],"texture":"#0"},"east":{"uv":[5.6875, 7.9375, 5.9375, 8.0625],"texture":"#0"},"south":{"uv":[5.375, 8.1875, 5.6875, 8.3125],"rotation":180,"texture":"#0"},"west":{"uv":[5.6875, 7.9375, 5.9375, 8.0625],"rotation":180,"texture":"#0"},"up":{"uv":[5.375, 7.9375, 5.6875, 8.1875],"rotation":180,"texture":"#0"},"down":{"uv":[5.6875, 7.9375, 5.375, 8.1875],"texture":"#0"}}},{"from":[-6, -7, 1],"to":[-3, -5, 2],"faces":{"north":{"uv":[5.375, 8.3125, 5.5625, 8.4375],"rotation":180,"texture":"#0"},"east":{"uv":[5.9375, 8.125, 6, 8.25],"texture":"#0"},"south":{"uv":[5.375, 8.3125, 5.5625, 8.4375],"texture":"#0"},"west":{"uv":[5.9375, 8.125, 6, 8.25],"rotation":180,"texture":"#0"},"up":{"uv":[5.6875, 8.25, 5.875, 8.3125],"rotation":180,"texture":"#0"},"down":{"uv":[5.875, 8.25, 5.6875, 8.3125],"texture":"#0"}}},{"from":[-6, -7, 2],"to":[-4, -5, 4],"faces":{"north":{"uv":[5.8125, 8.3125, 5.9375, 8.4375],"rotation":180,"texture":"#0"},"east":{"uv":[5.6875, 8.3125, 5.8125, 8.4375],"texture":"#0"},"south":{"uv":[5.8125, 8.3125, 5.9375, 8.4375],"texture":"#0"},"west":{"uv":[5.6875, 8.3125, 5.8125, 8.4375],"rotation":180,"texture":"#0"},"up":{"uv":[5.5625, 8.3125, 5.6875, 8.4375],"rotation":180,"texture":"#0"},"down":{"uv":[5.6875, 8.3125, 5.5625, 8.4375],"texture":"#0"}}},{"from":[18, -7, 2],"to":[20, -5, 4],"rotation":{"angle":22.5,"axis":"y","origin":[16, 0, 0]},"faces":{"north":{"uv":[5.9375, 8.3125, 5.8125, 8.4375],"rotation":180,"texture":"#0"},"east":{"uv":[5.8125, 8.3125, 5.6875, 8.4375],"rotation":180,"texture":"#0"},"south":{"uv":[5.9375, 8.3125, 5.8125, 8.4375],"texture":"#0"},"west":{"uv":[5.8125, 8.3125, 5.6875, 8.4375],"texture":"#0"},"up":{"uv":[5.6875, 8.3125, 5.5625, 8.4375],"rotation":180,"texture":"#0"},"down":{"uv":[5.5625, 8.3125, 5.6875, 8.4375],"texture":"#0"}}},{"from":[15, -7, -3],"to":[20, -5, 1],"rotation":{"angle":22.5,"axis":"y","origin":[16, 0, 0]},"faces":{"north":{"uv":[5.6875, 8.1875, 5.375, 8.3125],"texture":"#0"},"east":{"uv":[5.9375, 7.9375, 5.6875, 8.0625],"rotation":180,"texture":"#0"},"south":{"uv":[5.6875, 8.1875, 5.375, 8.3125],"rotation":180,"texture":"#0"},"west":{"uv":[5.9375, 7.9375, 5.6875, 8.0625],"texture":"#0"},"up":{"uv":[5.6875, 7.9375, 5.375, 8.1875],"rotation":180,"texture":"#0"},"down":{"uv":[5.375, 7.9375, 5.6875, 8.1875],"texture":"#0"}}},{"from":[15.5, -7, -4],"to":[19.5, -5, -3],"rotation":{"angle":22.5,"axis":"y","origin":[16, 0, 0]},"faces":{"north":{"uv":[5.9375, 8.125, 5.6875, 8.25],"texture":"#0"},"east":{"uv":[6, 8, 5.9375, 8.125],"rotation":180,"texture":"#0"},"south":{"uv":[5.9375, 8.125, 5.6875, 8.25],"rotation":180,"texture":"#0"},"west":{"uv":[6, 8, 5.9375, 8.125],"texture":"#0"},"up":{"uv":[5.9375, 8.0625, 5.6875, 8.125],"rotation":180,"texture":"#0"},"down":{"uv":[5.6875, 8.0625, 5.9375, 8.125],"texture":"#0"}}},{"from":[17, -7, 1],"to":[20, -5, 2],"rotation":{"angle":22.5,"axis":"y","origin":[16, 0, 0]},"faces":{"north":{"uv":[5.5625, 8.3125, 5.375, 8.4375],"rotation":180,"texture":"#0"},"east":{"uv":[6, 8.125, 5.9375, 8.25],"rotation":180,"texture":"#0"},"south":{"uv":[5.5625, 8.3125, 5.375, 8.4375],"texture":"#0"},"west":{"uv":[6, 8.125, 5.9375, 8.25],"texture":"#0"},"up":{"uv":[5.875, 8.25, 5.6875, 8.3125],"rotation":180,"texture":"#0"},"down":{"uv":[5.6875, 8.25, 5.875, 8.3125],"texture":"#0"}}},{"from":[-3, -5, 4],"to":[-1, -3, 6],"rotation":{"angle":-22.5,"axis":"y","origin":[0, 0, 0]},"faces":{"north":{"uv":[5.8125, 8.3125, 5.9375, 8.4375],"rotation":180,"texture":"#0"},"east":{"uv":[5.6875, 8.3125, 5.8125, 8.4375],"texture":"#0"},"south":{"uv":[5.8125, 8.3125, 5.9375, 8.4375],"texture":"#0"},"west":{"uv":[5.6875, 8.3125, 5.8125, 8.4375],"rotation":180,"texture":"#0"},"up":{"uv":[5.5625, 8.3125, 5.6875, 8.4375],"rotation":180,"texture":"#0"},"down":{"uv":[5.6875, 8.3125, 5.5625, 8.4375],"texture":"#0"}}},{"from":[-3, -5, 3],"to":[0, -3, 4],"rotation":{"angle":-22.5,"axis":"y","origin":[0, 0, 0]},"faces":{"north":{"uv":[5.375, 8.3125, 5.5625, 8.4375],"rotation":180,"texture":"#0"},"east":{"uv":[5.9375, 8.125, 6, 8.25],"texture":"#0"},"south":{"uv":[5.375, 8.3125, 5.5625, 8.4375],"texture":"#0"},"west":{"uv":[5.9375, 8.125, 6, 8.25],"rotation":180,"texture":"#0"},"up":{"uv":[5.6875, 8.25, 5.875, 8.3125],"rotation":180,"texture":"#0"},"down":{"uv":[5.875, 8.25, 5.6875, 8.3125],"texture":"#0"}}},{"from":[-3, -5, -1],"to":[2, -3, 3],"rotation":{"angle":-22.5,"axis":"y","origin":[0, 0, 0]},"faces":{"north":{"uv":[5.375, 8.1875, 5.6875, 8.3125],"texture":"#0"},"east":{"uv":[5.6875, 7.9375, 5.9375, 8.0625],"texture":"#0"},"south":{"uv":[5.375, 8.1875, 5.6875, 8.3125],"rotation":180,"texture":"#0"},"west":{"uv":[5.6875, 7.9375, 5.9375, 8.0625],"rotation":180,"texture":"#0"},"up":{"uv":[5.375, 7.9375, 5.6875, 8.1875],"rotation":180,"texture":"#0"},"down":{"uv":[5.6875, 7.9375, 5.375, 8.1875],"texture":"#0"}}},{"from":[-2.5, -5, -2],"to":[1.5, -3, -1],"rotation":{"angle":-22.5,"axis":"y","origin":[0, 0, 0]},"faces":{"north":{"uv":[5.6875, 8.125, 5.9375, 8.25],"texture":"#0"},"east":{"uv":[5.9375, 8, 6, 8.125],"texture":"#0"},"south":{"uv":[5.6875, 8.125, 5.9375, 8.25],"rotation":180,"texture":"#0"},"west":{"uv":[5.9375, 8, 6, 8.125],"rotation":180,"texture":"#0"},"up":{"uv":[5.6875, 8.0625, 5.9375, 8.125],"rotation":180,"texture":"#0"},"down":{"uv":[5.9375, 8.0625, 5.6875, 8.125],"texture":"#0"}}},{"from":[-5, -10.5, 17],"to":[-3, -8.5, 19],"rotation":{"angle":-45,"axis":"x","origin":[0, 0, 0]},"faces":{"north":{"uv":[6.4375, 8.21875, 6.5625, 8.34375],"rotation":180,"texture":"#0"},"east":{"uv":[6.3125, 8.21875, 6.4375, 8.34375],"texture":"#0"},"south":{"uv":[6.4375, 8.21875, 6.5625, 8.34375],"texture":"#0"},"west":{"uv":[6.3125, 8.21875, 6.4375, 8.34375],"rotation":180,"texture":"#0"},"up":{"uv":[6.1875, 8.21875, 6.3125, 8.34375],"rotation":180,"texture":"#0"},"down":{"uv":[6.3125, 8.21875, 6.1875, 8.34375],"texture":"#0"}}},{"from":[-5, -10.5, 16],"to":[-2, -8.5, 17],"rotation":{"angle":-45,"axis":"x","origin":[0, 0, 0]},"faces":{"north":{"uv":[6, 8.21875, 6.1875, 8.34375],"rotation":180,"texture":"#0"},"east":{"uv":[6.5625, 8.03125, 6.625, 8.15625],"texture":"#0"},"south":{"uv":[6, 8.21875, 6.1875, 8.34375],"texture":"#0"},"west":{"uv":[6.5625, 8.03125, 6.625, 8.15625],"rotation":180,"texture":"#0"},"up":{"uv":[6.3125, 8.15625, 6.5, 8.21875],"rotation":180,"texture":"#0"},"down":{"uv":[6.5, 8.15625, 6.3125, 8.21875],"texture":"#0"}}},{"from":[-5, -10.5, 12],"to":[0, -8.5, 16],"rotation":{"angle":-45,"axis":"x","origin":[0, 0, 0]},"faces":{"north":{"uv":[6, 8.09375, 6.3125, 8.21875],"texture":"#0"},"east":{"uv":[6.3125, 7.84375, 6.5625, 7.96875],"texture":"#0"},"south":{"uv":[6, 8.09375, 6.3125, 8.21875],"rotation":180,"texture":"#0"},"west":{"uv":[6.3125, 7.84375, 6.5625, 7.96875],"rotation":180,"texture":"#0"},"up":{"uv":[6, 7.84375, 6.3125, 8.09375],"rotation":180,"texture":"#0"},"down":{"uv":[6.3125, 7.84375, 6, 8.09375],"texture":"#0"}}},{"from":[-4.5, -10.5, 11],"to":[-0.5, -8.5, 12],"rotation":{"angle":-45,"axis":"x","origin":[0, 0, 0]},"faces":{"north":{"uv":[6.3125, 8.03125, 6.5625, 8.15625],"texture":"#0"},"east":{"uv":[6.5625, 7.90625, 6.625, 8.03125],"texture":"#0"},"south":{"uv":[6.3125, 8.03125, 6.5625, 8.15625],"rotation":180,"texture":"#0"},"west":{"uv":[6.5625, 7.90625, 6.625, 8.03125],"rotation":180,"texture":"#0"},"up":{"uv":[6.3125, 7.96875, 6.5625, 8.03125],"rotation":180,"texture":"#0"},"down":{"uv":[6.5625, 7.96875, 6.3125, 8.03125],"texture":"#0"}}},{"from":[5, 0.5, 12],"to":[7, 2.5, 14],"rotation":{"angle":-45,"axis":"y","origin":[0, 0, 0]},"faces":{"north":{"uv":[6.4375, 8.21875, 6.5625, 8.34375],"rotation":180,"texture":"#0"},"east":{"uv":[6.3125, 8.21875, 6.4375, 8.34375],"texture":"#0"},"south":{"uv":[6.4375, 8.21875, 6.5625, 8.34375],"texture":"#0"},"west":{"uv":[6.3125, 8.21875, 6.4375, 8.34375],"rotation":180,"texture":"#0"},"up":{"uv":[6.1875, 8.21875, 6.3125, 8.34375],"rotation":180,"texture":"#0"},"down":{"uv":[6.3125, 8.21875, 6.1875, 8.34375],"texture":"#0"}}},{"from":[5, 0.5, 11],"to":[8, 2.5, 12],"rotation":{"angle":-45,"axis":"y","origin":[0, 0, 0]},"faces":{"north":{"uv":[6, 8.21875, 6.1875, 8.34375],"rotation":180,"texture":"#0"},"east":{"uv":[6.5625, 8.03125, 6.625, 8.15625],"texture":"#0"},"south":{"uv":[6, 8.21875, 6.1875, 8.34375],"texture":"#0"},"west":{"uv":[6.5625, 8.03125, 6.625, 8.15625],"rotation":180,"texture":"#0"},"up":{"uv":[6.3125, 8.15625, 6.5, 8.21875],"rotation":180,"texture":"#0"},"down":{"uv":[6.5, 8.15625, 6.3125, 8.21875],"texture":"#0"}}},{"from":[5, 0.5, 7],"to":[10, 2.5, 11],"rotation":{"angle":-45,"axis":"y","origin":[0, 0, 0]},"faces":{"north":{"uv":[6, 8.09375, 6.3125, 8.21875],"texture":"#0"},"east":{"uv":[6.3125, 7.84375, 6.5625, 7.96875],"texture":"#0"},"south":{"uv":[6, 8.09375, 6.3125, 8.21875],"rotation":180,"texture":"#0"},"west":{"uv":[6.3125, 7.84375, 6.5625, 7.96875],"rotation":180,"texture":"#0"},"up":{"uv":[6, 7.84375, 6.3125, 8.09375],"rotation":180,"texture":"#0"},"down":{"uv":[6.3125, 7.84375, 6, 8.09375],"texture":"#0"}}},{"from":[5.5, 0.5, 6],"to":[9.5, 2.5, 7],"rotation":{"angle":-45,"axis":"y","origin":[0, 0, 0]},"faces":{"north":{"uv":[6.3125, 8.03125, 6.5625, 8.15625],"texture":"#0"},"east":{"uv":[6.5625, 7.90625, 6.625, 8.03125],"texture":"#0"},"south":{"uv":[6.3125, 8.03125, 6.5625, 8.15625],"rotation":180,"texture":"#0"},"west":{"uv":[6.5625, 7.90625, 6.625, 8.03125],"rotation":180,"texture":"#0"},"up":{"uv":[6.3125, 7.96875, 6.5625, 8.03125],"rotation":180,"texture":"#0"},"down":{"uv":[6.5625, 7.96875, 6.3125, 8.03125],"texture":"#0"}}},{"from":[20, -13, 0],"to":[22, -10, 23],"faces":{"north":{"uv":[2.0625, 5.6875, 2.1875, 5.875],"texture":"#0"},"east":{"uv":[5.8125, 2.5625, 7.25, 2.75],"texture":"#0"},"south":{"uv":[2.0625, 5.6875, 2.1875, 5.875],"texture":"#0"},"west":{"uv":[5.8125, 2.5625, 7.25, 2.75],"texture":"#0"},"up":{"uv":[2.75, 6.125, 2.625, 4.6875],"texture":"#0"},"down":{"uv":[2.75, 6.125, 2.625, 4.6875],"texture":"#0"}}},{"from":[13.5, 0, 7.59949],"to":[14, 3, 19.59949],"rotation":{"angle":0,"axis":"y","origin":[9.5, 9.8, 2]},"faces":{"north":{"uv":[2.34375, 5.6875, 2.3125, 5.875],"texture":"#0"},"east":{"uv":[1.75, 5.9375, 1, 6.125],"texture":"#0"},"south":{"uv":[2.34375, 5.6875, 2.3125, 5.875],"texture":"#0"},"west":{"uv":[1.75, 5.9375, 1, 6.125],"texture":"#0"},"up":{"uv":[2.375, 5.6875, 2.34375, 6.4375],"texture":"#0"},"down":{"uv":[2.375, 5.6875, 2.34375, 6.4375],"texture":"#0"}}},{"from":[14, 0.1, 8.09949],"to":[22, 0.1, 19.09949],"rotation":{"angle":0,"axis":"y","origin":[9.5, 9.8, 2]},"faces":{"north":{"uv":[1, 5.9375, 0.5, 5.9375],"texture":"#0"},"east":{"uv":[1.6875, 5.9375, 1, 5.9375],"texture":"#0"},"south":{"uv":[1, 5.9375, 0.5, 5.9375],"texture":"#0"},"west":{"uv":[1.6875, 5.9375, 1, 5.9375],"texture":"#0"},"up":{"uv":[1, 6.15625, 0.5, 6.84375],"texture":"#0"},"down":{"uv":[1, 6.15625, 0.5, 6.84375],"texture":"#0"}}},{"from":[22, 0, 7.59949],"to":[22.5, 3, 19.59949],"rotation":{"angle":0,"axis":"y","origin":[9.5, 9.8, 2]},"faces":{"north":{"uv":[2.3125, 5.6875, 2.34375, 5.875],"texture":"#0"},"east":{"uv":[1, 5.9375, 1.75, 6.125],"texture":"#0"},"south":{"uv":[2.3125, 5.6875, 2.34375, 5.875],"texture":"#0"},"west":{"uv":[1, 5.9375, 1.75, 6.125],"texture":"#0"},"up":{"uv":[2.34375, 5.6875, 2.375, 6.4375],"texture":"#0"},"down":{"uv":[2.34375, 5.6875, 2.375, 6.4375],"texture":"#0"}}},{"from":[14, 0, 7.59949],"to":[22, 3, 8.09949],"rotation":{"angle":0,"axis":"y","origin":[9.5, 9.8, 2]},"faces":{"north":{"uv":[0.5, 5.9375, 1, 6.125],"texture":"#0"},"east":{"uv":[1, 5.9375, 1.03125, 6.125],"texture":"#0"},"south":{"uv":[0.5, 5.9375, 1, 6.125],"texture":"#0"},"west":{"uv":[1, 5.9375, 1.03125, 6.125],"texture":"#0"},"up":{"uv":[0.5, 6.125, 1, 6.15625],"texture":"#0"},"down":{"uv":[0.5, 6.125, 1, 6.15625],"texture":"#0"}}},{"from":[13.4, 0.8, 10.89949],"to":[13.4, 2.8, 14.89949],"rotation":{"angle":0,"axis":"y","origin":[9.5, 9.8, 2]},"faces":{"north":{"uv":[1.8125, 5.5, 1.8125, 5.625],"texture":"#0"},"east":{"uv":[0.75, 5.75, 0.5, 5.875],"texture":"#0"},"south":{"uv":[1.8125, 5.5, 1.8125, 5.625],"texture":"#0"},"west":{"uv":[0.75, 5.75, 0.5, 5.875],"texture":"#0"},"up":{"uv":[1.84375, 5.5, 1.84375, 5.75],"texture":"#0"},"down":{"uv":[1.84375, 5.5, 1.84375, 5.75],"texture":"#0"}}},{"from":[22.6, 0.8, 10.89949],"to":[22.6, 2.8, 14.89949],"rotation":{"angle":0,"axis":"y","origin":[9.5, 9.8, 2]},"faces":{"north":{"uv":[1.8125, 5.5, 1.8125, 5.625],"texture":"#0"},"east":{"uv":[0.5, 5.75, 0.75, 5.875],"texture":"#0"},"south":{"uv":[1.8125, 5.5, 1.8125, 5.625],"texture":"#0"},"west":{"uv":[0.5, 5.75, 0.75, 5.875],"texture":"#0"},"up":{"uv":[1.84375, 5.5, 1.84375, 5.75],"texture":"#0"},"down":{"uv":[1.84375, 5.5, 1.84375, 5.75],"texture":"#0"}}}],"gui_light":"front","display":{"thirdperson_righthand":{"rotation":[67.5, 0, 0],"translation":[0, 3.25, 3.25],"scale":[0.25, 0.25, 0.25]},"thirdperson_lefthand":{"rotation":[67.5, 0, 0],"translation":[0, 3.25, 3.25],"scale":[0.25, 0.25, 0.25]},"firstperson_righthand":{"rotation":[0, 225, 0],"translation":[5, 4.5, 0],"scale":[0.4, 0.4, 0.4]},"firstperson_lefthand":{"rotation":[0, 225, 0],"translation":[5, 4.5, 0],"scale":[0.4, 0.4, 0.4]},"ground":{"translation":[0, 3, 0],"scale":[0.25, 0.25, 0.25]},"gui":{"rotation":[30, 225, 0],"translation":[0, 4, 0],"scale":[0.35508, 0.35508, 0.35508]},"head":{"translation":[0, 2.25, -11.75],"scale":[0, 0, 0]},"fixed":{"rotation":[-90, 0, 0],"translation":[-0.5, -13.75, -55.25],"scale":[2.3, 2.3, 2.3]}}}