{"texture_size":[256, 256],"textures":{"1":"custom/furniture/medieval_market/medievalmarket","particle":"custom/furniture/medieval_market/medievalmarket"},"elements":[{"from":[23, -16, -7],"to":[27, 16, -3],"faces":{"north":{"uv":[0.25, 4.6875, 0, 6.6875],"texture":"#1"},"east":{"uv":[0.25, 4.6875, 0.5, 6.6875],"texture":"#1"},"south":{"uv":[0.25, 4.6875, 0, 6.6875],"texture":"#1"},"west":{"uv":[0.25, 4.6875, 0.5, 6.6875],"texture":"#1"},"up":{"uv":[1.4375, 5.8125, 1.1875, 5.5625],"texture":"#1"},"down":{"uv":[1.4375, 5.8125, 1.1875, 5.5625],"texture":"#1"}}},{"from":[-11, -16, -7],"to":[-7, 16, -3],"rotation":{"angle":0,"axis":"y","origin":[16, 0, 0]},"faces":{"north":{"uv":[0, 4.6875, 0.25, 6.6875],"texture":"#1"},"east":{"uv":[0.5, 4.6875, 0.25, 6.6875],"texture":"#1"},"south":{"uv":[0, 4.6875, 0.25, 6.6875],"texture":"#1"},"west":{"uv":[0.5, 4.6875, 0.25, 6.6875],"texture":"#1"},"up":{"uv":[1.1875, 5.8125, 1.4375, 5.5625],"texture":"#1"},"down":{"uv":[1.1875, 5.8125, 1.4375, 5.5625],"texture":"#1"}}},{"from":[-11, -16, 23],"to":[-7, 16, 27],"rotation":{"angle":0,"axis":"y","origin":[16, 0, 16]},"faces":{"north":{"uv":[0.25, 4.6875, 0, 6.6875],"texture":"#1"},"east":{"uv":[0.25, 4.6875, 0.5, 6.6875],"texture":"#1"},"south":{"uv":[0.25, 4.6875, 0, 6.6875],"texture":"#1"},"west":{"uv":[0.25, 4.6875, 0.5, 6.6875],"texture":"#1"},"up":{"uv":[1.1875, 5.5625, 1.4375, 5.8125],"texture":"#1"},"down":{"uv":[1.1875, 5.5625, 1.4375, 5.8125],"texture":"#1"}}},{"from":[4, -16, 23],"to":[8, 16, 27],"rotation":{"angle":0,"axis":"y","origin":[16, 0, 16]},"faces":{"north":{"uv":[0.25, 4.6875, 0, 6.6875],"texture":"#1"},"east":{"uv":[0.25, 4.6875, 0.5, 6.6875],"texture":"#1"},"south":{"uv":[0.25, 4.6875, 0, 6.6875],"texture":"#1"},"west":{"uv":[0.25, 4.6875, 0.5, 6.6875],"texture":"#1"},"up":{"uv":[1.1875, 5.5625, 1.4375, 5.8125],"texture":"#1"},"down":{"uv":[1.1875, 5.5625, 1.4375, 5.8125],"texture":"#1"}}},{"from":[23, -16, 23],"to":[27, 16, 27],"rotation":{"angle":0,"axis":"y","origin":[0, 0, 16]},"faces":{"north":{"uv":[0, 4.6875, 0.25, 6.6875],"texture":"#1"},"east":{"uv":[0.5, 4.6875, 0.25, 6.6875],"texture":"#1"},"south":{"uv":[0, 4.6875, 0.25, 6.6875],"texture":"#1"},"west":{"uv":[0.5, 4.6875, 0.25, 6.6875],"texture":"#1"},"up":{"uv":[1.4375, 5.5625, 1.1875, 5.8125],"texture":"#1"},"down":{"uv":[1.4375, 5.5625, 1.1875, 5.8125],"texture":"#1"}}},{"from":[-16, 16, -7],"to":[32, 20, -3],"faces":{"north":{"uv":[4.125, 5, 7.125, 5.25],"texture":"#1"},"east":{"uv":[1.4375, 5.5625, 1.6875, 5.8125],"texture":"#1"},"south":{"uv":[4.125, 5, 7.125, 5.25],"texture":"#1"},"west":{"uv":[1.4375, 5.5625, 1.6875, 5.8125],"texture":"#1"},"up":{"uv":[4.125, 5, 7.125, 5.25],"texture":"#1"},"down":{"uv":[4.125, 5, 7.125, 5.25],"texture":"#1"}}},{"from":[-16, 28, 8],"to":[32, 32, 12],"faces":{"north":{"uv":[4.125, 5, 7.125, 5.25],"texture":"#1"},"east":{"uv":[1.4375, 5.5625, 1.6875, 5.8125],"texture":"#1"},"south":{"uv":[4.125, 5, 7.125, 5.25],"texture":"#1"},"west":{"uv":[1.4375, 5.5625, 1.6875, 5.8125],"texture":"#1"},"up":{"uv":[4.125, 5, 7.125, 5.25],"texture":"#1"},"down":{"uv":[4.125, 5, 7.125, 5.25],"texture":"#1"}}},{"from":[-16, 16, 23],"to":[32, 20, 27],"rotation":{"angle":0,"axis":"y","origin":[0, 0, 16]},"faces":{"north":{"uv":[7.125, 5, 4.125, 5.25],"texture":"#1"},"east":{"uv":[1.6875, 5.5625, 1.4375, 5.8125],"texture":"#1"},"south":{"uv":[7.125, 5, 4.125, 5.25],"texture":"#1"},"west":{"uv":[1.6875, 5.5625, 1.4375, 5.8125],"texture":"#1"},"up":{"uv":[7.125, 5, 4.125, 5.25],"texture":"#1"},"down":{"uv":[7.125, 5, 4.125, 5.25],"texture":"#1"}}},{"from":[23, 16, -3],"to":[27, 20, 23],"faces":{"north":{"uv":[0, 0, 0, 0],"texture":"#1"},"east":{"uv":[0.5, 5.125, 2.125, 5.375],"texture":"#1"},"south":{"uv":[0, 0, 0, 0],"texture":"#1"},"west":{"uv":[0.5, 5.125, 2.125, 5.375],"texture":"#1"},"up":{"uv":[2.625, 6.3125, 2.375, 4.6875],"texture":"#1"},"down":{"uv":[2.625, 6.3125, 2.375, 4.6875],"texture":"#1"}}},{"from":[-11, 16, -3],"to":[-7, 20, 23],"rotation":{"angle":0,"axis":"y","origin":[16, 0, 0]},"faces":{"north":{"uv":[0, 0, 0, 0],"texture":"#1"},"east":{"uv":[2.125, 5.125, 0.5, 5.375],"texture":"#1"},"south":{"uv":[0, 0, 0, 0],"texture":"#1"},"west":{"uv":[2.125, 5.125, 0.5, 5.375],"texture":"#1"},"up":{"uv":[2.375, 6.3125, 2.625, 4.6875],"texture":"#1"},"down":{"uv":[2.375, 6.3125, 2.625, 4.6875],"texture":"#1"}}},{"from":[23, 20, 8],"to":[27, 28, 12],"faces":{"north":{"uv":[5.5, 4.0625, 5.75, 4.5625],"texture":"#1"},"east":{"uv":[5.5, 4.0625, 5.75, 4.5625],"texture":"#1"},"south":{"uv":[5.5, 4.0625, 5.75, 4.5625],"texture":"#1"},"west":{"uv":[5.5, 4.0625, 5.75, 4.5625],"texture":"#1"},"up":{"uv":[1.9375, 5.8125, 1.6875, 5.5625],"texture":"#1"},"down":{"uv":[1.9375, 5.8125, 1.6875, 5.5625],"texture":"#1"}}},{"from":[-11, 20, 8],"to":[-7, 28, 12],"rotation":{"angle":0,"axis":"y","origin":[16, 0, 0]},"faces":{"north":{"uv":[5.75, 4.0625, 5.5, 4.5625],"texture":"#1"},"east":{"uv":[5.75, 4.0625, 5.5, 4.5625],"texture":"#1"},"south":{"uv":[5.75, 4.0625, 5.5, 4.5625],"texture":"#1"},"west":{"uv":[5.75, 4.0625, 5.5, 4.5625],"texture":"#1"},"up":{"uv":[1.6875, 5.8125, 1.9375, 5.5625],"texture":"#1"},"down":{"uv":[1.6875, 5.8125, 1.9375, 5.5625],"texture":"#1"}}},{"from":[-15, -3, -12],"to":[31, 0, -1],"faces":{"north":{"uv":[5.5, 2.1875, 8.375, 2.375],"texture":"#1"},"east":{"uv":[0.5, 5.5625, 1.1875, 5.75],"texture":"#1"},"south":{"uv":[5.5, 2.1875, 8.375, 2.375],"texture":"#1"},"west":{"uv":[0.5, 5.5625, 1.1875, 5.75],"texture":"#1"},"up":{"uv":[6.625, 1.625, 3.75, 0.9375],"texture":"#1"},"down":{"uv":[6.625, 0.9375, 3.75, 1.625],"texture":"#1"}}},{"from":[-8, -14, 20],"to":[-6, -6, 22],"rotation":{"angle":0,"axis":"y","origin":[23, 0, 13]},"faces":{"north":{"uv":[7.25, 0, 7.375, 0.5],"texture":"#1"},"east":{"uv":[7.375, 0, 7.5, 0.5],"texture":"#1"},"south":{"uv":[7.25, 0, 7.375, 0.5],"texture":"#1"},"west":{"uv":[7.375, 0, 7.5, 0.5],"texture":"#1"},"up":{"uv":[6.625, 0.875, 6.5, 0.75],"texture":"#1"},"down":{"uv":[6.625, 0.875, 6.5, 0.75],"texture":"#1"}}},{"from":[2, -14, 20],"to":[4, -6, 22],"rotation":{"angle":0,"axis":"y","origin":[7, 0, 13]},"faces":{"north":{"uv":[7.375, 0, 7.25, 0.5],"texture":"#1"},"east":{"uv":[7.5, 0, 7.375, 0.5],"texture":"#1"},"south":{"uv":[7.375, 0, 7.25, 0.5],"texture":"#1"},"west":{"uv":[7.5, 0, 7.375, 0.5],"texture":"#1"},"up":{"uv":[6.5, 0.875, 6.625, 0.75],"texture":"#1"},"down":{"uv":[6.5, 0.875, 6.625, 0.75],"texture":"#1"}}},{"from":[2, -14, 10],"to":[4, -6, 12],"rotation":{"angle":0,"axis":"y","origin":[7, 0, -3]},"faces":{"north":{"uv":[7.25, 0, 7.375, 0.5],"texture":"#1"},"east":{"uv":[7.375, 0, 7.5, 0.5],"texture":"#1"},"south":{"uv":[7.25, 0, 7.375, 0.5],"texture":"#1"},"west":{"uv":[7.375, 0, 7.5, 0.5],"texture":"#1"},"up":{"uv":[6.5, 0.75, 6.625, 0.875],"texture":"#1"},"down":{"uv":[6.5, 0.75, 6.625, 0.875],"texture":"#1"}}},{"from":[-8, -16, 10],"to":[4, -14, 22],"rotation":{"angle":0,"axis":"y","origin":[7, 0, -3]},"faces":{"north":{"uv":[7.25, 2.0625, 8, 2.1875],"texture":"#1"},"east":{"uv":[6.5, 2.0625, 7.25, 2.1875],"texture":"#1"},"south":{"uv":[7.25, 2.0625, 8, 2.1875],"texture":"#1"},"west":{"uv":[6.5, 2.0625, 7.25, 2.1875],"texture":"#1"},"up":{"uv":[6.5, 0, 7.25, 0.75],"texture":"#1"},"down":{"uv":[6.5, 0, 7.25, 0.75],"texture":"#1"}}},{"from":[-8, -14, 10],"to":[-6, -6, 12],"rotation":{"angle":0,"axis":"y","origin":[23, 0, -3]},"faces":{"north":{"uv":[7.375, 0, 7.25, 0.5],"texture":"#1"},"east":{"uv":[7.5, 0, 7.375, 0.5],"texture":"#1"},"south":{"uv":[7.375, 0, 7.25, 0.5],"texture":"#1"},"west":{"uv":[7.5, 0, 7.375, 0.5],"texture":"#1"},"up":{"uv":[6.625, 0.75, 6.5, 0.875],"texture":"#1"},"down":{"uv":[6.625, 0.75, 6.5, 0.875],"texture":"#1"}}},{"from":[-7, -14, 11],"to":[3, -6, 21],"rotation":{"angle":0,"axis":"y","origin":[7, 0, -3]},"faces":{"north":{"uv":[6.625, 0.90625, 7.25, 1.40625],"texture":"#1"},"east":{"uv":[7.25, 0.90625, 6.625, 1.40625],"texture":"#1"},"south":{"uv":[7.25, 1.40625, 6.625, 0.90625],"texture":"#1"},"west":{"uv":[7.25, 0.90625, 6.625, 1.40625],"texture":"#1"},"up":{"uv":[6.625, 0.90625, 7.25, 1.53125],"texture":"#1"},"down":{"uv":[6.625, 0.90625, 7.25, 1.53125],"texture":"#1"}}},{"from":[-8, -6, 10],"to":[4, -4, 22],"rotation":{"angle":0,"axis":"y","origin":[7, 16, -3]},"faces":{"north":{"uv":[7.25, 2.1875, 8, 2.0625],"texture":"#1"},"east":{"uv":[6.5, 2.1875, 7.25, 2.0625],"texture":"#1"},"south":{"uv":[7.25, 2.1875, 8, 2.0625],"texture":"#1"},"west":{"uv":[6.5, 2.1875, 7.25, 2.0625],"texture":"#1"},"up":{"uv":[6.5, 0.75, 7.25, 0],"texture":"#1"},"down":{"uv":[6.5, 0.75, 7.25, 0],"texture":"#1"}}},{"from":[-6, 6, 8],"to":[6, 8, 20],"rotation":{"angle":-22.5,"axis":"y","origin":[-7, 16, 13]},"faces":{"north":{"uv":[7.25, 2.1875, 8, 2.0625],"texture":"#1"},"east":{"uv":[6.5, 2.1875, 7.25, 2.0625],"texture":"#1"},"south":{"uv":[7.25, 2.1875, 8, 2.0625],"texture":"#1"},"west":{"uv":[6.5, 2.1875, 7.25, 2.0625],"texture":"#1"},"up":{"uv":[6.5, 0.75, 7.25, 0],"texture":"#1"},"down":{"uv":[6.5, 0.75, 7.25, 0],"texture":"#1"}}},{"from":[-5, -2, 9],"to":[5, 6, 19],"rotation":{"angle":-22.5,"axis":"y","origin":[-7, 16, 13]},"faces":{"north":{"uv":[6.625, 0.90625, 7.25, 1.40625],"texture":"#1"},"east":{"uv":[7.25, 0.90625, 6.625, 1.40625],"texture":"#1"},"south":{"uv":[7.25, 1.40625, 6.625, 0.90625],"texture":"#1"},"west":{"uv":[7.25, 0.90625, 6.625, 1.40625],"texture":"#1"},"up":{"uv":[6.625, 0.90625, 7.25, 1.53125],"texture":"#1"},"down":{"uv":[6.625, 0.90625, 7.25, 1.53125],"texture":"#1"}}},{"from":[-6, -2, 8],"to":[-4, 6, 10],"rotation":{"angle":-22.5,"axis":"y","origin":[-7, 16, 13]},"faces":{"north":{"uv":[7.375, 0, 7.25, 0.5],"texture":"#1"},"east":{"uv":[7.5, 0, 7.375, 0.5],"texture":"#1"},"south":{"uv":[7.375, 0, 7.25, 0.5],"texture":"#1"},"west":{"uv":[7.5, 0, 7.375, 0.5],"texture":"#1"},"up":{"uv":[6.625, 0.75, 6.5, 0.875],"texture":"#1"},"down":{"uv":[6.625, 0.75, 6.5, 0.875],"texture":"#1"}}},{"from":[-6, -4, 8],"to":[6, -2, 20],"rotation":{"angle":-22.5,"axis":"y","origin":[-7, 16, 13]},"faces":{"north":{"uv":[7.25, 2.0625, 8, 2.1875],"texture":"#1"},"east":{"uv":[6.5, 2.0625, 7.25, 2.1875],"texture":"#1"},"south":{"uv":[7.25, 2.0625, 8, 2.1875],"texture":"#1"},"west":{"uv":[6.5, 2.0625, 7.25, 2.1875],"texture":"#1"},"up":{"uv":[6.5, 0, 7.25, 0.75],"texture":"#1"},"down":{"uv":[6.5, 0, 7.25, 0.75],"texture":"#1"}}},{"from":[4, -2, 8],"to":[6, 6, 10],"rotation":{"angle":-22.5,"axis":"y","origin":[-7, 16, 13]},"faces":{"north":{"uv":[7.25, 0, 7.375, 0.5],"texture":"#1"},"east":{"uv":[7.375, 0, 7.5, 0.5],"texture":"#1"},"south":{"uv":[7.25, 0, 7.375, 0.5],"texture":"#1"},"west":{"uv":[7.375, 0, 7.5, 0.5],"texture":"#1"},"up":{"uv":[6.5, 0.75, 6.625, 0.875],"texture":"#1"},"down":{"uv":[6.5, 0.75, 6.625, 0.875],"texture":"#1"}}},{"from":[4, -2, 18],"to":[6, 6, 20],"rotation":{"angle":-22.5,"axis":"y","origin":[-7, 16, 13]},"faces":{"north":{"uv":[7.375, 0, 7.25, 0.5],"texture":"#1"},"east":{"uv":[7.5, 0, 7.375, 0.5],"texture":"#1"},"south":{"uv":[7.375, 0, 7.25, 0.5],"texture":"#1"},"west":{"uv":[7.5, 0, 7.375, 0.5],"texture":"#1"},"up":{"uv":[6.5, 0.875, 6.625, 0.75],"texture":"#1"},"down":{"uv":[6.5, 0.875, 6.625, 0.75],"texture":"#1"}}},{"from":[-6, -2, 18],"to":[-4, 6, 20],"rotation":{"angle":-22.5,"axis":"y","origin":[-7, 16, 13]},"faces":{"north":{"uv":[7.25, 0, 7.375, 0.5],"texture":"#1"},"east":{"uv":[7.375, 0, 7.5, 0.5],"texture":"#1"},"south":{"uv":[7.25, 0, 7.375, 0.5],"texture":"#1"},"west":{"uv":[7.375, 0, 7.5, 0.5],"texture":"#1"},"up":{"uv":[6.625, 0.875, 6.5, 0.75],"texture":"#1"},"down":{"uv":[6.625, 0.875, 6.5, 0.75],"texture":"#1"}}},{"from":[-12, -10, -6],"to":[28, -7, -4],"faces":{"north":{"uv":[5.5, 2.375, 8, 2.5625],"texture":"#1"},"east":{"uv":[1.9375, 5.5625, 2.0625, 5.75],"texture":"#1"},"south":{"uv":[5.5, 2.375, 8, 2.5625],"texture":"#1"},"west":{"uv":[1.9375, 5.5625, 2.0625, 5.75],"texture":"#1"},"up":{"uv":[8, 2.875, 5.5, 2.75],"texture":"#1"},"down":{"uv":[8, 2.875, 5.5, 2.75],"texture":"#1"}}},{"from":[-12, -10, 24],"to":[28, -7, 26],"rotation":{"angle":0,"axis":"y","origin":[0, 0, 16]},"faces":{"north":{"uv":[8, 2.375, 5.5, 2.5625],"texture":"#1"},"east":{"uv":[2.0625, 5.5625, 1.9375, 5.75],"texture":"#1"},"south":{"uv":[8, 2.375, 5.5, 2.5625],"texture":"#1"},"west":{"uv":[2.0625, 5.5625, 1.9375, 5.75],"texture":"#1"},"up":{"uv":[8, 2.75, 5.5, 2.875],"texture":"#1"},"down":{"uv":[8, 2.75, 5.5, 2.875],"texture":"#1"}}},{"from":[-10, 12, -5],"to":[-8, 15, 31],"rotation":{"angle":22.5,"axis":"x","origin":[16, 22, 3]},"faces":{"north":{"uv":[2.1875, 5.6875, 2.0625, 5.875],"texture":"#1"},"east":{"uv":[7.75, 2.5625, 5.5, 2.75],"texture":"#1"},"south":{"uv":[2.1875, 5.6875, 2.0625, 5.875],"texture":"#1"},"west":{"uv":[7.75, 2.5625, 5.5, 2.75],"texture":"#1"},"up":{"uv":[2.625, 6.9375, 2.75, 4.6875],"texture":"#1"},"down":{"uv":[2.625, 6.9375, 2.75, 4.6875],"texture":"#1"}}},{"from":[6, -2, 19],"to":[25, -0.5, 25],"faces":{"north":{"uv":[5.5, 3.9375, 6.6875, 4.03125],"texture":"#1"},"east":{"uv":[5.5625, 5.5625, 5.9375, 5.65625],"texture":"#1"},"south":{"uv":[5.5, 3.9375, 6.6875, 4.03125],"texture":"#1"},"west":{"uv":[5.9375, 5.5625, 5.5625, 5.65625],"texture":"#1"},"up":{"uv":[5.3125, 5, 4.125, 4.625],"texture":"#1"},"down":{"uv":[5.3125, 5, 4.125, 4.625],"texture":"#1"}}},{"from":[6, 4, 19],"to":[25, 5.5, 25],"faces":{"north":{"uv":[5.5, 3.9375, 6.6875, 4.03125],"texture":"#1"},"east":{"uv":[5.5625, 5.5625, 5.9375, 5.65625],"texture":"#1"},"south":{"uv":[5.5, 3.9375, 6.6875, 4.03125],"texture":"#1"},"west":{"uv":[5.9375, 5.5625, 5.5625, 5.65625],"texture":"#1"},"up":{"uv":[5.3125, 5, 4.125, 4.625],"texture":"#1"},"down":{"uv":[5.3125, 5, 4.125, 4.625],"texture":"#1"}}},{"from":[-14, 32, -5],"to":[30, 32, 10],"rotation":{"angle":-45,"axis":"x","origin":[26, 32, 10]},"faces":{"north":{"uv":[0, 0, 0, 0],"texture":"#1"},"east":{"uv":[0, 0, 0, 0],"texture":"#1"},"south":{"uv":[0, 0, 0, 0],"texture":"#1"},"west":{"uv":[0, 0, 0, 0],"texture":"#1"},"up":{"uv":[8.25, 9.6875, 5.5, 8.75],"texture":"#1"},"down":{"uv":[8.25, 9.6875, 5.5, 8.75],"texture":"#1"}}},{"from":[2.6, 3.1, -7],"to":[2.6, 5.1, -3],"rotation":{"angle":22.5,"axis":"z","origin":[3.2, 5, -5]},"faces":{"north":{"uv":[1.8125, 5.5, 1.8125, 5.625],"texture":"#1"},"east":{"uv":[0.5, 5.75, 0.75, 5.875],"texture":"#1"},"south":{"uv":[1.8125, 5.5, 1.8125, 5.625],"texture":"#1"},"west":{"uv":[0.5, 5.75, 0.75, 5.875],"texture":"#1"},"up":{"uv":[1.84375, 5.5, 1.84375, 5.75],"texture":"#1"},"down":{"uv":[1.84375, 5.5, 1.84375, 5.75],"texture":"#1"}}},{"from":[-5.8, -0.7, -11.3],"to":[2.2, 2.3, -10.8],"rotation":{"angle":-22.5,"axis":"x","origin":[-20.8, 2, -13]},"faces":{"north":{"uv":[0.5, 5.9375, 1, 6.125],"texture":"#1"},"east":{"uv":[1, 5.9375, 1.03125, 6.125],"texture":"#1"},"south":{"uv":[0.5, 5.9375, 1, 6.125],"texture":"#1"},"west":{"uv":[1, 5.9375, 1.03125, 6.125],"texture":"#1"},"up":{"uv":[0.5, 6.125, 1, 6.15625],"texture":"#1"},"down":{"uv":[0.5, 6.125, 1, 6.15625],"texture":"#1"}}},{"from":[-4.4, -1.8, -3.5],"to":[1.6, 0.2, -1.5],"rotation":{"angle":-22.5,"axis":"x","origin":[-4.4, -16, -13]},"faces":{"north":{"uv":[9.25, 1, 9.625, 1.125],"texture":"#1"},"east":{"uv":[9.625, 1, 9.75, 1.125],"texture":"#1"},"south":{"uv":[9.625, 1, 9.25, 1.125],"texture":"#1"},"west":{"uv":[9.625, 1, 9.75, 1.125],"texture":"#1"},"up":{"uv":[9.75, 1, 9.875, 1.375],"rotation":90,"texture":"#1"},"down":{"uv":[9.75, 1, 9.875, 1.375],"rotation":270,"texture":"#1"}}},{"from":[-3.4, -1.8, -4],"to":[0.6, 0.7, -1],"rotation":{"angle":-22.5,"axis":"x","origin":[-4.4, -16, -13]},"faces":{"north":{"uv":[7.90625, 1.59375, 8.15625, 1.75],"texture":"#1"},"east":{"uv":[8.1875, 1.59375, 8.375, 1.75],"texture":"#1"},"south":{"uv":[7.90625, 1.59375, 8.15625, 1.75],"texture":"#1"},"west":{"uv":[8.1875, 1.59375, 8.375, 1.75],"texture":"#1"},"up":{"uv":[8.375, 1.5, 8.5625, 1.75],"rotation":90,"texture":"#1"},"down":{"uv":[8.375, 1.5, 8.5625, 1.75],"rotation":270,"texture":"#1"}}},{"from":[7.6, 5.2, -8],"to":[11.6, 7.7, -5],"rotation":{"angle":0,"axis":"y","origin":[-4.4, -16, -13]},"faces":{"north":{"uv":[7.90625, 1.59375, 8.15625, 1.75],"texture":"#1"},"east":{"uv":[8.1875, 1.59375, 8.375, 1.75],"texture":"#1"},"south":{"uv":[7.90625, 1.59375, 8.15625, 1.75],"texture":"#1"},"west":{"uv":[8.1875, 1.59375, 8.375, 1.75],"texture":"#1"},"up":{"uv":[8.375, 1.5, 8.5625, 1.75],"rotation":90,"texture":"#1"},"down":{"uv":[8.375, 1.5, 8.5625, 1.75],"rotation":270,"texture":"#1"}}},{"from":[6.6, 5.2, -7.5],"to":[12.6, 7.2, -5.5],"rotation":{"angle":0,"axis":"y","origin":[-4.4, -16, -13]},"faces":{"north":{"uv":[9.25, 1, 9.625, 1.125],"texture":"#1"},"east":{"uv":[9.625, 1, 9.75, 1.125],"texture":"#1"},"south":{"uv":[9.625, 1, 9.25, 1.125],"texture":"#1"},"west":{"uv":[9.625, 1, 9.75, 1.125],"texture":"#1"},"up":{"uv":[9.75, 1, 9.875, 1.375],"rotation":90,"texture":"#1"},"down":{"uv":[9.75, 1, 9.875, 1.375],"rotation":270,"texture":"#1"}}},{"from":[3.6, -0.6, 27],"to":[7.6, 1.9, 30],"rotation":{"angle":22.5,"axis":"y","origin":[-4.4, -16, -13]},"faces":{"north":{"uv":[7.90625, 1.59375, 8.15625, 1.75],"texture":"#1"},"east":{"uv":[8.1875, 1.59375, 8.375, 1.75],"texture":"#1"},"south":{"uv":[7.90625, 1.59375, 8.15625, 1.75],"texture":"#1"},"west":{"uv":[8.1875, 1.59375, 8.375, 1.75],"texture":"#1"},"up":{"uv":[8.375, 1.5, 8.5625, 1.75],"rotation":90,"texture":"#1"},"down":{"uv":[8.375, 1.5, 8.5625, 1.75],"rotation":270,"texture":"#1"}}},{"from":[2.6, -0.6, 27.5],"to":[8.6, 1.4, 29.5],"rotation":{"angle":22.5,"axis":"y","origin":[-4.4, -16, -13]},"faces":{"north":{"uv":[9.25, 1, 9.625, 1.125],"texture":"#1"},"east":{"uv":[9.625, 1, 9.75, 1.125],"texture":"#1"},"south":{"uv":[9.625, 1, 9.25, 1.125],"texture":"#1"},"west":{"uv":[9.625, 1, 9.75, 1.125],"texture":"#1"},"up":{"uv":[9.75, 1, 9.875, 1.375],"rotation":90,"texture":"#1"},"down":{"uv":[9.75, 1, 9.875, 1.375],"rotation":270,"texture":"#1"}}},{"from":[-12, 20, -5],"to":[-5, 24, -5],"faces":{"north":{"uv":[9.25, 1.125, 9.6875, 1.375],"texture":"#1"},"east":{"uv":[13.875, 1.375, 13.875, 1.625],"texture":"#1"},"south":{"uv":[9.6875, 1.125, 9.25, 1.375],"texture":"#1"},"west":{"uv":[13.875, 1.375, 13.875, 1.625],"texture":"#1"},"up":{"uv":[10.875, 1.375, 11.3125, 1.375],"texture":"#1"},"down":{"uv":[10.875, 1.375, 11.3125, 1.375],"texture":"#1"}}},{"from":[-5.4, -1.3, -0.5],"to":[0.6, 0.7, 1.5],"rotation":{"angle":-22.5,"axis":"x","origin":[-4.4, -16, -13]},"faces":{"north":{"uv":[9.25, 1, 9.625, 1.125],"texture":"#1"},"east":{"uv":[9.625, 1, 9.75, 1.125],"texture":"#1"},"south":{"uv":[9.625, 1, 9.25, 1.125],"texture":"#1"},"west":{"uv":[9.625, 1, 9.75, 1.125],"texture":"#1"},"up":{"uv":[9.75, 1, 9.875, 1.375],"rotation":90,"texture":"#1"},"down":{"uv":[9.75, 1, 9.875, 1.375],"rotation":270,"texture":"#1"}}},{"from":[-4.4, -1.3, -1],"to":[-0.4, 1.2, 2],"rotation":{"angle":-22.5,"axis":"x","origin":[-4.4, -16, -13]},"faces":{"north":{"uv":[7.90625, 1.59375, 8.15625, 1.75],"texture":"#1"},"east":{"uv":[8.1875, 1.59375, 8.375, 1.75],"texture":"#1"},"south":{"uv":[7.90625, 1.59375, 8.15625, 1.75],"texture":"#1"},"west":{"uv":[8.1875, 1.59375, 8.375, 1.75],"texture":"#1"},"up":{"uv":[8.375, 1.5, 8.5625, 1.75],"rotation":90,"texture":"#1"},"down":{"uv":[8.375, 1.5, 8.5625, 1.75],"rotation":270,"texture":"#1"}}},{"from":[-6.2, 3.1, -7],"to":[-6.2, 5.1, -3],"rotation":{"angle":-22.5,"axis":"z","origin":[-6.8, 5, -5]},"faces":{"north":{"uv":[1.8125, 5.5, 1.8125, 5.625],"texture":"#1"},"east":{"uv":[0.75, 5.75, 0.5, 5.875],"texture":"#1"},"south":{"uv":[1.8125, 5.5, 1.8125, 5.625],"texture":"#1"},"west":{"uv":[0.75, 5.75, 0.5, 5.875],"texture":"#1"},"up":{"uv":[1.84375, 5.5, 1.84375, 5.75],"texture":"#1"},"down":{"uv":[1.84375, 5.5, 1.84375, 5.75],"texture":"#1"}}},{"from":[-6.3, -0.7, -11.3],"to":[-5.8, 2.3, 0.7],"rotation":{"angle":-22.5,"axis":"x","origin":[-4.8, 2, -13]},"faces":{"north":{"uv":[2.34375, 5.6875, 2.3125, 5.875],"texture":"#1"},"east":{"uv":[1.75, 5.9375, 1, 6.125],"texture":"#1"},"south":{"uv":[2.34375, 5.6875, 2.3125, 5.875],"texture":"#1"},"west":{"uv":[1.75, 5.9375, 1, 6.125],"texture":"#1"},"up":{"uv":[2.375, 5.6875, 2.34375, 6.4375],"texture":"#1"},"down":{"uv":[2.375, 5.6875, 2.34375, 6.4375],"texture":"#1"}}},{"from":[-5.8, -0.7, 0.2],"to":[2.2, 2.3, 0.7],"rotation":{"angle":-22.5,"axis":"x","origin":[-4.8, 2, -13]},"faces":{"north":{"uv":[1, 5.9375, 0.5, 6.125],"texture":"#1"},"east":{"uv":[1.03125, 5.9375, 1, 6.125],"texture":"#1"},"south":{"uv":[1, 5.9375, 0.5, 6.125],"texture":"#1"},"west":{"uv":[1.03125, 5.9375, 1, 6.125],"texture":"#1"},"up":{"uv":[1, 6.125, 0.5, 6.15625],"texture":"#1"},"down":{"uv":[1, 6.125, 0.5, 6.15625],"texture":"#1"}}},{"from":[-5.8, -0.5, -10.8],"to":[2.2, -0.5, 0.2],"rotation":{"angle":-22.5,"axis":"x","origin":[-5.4, 2, -13]},"faces":{"north":{"uv":[1, 5.9375, 0.5, 5.9375],"texture":"#1"},"east":{"uv":[1.6875, 5.9375, 1, 5.9375],"texture":"#1"},"south":{"uv":[1, 5.9375, 0.5, 5.9375],"texture":"#1"},"west":{"uv":[1.6875, 5.9375, 1, 5.9375],"texture":"#1"},"up":{"uv":[1, 6.15625, 0.5, 6.84375],"texture":"#1"},"down":{"uv":[1, 6.15625, 0.5, 6.84375],"texture":"#1"}}},{"from":[2.2, -0.7, -11.3],"to":[2.7, 2.3, 0.7],"rotation":{"angle":-22.5,"axis":"x","origin":[-20.8, 2, -13]},"faces":{"north":{"uv":[2.3125, 5.6875, 2.34375, 5.875],"texture":"#1"},"east":{"uv":[1, 5.9375, 1.75, 6.125],"texture":"#1"},"south":{"uv":[2.3125, 5.6875, 2.34375, 5.875],"texture":"#1"},"west":{"uv":[1, 5.9375, 1.75, 6.125],"texture":"#1"},"up":{"uv":[2.34375, 5.6875, 2.375, 6.4375],"texture":"#1"},"down":{"uv":[2.34375, 5.6875, 2.375, 6.4375],"texture":"#1"}}},{"from":[4.2, 3.1, -7],"to":[4.2, 5.1, -3],"rotation":{"angle":-22.5,"axis":"z","origin":[3.6, 5, -5]},"faces":{"north":{"uv":[1.8125, 5.5, 1.8125, 5.625],"texture":"#1"},"east":{"uv":[0.75, 5.75, 0.5, 5.875],"texture":"#1"},"south":{"uv":[1.8125, 5.5, 1.8125, 5.625],"texture":"#1"},"west":{"uv":[0.75, 5.75, 0.5, 5.875],"texture":"#1"},"up":{"uv":[1.84375, 5.5, 1.84375, 5.75],"texture":"#1"},"down":{"uv":[1.84375, 5.5, 1.84375, 5.75],"texture":"#1"}}},{"from":[8.6, 3.4, -10.9],"to":[9.1, 5.4, -6.9],"rotation":{"angle":0,"axis":"y","origin":[11.6, -16, -13]},"faces":{"north":{"uv":[7.78125, 1.375, 7.75, 1.5],"texture":"#1"},"east":{"uv":[8.03125, 1.375, 7.78125, 1.5],"texture":"#1"},"south":{"uv":[7.78125, 1.375, 7.75, 1.5],"texture":"#1"},"west":{"uv":[8.03125, 1.375, 7.78125, 1.5],"texture":"#1"},"up":{"uv":[7.90625, 1.5, 7.875, 1.75],"texture":"#1"},"down":{"uv":[7.90625, 1.5, 7.875, 1.75],"texture":"#1"}}},{"from":[12.1, 3.4, -10.9],"to":[12.6, 5.4, -6.9],"rotation":{"angle":0,"axis":"y","origin":[11.6, -16, -13]},"faces":{"north":{"uv":[7.75, 1.375, 7.78125, 1.5],"texture":"#1"},"east":{"uv":[7.78125, 1.375, 8.03125, 1.5],"texture":"#1"},"south":{"uv":[7.75, 1.375, 7.78125, 1.5],"texture":"#1"},"west":{"uv":[7.78125, 1.375, 8.03125, 1.5],"texture":"#1"},"up":{"uv":[7.875, 1.5, 7.90625, 1.75],"texture":"#1"},"down":{"uv":[7.875, 1.5, 7.90625, 1.75],"texture":"#1"}}},{"from":[9.1, 1.9, -10.9],"to":[12.1, 5.9, -6.9],"rotation":{"angle":0,"axis":"y","origin":[11.6, -16, -13]},"faces":{"north":{"uv":[7.25, 1.5, 7.4375, 1.75],"texture":"#1"},"east":{"uv":[7.4375, 1.5, 7.6875, 1.75],"texture":"#1"},"south":{"uv":[7.25, 1.5, 7.4375, 1.75],"texture":"#1"},"west":{"uv":[7.4375, 1.5, 7.6875, 1.75],"texture":"#1"},"up":{"uv":[7.6875, 1.5, 7.875, 1.75],"texture":"#1"},"down":{"uv":[7.6875, 1.5, 7.875, 1.75],"texture":"#1"}}},{"from":[0.1, 1, 18.1],"to":[0.6, 3, 22.1],"rotation":{"angle":22.5,"axis":"y","origin":[11.6, -16, -13]},"faces":{"north":{"uv":[7.75, 1.375, 7.78125, 1.5],"texture":"#1"},"east":{"uv":[7.78125, 1.375, 8.03125, 1.5],"texture":"#1"},"south":{"uv":[7.75, 1.375, 7.78125, 1.5],"texture":"#1"},"west":{"uv":[7.78125, 1.375, 8.03125, 1.5],"texture":"#1"},"up":{"uv":[7.875, 1.5, 7.90625, 1.75],"texture":"#1"},"down":{"uv":[7.875, 1.5, 7.90625, 1.75],"texture":"#1"}}},{"from":[-2.9, -0.5, 18.1],"to":[0.1, 3.5, 22.1],"rotation":{"angle":22.5,"axis":"y","origin":[11.6, -16, -13]},"faces":{"north":{"uv":[7.25, 1.5, 7.4375, 1.75],"texture":"#1"},"east":{"uv":[7.4375, 1.5, 7.6875, 1.75],"texture":"#1"},"south":{"uv":[7.25, 1.5, 7.4375, 1.75],"texture":"#1"},"west":{"uv":[7.4375, 1.5, 7.6875, 1.75],"texture":"#1"},"up":{"uv":[7.6875, 1.5, 7.875, 1.75],"texture":"#1"},"down":{"uv":[7.6875, 1.5, 7.875, 1.75],"texture":"#1"}}},{"from":[-3.4, 1, 18.1],"to":[-2.9, 3, 22.1],"rotation":{"angle":22.5,"axis":"y","origin":[11.6, -16, -13]},"faces":{"north":{"uv":[7.78125, 1.375, 7.75, 1.5],"texture":"#1"},"east":{"uv":[8.03125, 1.375, 7.78125, 1.5],"texture":"#1"},"south":{"uv":[7.78125, 1.375, 7.75, 1.5],"texture":"#1"},"west":{"uv":[8.03125, 1.375, 7.78125, 1.5],"texture":"#1"},"up":{"uv":[7.90625, 1.5, 7.875, 1.75],"texture":"#1"},"down":{"uv":[7.90625, 1.5, 7.875, 1.75],"texture":"#1"}}},{"from":[-4.9, 3.9, -4.9],"to":[-1.9, 7.9, -0.9],"rotation":{"angle":0,"axis":"y","origin":[11.6, -16, -13]},"faces":{"north":{"uv":[7.25, 1.5, 7.4375, 1.75],"texture":"#1"},"east":{"uv":[7.4375, 1.5, 7.6875, 1.75],"texture":"#1"},"south":{"uv":[7.25, 1.5, 7.4375, 1.75],"texture":"#1"},"west":{"uv":[7.4375, 1.5, 7.6875, 1.75],"texture":"#1"},"up":{"uv":[7.6875, 1.5, 7.875, 1.75],"texture":"#1"},"down":{"uv":[7.6875, 1.5, 7.875, 1.75],"texture":"#1"}}},{"from":[-1.9, 5.4, -4.9],"to":[-1.4, 7.4, -0.9],"rotation":{"angle":0,"axis":"y","origin":[11.6, -16, -13]},"faces":{"north":{"uv":[7.75, 1.375, 7.78125, 1.5],"texture":"#1"},"east":{"uv":[7.78125, 1.375, 8.03125, 1.5],"texture":"#1"},"south":{"uv":[7.75, 1.375, 7.78125, 1.5],"texture":"#1"},"west":{"uv":[7.78125, 1.375, 8.03125, 1.5],"texture":"#1"},"up":{"uv":[7.875, 1.5, 7.90625, 1.75],"texture":"#1"},"down":{"uv":[7.875, 1.5, 7.90625, 1.75],"texture":"#1"}}},{"from":[-5.4, 5.4, -4.9],"to":[-4.9, 7.4, -0.9],"rotation":{"angle":0,"axis":"y","origin":[11.6, -16, -13]},"faces":{"north":{"uv":[7.78125, 1.375, 7.75, 1.5],"texture":"#1"},"east":{"uv":[8.03125, 1.375, 7.78125, 1.5],"texture":"#1"},"south":{"uv":[7.78125, 1.375, 7.75, 1.5],"texture":"#1"},"west":{"uv":[8.03125, 1.375, 7.78125, 1.5],"texture":"#1"},"up":{"uv":[7.90625, 1.5, 7.875, 1.75],"texture":"#1"},"down":{"uv":[7.90625, 1.5, 7.875, 1.75],"texture":"#1"}}},{"from":[8.1, -0.4, 0.1],"to":[8.6, 1.6, 4.1],"rotation":{"angle":-22.5,"axis":"x","origin":[11.6, -16, -13]},"faces":{"north":{"uv":[7.75, 1.375, 7.78125, 1.5],"texture":"#1"},"east":{"uv":[7.78125, 1.375, 8.03125, 1.5],"texture":"#1"},"south":{"uv":[7.75, 1.375, 7.78125, 1.5],"texture":"#1"},"west":{"uv":[7.78125, 1.375, 8.03125, 1.5],"texture":"#1"},"up":{"uv":[7.875, 1.5, 7.90625, 1.75],"texture":"#1"},"down":{"uv":[7.875, 1.5, 7.90625, 1.75],"texture":"#1"}}},{"from":[4.6, -0.5, -10.8],"to":[12.6, -0.5, 0.2],"rotation":{"angle":-22.5,"axis":"x","origin":[5.6, 2, -13]},"faces":{"north":{"uv":[1, 5.9375, 0.5, 5.9375],"texture":"#1"},"east":{"uv":[1.6875, 5.9375, 1, 5.9375],"texture":"#1"},"south":{"uv":[1, 5.9375, 0.5, 5.9375],"texture":"#1"},"west":{"uv":[1.6875, 5.9375, 1, 5.9375],"texture":"#1"},"up":{"uv":[1, 6.15625, 0.5, 6.84375],"texture":"#1"},"down":{"uv":[1, 6.15625, 0.5, 6.84375],"texture":"#1"}}},{"from":[4.6, -0.4, 0.1],"to":[5.1, 1.6, 4.1],"rotation":{"angle":-22.5,"axis":"x","origin":[11.6, -16, -13]},"faces":{"north":{"uv":[7.78125, 1.375, 7.75, 1.5],"texture":"#1"},"east":{"uv":[8.03125, 1.375, 7.78125, 1.5],"texture":"#1"},"south":{"uv":[7.78125, 1.375, 7.75, 1.5],"texture":"#1"},"west":{"uv":[8.03125, 1.375, 7.78125, 1.5],"texture":"#1"},"up":{"uv":[7.90625, 1.5, 7.875, 1.75],"texture":"#1"},"down":{"uv":[7.90625, 1.5, 7.875, 1.75],"texture":"#1"}}},{"from":[5.1, -1.9, 0.1],"to":[8.1, 2.1, 4.1],"rotation":{"angle":-22.5,"axis":"x","origin":[11.6, -16, -13]},"faces":{"north":{"uv":[7.25, 1.5, 7.4375, 1.75],"texture":"#1"},"east":{"uv":[7.4375, 1.5, 7.6875, 1.75],"texture":"#1"},"south":{"uv":[7.25, 1.5, 7.4375, 1.75],"texture":"#1"},"west":{"uv":[7.4375, 1.5, 7.6875, 1.75],"texture":"#1"},"up":{"uv":[7.6875, 1.5, 7.875, 1.75],"texture":"#1"},"down":{"uv":[7.6875, 1.5, 7.875, 1.75],"texture":"#1"}}},{"from":[8.1, -0.4, -3.9],"to":[8.6, 1.6, 0.1],"rotation":{"angle":-22.5,"axis":"x","origin":[11.6, -16, -13]},"faces":{"north":{"uv":[7.75, 1.375, 7.78125, 1.5],"texture":"#1"},"east":{"uv":[7.78125, 1.375, 8.03125, 1.5],"texture":"#1"},"south":{"uv":[7.75, 1.375, 7.78125, 1.5],"texture":"#1"},"west":{"uv":[7.78125, 1.375, 8.03125, 1.5],"texture":"#1"},"up":{"uv":[7.875, 1.5, 7.90625, 1.75],"texture":"#1"},"down":{"uv":[7.875, 1.5, 7.90625, 1.75],"texture":"#1"}}},{"from":[5.1, -1.9, -3.9],"to":[8.1, 2.1, 0.1],"rotation":{"angle":-22.5,"axis":"x","origin":[11.6, -16, -13]},"faces":{"north":{"uv":[7.25, 1.5, 7.4375, 1.75],"texture":"#1"},"east":{"uv":[7.4375, 1.5, 7.6875, 1.75],"texture":"#1"},"south":{"uv":[7.25, 1.5, 7.4375, 1.75],"texture":"#1"},"west":{"uv":[7.4375, 1.5, 7.6875, 1.75],"texture":"#1"},"up":{"uv":[7.6875, 1.5, 7.875, 1.75],"texture":"#1"},"down":{"uv":[7.6875, 1.5, 7.875, 1.75],"texture":"#1"}}},{"from":[4.6, -0.4, -3.9],"to":[5.1, 1.6, 0.1],"rotation":{"angle":-22.5,"axis":"x","origin":[11.6, -16, -13]},"faces":{"north":{"uv":[7.78125, 1.375, 7.75, 1.5],"texture":"#1"},"east":{"uv":[8.03125, 1.375, 7.78125, 1.5],"texture":"#1"},"south":{"uv":[7.78125, 1.375, 7.75, 1.5],"texture":"#1"},"west":{"uv":[8.03125, 1.375, 7.78125, 1.5],"texture":"#1"},"up":{"uv":[7.90625, 1.5, 7.875, 1.75],"texture":"#1"},"down":{"uv":[7.90625, 1.5, 7.875, 1.75],"texture":"#1"}}},{"from":[4.1, -0.7, -11.3],"to":[4.6, 2.3, 0.7],"rotation":{"angle":-22.5,"axis":"x","origin":[5.6, 2, -13]},"faces":{"north":{"uv":[2.34375, 5.6875, 2.3125, 5.875],"texture":"#1"},"east":{"uv":[1.75, 5.9375, 1, 6.125],"texture":"#1"},"south":{"uv":[2.34375, 5.6875, 2.3125, 5.875],"texture":"#1"},"west":{"uv":[1.75, 5.9375, 1, 6.125],"texture":"#1"},"up":{"uv":[2.375, 5.6875, 2.34375, 6.4375],"texture":"#1"},"down":{"uv":[2.375, 5.6875, 2.34375, 6.4375],"texture":"#1"}}},{"from":[4.6, -0.7, -11.3],"to":[12.6, 2.3, -10.8],"rotation":{"angle":-22.5,"axis":"x","origin":[-10.4, 2, -13]},"faces":{"north":{"uv":[0.5, 5.9375, 1, 6.125],"texture":"#1"},"east":{"uv":[1, 5.9375, 1.03125, 6.125],"texture":"#1"},"south":{"uv":[0.5, 5.9375, 1, 6.125],"texture":"#1"},"west":{"uv":[1, 5.9375, 1.03125, 6.125],"texture":"#1"},"up":{"uv":[0.5, 6.125, 1, 6.15625],"texture":"#1"},"down":{"uv":[0.5, 6.125, 1, 6.15625],"texture":"#1"}}},{"from":[12.6, -0.7, -11.3],"to":[13.1, 2.3, 0.7],"rotation":{"angle":-22.5,"axis":"x","origin":[-10.4, 2, -13]},"faces":{"north":{"uv":[2.3125, 5.6875, 2.34375, 5.875],"texture":"#1"},"east":{"uv":[1, 5.9375, 1.75, 6.125],"texture":"#1"},"south":{"uv":[2.3125, 5.6875, 2.34375, 5.875],"texture":"#1"},"west":{"uv":[1, 5.9375, 1.75, 6.125],"texture":"#1"},"up":{"uv":[2.34375, 5.6875, 2.375, 6.4375],"texture":"#1"},"down":{"uv":[2.34375, 5.6875, 2.375, 6.4375],"texture":"#1"}}},{"from":[4.6, -0.7, 0.2],"to":[12.6, 2.3, 0.7],"rotation":{"angle":-22.5,"axis":"x","origin":[5.6, 2, -13]},"faces":{"north":{"uv":[1, 5.9375, 0.5, 6.125],"texture":"#1"},"east":{"uv":[1.03125, 5.9375, 1, 6.125],"texture":"#1"},"south":{"uv":[1, 5.9375, 0.5, 6.125],"texture":"#1"},"west":{"uv":[1.03125, 5.9375, 1, 6.125],"texture":"#1"},"up":{"uv":[1, 6.125, 0.5, 6.15625],"texture":"#1"},"down":{"uv":[1, 6.125, 0.5, 6.15625],"texture":"#1"}}},{"from":[-6.9, 0, -3.9],"to":[13.6, 3, -2.1],"rotation":{"angle":0,"axis":"y","origin":[-6.4, 0, 0]},"faces":{"north":{"uv":[5.90625, 2.5625, 7.1875, 2.75],"texture":"#1"},"east":{"uv":[1.9375, 5.5625, 2.05, 5.75],"texture":"#1"},"south":{"uv":[5.90625, 2.5625, 7.1875, 2.75],"texture":"#1"},"west":{"uv":[1.9375, 5.5625, 2.05, 5.75],"texture":"#1"},"up":{"uv":[6.78125, 2.8625, 5.5, 2.75],"texture":"#1"},"down":{"uv":[6.78125, 2.8625, 5.5, 2.75],"texture":"#1"}}},{"from":[13, 3.1, -7],"to":[13, 5.1, -3],"rotation":{"angle":22.5,"axis":"z","origin":[13.6, 5, -5]},"faces":{"north":{"uv":[1.8125, 5.5, 1.8125, 5.625],"texture":"#1"},"east":{"uv":[0.5, 5.75, 0.75, 5.875],"texture":"#1"},"south":{"uv":[1.8125, 5.5, 1.8125, 5.625],"texture":"#1"},"west":{"uv":[0.5, 5.75, 0.75, 5.875],"texture":"#1"},"up":{"uv":[1.84375, 5.5, 1.84375, 5.75],"texture":"#1"},"down":{"uv":[1.84375, 5.5, 1.84375, 5.75],"texture":"#1"}}},{"from":[-14, 32, 10],"to":[30, 32, 25],"rotation":{"angle":45,"axis":"x","origin":[26, 32, 10]},"faces":{"north":{"uv":[0, 0, 0, 0],"texture":"#1"},"east":{"uv":[0, 0, 0, 0],"texture":"#1"},"south":{"uv":[0, 0, 0, 0],"texture":"#1"},"west":{"uv":[0, 0, 0, 0],"texture":"#1"},"up":{"uv":[8.25, 8.75, 5.5, 9.6875],"texture":"#1"},"down":{"uv":[8.25, 8.75, 5.5, 9.6875],"texture":"#1"}}},{"from":[30, 25, -5],"to":[30, 32, 3],"rotation":{"angle":-45,"axis":"x","origin":[27, 32, 10]},"faces":{"north":{"uv":[0, 0, 0, 0],"texture":"#1"},"east":{"uv":[5.5, 12.15625, 6, 12.59375],"texture":"#1"},"south":{"uv":[0, 0, 0, 0],"texture":"#1"},"west":{"uv":[1.4375, 13.34375, 2.375, 13.78125],"texture":"#1"},"up":{"uv":[0, 0, 0, 0],"texture":"#1"},"down":{"uv":[0, 0, 0, 0],"texture":"#1"}}},{"from":[30, 25, 10],"to":[30, 32, 25],"rotation":{"angle":45,"axis":"x","origin":[27, 32, 10]},"faces":{"north":{"uv":[0, 0, 0, 0],"texture":"#1"},"east":{"uv":[0.5, 13.34375, 1.4375, 13.78125],"texture":"#1"},"south":{"uv":[0, 0, 0, 0],"texture":"#1"},"west":{"uv":[1.4375, 13.34375, 2.375, 13.78125],"texture":"#1"},"up":{"uv":[0, 0, 0, 0],"texture":"#1"},"down":{"uv":[0, 0, 0, 0],"texture":"#1"}}},{"from":[-14, 21.4, 20.4],"to":[30, 21.4, 29.4],"rotation":{"angle":22.5,"axis":"x","origin":[26, 21, 20.6]},"faces":{"north":{"uv":[0, 0, 2.75, 0],"texture":"#1"},"east":{"uv":[0, 0, 0.5625, 0],"texture":"#1"},"south":{"uv":[0, 0, 2.75, 0],"texture":"#1"},"west":{"uv":[0, 0, 0.5625, 0],"texture":"#1"},"up":{"uv":[8.25, 10.9375, 5.5, 10.375],"texture":"#1"},"down":{"uv":[8.25, 10.9375, 5.5, 10.375],"texture":"#1"}}},{"from":[30, 14.4, 20.4],"to":[30, 21.4, 29.4],"rotation":{"angle":22.5,"axis":"x","origin":[27, 21, 20.6]},"faces":{"north":{"uv":[0, 0, 0, 0],"texture":"#1"},"east":{"uv":[5.5, 11.71875, 6.0625, 12.15625],"texture":"#1"},"south":{"uv":[0, 0, 0, 0],"texture":"#1"},"west":{"uv":[1.4375, 13.34375, 2.375, 13.78125],"texture":"#1"},"up":{"uv":[0, 0, 0, 0],"texture":"#1"},"down":{"uv":[0, 0, 0, 0],"texture":"#1"}}},{"from":[-14, 21.42929, -15.59497],"to":[30, 21.42929, -0.59497],"rotation":{"angle":-22.5,"axis":"x","origin":[26, 21.5, -0.6]},"faces":{"north":{"uv":[0, 0, 0, 0],"texture":"#1"},"east":{"uv":[0, 0, 0, 0],"texture":"#1"},"south":{"uv":[0, 0, 0, 0],"texture":"#1"},"west":{"uv":[0, 0, 0, 0],"texture":"#1"},"up":{"uv":[5.5, 11, 2.75, 10.0625],"texture":"#1"},"down":{"uv":[5.5, 11, 2.75, 10.0625],"texture":"#1"}}},{"from":[30, 14.42929, -15.59497],"to":[30, 21.42929, -0.59497],"rotation":{"angle":-22.5,"axis":"x","origin":[27, 21.5, -0.6]},"faces":{"north":{"uv":[0, 0, 0, 0],"texture":"#1"},"east":{"uv":[1.4375, 13.34375, 2.375, 13.78125],"texture":"#1"},"south":{"uv":[0, 0, 0, 0],"texture":"#1"},"west":{"uv":[1.4375, 13.34375, 2.375, 13.78125],"texture":"#1"},"up":{"uv":[0, 0, 0, 0],"texture":"#1"},"down":{"uv":[0, 0, 0, 0],"texture":"#1"}}},{"from":[-14, 14.42929, -15.59497],"to":[-14, 21.42929, -0.59497],"rotation":{"angle":-22.5,"axis":"x","origin":[-11, 21.5, -0.6]},"faces":{"north":{"uv":[0, 0, 0, 0],"texture":"#1"},"east":{"uv":[2.375, 13.34375, 1.4375, 13.78125],"texture":"#1"},"south":{"uv":[0, 0, 0, 0],"texture":"#1"},"west":{"uv":[2.375, 13.34375, 1.4375, 13.78125],"texture":"#1"},"up":{"uv":[0, 0, 0, 0],"texture":"#1"},"down":{"uv":[0, 0, 0, 0],"texture":"#1"}}},{"from":[-14, 25, -5],"to":[-14, 32, 3],"rotation":{"angle":-45,"axis":"x","origin":[-11, 32, 10]},"faces":{"north":{"uv":[0, 0, 0, 0],"texture":"#1"},"east":{"uv":[2.375, 13.34375, 1.4375, 13.78125],"texture":"#1"},"south":{"uv":[0, 0, 0, 0],"texture":"#1"},"west":{"uv":[6, 12.15625, 5.5, 12.59375],"texture":"#1"},"up":{"uv":[0, 0, 0, 0],"texture":"#1"},"down":{"uv":[0, 0, 0, 0],"texture":"#1"}}},{"from":[-14, 25, 10],"to":[-14, 32, 25],"rotation":{"angle":45,"axis":"x","origin":[-11, 32, 10]},"faces":{"north":{"uv":[0, 0, 0, 0],"texture":"#1"},"east":{"uv":[2.375, 13.34375, 1.4375, 13.78125],"texture":"#1"},"south":{"uv":[0, 0, 0, 0],"texture":"#1"},"west":{"uv":[1.4375, 13.34375, 0.5, 13.78125],"texture":"#1"},"up":{"uv":[0, 0, 0, 0],"texture":"#1"},"down":{"uv":[0, 0, 0, 0],"texture":"#1"}}},{"from":[-14, 14.4, 20.5],"to":[-14, 21.4, 29.5],"rotation":{"angle":22.5,"axis":"x","origin":[-11, 21, 20.6]},"faces":{"north":{"uv":[0, 0, 0, 0],"texture":"#1"},"east":{"uv":[2.375, 13.34375, 1.4375, 13.78125],"texture":"#1"},"south":{"uv":[0, 0, 0, 0],"texture":"#1"},"west":{"uv":[6.0625, 11.71875, 5.5, 12.15625],"texture":"#1"},"up":{"uv":[0, 0, 0, 0],"texture":"#1"},"down":{"uv":[0, 0, 0, 0],"texture":"#1"}}},{"from":[-14, 8.7, -14.4],"to":[30, 15.7, -14.4],"rotation":{"angle":0,"axis":"y","origin":[26, 15.7, -14.5]},"faces":{"north":{"uv":[2.75, 11.53125, 0, 11.96875],"texture":"#1"},"east":{"uv":[0, 0, 0, 0],"texture":"#1"},"south":{"uv":[0, 11.53125, 2.75, 11.96875],"texture":"#1"},"west":{"uv":[0, 0, 0, 0],"texture":"#1"},"up":{"uv":[0, 0, 0, 0],"texture":"#1"},"down":{"uv":[0, 0, 0, 0],"texture":"#1"}}},{"from":[-14, 5, 28.9],"to":[30, 18, 28.9],"rotation":{"angle":0,"axis":"y","origin":[26, 21.5, -0.6]},"faces":{"north":{"uv":[0, 11.15625, 2.75, 11.96875],"texture":"#1"},"east":{"uv":[0, 0, 0, 0],"texture":"#1"},"south":{"uv":[0, 11.15625, 2.75, 11.96875],"texture":"#1"},"west":{"uv":[0, 0, 0, 0],"texture":"#1"},"up":{"uv":[0, 0, 0, 0],"texture":"#1"},"down":{"uv":[0, 0, 0, 0],"texture":"#1"}}},{"from":[-10, -10, -8],"to":[-8, -7, 28],"faces":{"north":{"uv":[2.0625, 5.6875, 2.1875, 5.875],"texture":"#1"},"east":{"uv":[5.5, 2.5625, 7.75, 2.75],"texture":"#1"},"south":{"uv":[2.0625, 5.6875, 2.1875, 5.875],"texture":"#1"},"west":{"uv":[5.5, 2.5625, 7.75, 2.75],"texture":"#1"},"up":{"uv":[2.75, 6.9375, 2.625, 4.6875],"texture":"#1"},"down":{"uv":[2.75, 6.9375, 2.625, 4.6875],"texture":"#1"}}}],"gui_light":"front","display":{"thirdperson_righthand":{"rotation":[67.5, 0, 0],"translation":[0, 3, 2],"scale":[0.17071, 0.17071, 0.17071]},"thirdperson_lefthand":{"rotation":[67.5, 0, 0],"translation":[0, 3, 2],"scale":[0.17071, 0.17071, 0.17071]},"firstperson_righthand":{"rotation":[180, 50, 180],"translation":[-0.75, 4.5, 0.75],"scale":[0.14726, 0.14726, 0.14726]},"firstperson_lefthand":{"rotation":[180, 50, 180],"translation":[-0.75, 4.5, 0.75],"scale":[0.14726, 0.14726, 0.14726]},"ground":{"translation":[0, 8.5, 0],"scale":[0.25, 0.25, 0.25]},"gui":{"rotation":[30, 225, 0],"translation":[0, 0.25, 0],"scale":[0.22969, 0.22969, 0.22969]},"head":{"rotation":[0, -180, 0],"translation":[0, 5.25, -2.25],"scale":[0, 0, 0]},"fixed":{"rotation":[-90, 0, 0],"translation":[-0.75, 0.25, -48],"scale":[2, 2, 2]}}}