{"texture_size":[256, 256],"textures":{"0":"custom/furniture/medieval_market/medievalmarket","particle":"custom/furniture/medieval_market/medievalmarket"},"elements":[{"from":[-11, 14, -2],"to":[27, 16, 18],"rotation":{"angle":0,"axis":"y","origin":[17, 1, 12]},"faces":{"north":{"uv":[13.25, 2, 10.875, 2.125],"texture":"#0"},"east":{"uv":[12.125, 2, 10.875, 1.875],"texture":"#0"},"south":{"uv":[13.25, 2, 10.875, 2.125],"texture":"#0"},"west":{"uv":[10.875, 2, 12.125, 1.875],"texture":"#0"},"up":{"uv":[11.625, 2.1875, 10.375, 4.5625],"rotation":270,"texture":"#0"},"down":{"uv":[11.625, 2.1875, 10.375, 4.5625],"rotation":270,"texture":"#0"}}},{"from":[21, 0, 12],"to":[25, 14, 16],"rotation":{"angle":0,"axis":"y","origin":[-3, 16, 13]},"faces":{"north":{"uv":[0.25, 5.8125, 0, 6.6875],"texture":"#0"},"east":{"uv":[0.25, 5.8125, 0, 6.6875],"texture":"#0"},"south":{"uv":[0.25, 5.8125, 0, 6.6875],"texture":"#0"},"west":{"uv":[0.25, 5.8125, 0, 6.6875],"texture":"#0"},"up":{"uv":[1.4375, 5.8125, 1.1875, 5.5625],"texture":"#0"},"down":{"uv":[1.4375, 5.8125, 1.1875, 5.5625],"texture":"#0"}}},{"from":[21, 0, 0],"to":[25, 14, 4],"rotation":{"angle":0,"axis":"y","origin":[-3, 16, 13]},"faces":{"north":{"uv":[0.25, 5.8125, 0, 6.6875],"texture":"#0"},"east":{"uv":[0.25, 5.8125, 0, 6.6875],"texture":"#0"},"south":{"uv":[0.25, 5.8125, 0, 6.6875],"texture":"#0"},"west":{"uv":[0.25, 5.8125, 0, 6.6875],"texture":"#0"},"up":{"uv":[1.4375, 5.8125, 1.1875, 5.5625],"texture":"#0"},"down":{"uv":[1.4375, 5.8125, 1.1875, 5.5625],"texture":"#0"}}},{"from":[6, 0, 0],"to":[10, 14, 4],"rotation":{"angle":0,"axis":"y","origin":[-3, 16, 13]},"faces":{"north":{"uv":[0.25, 5.8125, 0, 6.6875],"texture":"#0"},"east":{"uv":[0.25, 5.8125, 0, 6.6875],"texture":"#0"},"south":{"uv":[0.25, 5.8125, 0, 6.6875],"texture":"#0"},"west":{"uv":[0.25, 5.8125, 0, 6.6875],"texture":"#0"},"up":{"uv":[1.4375, 5.8125, 1.1875, 5.5625],"texture":"#0"},"down":{"uv":[1.4375, 5.8125, 1.1875, 5.5625],"texture":"#0"}}},{"from":[6, 0, 12],"to":[10, 14, 16],"rotation":{"angle":0,"axis":"y","origin":[-3, 16, 13]},"faces":{"north":{"uv":[0.25, 5.8125, 0, 6.6875],"texture":"#0"},"east":{"uv":[0.25, 5.8125, 0, 6.6875],"texture":"#0"},"south":{"uv":[0.25, 5.8125, 0, 6.6875],"texture":"#0"},"west":{"uv":[0.25, 5.8125, 0, 6.6875],"texture":"#0"},"up":{"uv":[1.4375, 5.8125, 1.1875, 5.5625],"texture":"#0"},"down":{"uv":[1.4375, 5.8125, 1.1875, 5.5625],"texture":"#0"}}},{"from":[-9, 1, 0],"to":[4, 14, 16],"rotation":{"angle":0,"axis":"y","origin":[1, 0, 7]},"faces":{"north":{"uv":[8.375, 0, 9.1875, 0.8125],"rotation":180,"texture":"#0"},"east":{"uv":[7.5, 0, 8.3125, 1],"rotation":270,"texture":"#0"},"south":{"uv":[8.375, 0, 9.1875, 0.8125],"texture":"#0"},"west":{"uv":[7.5, 0, 8.3125, 1],"rotation":90,"texture":"#0"},"up":{"uv":[7.5, 0, 8.3125, 1],"rotation":180,"texture":"#0"},"down":{"uv":[7.5, 0, 8.3125, 1],"texture":"#0"}}},{"from":[-10, 0, 2.5],"to":[5, 15, 5.5],"rotation":{"angle":0,"axis":"y","origin":[1, 0, 7]},"faces":{"north":{"uv":[9.25, 0, 10.1875, 0.9375],"rotation":180,"texture":"#0"},"east":{"uv":[7.25, 1, 8.1875, 1.1875],"rotation":270,"texture":"#0"},"south":{"uv":[9.25, 0, 10.1875, 0.9375],"texture":"#0"},"west":{"uv":[7.25, 1, 8.1875, 1.1875],"rotation":90,"texture":"#0"},"up":{"uv":[7.25, 1, 8.1875, 1.1875],"rotation":180,"texture":"#0"},"down":{"uv":[7.25, 1, 8.1875, 1.1875],"texture":"#0"}}},{"from":[-9.5, 0.5, 3],"to":[4.5, 14.5, 13],"rotation":{"angle":0,"axis":"y","origin":[1, 0, 7]},"faces":{"north":{"uv":[8.375, 0, 9.25, 0.875],"rotation":180,"texture":"#0"},"east":{"uv":[8.375, 0.875, 9.25, 1.5],"rotation":270,"texture":"#0"},"south":{"uv":[8.375, 0, 9.25, 0.875],"texture":"#0"},"west":{"uv":[8.375, 0.875, 9.25, 1.5],"rotation":90,"texture":"#0"},"up":{"uv":[8.375, 0.875, 9.25, 1.5],"rotation":180,"texture":"#0"},"down":{"uv":[8.375, 0.875, 9.25, 1.5],"texture":"#0"}}},{"from":[-10, 0, 10.5],"to":[5, 15, 13.5],"rotation":{"angle":0,"axis":"y","origin":[1, 0, 7]},"faces":{"north":{"uv":[9.25, 0, 10.1875, 0.9375],"rotation":180,"texture":"#0"},"east":{"uv":[7.25, 1, 8.1875, 1.1875],"rotation":270,"texture":"#0"},"south":{"uv":[9.25, 0, 10.1875, 0.9375],"texture":"#0"},"west":{"uv":[7.25, 1, 8.1875, 1.1875],"rotation":90,"texture":"#0"},"up":{"uv":[7.25, 1, 8.1875, 1.1875],"rotation":180,"texture":"#0"},"down":{"uv":[7.25, 1, 8.1875, 1.1875],"texture":"#0"}}},{"from":[10, 1, 1],"to":[21, 4, 3],"rotation":{"angle":0,"axis":"y","origin":[-3, 16, 13]},"faces":{"north":{"uv":[5.8125, 2.375, 6.5, 2.5625],"texture":"#0"},"east":{"uv":[1.9375, 5.5625, 2.0625, 5.75],"texture":"#0"},"south":{"uv":[5.8125, 2.375, 6.5, 2.5625],"texture":"#0"},"west":{"uv":[1.9375, 5.5625, 2.0625, 5.75],"texture":"#0"},"up":{"uv":[6.46875, 2.875, 5.78125, 2.75],"texture":"#0"},"down":{"uv":[6.46875, 2.875, 5.78125, 2.75],"texture":"#0"}}},{"from":[22, 1, 1],"to":[24, 4, 12],"rotation":{"angle":0,"axis":"y","origin":[-3, 16, 13]},"faces":{"north":{"uv":[1.9375, 5.5625, 2.0625, 5.75],"texture":"#0"},"east":{"uv":[5.8125, 2.375, 6.5, 2.5625],"texture":"#0"},"south":{"uv":[1.9375, 5.5625, 2.0625, 5.75],"texture":"#0"},"west":{"uv":[5.8125, 2.375, 6.5, 2.5625],"texture":"#0"},"up":{"uv":[6.46875, 2.875, 5.78125, 2.75],"rotation":90,"texture":"#0"},"down":{"uv":[6.46875, 2.875, 5.78125, 2.75],"rotation":270,"texture":"#0"}}},{"from":[7, 1, 1],"to":[9, 4, 12],"rotation":{"angle":0,"axis":"y","origin":[-3, 16, 13]},"faces":{"north":{"uv":[1.9375, 5.5625, 2.0625, 5.75],"texture":"#0"},"east":{"uv":[5.8125, 2.375, 6.5, 2.5625],"texture":"#0"},"south":{"uv":[1.9375, 5.5625, 2.0625, 5.75],"texture":"#0"},"west":{"uv":[5.8125, 2.375, 6.5, 2.5625],"texture":"#0"},"up":{"uv":[6.46875, 2.875, 5.78125, 2.75],"rotation":90,"texture":"#0"},"down":{"uv":[6.46875, 2.875, 5.78125, 2.75],"rotation":270,"texture":"#0"}}},{"from":[7, 10, 1],"to":[9, 13, 12],"rotation":{"angle":0,"axis":"y","origin":[-3, 16, 13]},"faces":{"north":{"uv":[1.9375, 5.5625, 2.0625, 5.75],"texture":"#0"},"east":{"uv":[5.8125, 2.375, 6.5, 2.5625],"texture":"#0"},"south":{"uv":[1.9375, 5.5625, 2.0625, 5.75],"texture":"#0"},"west":{"uv":[5.8125, 2.375, 6.5, 2.5625],"texture":"#0"},"up":{"uv":[6.46875, 2.875, 5.78125, 2.75],"rotation":90,"texture":"#0"},"down":{"uv":[6.46875, 2.875, 5.78125, 2.75],"rotation":270,"texture":"#0"}}},{"from":[10, 10, 1],"to":[21, 13, 3],"rotation":{"angle":0,"axis":"y","origin":[-3, 16, 13]},"faces":{"north":{"uv":[5.8125, 2.375, 6.5, 2.5625],"texture":"#0"},"east":{"uv":[1.9375, 5.5625, 2.0625, 5.75],"texture":"#0"},"south":{"uv":[5.8125, 2.375, 6.5, 2.5625],"texture":"#0"},"west":{"uv":[1.9375, 5.5625, 2.0625, 5.75],"texture":"#0"},"up":{"uv":[6.46875, 2.875, 5.78125, 2.75],"texture":"#0"},"down":{"uv":[6.46875, 2.875, 5.78125, 2.75],"texture":"#0"}}},{"from":[22, 10, 1],"to":[24, 13, 12],"rotation":{"angle":0,"axis":"y","origin":[-3, 16, 13]},"faces":{"north":{"uv":[1.9375, 5.5625, 2.0625, 5.75],"texture":"#0"},"east":{"uv":[5.8125, 2.375, 6.5, 2.5625],"texture":"#0"},"south":{"uv":[1.9375, 5.5625, 2.0625, 5.75],"texture":"#0"},"west":{"uv":[5.8125, 2.375, 6.5, 2.5625],"texture":"#0"},"up":{"uv":[6.46875, 2.875, 5.78125, 2.75],"rotation":90,"texture":"#0"},"down":{"uv":[6.46875, 2.875, 5.78125, 2.75],"rotation":270,"texture":"#0"}}},{"from":[11.4, 0.8, 7],"to":[11.4, 2.8, 11],"rotation":{"angle":0,"axis":"y","origin":[16.5, 9.8, 10]},"faces":{"north":{"uv":[1.8125, 5.5, 1.8125, 5.625],"texture":"#0"},"east":{"uv":[0.75, 5.75, 0.5, 5.875],"texture":"#0"},"south":{"uv":[1.8125, 5.5, 1.8125, 5.625],"texture":"#0"},"west":{"uv":[0.75, 5.75, 0.5, 5.875],"texture":"#0"},"up":{"uv":[1.84375, 5.5, 1.84375, 5.75],"texture":"#0"},"down":{"uv":[1.84375, 5.5, 1.84375, 5.75],"texture":"#0"}}},{"from":[12, 0, 3.7],"to":[20, 3, 4.2],"rotation":{"angle":0,"axis":"y","origin":[16.5, 9.8, 10]},"faces":{"north":{"uv":[0.5, 5.9375, 1, 6.125],"texture":"#0"},"east":{"uv":[1, 5.9375, 1.03125, 6.125],"texture":"#0"},"south":{"uv":[0.5, 5.9375, 1, 6.125],"texture":"#0"},"west":{"uv":[1, 5.9375, 1.03125, 6.125],"texture":"#0"},"up":{"uv":[0.5, 6.125, 1, 6.15625],"texture":"#0"},"down":{"uv":[0.5, 6.125, 1, 6.15625],"texture":"#0"}}},{"from":[20.5, 0.8, 7],"to":[20.5, 2.8, 11],"rotation":{"angle":0,"axis":"y","origin":[16.5, 9.8, 10]},"faces":{"north":{"uv":[1.8125, 5.5, 1.8125, 5.625],"texture":"#0"},"east":{"uv":[0.5, 5.75, 0.75, 5.875],"texture":"#0"},"south":{"uv":[1.8125, 5.5, 1.8125, 5.625],"texture":"#0"},"west":{"uv":[0.5, 5.75, 0.75, 5.875],"texture":"#0"},"up":{"uv":[1.84375, 5.5, 1.84375, 5.75],"texture":"#0"},"down":{"uv":[1.84375, 5.5, 1.84375, 5.75],"texture":"#0"}}},{"from":[20, 0, 3.7],"to":[20.5, 3, 15.7],"rotation":{"angle":0,"axis":"y","origin":[16.5, 9.8, 10]},"faces":{"north":{"uv":[2.3125, 5.6875, 2.34375, 5.875],"texture":"#0"},"east":{"uv":[1, 5.9375, 1.75, 6.125],"texture":"#0"},"south":{"uv":[2.3125, 5.6875, 2.34375, 5.875],"texture":"#0"},"west":{"uv":[1, 5.9375, 1.75, 6.125],"texture":"#0"},"up":{"uv":[2.34375, 5.6875, 2.375, 6.4375],"texture":"#0"},"down":{"uv":[2.34375, 5.6875, 2.375, 6.4375],"texture":"#0"}}},{"from":[11.5, 0, 3.7],"to":[12, 3, 15.7],"rotation":{"angle":0,"axis":"y","origin":[16.5, 9.8, 10]},"faces":{"north":{"uv":[2.34375, 5.6875, 2.3125, 5.875],"texture":"#0"},"east":{"uv":[1.75, 5.9375, 1, 6.125],"texture":"#0"},"south":{"uv":[2.34375, 5.6875, 2.3125, 5.875],"texture":"#0"},"west":{"uv":[1.75, 5.9375, 1, 6.125],"texture":"#0"},"up":{"uv":[2.375, 5.6875, 2.34375, 6.4375],"texture":"#0"},"down":{"uv":[2.375, 5.6875, 2.34375, 6.4375],"texture":"#0"}}},{"from":[12, 0, 15.2],"to":[20, 3, 15.7],"rotation":{"angle":0,"axis":"y","origin":[16.5, 9.8, 10]},"faces":{"north":{"uv":[1, 5.9375, 0.5, 6.125],"texture":"#0"},"east":{"uv":[1.03125, 5.9375, 1, 6.125],"texture":"#0"},"south":{"uv":[1, 5.9375, 0.5, 6.125],"texture":"#0"},"west":{"uv":[1.03125, 5.9375, 1, 6.125],"texture":"#0"},"up":{"uv":[1, 6.125, 0.5, 6.15625],"texture":"#0"},"down":{"uv":[1, 6.125, 0.5, 6.15625],"texture":"#0"}}},{"from":[12, 0.1, 4.2],"to":[20, 0.1, 15.2],"rotation":{"angle":0,"axis":"y","origin":[16.5, 9.8, 10]},"faces":{"north":{"uv":[1, 5.9375, 0.5, 6.125],"texture":"#0"},"east":{"uv":[1.03125, 5.9375, 1, 6.125],"texture":"#0"},"south":{"uv":[1, 5.9375, 0.5, 6.125],"texture":"#0"},"west":{"uv":[1.03125, 5.9375, 1, 6.125],"texture":"#0"},"up":{"uv":[1, 6.15625, 0.5, 6.84375],"texture":"#0"},"down":{"uv":[1, 6.15625, 0.5, 6.84375],"texture":"#0"}}},{"from":[12, 3.1, 3.3],"to":[20, 3.1, 14.3],"rotation":{"angle":-22.5,"axis":"y","origin":[16.5, 9.8, 10]},"faces":{"north":{"uv":[1, 5.9375, 0.5, 6.125],"texture":"#0"},"east":{"uv":[1.03125, 5.9375, 1, 6.125],"texture":"#0"},"south":{"uv":[1, 5.9375, 0.5, 6.125],"texture":"#0"},"west":{"uv":[1.03125, 5.9375, 1, 6.125],"texture":"#0"},"up":{"uv":[1, 6.15625, 0.5, 6.84375],"texture":"#0"},"down":{"uv":[1, 6.15625, 0.5, 6.84375],"texture":"#0"}}},{"from":[12, 3, 14.3],"to":[20, 6, 14.8],"rotation":{"angle":-22.5,"axis":"y","origin":[16.5, 9.8, 10]},"faces":{"north":{"uv":[1, 5.9375, 0.5, 6.125],"texture":"#0"},"east":{"uv":[1.03125, 5.9375, 1, 6.125],"texture":"#0"},"south":{"uv":[1, 5.9375, 0.5, 6.125],"texture":"#0"},"west":{"uv":[1.03125, 5.9375, 1, 6.125],"texture":"#0"},"up":{"uv":[1, 6.125, 0.5, 6.15625],"texture":"#0"},"down":{"uv":[1, 6.125, 0.5, 6.15625],"texture":"#0"}}},{"from":[11.5, 3, 2.8],"to":[12, 6, 14.8],"rotation":{"angle":-22.5,"axis":"y","origin":[16.5, 9.8, 10]},"faces":{"north":{"uv":[2.34375, 5.6875, 2.3125, 5.875],"texture":"#0"},"east":{"uv":[1.75, 5.9375, 1, 6.125],"texture":"#0"},"south":{"uv":[2.34375, 5.6875, 2.3125, 5.875],"texture":"#0"},"west":{"uv":[1.75, 5.9375, 1, 6.125],"texture":"#0"},"up":{"uv":[2.375, 5.6875, 2.34375, 6.4375],"texture":"#0"},"down":{"uv":[2.375, 5.6875, 2.34375, 6.4375],"texture":"#0"}}},{"from":[20, 3, 2.8],"to":[20.5, 6, 14.8],"rotation":{"angle":-22.5,"axis":"y","origin":[16.5, 9.8, 10]},"faces":{"north":{"uv":[2.3125, 5.6875, 2.34375, 5.875],"texture":"#0"},"east":{"uv":[1, 5.9375, 1.75, 6.125],"texture":"#0"},"south":{"uv":[2.3125, 5.6875, 2.34375, 5.875],"texture":"#0"},"west":{"uv":[1, 5.9375, 1.75, 6.125],"texture":"#0"},"up":{"uv":[2.34375, 5.6875, 2.375, 6.4375],"texture":"#0"},"down":{"uv":[2.34375, 5.6875, 2.375, 6.4375],"texture":"#0"}}},{"from":[20.6, 3.8, 6.1],"to":[20.6, 5.8, 10.1],"rotation":{"angle":-22.5,"axis":"y","origin":[16.6, 9.8, 10]},"faces":{"north":{"uv":[1.8125, 5.5, 1.8125, 5.625],"texture":"#0"},"east":{"uv":[0.5, 5.75, 0.75, 5.875],"texture":"#0"},"south":{"uv":[1.8125, 5.5, 1.8125, 5.625],"texture":"#0"},"west":{"uv":[0.5, 5.75, 0.75, 5.875],"texture":"#0"},"up":{"uv":[1.84375, 5.5, 1.84375, 5.75],"texture":"#0"},"down":{"uv":[1.84375, 5.5, 1.84375, 5.75],"texture":"#0"}}},{"from":[12, 3, 2.8],"to":[20, 6, 3.3],"rotation":{"angle":-22.5,"axis":"y","origin":[16.5, 9.8, 10]},"faces":{"north":{"uv":[0.5, 5.9375, 1, 6.125],"texture":"#0"},"east":{"uv":[1, 5.9375, 1.03125, 6.125],"texture":"#0"},"south":{"uv":[0.5, 5.9375, 1, 6.125],"texture":"#0"},"west":{"uv":[1, 5.9375, 1.03125, 6.125],"texture":"#0"},"up":{"uv":[0.5, 6.125, 1, 6.15625],"texture":"#0"},"down":{"uv":[0.5, 6.125, 1, 6.15625],"texture":"#0"}}},{"from":[11.4, 3.8, 6.1],"to":[11.4, 5.8, 10.1],"rotation":{"angle":-22.5,"axis":"y","origin":[16.5, 9.8, 10]},"faces":{"north":{"uv":[1.8125, 5.5, 1.8125, 5.625],"texture":"#0"},"east":{"uv":[0.75, 5.75, 0.5, 5.875],"texture":"#0"},"south":{"uv":[1.8125, 5.5, 1.8125, 5.625],"texture":"#0"},"west":{"uv":[0.75, 5.75, 0.5, 5.875],"texture":"#0"},"up":{"uv":[1.84375, 5.5, 1.84375, 5.75],"texture":"#0"},"down":{"uv":[1.84375, 5.5, 1.84375, 5.75],"texture":"#0"}}}],"gui_light":"front","display":{"thirdperson_righthand":{"rotation":[67.5, 0, 0],"translation":[0, 1.5, 0.5],"scale":[0.27344, 0.27344, 0.27344]},"thirdperson_lefthand":{"rotation":[67.5, 0, 0],"translation":[0, 1.5, 0.5],"scale":[0.27344, 0.27344, 0.27344]},"firstperson_righthand":{"rotation":[0, 225, 0],"scale":[0.4, 0.4, 0.4]},"firstperson_lefthand":{"rotation":[0, 225, 0],"scale":[0.4, 0.4, 0.4]},"ground":{"translation":[0, 3, 0],"scale":[0.25, 0.25, 0.25]},"gui":{"rotation":[30, 225, 0],"translation":[0, -0.25, 0],"scale":[0.36914, 0.36914, 0.36914]},"head":{"translation":[12.75, -30.5, 0],"scale":[0, 0, 0]},"fixed":{"rotation":[-90, 0, 0],"translation":[-18, 0, -16],"scale":[2, 2, 2]}}}