{"model":{"type":"condition","on_false":{"type":"model","model":"item/leather_horse_armor"},"property":"has_component","component":"custom_model_data","on_true":{"type":"range_dispatch","property":"custom_model_data",
  "entries": [
    {"threshold": 1, "model": {"type": "model", "model": "modelengine:rabbit/left_back"}},
    {"threshold": 2, "model": {"type": "model", "model": "modelengine:rabbit/front_left"}},
    {"threshold": 3, "model": {"type": "model", "model": "modelengine:rabbit/front_right"}},
    {"threshold": 4, "model": {"type": "model", "model": "modelengine:rabbit/right_back"}},
    {"threshold": 5, "model": {"type": "model", "model": "modelengine:rabbit/torso"}},
    {"threshold": 6, "model": {"type": "model", "model": "modelengine:rabbit/left_back2"}},
    {"threshold": 7, "model": {"type": "model", "model": "modelengine:rabbit/front_left2"}},
    {"threshold": 8, "model": {"type": "model", "model": "modelengine:rabbit/front_right2"}},
    {"threshold": 9, "model": {"type": "model", "model": "modelengine:rabbit/right_back2"}},
    {"threshold": 10, "model": {"type": "model", "model": "modelengine:rabbit/head"}},
    {"threshold": 11, "model": {"type": "model", "model": "modelengine:rabbit/tail"}},
    {"threshold": 12, "model": {"type": "model", "model": "modelengine:rabbit/mouth"}},
    {"threshold": 13, "model": {"type": "model", "model": "modelengine:rabbit/ear_right"}},
    {"threshold": 14, "model": {"type": "model", "model": "modelengine:rabbit/eye_left"}},
    {"threshold": 15, "model": {"type": "model", "model": "modelengine:rabbit/ear_left"}},
    {"threshold": 16, "model": {"type": "model", "model": "modelengine:rabbit/eye_right"}},
    {"threshold": 17, "model": {"type": "model", "model": "modelengine:rabbit_infected/left_back"}},
    {"threshold": 18, "model": {"type": "model", "model": "modelengine:rabbit_infected/left_front"}},
    {"threshold": 19, "model": {"type": "model", "model": "modelengine:rabbit_infected/right_front"}},
    {"threshold": 20, "model": {"type": "model", "model": "modelengine:rabbit_infected/right_back"}},
    {"threshold": 21, "model": {"type": "model", "model": "modelengine:rabbit_infected/torso"}},
    {"threshold": 22, "model": {"type": "model", "model": "modelengine:rabbit_infected/left_back2"}},
    {"threshold": 23, "model": {"type": "model", "model": "modelengine:rabbit_infected/left_front2"}},
    {"threshold": 24, "model": {"type": "model", "model": "modelengine:rabbit_infected/right_front2"}},
    {"threshold": 25, "model": {"type": "model", "model": "modelengine:rabbit_infected/right_back2"}},
    {"threshold": 26, "model": {"type": "model", "model": "modelengine:rabbit_infected/mushroom"}},
    {"threshold": 27, "model": {"type": "model", "model": "modelengine:rabbit_infected/mushroom/1"}},
    {"threshold": 28, "model": {"type": "model", "model": "modelengine:rabbit_infected/head"}},
    {"threshold": 29, "model": {"type": "model", "model": "modelengine:rabbit_infected/tail"}},
    {"threshold": 30, "model": {"type": "model", "model": "modelengine:rabbit_infected/mouth"}},
    {"threshold": 31, "model": {"type": "model", "model": "modelengine:rabbit_infected/ear_right"}},
    {"threshold": 32, "model": {"type": "model", "model": "modelengine:rabbit_infected/eye_left"}},
    {"threshold": 33, "model": {"type": "model", "model": "modelengine:rabbit_infected/ear_left"}},
    {"threshold": 34, "model": {"type": "model", "model": "modelengine:rabbit_infected/eye_right"}}
]}}}