{"model":{"type":"condition","on_false":{"type":"model","model":"item/template_skull"},"property":"has_component","component":"custom_model_data","on_true":{"type":"range_dispatch","property":"custom_model_data",
  "entries": [
    {"threshold": 1, "model": {"type": "model", "model": "custom/entities/player/head"}},
    {"threshold": 2, "model": {"type": "model", "model": "custom/entities/player/right_arm"}},
    {"threshold": 3, "model": {"type": "model", "model": "custom/entities/player/left_arm"}},
    {"threshold": 4, "model": {"type": "model", "model": "custom/entities/player/torso"}},
    {"threshold": 5, "model": {"type": "model", "model": "custom/entities/player/right_leg"}},
    {"threshold": 6, "model": {"type": "model", "model": "custom/entities/player/left_leg"}},
    {"threshold": 7, "model": {"type": "model", "model": "custom/entities/player/slim_right"}},
    {"threshold": 8, "model": {"type": "model", "model": "custom/entities/player/slim_left"}}
]}}}