{"textures":{"0":"custom/hats/cap"},"elements":[{"from":[3,4,5],"to":[13,4,15],"rotation":{"angle":0,"axis":"y","origin":[-2,2,-2]},"faces":{"north":{"uv":[0,0,5,0],"texture":"#0"},"east":{"uv":[0,0,5,0],"texture":"#0"},"south":{"uv":[0,0,5,0],"texture":"#0"},"west":{"uv":[0,0,5,0],"texture":"#0"},"up":{"uv":[5,5,0,0],"texture":"#0"},"down":{"uv":[5,5,0,10],"texture":"#0"}}},{"from":[3,0,5],"to":[3,4,15],"rotation":{"angle":0,"axis":"y","origin":[-2,-2,-2]},"faces":{"north":{"uv":[0,0,0,2],"texture":"#0"},"east":{"uv":[5,0,10,2],"texture":"#0"},"south":{"uv":[0,0,0,2],"texture":"#0"},"west":{"uv":[5,0,10,2],"texture":"#0"},"up":{"uv":[0,5,0,0],"texture":"#0"},"down":{"uv":[0,0,0,5],"texture":"#0"}}},{"from":[3,0,15],"to":[13,4,15],"rotation":{"angle":0,"axis":"y","origin":[3,-2,-2]},"faces":{"north":{"uv":[5,0,10,2],"texture":"#0"},"east":{"uv":[0,0,0,2],"texture":"#0"},"south":{"uv":[5,0,10,2],"texture":"#0"},"west":{"uv":[0,0,0,2],"texture":"#0"},"up":{"uv":[5,0,0,0],"texture":"#0"},"down":{"uv":[5,0,0,0],"texture":"#0"}}},{"from":[3,1,5],"to":[13,4,5],"rotation":{"angle":0,"axis":"y","origin":[3,-2,-12]},"faces":{"north":{"uv":[5,2,10,3.5],"texture":"#0"},"east":{"uv":[0,0,0,1.5],"texture":"#0"},"south":{"uv":[5,2,10,3.5],"texture":"#0"},"west":{"uv":[0,0,0,1.5],"texture":"#0"},"up":{"uv":[5,0,0,0],"texture":"#0"},"down":{"uv":[5,0,0,0],"texture":"#0"}}},{"from":[13,0,5],"to":[13,4,15],"rotation":{"angle":0,"axis":"y","origin":[8,-2,-2]},"faces":{"north":{"uv":[0,0,0,2],"texture":"#0"},"east":{"uv":[5,0,10,2],"texture":"#0"},"south":{"uv":[0,0,0,2],"texture":"#0"},"west":{"uv":[5,0,10,2],"texture":"#0"},"up":{"uv":[0,5,0,0],"texture":"#0"},"down":{"uv":[0,0,0,5],"texture":"#0"}}},{"from":[3,1,1],"to":[13,1,5],"faces":{"north":{"uv":[0,0,5,0],"texture":"#0"},"east":{"uv":[0,0,2,0],"texture":"#0"},"south":{"uv":[0,0,5,0],"texture":"#0"},"west":{"uv":[0,0,2,0],"texture":"#0"},"up":{"uv":[5,12,0,10],"texture":"#0"},"down":{"uv":[5,10,0,12],"texture":"#0"}}},{"from":[5,1,0],"to":[11,1,1],"faces":{"north":{"uv":[0,0,3,0],"texture":"#0"},"east":{"uv":[0,0,0.5,0],"texture":"#0"},"south":{"uv":[0,0,3,0],"texture":"#0"},"west":{"uv":[0,0,0.5,0],"texture":"#0"},"up":{"uv":[4,12.5,1,12],"texture":"#0"},"down":{"uv":[4,12,1,12.5],"texture":"#0"}}},{"from":[3,0,1],"to":[3,1,5],"faces":{"north":{"uv":[0,0,0,0.5],"texture":"#0"},"east":{"uv":[5.5,12,5,10],"rotation":90,"texture":"#0"},"south":{"uv":[0,0,0,0.5],"texture":"#0"},"west":{"uv":[5.5,10,5,12],"rotation":90,"texture":"#0"},"up":{"uv":[0,2,0,0],"texture":"#0"},"down":{"uv":[0,0,0,2],"texture":"#0"}}},{"from":[13,0,1],"to":[13,1,5],"faces":{"north":{"uv":[0,0,0,0.5],"texture":"#0"},"east":{"uv":[5.5,12,5,10],"rotation":90,"texture":"#0"},"south":{"uv":[0,0,0,0.5],"texture":"#0"},"west":{"uv":[5.5,10,5,12],"rotation":90,"texture":"#0"},"up":{"uv":[0,2,0,0],"texture":"#0"},"down":{"uv":[0,0,0,2],"texture":"#0"}}},{"from":[-2.5,4,12.1],"to":[-0.5,5,14.1],"rotation":{"angle":45,"axis":"y","origin":[-0.5,0,0.1]},"faces":{"north":{"uv":[5.5,4.5,6.5,5],"texture":"#0"},"east":{"uv":[5.5,4,6.5,4.5],"texture":"#0"},"south":{"uv":[5.5,4.5,6.5,5],"texture":"#0"},"west":{"uv":[5.5,4,6.5,4.5],"texture":"#0"},"up":{"uv":[6.5,5,5.5,4],"texture":"#0"},"down":{"uv":[6.5,4,5.5,5],"texture":"#0"}}}],"gui_light":"front","display":{"thirdperson_righthand":{"rotation":[-20,0,0],"translation":[0,0,-3.5],"scale":[0.5,0.5,0.5]},"thirdperson_lefthand":{"rotation":[-20,0,0],"translation":[0,0,-3.5],"scale":[0.5,0.5,0.5]},"firstperson_righthand":{"rotation":[-27,0,0],"translation":[0,4.5,0],"scale":[0.6,0.6,0.6]},"firstperson_lefthand":{"rotation":[-27,0,0],"translation":[0,4.5,0],"scale":[0.6,0.6,0.6]},"ground":{"translation":[0,2.75,0],"scale":[0.75,0.75,0.75]},"gui":{"rotation":[25,-150,0],"translation":[0.25,5,0]},"head":{"rotation":[-90,79.75,90],"translation":[-4.75,14,0],"scale":[1.55,1.55,1.55]},"fixed":{"translation":[0,6,0]}}}