{"texture_size":[64,64],"textures":{"0":"custom/hats/chef_hat"},"elements":[{"from":[0,0,0],"to":[16,3,16],"faces":{"north":{"uv":[9.008,5.258,12.992,5.992],"texture":"#0"},"east":{"uv":[9.008,5.258,12.992,5.992],"texture":"#0"},"south":{"uv":[9.008,5.258,12.992,5.992],"texture":"#0"},"west":{"uv":[9.008,5.258,12.992,5.992],"texture":"#0"},"down":{"uv":[7.992,8.758,4.008,12.742],"texture":"#0"}}},{"from":[-1,3,-1],"to":[17,8,18],"faces":{"north":{"uv":[9.008,1.258,13.492,2.492],"texture":"#0"},"east":{"uv":[8.008,8.758,12.742,9.992],"texture":"#0"},"south":{"uv":[9.008,2.508,13.492,3.742],"texture":"#0"},"west":{"uv":[9.008,0.008,13.742,1.242],"texture":"#0"},"up":{"uv":[4.492,4.742,0.008,0.008],"texture":"#0"},"down":{"uv":[8.992,0.008,4.508,4.742],"texture":"#0"}}},{"from":[-1,8,-1],"to":[17,11,15],"faces":{"north":{"uv":[9.008,3.758,13.492,4.492],"texture":"#0"},"east":{"uv":[8.008,10.008,11.992,10.742],"texture":"#0"},"south":{"uv":[9.008,4.508,13.492,5.242],"texture":"#0"},"west":{"uv":[8.008,10.758,11.992,11.492],"texture":"#0"},"up":{"uv":[4.492,8.742,0.008,4.758],"texture":"#0"}}}],"gui_light":"front","display":{"thirdperson_righthand":{"rotation":[-59,0,0],"scale":[0.5,0.5,0.5]},"thirdperson_lefthand":{"rotation":[-59,0,0],"scale":[0.5,0.5,0.5]},"firstperson_righthand":{"rotation":[-47,0,0],"scale":[0.5,0.5,0.5]},"firstperson_lefthand":{"rotation":[-47,0,0],"scale":[0.5,0.5,0.5]},"ground":{"scale":[0.5,0.5,0.5]},"gui":{"rotation":[25,-150,0],"translation":[0.25,1.25,0],"scale":[0.65,0.65,0.65]},"head":{"rotation":[15,0,0],"translation":[0,10.25,1.75]},"fixed":{"translation":[0,2.75,0]}}}