{"texture_size":[64,64],"textures":{"0":"custom/hats/hardhat"},"elements":[{"from":[1,0,0],"to":[15,1,16],"faces":{"north":{"uv":[1.008,8.008,4.492,8.242],"texture":"#0"},"east":{"uv":[1.008,7.508,4.992,7.742],"texture":"#0"},"south":{"uv":[4.508,8.008,7.992,8.242],"texture":"#0"},"west":{"uv":[1.008,7.758,4.992,7.992],"texture":"#0"},"up":{"uv":[3.492,3.992,0.008,0.008],"texture":"#0"},"down":{"uv":[6.992,0.008,3.508,3.992],"texture":"#0"}}},{"from":[1,1,2],"to":[15,6,16],"faces":{"north":{"uv":[7.008,0.008,10.492,1.242],"texture":"#0"},"east":{"uv":[7.008,1.258,10.492,2.492],"texture":"#0"},"south":{"uv":[7.008,2.508,10.492,3.742],"texture":"#0"},"west":{"uv":[7.008,3.758,10.492,4.992],"texture":"#0"},"up":{"uv":[3.492,7.492,0.008,4.008],"texture":"#0"}}},{"from":[6,6,3],"to":[10,7,15],"faces":{"north":{"uv":[5.008,7.508,5.992,7.742],"texture":"#0"},"east":{"uv":[8.008,5.008,10.992,5.242],"texture":"#0"},"south":{"uv":[6.008,7.508,6.992,7.742],"texture":"#0"},"west":{"uv":[8.008,5.258,10.992,5.492],"texture":"#0"},"up":{"uv":[7.992,7.992,7.008,5.008],"texture":"#0"}}}],"gui_light":"front","display":{"thirdperson_righthand":{"translation":[0,4,0],"scale":[0.5,0.5,0.5]},"thirdperson_lefthand":{"translation":[0,4,0],"scale":[0.5,0.5,0.5]},"firstperson_righthand":{"scale":[0.5,0.5,0.5]},"firstperson_lefthand":{"scale":[0.5,0.5,0.5]},"ground":{"translation":[0,0.5,0],"scale":[0.5,0.5,0.5]},"gui":{"rotation":[25,-150,0],"translation":[0.25,2.75,0],"scale":[0.7,0.7,0.7]},"head":{"rotation":[10,0,0],"translation":[0,11.25,0.25],"scale":[1.15,1.15,1.15]},"fixed":{"translation":[0,5,-5.75]}}}