{"textures":{"0":"modelengine:entity/nm_elephant_baby_texture","particle":"#0"},"elements":[{"from":[5.0,1.7576423,5.871628],"to":[11.0,10.757642,11.871629],"faces":{"east":{"uv":[3.75,10.0,4.5,11.125],"tintindex":0,"rotation":0,"texture":"#0"},"south":{"uv":[10.0,4.0,10.75,5.125],"tintindex":0,"rotation":0,"texture":"#0"},"north":{"uv":[7.5,9.75,8.25,10.875],"tintindex":0,"rotation":0,"texture":"#0"},"west":{"uv":[4.5,10.0,5.25,11.125],"tintindex":0,"rotation":0,"texture":"#0"},"up":{"uv":[9.25,2.5,8.5,1.75],"tintindex":0,"rotation":0,"texture":"#0"},"down":{"uv":[10.0,1.75,9.25,2.5],"tintindex":0,"rotation":0,"texture":"#0"}},"rotation":{"origin":[8.0,10.794242,8.947805],"angle":-22.5,"axis":"x"}}],"display":{"head":{"rotation":[0.0,0.0,0.0]},"firstperson_righthand":{"rotation":[0.0,0.0,0.0]},"thirdperson_lefthand":{"rotation":[0.0,-0.0,-0.0]},"firstperson_lefthand":{"rotation":[0.0,-0.0,-0.0]},"fixed":{"rotation":[0.0,0.0,0.0]},"ground":{"rotation":[0.0,0.0,0.0]},"thirdperson_righthand":{"rotation":[0.0,0.0,0.0]},"gui":{"rotation":[-150.0,-45.0,180.0]}}}