{"textures":{"0":"modelengine:entity/nm_elephant_baby_texture","particle":"#0"},"elements":[{"from":[-5.162614,2.8819618,7.481388],"to":[10.837385,22.881962,9.481388],"faces":{"east":{"uv":[5.75,10.0,6.0,12.5],"tintindex":0,"rotation":0,"texture":"#0"},"south":{"uv":[4.0,7.5,6.0,10.0],"tintindex":0,"rotation":0,"texture":"#0"},"north":{"uv":[6.5,0.0,8.5,2.5],"tintindex":0,"rotation":0,"texture":"#0"},"west":{"uv":[8.25,10.0,8.5,12.5],"tintindex":0,"rotation":0,"texture":"#0"},"up":{"uv":[12.75,5.5,10.75,5.25],"tintindex":0,"rotation":0,"texture":"#0"},"down":{"uv":[12.75,5.5,10.75,5.75],"tintindex":0,"rotation":0,"texture":"#0"}}}],"display":{"head":{"rotation":[0.0,0.0,0.0]},"firstperson_righthand":{"rotation":[0.0,0.0,0.0]},"thirdperson_lefthand":{"rotation":[0.0,-0.0,-0.0]},"firstperson_lefthand":{"rotation":[0.0,-0.0,-0.0]},"fixed":{"rotation":[0.0,0.0,0.0]},"ground":{"rotation":[0.0,0.0,0.0]},"thirdperson_righthand":{"rotation":[0.0,0.0,0.0]},"gui":{"rotation":[-150.0,-45.0,180.0]}}}