{"textures":{"0":"modelengine:entity/nm_elephant_baby_texture","particle":"#0"},"elements":[{"from":[5.0,-4.0,5.0],"to":[11.0,10.0,11.0],"faces":{"east":{"uv":[3.0,7.75,3.75,9.5],"tintindex":0,"rotation":0,"texture":"#0"},"south":{"uv":[8.25,6.5,9.0,8.25],"tintindex":0,"rotation":0,"texture":"#0"},"north":{"uv":[2.25,7.75,3.0,9.5],"tintindex":0,"rotation":0,"texture":"#0"},"west":{"uv":[8.25,8.25,9.0,10.0],"tintindex":0,"rotation":0,"texture":"#0"},"up":{"uv":[10.75,5.875,10.0,5.125],"tintindex":0,"rotation":0,"texture":"#0"},"down":{"uv":[9.25,10.0,8.5,10.75],"tintindex":0,"rotation":0,"texture":"#0"}}}],"display":{"head":{"rotation":[0.0,0.0,0.0]},"firstperson_righthand":{"rotation":[0.0,0.0,0.0]},"thirdperson_lefthand":{"rotation":[0.0,-0.0,-0.0]},"firstperson_lefthand":{"rotation":[0.0,-0.0,-0.0]},"fixed":{"rotation":[0.0,0.0,0.0]},"ground":{"rotation":[0.0,0.0,0.0]},"thirdperson_righthand":{"rotation":[0.0,0.0,0.0]},"gui":{"rotation":[-150.0,-45.0,180.0]}}}