{"textures":{"0":"modelengine:entity/nm_elephant_baby_texture","particle":"#0"},"elements":[{"from":[7.0,-3.2390661,7.4016495],"to":[9.0,9.760933,8.401649],"faces":{"east":{"uv":[8.0,10.875,8.125,12.5],"tintindex":0,"rotation":0,"texture":"#0"},"south":{"uv":[9.0,10.75,9.25,12.375],"tintindex":0,"rotation":0,"texture":"#0"},"north":{"uv":[3.75,7.75,4.0,9.375],"tintindex":0,"rotation":0,"texture":"#0"},"west":{"uv":[8.125,10.875,8.25,12.5],"tintindex":0,"rotation":0,"texture":"#0"},"up":{"uv":[6.75,2.625,6.5,2.5],"tintindex":0,"rotation":0,"texture":"#0"},"down":{"uv":[6.75,2.625,6.5,2.75],"tintindex":0,"rotation":0,"texture":"#0"}}},{"from":[6.0,-9.239067,7.4016495],"to":[10.0,-3.2390661,7.4016495],"faces":{"south":{"uv":[7.5,10.875,8.0,11.625],"tintindex":0,"rotation":0,"texture":"#0"},"north":{"uv":[10.75,10.75,11.25,11.5],"tintindex":0,"rotation":0,"texture":"#0"}}}],"display":{"head":{"rotation":[0.0,0.0,0.0]},"firstperson_righthand":{"rotation":[0.0,0.0,0.0]},"thirdperson_lefthand":{"rotation":[0.0,-0.0,-0.0]},"firstperson_lefthand":{"rotation":[0.0,-0.0,-0.0]},"fixed":{"rotation":[0.0,0.0,0.0]},"ground":{"rotation":[0.0,0.0,0.0]},"thirdperson_righthand":{"rotation":[0.0,0.0,0.0]},"gui":{"rotation":[-150.0,-45.0,180.0]}}}