{"texture_size":[128,128],"textures":{"0":"custom/furniture/vending/claw_2","particle":"custom/furniture/vending/claw_2"},"elements":[{"from":[-16,-14,0],"to":[16,3,16],"rotation":{"angle":0,"axis":"y","origin":[8,6.75,8.75]},"faces":{"north":{"uv":[0,0,4,2.125],"texture":"#0"},"east":{"uv":[4.875,4,6.875,6.125],"texture":"#0"},"south":{"uv":[0,2.125,4,4.25],"texture":"#0"},"west":{"uv":[6.875,4,4.875,6.125],"texture":"#0"},"up":{"uv":[8,4,4,2],"texture":"#0"},"down":{"uv":[8,0,4,2],"texture":"#0"}}},{"from":[-16,-3,-2],"to":[16,3,0],"rotation":{"angle":0,"axis":"y","origin":[8,6.75,8.75]},"faces":{"north":{"uv":[0,6.5,4,7.25],"texture":"#0"},"east":{"uv":[3.5,4.25,3.75,5],"texture":"#0"},"west":{"uv":[3.75,4.25,3.5,5],"texture":"#0"},"up":{"uv":[4,7.5,0,7.25],"texture":"#0"},"down":{"uv":[4,7.25,0,7.5],"texture":"#0"}}},{"from":[12,-16,1],"to":[15,-14,4],"rotation":{"angle":0,"axis":"y","origin":[8,6.75,8.75]},"faces":{"north":{"uv":[3.75,4.875,4.125,5.125],"texture":"#0"},"east":{"uv":[3.75,4.875,4.125,5.125],"texture":"#0"},"south":{"uv":[3.75,4.875,4.125,5.125],"texture":"#0"},"west":{"uv":[3.75,4.875,4.125,5.125],"texture":"#0"},"down":{"uv":[4.125,4.5,3.75,4.875],"texture":"#0"}}},{"from":[12,-16,12],"to":[15,-14,15],"rotation":{"angle":0,"axis":"y","origin":[8,6.75,8.75]},"faces":{"north":{"uv":[3.75,4.875,4.125,5.125],"texture":"#0"},"east":{"uv":[3.75,4.875,4.125,5.125],"texture":"#0"},"south":{"uv":[3.75,4.875,4.125,5.125],"texture":"#0"},"west":{"uv":[3.75,4.875,4.125,5.125],"texture":"#0"},"down":{"uv":[4.125,4.5,3.75,4.875],"texture":"#0"}}},{"from":[-15,-16,12],"to":[-12,-14,15],"rotation":{"angle":0,"axis":"y","origin":[8,6.75,8.75]},"faces":{"north":{"uv":[3.75,4.875,4.125,5.125],"texture":"#0"},"east":{"uv":[3.75,4.875,4.125,5.125],"texture":"#0"},"south":{"uv":[3.75,4.875,4.125,5.125],"texture":"#0"},"west":{"uv":[3.75,4.875,4.125,5.125],"texture":"#0"},"down":{"uv":[4.125,4.5,3.75,4.875],"texture":"#0"}}},{"from":[-15,-16,1],"to":[-12,-14,4],"rotation":{"angle":0,"axis":"y","origin":[8,6.75,8.75]},"faces":{"north":{"uv":[3.75,4.875,4.125,5.125],"texture":"#0"},"east":{"uv":[3.75,4.875,4.125,5.125],"texture":"#0"},"south":{"uv":[3.75,4.875,4.125,5.125],"texture":"#0"},"west":{"uv":[3.75,4.875,4.125,5.125],"texture":"#0"},"down":{"uv":[4.125,4.5,3.75,4.875],"texture":"#0"}}},{"from":[14,3,3],"to":[16,25,5],"rotation":{"angle":0,"axis":"y","origin":[8,6.75,8.75]},"faces":{"north":{"uv":[0,7.75,0.25,10.5],"texture":"#0"},"east":{"uv":[0.25,7.75,0,10.5],"texture":"#0"},"south":{"uv":[0,7.75,0.25,10.5],"texture":"#0"},"west":{"uv":[0,7.75,0.25,10.5],"texture":"#0"}}},{"from":[14,3,14],"to":[16,25,16],"rotation":{"angle":0,"axis":"y","origin":[8,6.75,7.25]},"faces":{"north":{"uv":[0.25,7.75,0,10.5],"texture":"#0"},"east":{"uv":[0,7.75,0.25,10.5],"texture":"#0"},"south":{"uv":[0.25,7.75,0,10.5],"texture":"#0"},"west":{"uv":[0.25,7.75,0,10.5],"texture":"#0"}}},{"from":[-16,3,14],"to":[-14,25,16],"rotation":{"angle":0,"axis":"y","origin":[8,6.75,7.25]},"faces":{"north":{"uv":[0,7.75,0.25,10.5],"texture":"#0"},"east":{"uv":[0,7.75,0.25,10.5],"texture":"#0"},"south":{"uv":[0,7.75,0.25,10.5],"texture":"#0"},"west":{"uv":[0.25,7.75,0,10.5],"texture":"#0"}}},{"from":[-16,3,3],"to":[-14,25,5],"rotation":{"angle":0,"axis":"y","origin":[8,6.75,8.75]},"faces":{"north":{"uv":[0.25,7.75,0,10.5],"texture":"#0"},"east":{"uv":[0.25,7.75,0,10.5],"texture":"#0"},"south":{"uv":[0.25,7.75,0,10.5],"texture":"#0"},"west":{"uv":[0,7.75,0.25,10.5],"texture":"#0"}}},{"from":[14,3,5],"to":[16,5,14],"rotation":{"angle":0,"axis":"y","origin":[8,6.75,8.75]},"faces":{"east":{"uv":[3.75,4.25,4.875,4.5],"texture":"#0"},"west":{"uv":[3.75,4.25,4.875,4.5],"texture":"#0"},"up":{"uv":[4.875,5.625,4.625,4.5],"texture":"#0"},"down":{"uv":[4.875,4.5,4.625,5.625],"texture":"#0"}}},{"from":[-16,3,5],"to":[-14,5,14],"rotation":{"angle":0,"axis":"y","origin":[8,6.75,8.75]},"faces":{"east":{"uv":[4.875,4.25,3.75,4.5],"texture":"#0"},"west":{"uv":[4.875,4.25,3.75,4.5],"texture":"#0"},"up":{"uv":[4.625,5.625,4.875,4.5],"texture":"#0"},"down":{"uv":[4.625,4.5,4.875,5.625],"texture":"#0"}}},{"from":[14,23,5],"to":[16,25,14],"rotation":{"angle":0,"axis":"y","origin":[8,9.25,8.75]},"faces":{"east":{"uv":[3.75,4.5,4.875,4.25],"texture":"#0"},"west":{"uv":[3.75,4.5,4.875,4.25],"texture":"#0"},"up":{"uv":[4.875,5.625,4.625,4.5],"texture":"#0"},"down":{"uv":[4.875,4.5,4.625,5.625],"texture":"#0"}}},{"from":[-16,23,5],"to":[-14,25,14],"rotation":{"angle":0,"axis":"y","origin":[8,9.25,8.75]},"faces":{"east":{"uv":[4.875,4.5,3.75,4.25],"texture":"#0"},"west":{"uv":[4.875,4.5,3.75,4.25],"texture":"#0"},"up":{"uv":[4.625,5.625,4.875,4.5],"texture":"#0"},"down":{"uv":[4.625,4.5,4.875,5.625],"texture":"#0"}}},{"from":[15,5,5],"to":[15,23,14],"rotation":{"angle":0,"axis":"y","origin":[8,6.75,8.75]},"faces":{"east":{"uv":[6.875,4,8,6.25],"texture":"#0"},"west":{"uv":[8,4,6.875,6.25],"texture":"#0"}}},{"from":[-15,5,5],"to":[-15,23,14],"rotation":{"angle":0,"axis":"y","origin":[8,6.75,8.75]},"faces":{"east":{"uv":[6.875,4,8,6.25],"texture":"#0"},"west":{"uv":[8,4,6.875,6.25],"texture":"#0"}}},{"from":[-16,25,1],"to":[16,32,16],"rotation":{"angle":0,"axis":"y","origin":[8,6.75,8.75]},"faces":{"north":{"uv":[8,0,12,0.875],"texture":"#0"},"east":{"uv":[8,5.5,9.875,6.375],"texture":"#0"},"south":{"uv":[8,0.875,12,1.75],"texture":"#0"},"west":{"uv":[9.875,5.5,8,6.375],"texture":"#0"},"up":{"uv":[12,5.5,8,3.625],"texture":"#0"},"down":{"uv":[12,1.75,8,3.625],"texture":"#0"}}},{"from":[9,3,9.5],"to":[14,5,9.5],"rotation":{"angle":0,"axis":"y","origin":[8,6.75,8.75]},"faces":{"north":{"uv":[4,4,4.625,4.25],"texture":"#0"},"south":{"uv":[4,4,4.625,4.25],"texture":"#0"}}},{"from":[9,3,4.5],"to":[9,5,9.5],"rotation":{"angle":0,"axis":"y","origin":[11.5,4,10]},"faces":{"east":{"uv":[4,4,4.625,4.25],"texture":"#0"},"west":{"uv":[4,4,4.625,4.25],"texture":"#0"}}},{"from":[-14,3,3],"to":[14,5,5],"rotation":{"angle":0,"axis":"y","origin":[8,6.75,8.75]},"faces":{"north":{"uv":[0,7.5,3.5,7.75],"texture":"#0"},"south":{"uv":[0,7.5,3.5,7.75],"texture":"#0"},"up":{"uv":[3.5,7.75,0,7.5],"texture":"#0"},"down":{"uv":[3.5,7.5,0,7.75],"texture":"#0"}}},{"from":[-14,3,14],"to":[14,5,16],"rotation":{"angle":0,"axis":"y","origin":[8,6.75,7.25]},"faces":{"north":{"uv":[3.5,7.5,0,7.75],"texture":"#0"},"south":{"uv":[3.5,7.5,0,7.75],"texture":"#0"},"up":{"uv":[3.5,7.5,0,7.75],"texture":"#0"},"down":{"uv":[3.5,7.75,0,7.5],"texture":"#0"}}},{"from":[-14,23,14],"to":[14,25,16],"rotation":{"angle":0,"axis":"y","origin":[8,9.25,7.25]},"faces":{"north":{"uv":[3.5,7.75,0,7.5],"texture":"#0"},"south":{"uv":[3.5,7.75,0,7.5],"texture":"#0"},"up":{"uv":[3.5,7.5,0,7.75],"texture":"#0"},"down":{"uv":[3.5,7.75,0,7.5],"texture":"#0"}}},{"from":[-14,23,3],"to":[14,25,5],"rotation":{"angle":0,"axis":"y","origin":[8,9.25,8.75]},"faces":{"north":{"uv":[0,7.75,3.5,7.5],"texture":"#0"},"south":{"uv":[0,7.75,3.5,7.5],"texture":"#0"},"up":{"uv":[3.5,7.75,0,7.5],"texture":"#0"},"down":{"uv":[3.5,7.5,0,7.75],"texture":"#0"}}},{"from":[-14,5,4],"to":[14,23,4],"rotation":{"angle":0,"axis":"y","origin":[8,6.75,8.75]},"faces":{"north":{"uv":[0,4.25,3.5,6.5],"texture":"#0"},"south":{"uv":[3.5,4.25,0,6.5],"texture":"#0"}}},{"from":[-14,5,15],"to":[14,23,15],"rotation":{"angle":0,"axis":"y","origin":[8,6.75,7.25]},"faces":{"north":{"uv":[0,4.25,3.5,6.5],"texture":"#0"},"south":{"uv":[3.5,4.25,0,6.5],"texture":"#0"}}},{"from":[-14,23.5,8],"to":[14,24.5,10],"rotation":{"angle":0,"axis":"y","origin":[8,6.75,8.75]},"faces":{"north":{"uv":[4.5,6.5,8,6.625],"texture":"#0"},"south":{"uv":[4.5,6.5,8,6.625],"texture":"#0"},"up":{"uv":[8,6.5,4.5,6.25],"texture":"#0"},"down":{"uv":[8,6.25,4.5,6.5],"texture":"#0"}}},{"from":[8,18.5,8],"to":[10,19.5,10],"rotation":{"angle":0,"axis":"y","origin":[8,6.75,8.75]},"faces":{"north":{"uv":[3.5,5,3.75,5.125],"texture":"#0"},"east":{"uv":[3.5,5,3.75,5.125],"texture":"#0"},"south":{"uv":[3.5,5,3.75,5.125],"texture":"#0"},"west":{"uv":[3.5,5,3.75,5.125],"texture":"#0"},"up":{"uv":[3.75,5.375,3.5,5.125],"texture":"#0"},"down":{"uv":[3.75,5.125,3.5,5.375],"texture":"#0"}}},{"from":[0.3986,16.67983,8.5],"to":[2.3986,16.67983,9.5],"rotation":{"angle":-45,"axis":"z","origin":[8,6.25,8.75]},"faces":{"up":{"uv":[4.5,4.625,4.25,4.5],"texture":"#0"},"down":{"uv":[4.5,4.5,4.25,4.625],"texture":"#0"}}},{"from":[10.70711,15.87868,8.5],"to":[10.70711,17.87868,9.5],"rotation":{"angle":-45,"axis":"z","origin":[10.70711,16.87868,9]},"faces":{"east":{"uv":[4.5,4.625,4.25,4.5],"rotation":90,"texture":"#0"},"west":{"uv":[4.5,4.5,4.25,4.625],"rotation":90,"texture":"#0"}}},{"from":[8.5,19.5,9],"to":[9.5,23.5,9],"rotation":{"angle":0,"axis":"y","origin":[8,6.75,8.75]},"faces":{"north":{"uv":[4.5,4.5,4.625,5],"texture":"#0"},"south":{"uv":[4.5,4.5,4.625,5],"texture":"#0"}}},{"from":[-4,2.5,-0.5],"to":[-2,3.5,1.5],"rotation":{"angle":0,"axis":"y","origin":[8,6.75,8.75]},"faces":{"north":{"uv":[4.375,5,4.625,5.125],"texture":"#0"},"east":{"uv":[4.375,5,4.625,5.125],"texture":"#0"},"south":{"uv":[4.375,5,4.625,5.125],"texture":"#0"},"west":{"uv":[4.375,5,4.625,5.125],"texture":"#0"},"up":{"uv":[4.625,5.375,4.375,5.125],"texture":"#0"},"down":{"uv":[4.625,5.125,4.375,5.375],"texture":"#0"}}},{"from":[2,2.5,-0.5],"to":[4,3.5,1.5],"rotation":{"angle":0,"axis":"y","origin":[8,6.75,8.75]},"faces":{"north":{"uv":[4.25,4.875,4.5,5],"texture":"#0"},"east":{"uv":[4.5,4.875,4.25,5],"texture":"#0"},"south":{"uv":[4.25,4.875,4.5,5],"texture":"#0"},"west":{"uv":[4.25,4.875,4.5,5],"texture":"#0"},"up":{"uv":[4.5,4.875,4.25,4.625],"texture":"#0"},"down":{"uv":[4.5,4.625,4.25,4.875],"texture":"#0"}}},{"from":[-3.5,3.5,0],"to":[-2.5,4.5,1],"rotation":{"angle":0,"axis":"y","origin":[5,4.5,1.5]},"faces":{"north":{"uv":[4.125,4.5,4.25,4.625],"texture":"#0"},"east":{"uv":[4.125,4.5,4.25,4.625],"texture":"#0"},"south":{"uv":[4.125,4.5,4.25,4.625],"texture":"#0"},"west":{"uv":[4.125,4.5,4.25,4.625],"texture":"#0"},"up":{"uv":[4.125,4.5,4.25,4.625],"texture":"#0"},"down":{"uv":[4.125,4.5,4.25,4.625],"texture":"#0"}}},{"from":[-4,4.5,-0.5],"to":[-2,6.5,1.5],"rotation":{"angle":0,"axis":"y","origin":[5,4.5,1.5]},"faces":{"north":{"uv":[4.625,4,4.875,4.25],"texture":"#0"},"east":{"uv":[4.875,4,4.625,4.25],"texture":"#0"},"south":{"uv":[4.625,4,4.875,4.25],"texture":"#0"},"west":{"uv":[4.875,4,4.625,4.25],"texture":"#0"},"up":{"uv":[4.625,4,4.875,4.25],"rotation":90,"texture":"#0"},"down":{"uv":[4.625,4,4.875,4.25],"texture":"#0"}}},{"from":[15.6014,16.67983,8.5],"to":[17.6014,16.67983,9.5],"rotation":{"angle":45,"axis":"z","origin":[10,6.25,8.75]},"faces":{"up":{"uv":[4.5,4.625,4.25,4.5],"texture":"#0"},"down":{"uv":[4.5,4.5,4.25,4.625],"texture":"#0"}}},{"from":[6.29219,16.87939,8.5],"to":[8.29219,16.87939,9.5],"rotation":{"angle":-45,"axis":"z","origin":[7.29219,16.87939,9]},"faces":{"up":{"uv":[4.5,4.625,4.25,4.5],"texture":"#0"},"down":{"uv":[4.5,4.5,4.25,4.625],"texture":"#0"}}},{"from":[7.5,2,14.5],"to":[10.5,5,17.5],"rotation":{"angle":45,"axis":"y","origin":[4.5,4.5,12.5]},"faces":{"north":{"uv":[10.0625,5.625,10.4375,6],"texture":"#0"},"east":{"uv":[10.0625,5.625,10.4375,6],"texture":"#0"},"south":{"uv":[10.0625,5.625,10.4375,6],"texture":"#0"},"west":{"uv":[10.0625,5.625,10.4375,6],"texture":"#0"},"up":{"uv":[10.0625,6,10.4375,6.375],"texture":"#0"},"down":{"uv":[10.0625,6,10.4375,6.375],"texture":"#0"}}},{"from":[5.12132,3,6.05025],"to":[8.12132,6,9.05025],"rotation":{"angle":22.5,"axis":"y","origin":[6.62132,4.5,7.55025]},"faces":{"north":{"uv":[10.0625,5.625,10.4375,6],"texture":"#0"},"east":{"uv":[10.0625,5.625,10.4375,6],"texture":"#0"},"south":{"uv":[10.0625,5.625,10.4375,6],"texture":"#0"},"west":{"uv":[10.0625,5.625,10.4375,6],"texture":"#0"},"up":{"uv":[10.0625,6,10.4375,6.375],"texture":"#0"},"down":{"uv":[10.0625,6,10.4375,6.375],"texture":"#0"}}},{"from":[1.75,3,9.75],"to":[4.75,6,12.75],"faces":{"north":{"uv":[10.5625,5.625,10.9375,6],"texture":"#0"},"east":{"uv":[10.5625,5.625,10.9375,6],"texture":"#0"},"south":{"uv":[10.5625,5.625,10.9375,6],"texture":"#0"},"west":{"uv":[10.5625,5.625,10.9375,6],"texture":"#0"},"up":{"uv":[10.5625,6,10.9375,6.375],"texture":"#0"},"down":{"uv":[10.5625,6,10.9375,6.375],"texture":"#0"}}},{"from":[2.40851,2,7.02636],"to":[5.40851,5,10.02636],"rotation":{"angle":-45,"axis":"y","origin":[3.90851,3.5,8.27636]},"faces":{"north":{"uv":[11.0625,5.625,11.4375,6],"texture":"#0"},"east":{"uv":[11.0625,5.625,11.4375,6],"texture":"#0"},"south":{"uv":[11.0625,5.625,11.4375,6],"texture":"#0"},"west":{"uv":[11.0625,5.625,11.4375,6],"texture":"#0"},"up":{"uv":[11.0625,6,11.4375,6.375],"texture":"#0"},"down":{"uv":[11.0625,6,11.4375,6.375],"texture":"#0"}}},{"from":[-1,3,7.25],"to":[2,6,10.25],"rotation":{"angle":22.5,"axis":"y","origin":[0.5,4.5,10.5]},"faces":{"north":{"uv":[11.0625,5.625,11.4375,6],"texture":"#0"},"east":{"uv":[11.0625,5.625,11.4375,6],"texture":"#0"},"south":{"uv":[11.0625,5.625,11.4375,6],"texture":"#0"},"west":{"uv":[11.0625,5.625,11.4375,6],"texture":"#0"},"up":{"uv":[11.0625,6,11.4375,6.375],"texture":"#0"},"down":{"uv":[11.0625,6,11.4375,6.375],"texture":"#0"}}},{"from":[0,2,6],"to":[3,5,9],"rotation":{"angle":45,"axis":"y","origin":[4.5,4.5,12.5]},"faces":{"north":{"uv":[10.0625,5.625,10.4375,6],"texture":"#0"},"east":{"uv":[10.0625,5.625,10.4375,6],"texture":"#0"},"south":{"uv":[10.0625,5.625,10.4375,6],"texture":"#0"},"west":{"uv":[10.0625,5.625,10.4375,6],"texture":"#0"},"up":{"uv":[10.0625,6,10.4375,6.375],"texture":"#0"},"down":{"uv":[10.0625,6,10.4375,6.375],"texture":"#0"}}},{"from":[-3.75,6,10],"to":[-0.75,9,13],"rotation":{"angle":22.5,"axis":"y","origin":[-7.5,4.5,12.5]},"faces":{"north":{"uv":[10.0625,5.625,10.4375,6],"texture":"#0"},"east":{"uv":[10.0625,5.625,10.4375,6],"texture":"#0"},"south":{"uv":[10.0625,5.625,10.4375,6],"texture":"#0"},"west":{"uv":[10.0625,5.625,10.4375,6],"texture":"#0"},"up":{"uv":[10.0625,6,10.4375,6.375],"rotation":90,"texture":"#0"},"down":{"uv":[10.0625,6,10.4375,6.375],"rotation":270,"texture":"#0"}}},{"from":[-3,3,0],"to":[0,6,3],"rotation":{"angle":45,"axis":"y","origin":[4.5,4.5,7.5]},"faces":{"north":{"uv":[10.5625,5.625,10.9375,6],"texture":"#0"},"east":{"uv":[10.5625,5.625,10.9375,6],"texture":"#0"},"south":{"uv":[10.5625,5.625,10.9375,6],"texture":"#0"},"west":{"uv":[10.5625,5.625,10.9375,6],"texture":"#0"},"up":{"uv":[10.5625,6,10.9375,6.375],"texture":"#0"},"down":{"uv":[10.5625,6,10.9375,6.375],"texture":"#0"}}},{"from":[-7,2,5],"to":[-4,5,8],"rotation":{"angle":45,"axis":"y","origin":[-3.5,4.5,10.5]},"faces":{"north":{"uv":[10.5625,5.625,10.9375,6],"texture":"#0"},"east":{"uv":[10.5625,5.625,10.9375,6],"texture":"#0"},"south":{"uv":[10.5625,5.625,10.9375,6],"texture":"#0"},"west":{"uv":[10.5625,5.625,10.9375,6],"texture":"#0"},"up":{"uv":[10.5625,6,10.9375,6.375],"texture":"#0"},"down":{"uv":[10.5625,6,10.9375,6.375],"texture":"#0"}}},{"from":[-11.75,3,6.25],"to":[-8.75,6,9.25],"rotation":{"angle":45,"axis":"y","origin":[-10.5,4.5,8.5]},"faces":{"north":{"uv":[10.0625,5.625,10.4375,6],"texture":"#0"},"east":{"uv":[10.0625,5.625,10.4375,6],"texture":"#0"},"south":{"uv":[10.0625,5.625,10.4375,6],"texture":"#0"},"west":{"uv":[10.0625,5.625,10.4375,6],"texture":"#0"},"up":{"uv":[10.0625,6,10.4375,6.375],"texture":"#0"},"down":{"uv":[10.0625,6,10.4375,6.375],"texture":"#0"}}},{"from":[-13,2,10],"to":[-10,5,13],"rotation":{"angle":45,"axis":"y","origin":[-11.5,4.5,11.5]},"faces":{"north":{"uv":[11.0625,5.625,11.4375,6],"texture":"#0"},"east":{"uv":[11.0625,5.625,11.4375,6],"texture":"#0"},"south":{"uv":[11.0625,5.625,11.4375,6],"texture":"#0"},"west":{"uv":[11.0625,5.625,11.4375,6],"texture":"#0"},"up":{"uv":[11.0625,6,11.4375,6.375],"rotation":90,"texture":"#0"},"down":{"uv":[11.0625,6,11.4375,6.375],"rotation":270,"texture":"#0"}}},{"from":[-9.75,3,10],"to":[-6.75,6,13],"rotation":{"angle":22.5,"axis":"y","origin":[-7.5,4.5,12.5]},"faces":{"north":{"uv":[10.0625,5.625,10.4375,6],"texture":"#0"},"east":{"uv":[10.0625,5.625,10.4375,6],"texture":"#0"},"south":{"uv":[10.0625,5.625,10.4375,6],"texture":"#0"},"west":{"uv":[10.0625,5.625,10.4375,6],"texture":"#0"},"up":{"uv":[10.0625,6,10.4375,6.375],"rotation":90,"texture":"#0"},"down":{"uv":[10.0625,6,10.4375,6.375],"rotation":270,"texture":"#0"}}},{"from":[-6,3,8],"to":[-3,6,11],"rotation":{"angle":22.5,"axis":"y","origin":[0.5,4.5,10.5]},"faces":{"north":{"uv":[11.0625,5.625,11.4375,6],"texture":"#0"},"east":{"uv":[11.0625,5.625,11.4375,6],"texture":"#0"},"south":{"uv":[11.0625,5.625,11.4375,6],"texture":"#0"},"west":{"uv":[11.0625,5.625,11.4375,6],"texture":"#0"},"up":{"uv":[11.0625,6,11.4375,6.375],"texture":"#0"},"down":{"uv":[11.0625,6,11.4375,6.375],"texture":"#0"}}},{"from":[4.48044,6,9.16531],"to":[7.48044,9,12.16531],"rotation":{"angle":-22.5,"axis":"y","origin":[5.98044,7.5,10.66531]},"faces":{"north":{"uv":[11.0625,5.625,11.4375,6],"texture":"#0"},"east":{"uv":[11.0625,5.625,11.4375,6],"texture":"#0"},"south":{"uv":[11.0625,5.625,11.4375,6],"texture":"#0"},"west":{"uv":[11.0625,5.625,11.4375,6],"texture":"#0"},"up":{"uv":[11.0625,6,11.4375,6.375],"texture":"#0"},"down":{"uv":[11.0625,6,11.4375,6.375],"texture":"#0"}}},{"from":[5.25,3,10.25],"to":[8.25,6,13.25],"rotation":{"angle":45,"axis":"y","origin":[6.25,4.5,11.25]},"faces":{"north":{"uv":[10.5625,5.625,10.9375,6],"texture":"#0"},"east":{"uv":[10.5625,5.625,10.9375,6],"texture":"#0"},"south":{"uv":[10.5625,5.625,10.9375,6],"texture":"#0"},"west":{"uv":[10.5625,5.625,10.9375,6],"texture":"#0"},"up":{"uv":[10.5625,6,10.9375,6.375],"texture":"#0"},"down":{"uv":[10.5625,6,10.9375,6.375],"texture":"#0"}}}],"gui_light":"front","display":{"thirdperson_righthand":{"rotation":[67.5,0,0],"translation":[1.25,1,0.25],"scale":[0.13906,0.13906,0.13906]},"thirdperson_lefthand":{"rotation":[67.5,0,0],"translation":[-1,1,0.25],"scale":[0.13906,0.13906,0.13906]},"firstperson_righthand":{"rotation":[0,-180,0],"translation":[-0.5,5,0],"scale":[0.23406,0.23406,0.23406]},"firstperson_lefthand":{"rotation":[0,-180,0],"translation":[3.25,5,0],"scale":[0.23406,0.23406,0.23406]},"ground":{"translation":[2.5,5.75,0],"scale":[0.30242,0.30242,0.30242]},"gui":{"rotation":[30,225,0],"translation":[-1.5,-1,0],"scale":[0.25586,0.25586,0.25586]},"head":{"rotation":[0,-180,0],"translation":[-12.5,-5,0],"scale":[0,0,0]},"fixed":{"rotation":[-90,0,0],"translation":[0,0,-48],"scale":[2,2,2]}},"groups":[0,1,2,3,4,5,6,7,8,9,10,11,12,13,14,15,16,17,18,19,20,21,22,23,24,25,26,27,28,29,30,31,32,33,34,35,{"name":"group","origin":[6.25,4.5,11.25],"color":0,"children":[36,37,38,39,40,41,42,43,44,45,46,47,48,49,50]}]}