{"textures":{"0":"modelengine:entity/rabbit_normal","particle":"#0"},"elements":[{"from":[5.7488403,12.004291,7.89606],"to":[9.74884,14.004291,7.89606],"faces":{"north":{"uv":[9.75,0.75,10.75,1.25],"tintindex":0,"rotation":0,"texture":"#0"}}},{"from":[5.7488403,7.0042896,7.39606],"to":[9.74884,12.004291,8.39606],"faces":{"east":{"uv":[9.5,1.75,9.75,3.0],"tintindex":0,"rotation":0,"texture":"#0"},"south":{"uv":[11.0,1.75,12.0,3.0],"tintindex":0,"rotation":0,"texture":"#0"},"north":{"uv":[9.75,1.75,10.75,3.0],"tintindex":0,"rotation":0,"texture":"#0"},"west":{"uv":[10.75,1.75,11.0,3.0],"tintindex":0,"rotation":0,"texture":"#0"},"up":{"uv":[10.75,1.75,9.75,1.5],"tintindex":0,"rotation":0,"texture":"#0"},"down":{"uv":[11.75,1.5,10.75,1.75],"tintindex":0,"rotation":0,"texture":"#0"}}}],"display":{"head":{"rotation":[0.0,0.0,0.0]},"firstperson_righthand":{"rotation":[0.0,0.0,0.0]},"thirdperson_lefthand":{"rotation":[0.0,-0.0,-0.0]},"firstperson_lefthand":{"rotation":[0.0,-0.0,-0.0]},"fixed":{"rotation":[0.0,0.0,0.0]},"ground":{"rotation":[0.0,0.0,0.0]},"thirdperson_righthand":{"rotation":[0.0,0.0,0.0]},"gui":{"rotation":[-150.0,-45.0,180.0]}}}