{"texture_size":[64,64],"textures":{"0":"custom/furniture/modern/bed_shelf","particle":"custom/furniture/modern/bed_shelf"},"elements":[{"from":[14,3,3],"to":[15,17,13],"rotation":{"angle":0,"axis":"y","origin":[16,5,0]},"faces":{"north":{"uv":[10.75,0,10.5,3.5],"texture":"#0"},"east":{"uv":[2.5,3.5,5,7],"texture":"#0"},"south":{"uv":[10.5,0,10.75,3.5],"texture":"#0"},"west":{"uv":[5,0,2.5,3.5],"texture":"#0"},"up":{"uv":[9.5,13.25,9.25,10.75],"texture":"#0"},"down":{"uv":[9.75,10.75,9.5,13.25],"texture":"#0"}}},{"from":[2,3,3],"to":[14,4,13],"faces":{"north":{"uv":[10.5,10.25,13.5,10.5],"texture":"#0"},"east":{"uv":[10.75,1.25,13.25,1.5],"texture":"#0"},"south":{"uv":[10.5,10.25,13.5,10.5],"texture":"#0"},"west":{"uv":[10.75,1.5,13.25,1.75],"texture":"#0"},"up":{"uv":[8,2.5,5,5],"texture":"#0"},"down":{"uv":[8,2.5,5,5],"texture":"#0"}}},{"from":[2,11,3],"to":[14,12,13],"faces":{"north":{"uv":[10.5,10.25,13.5,10.5],"texture":"#0"},"east":{"uv":[10.75,1.75,13.25,2],"texture":"#0"},"south":{"uv":[10.5,10.25,13.5,10.5],"texture":"#0"},"west":{"uv":[10.75,2,13.25,2.25],"texture":"#0"},"up":{"uv":[8,2.5,5,5],"texture":"#0"},"down":{"uv":[8,2.5,5,5],"texture":"#0"}}},{"from":[2,15,3],"to":[14,16,13],"faces":{"north":{"uv":[10.5,10.25,13.5,10.5],"texture":"#0"},"east":{"uv":[10.75,2.25,13.25,2.5],"texture":"#0"},"south":{"uv":[10.5,10.25,13.5,10.5],"texture":"#0"},"west":{"uv":[10.75,2.5,13.25,2.75],"texture":"#0"},"up":{"uv":[6,10,3,7.5],"texture":"#0"},"down":{"uv":[6,10,3,7.5],"texture":"#0"}}},{"from":[1,3,3],"to":[2,17,13],"rotation":{"angle":0,"axis":"y","origin":[16,5,0]},"faces":{"north":{"uv":[10.5,0,10.75,3.5],"texture":"#0"},"east":{"uv":[2.5,0,5,3.5],"texture":"#0"},"south":{"uv":[10.75,0,10.5,3.5],"texture":"#0"},"west":{"uv":[2.5,3.5,5,7],"texture":"#0"},"up":{"uv":[9.5,13.25,9.25,10.75],"texture":"#0"},"down":{"uv":[9.75,10.75,9.5,13.25],"texture":"#0"}}},{"from":[3,0,4],"to":[4,4,5],"rotation":{"angle":-22.5,"axis":"z","origin":[3,3,0]},"faces":{"north":{"uv":[5.25,11.25,5,12.25],"texture":"#0"},"east":{"uv":[5,11.25,5.25,12.25],"texture":"#0"},"south":{"uv":[5.25,11.25,5,12.25],"texture":"#0"},"west":{"uv":[5,11.25,5.25,12.25],"texture":"#0"},"up":{"uv":[11.75,6.25,11.5,6],"texture":"#0"},"down":{"uv":[11.75,6.75,11.5,7],"texture":"#0"}}},{"from":[8,4,3],"to":[9,11,13],"rotation":{"angle":0,"axis":"y","origin":[16,5,0]},"faces":{"north":{"uv":[11,3.5,11.25,5.25],"texture":"#0"},"east":{"uv":[8,0,10.5,1.75],"texture":"#0"},"south":{"uv":[11,3.5,11.25,5.25],"texture":"#0"},"west":{"uv":[8,0,10.5,1.75],"texture":"#0"},"up":{"uv":[10,13.25,9.75,10.75],"texture":"#0"},"down":{"uv":[10.25,10.75,10,13.25],"texture":"#0"}}},{"from":[2,4,3.5],"to":[8,11,4.5],"rotation":{"angle":-22.5,"axis":"y","origin":[8,7.5,3.5]},"faces":{"north":{"uv":[9,8.75,10.5,10.5],"texture":"#0"},"east":{"uv":[7.5,11,7.75,12.75],"texture":"#0"},"south":{"uv":[9,8.75,10.5,10.5],"texture":"#0"},"west":{"uv":[7.75,11,8,12.75],"texture":"#0"},"up":{"uv":[12.25,9.5,10.75,9.25],"texture":"#0"},"down":{"uv":[12.25,9.5,10.75,9.25],"texture":"#0"}}},{"from":[2,4,11.5],"to":[8,11,12.5],"rotation":{"angle":0,"axis":"y","origin":[16,5,0]},"faces":{"north":{"uv":[9,8.75,10.5,10.5],"texture":"#0"},"east":{"uv":[8,11,8.25,12.75],"texture":"#0"},"south":{"uv":[9,8.75,10.5,10.5],"texture":"#0"},"west":{"uv":[8.25,11,8.5,12.75],"texture":"#0"},"up":{"uv":[12.5,7.5,11,7.25],"texture":"#0"},"down":{"uv":[12.5,7.5,11,7.75],"texture":"#0"}}},{"from":[2.5,4.75,2.5],"to":[3,7.75,3.5],"rotation":{"angle":-22.5,"axis":"y","origin":[8,7.5,3.5]},"faces":{"north":{"uv":[11.5,8.5,11.625,9.25],"texture":"#0"},"east":{"uv":[11.75,5.25,11.5,6],"texture":"#0"},"south":{"uv":[11.5,11.25,11.625,12],"texture":"#0"},"west":{"uv":[11.5,5.25,11.75,6],"texture":"#0"},"up":{"uv":[11.875,6.75,11.75,6.5],"texture":"#0"},"down":{"uv":[11.875,6.75,11.75,7],"texture":"#0"}}},{"from":[2,16,12],"to":[14,17,13],"faces":{"north":{"uv":[10.75,0.5,13.75,0.75],"texture":"#0"},"east":{"uv":[11.75,6,12,6.25],"texture":"#0"},"south":{"uv":[10.75,0.5,13.75,0.75],"texture":"#0"},"west":{"uv":[11.75,6.25,12,6.5],"texture":"#0"},"up":{"uv":[13.75,1,10.75,0.75],"texture":"#0"},"down":{"uv":[13.75,1,10.75,1.25],"texture":"#0"}}},{"from":[11,4,6],"to":[12,9,10],"rotation":{"angle":-22.5,"axis":"z","origin":[12,4,8]},"faces":{"north":{"uv":[2,11.25,2.25,12.5],"texture":"#0"},"east":{"uv":[5.5,10,6.5,11.25],"texture":"#0"},"south":{"uv":[2.25,11.25,2.5,12.5],"texture":"#0"},"west":{"uv":[6.5,10,7.5,11.25],"texture":"#0"},"up":{"uv":[10.75,12.25,10.5,11.25],"texture":"#0"},"down":{"uv":[11,11.25,10.75,12.25],"texture":"#0"}}},{"from":[10,3.6,5],"to":[11,10.35,10],"rotation":{"angle":-22.5,"axis":"z","origin":[12,4,8]},"faces":{"north":{"uv":[0,11.25,0.25,13],"texture":"#0"},"east":{"uv":[2.5,9.5,1.25,11.25],"texture":"#0"},"south":{"uv":[0.25,11.25,0.5,13],"texture":"#0"},"west":{"uv":[1.25,9.5,2.5,11.25],"texture":"#0"},"up":{"uv":[2.75,12.5,2.5,11.25],"texture":"#0"},"down":{"uv":[3,11.25,2.75,12.5],"texture":"#0"}}},{"from":[6,12,5],"to":[12,13,10],"rotation":{"angle":22.5,"axis":"y","origin":[9,12.5,7.5]},"faces":{"north":{"uv":[11,8.25,12.5,8.5],"texture":"#0"},"east":{"uv":[12.5,4,11.25,4.25],"texture":"#0"},"south":{"uv":[0.5,11.25,2,11.5],"texture":"#0"},"west":{"uv":[11.25,4,12.5,4.25],"texture":"#0"},"up":{"uv":[4,11.25,2.5,10],"texture":"#0"},"down":{"uv":[11,4.75,9.5,6],"texture":"#0"}}},{"from":[6,13,4],"to":[12,14,9],"rotation":{"angle":-22.5,"axis":"y","origin":[9,13.5,7.5]},"faces":{"north":{"uv":[11,8.25,12.5,8.5],"texture":"#0"},"east":{"uv":[11.25,3.75,12.5,4],"texture":"#0"},"south":{"uv":[0.5,11.25,2,11.5],"texture":"#0"},"west":{"uv":[11.25,4,12.5,4.25],"texture":"#0"},"up":{"uv":[4,11.25,2.5,10],"texture":"#0"},"down":{"uv":[2.5,11.25,4,10],"texture":"#0"}}},{"from":[8,16,6],"to":[12,18,10],"faces":{"north":{"uv":[3,7,4,7.5],"texture":"#0"},"east":{"uv":[3,7,4,7.5],"texture":"#0"},"south":{"uv":[3,7,4,7.5],"texture":"#0"},"west":{"uv":[3,7,4,7.5],"texture":"#0"},"up":{"uv":[10.5,7,9.5,6],"texture":"#0"},"down":{"uv":[8.5,10,7.5,11],"texture":"#0"}}},{"from":[9,18.5,7],"to":[11,20.5,9],"faces":{"north":{"uv":[11.25,10.75,11.75,11.25],"texture":"#0"},"east":{"uv":[11.25,10.75,11.75,11.25],"texture":"#0"},"south":{"uv":[11.25,10.75,11.75,11.25],"texture":"#0"},"west":{"uv":[11.25,10.75,11.75,11.25],"texture":"#0"},"up":{"uv":[11.25,10.75,11.75,11.25],"texture":"#0"},"down":{"uv":[11.25,10.75,11.75,11.25],"texture":"#0"}}},{"from":[9.75,18,7.75],"to":[10.25,18.5,8.25],"faces":{"north":{"uv":[11.75,8.5,11.875,8.625],"texture":"#0"},"east":{"uv":[11.75,8.75,11.875,8.875],"texture":"#0"},"south":{"uv":[11.75,9,11.875,9.125],"texture":"#0"},"west":{"uv":[11.75,10.75,11.875,10.875],"texture":"#0"},"up":{"uv":[11.125,11.875,11,11.75],"texture":"#0"},"down":{"uv":[11.875,11,11.75,11.125],"texture":"#0"}}},{"from":[3.75,16,6],"to":[5.75,18,8],"rotation":{"angle":45,"axis":"y","origin":[4.75,17,7]},"faces":{"north":{"uv":[1.5,11.5,2,12],"texture":"#0"},"east":{"uv":[1.5,11.5,2,12],"texture":"#0"},"south":{"uv":[1.5,11.5,2,12],"texture":"#0"},"west":{"uv":[1.5,11.5,2,12],"texture":"#0"},"up":{"uv":[12,4.75,11.5,4.25],"texture":"#0"},"down":{"uv":[12,4.75,11.5,5.25],"texture":"#0"}}},{"from":[3.25,18,7],"to":[6,21,7],"rotation":{"angle":45,"axis":"y","origin":[4.75,17,7]},"faces":{"north":{"uv":[10.75,2.75,11.5,3.5],"texture":"#0"},"east":{"uv":[0,0,0,0.75],"texture":"#0"},"south":{"uv":[11.5,2.75,10.75,3.5],"texture":"#0"},"west":{"uv":[0,0,0,0.75],"texture":"#0"},"up":{"uv":[0.75,0,0,0],"texture":"#0"},"down":{"uv":[0.75,0,0,0],"texture":"#0"}}},{"from":[3,0,11],"to":[4,4,12],"rotation":{"angle":-22.5,"axis":"z","origin":[3,3,16]},"faces":{"north":{"uv":[5,11.25,5.25,12.25],"texture":"#0"},"east":{"uv":[5.25,11.25,5,12.25],"texture":"#0"},"south":{"uv":[5,11.25,5.25,12.25],"texture":"#0"},"west":{"uv":[5.25,11.25,5,12.25],"texture":"#0"},"up":{"uv":[11.75,6,11.5,6.25],"texture":"#0"},"down":{"uv":[11.75,7,11.5,6.75],"texture":"#0"}}},{"from":[12,0,11],"to":[13,4,12],"rotation":{"angle":22.5,"axis":"z","origin":[13,3,16]},"faces":{"north":{"uv":[5.25,11.25,5,12.25],"texture":"#0"},"east":{"uv":[5,11.25,5.25,12.25],"texture":"#0"},"south":{"uv":[5.25,11.25,5,12.25],"texture":"#0"},"west":{"uv":[5,11.25,5.25,12.25],"texture":"#0"},"up":{"uv":[11.5,6,11.75,6.25],"texture":"#0"},"down":{"uv":[11.5,7,11.75,6.75],"texture":"#0"}}},{"from":[12,0,4],"to":[13,4,5],"rotation":{"angle":22.5,"axis":"z","origin":[13,3,0]},"faces":{"north":{"uv":[5,11.25,5.25,12.25],"texture":"#0"},"east":{"uv":[5.25,11.25,5,12.25],"texture":"#0"},"south":{"uv":[5,11.25,5.25,12.25],"texture":"#0"},"west":{"uv":[5.25,11.25,5,12.25],"texture":"#0"},"up":{"uv":[11.5,6.25,11.75,6],"texture":"#0"},"down":{"uv":[11.5,6.75,11.75,7],"texture":"#0"}}}],"gui_light":"front","display":{"thirdperson_righthand":{"rotation":[66.5,0,0],"translation":[0,1.25,-0.25],"scale":[0.28055,0.28055,0.28055]},"thirdperson_lefthand":{"rotation":[66.5,0,0],"translation":[0,1.25,-0.25],"scale":[0.28055,0.28055,0.28055]},"firstperson_righthand":{"translation":[0.75,2.25,0],"scale":[0.46438,0.46438,0.46438]},"firstperson_lefthand":{"translation":[0.75,2.25,0],"scale":[0.46438,0.46438,0.46438]},"ground":{"translation":[0,4.25,0],"scale":[0.38,0.38,0.38]},"gui":{"rotation":[30,-135,0],"translation":[0,-0.75,0],"scale":[0.61828,0.61828,0.61828]},"head":{"scale":[0,0,0]},"fixed":{"rotation":[-90,0,0],"translation":[0,0,-15.5],"scale":[1.9,1.9,1.9]}},"groups":[{"name":"group","origin":[13,3,0],"color":0,"children":[0,1,2,3,4,5,6,7,8,9,10,11,12,13,14,15,16,17,18,19,20,21,22]}]}