{"texture_size":[128, 128],"textures":{"0":"custom/furniture/modern/modernclean_01","particle":"custom/furniture/modern/modernclean_01"},"elements":[{"from":[3, 7, 3],"to":[8, 9, 13],"faces":{"north":{"uv":[10.625, 11.625, 10, 11.375],"texture":"#0"},"east":{"uv":[7.625, 2.3125, 8.875, 2.5625],"texture":"#0"},"south":{"uv":[10, 11.625, 10.625, 11.375],"texture":"#0"},"west":{"uv":[7.625, 2.3125, 8.875, 2.5625],"texture":"#0"},"up":{"uv":[11.375, 2.4375, 10.75, 3.6875],"texture":"#0"},"down":{"uv":[11.375, 2.4375, 10.75, 3.6875],"texture":"#0"}}},{"from":[8, 7, 3],"to":[13, 9, 13],"rotation":{"angle":0,"axis":"y","origin":[16, 0, 0]},"faces":{"north":{"uv":[10, 11.625, 10.625, 11.375],"texture":"#0"},"east":{"uv":[8.875, 2.3125, 7.625, 2.5625],"texture":"#0"},"south":{"uv":[10.625, 11.625, 10, 11.375],"texture":"#0"},"west":{"uv":[8.875, 2.3125, 7.625, 2.5625],"texture":"#0"},"up":{"uv":[10.75, 2.4375, 11.375, 3.6875],"texture":"#0"},"down":{"uv":[10.75, 2.4375, 11.375, 3.6875],"texture":"#0"}}},{"from":[3.5, 0, 3.5],"to":[5, 7, 5],"rotation":{"angle":0,"axis":"y","origin":[0, 16, 0]},"faces":{"north":{"uv":[7.8125, 1.3125, 7.625, 2.1875],"texture":"#0"},"east":{"uv":[7.8125, 1.3125, 7.625, 2.1875],"texture":"#0"},"south":{"uv":[7.8125, 1.3125, 7.625, 2.1875],"texture":"#0"},"west":{"uv":[7.8125, 1.3125, 7.625, 2.1875],"texture":"#0"},"up":{"uv":[9.75, 1.9375, 9.9375, 1.75],"texture":"#0"},"down":{"uv":[9.75, 1.9375, 9.9375, 1.75],"texture":"#0"}}},{"from":[3.5, 0, 11],"to":[5, 7, 12.5],"rotation":{"angle":0,"axis":"y","origin":[0, 16, 0]},"faces":{"north":{"uv":[7.8125, 1.3125, 7.625, 2.1875],"texture":"#0"},"east":{"uv":[7.8125, 1.3125, 7.625, 2.1875],"texture":"#0"},"south":{"uv":[7.8125, 1.3125, 7.625, 2.1875],"texture":"#0"},"west":{"uv":[7.8125, 1.3125, 7.625, 2.1875],"texture":"#0"},"up":{"uv":[9.75, 1.9375, 9.9375, 1.75],"texture":"#0"},"down":{"uv":[9.75, 1.9375, 9.9375, 1.75],"texture":"#0"}}},{"from":[11, 0, 11],"to":[12.5, 7, 12.5],"rotation":{"angle":0,"axis":"y","origin":[0, 16, 0]},"faces":{"north":{"uv":[7.8125, 1.3125, 7.625, 2.1875],"texture":"#0"},"east":{"uv":[7.8125, 1.3125, 7.625, 2.1875],"texture":"#0"},"south":{"uv":[7.8125, 1.3125, 7.625, 2.1875],"texture":"#0"},"west":{"uv":[7.8125, 1.3125, 7.625, 2.1875],"texture":"#0"},"up":{"uv":[9.75, 1.9375, 9.9375, 1.75],"texture":"#0"},"down":{"uv":[9.75, 1.9375, 9.9375, 1.75],"texture":"#0"}}},{"from":[11, 0, 3.5],"to":[12.5, 7, 5],"rotation":{"angle":0,"axis":"y","origin":[0, 16, 0]},"faces":{"north":{"uv":[7.8125, 1.3125, 7.625, 2.1875],"texture":"#0"},"east":{"uv":[7.8125, 1.3125, 7.625, 2.1875],"texture":"#0"},"south":{"uv":[7.8125, 1.3125, 7.625, 2.1875],"texture":"#0"},"west":{"uv":[7.8125, 1.3125, 7.625, 2.1875],"texture":"#0"},"up":{"uv":[9.75, 1.9375, 9.9375, 1.75],"texture":"#0"},"down":{"uv":[9.75, 1.9375, 9.9375, 1.75],"texture":"#0"}}},{"from":[4, 9, 11.5],"to":[5, 19, 12.5],"rotation":{"angle":0,"axis":"y","origin":[0, 16, 16]},"faces":{"north":{"uv":[9.625, 0, 9.75, 1.25],"texture":"#0"},"east":{"uv":[9.625, 0, 9.75, 1.25],"texture":"#0"},"south":{"uv":[9.625, 0, 9.75, 1.25],"texture":"#0"},"west":{"uv":[9.625, 0, 9.75, 1.25],"texture":"#0"},"up":{"uv":[9.75, 1.75, 9.875, 1.875],"texture":"#0"},"down":{"uv":[9.75, 1.75, 9.875, 1.875],"texture":"#0"}}},{"from":[4, 5.5, 5],"to":[5, 6.5, 11],"rotation":{"angle":0,"axis":"y","origin":[0, 16, 0]},"faces":{"north":{"uv":[9.875, 1.75, 9.75, 1.875],"texture":"#0"},"east":{"uv":[9.625, 0.75, 9.75, 0],"rotation":90,"texture":"#0"},"south":{"uv":[9.875, 1.75, 9.75, 1.875],"rotation":180,"texture":"#0"},"west":{"uv":[9.625, 0.75, 9.75, 0],"rotation":270,"texture":"#0"},"up":{"uv":[9.625, 0.75, 9.75, 0],"texture":"#0"},"down":{"uv":[9.625, 0.75, 9.75, 0],"rotation":180,"texture":"#0"}}},{"from":[11, 5.5, 5],"to":[12, 6.5, 11],"rotation":{"angle":0,"axis":"y","origin":[16, 16, 0]},"faces":{"north":{"uv":[9.75, 1.75, 9.875, 1.875],"texture":"#0"},"east":{"uv":[9.625, 0, 9.75, 0.75],"rotation":270,"texture":"#0"},"south":{"uv":[9.75, 1.75, 9.875, 1.875],"rotation":180,"texture":"#0"},"west":{"uv":[9.625, 0, 9.75, 0.75],"rotation":90,"texture":"#0"},"up":{"uv":[9.75, 0.75, 9.625, 0],"texture":"#0"},"down":{"uv":[9.75, 0.75, 9.625, 0],"rotation":180,"texture":"#0"}}},{"from":[5, 5.5, 4],"to":[11, 6.5, 5],"rotation":{"angle":0,"axis":"y","origin":[16, 16, 0]},"faces":{"north":{"uv":[9.625, 0, 9.75, 0.75],"rotation":90,"texture":"#0"},"east":{"uv":[9.75, 1.75, 9.875, 1.875],"texture":"#0"},"south":{"uv":[9.625, 0, 9.75, 0.75],"rotation":270,"texture":"#0"},"west":{"uv":[9.75, 1.75, 9.875, 1.875],"rotation":180,"texture":"#0"},"up":{"uv":[9.75, 0.75, 9.625, 0],"rotation":90,"texture":"#0"},"down":{"uv":[9.75, 0.75, 9.625, 0],"rotation":90,"texture":"#0"}}},{"from":[5, 5.5, 11],"to":[11, 6.5, 12],"rotation":{"angle":0,"axis":"y","origin":[0, 16, 0]},"faces":{"north":{"uv":[9.625, 0.75, 9.75, 0],"rotation":90,"texture":"#0"},"east":{"uv":[9.875, 1.75, 9.75, 1.875],"rotation":180,"texture":"#0"},"south":{"uv":[9.625, 0.75, 9.75, 0],"rotation":270,"texture":"#0"},"west":{"uv":[9.875, 1.75, 9.75, 1.875],"texture":"#0"},"up":{"uv":[9.75, 0, 9.625, 0.75],"rotation":90,"texture":"#0"},"down":{"uv":[9.75, 0, 9.625, 0.75],"rotation":90,"texture":"#0"}}},{"from":[6.2, 9, 11.5],"to":[7.2, 19, 12.5],"rotation":{"angle":0,"axis":"y","origin":[0, 16, 16]},"faces":{"north":{"uv":[9.625, 0, 9.75, 1.25],"texture":"#0"},"east":{"uv":[9.625, 0, 9.75, 1.25],"texture":"#0"},"south":{"uv":[9.625, 0, 9.75, 1.25],"texture":"#0"},"west":{"uv":[9.625, 0, 9.75, 1.25],"texture":"#0"},"up":{"uv":[9.75, 1.75, 9.875, 1.875],"texture":"#0"},"down":{"uv":[9.75, 1.75, 9.875, 1.875],"texture":"#0"}}},{"from":[8.8, 9, 11.5],"to":[9.8, 19, 12.5],"rotation":{"angle":0,"axis":"y","origin":[16, 16, 16]},"faces":{"north":{"uv":[9.75, 0, 9.625, 1.25],"texture":"#0"},"east":{"uv":[9.75, 0, 9.625, 1.25],"texture":"#0"},"south":{"uv":[9.75, 0, 9.625, 1.25],"texture":"#0"},"west":{"uv":[9.75, 0, 9.625, 1.25],"texture":"#0"},"up":{"uv":[9.875, 1.75, 9.75, 1.875],"texture":"#0"},"down":{"uv":[9.875, 1.75, 9.75, 1.875],"texture":"#0"}}},{"from":[11, 9, 11.5],"to":[12, 19, 12.5],"rotation":{"angle":0,"axis":"y","origin":[16, 16, 16]},"faces":{"north":{"uv":[9.75, 0, 9.625, 1.25],"texture":"#0"},"east":{"uv":[9.75, 0, 9.625, 1.25],"texture":"#0"},"south":{"uv":[9.75, 0, 9.625, 1.25],"texture":"#0"},"west":{"uv":[9.75, 0, 9.625, 1.25],"texture":"#0"},"up":{"uv":[9.875, 1.75, 9.75, 1.875],"texture":"#0"},"down":{"uv":[9.875, 1.75, 9.75, 1.875],"texture":"#0"}}},{"from":[3, 18, 11],"to":[13, 20, 13],"rotation":{"angle":0,"axis":"y","origin":[0, 16, 16]},"faces":{"north":{"uv":[9.375, 0, 9.625, 1.25],"rotation":270,"texture":"#0"},"east":{"uv":[9.375, 1.25, 9.625, 1.5],"rotation":270,"texture":"#0"},"south":{"uv":[9.375, 0, 9.625, 1.25],"rotation":270,"texture":"#0"},"west":{"uv":[9.375, 1.25, 9.625, 1.5],"rotation":270,"texture":"#0"},"up":{"uv":[9.375, 0, 9.625, 1.25],"rotation":270,"texture":"#0"},"down":{"uv":[9.375, 0, 9.625, 1.25],"rotation":270,"texture":"#0"}}}],"gui_light":"front","display":{"thirdperson_righthand":{"rotation":[67.5, 0, 0],"translation":[0, 1.75, 0.25],"scale":[0.34563, 0.34563, 0.34563]},"thirdperson_lefthand":{"rotation":[67.5, 0, 0],"translation":[0, 1.75, 0.25],"scale":[0.34563, 0.34563, 0.34563]},"firstperson_righthand":{"translation":[0.5, 4, 0],"scale":[0.52008, 0.52008, 0.52008]},"firstperson_lefthand":{"translation":[0.5, 4, 0],"scale":[0.52008, 0.52008, 0.52008]},"ground":{"translation":[0, 4.5, 0],"scale":[0.52, 0.52, 0.52]},"gui":{"rotation":[30, -135, 0],"translation":[0.25, -1.25, 0],"scale":[0.59672, 0.59672, 0.59672]},"head":{"scale":[0, 0, 0]},"fixed":{"rotation":[-90, 0, 0],"translation":[-0.25, 0, -19.25],"scale":[2.4, 2.4, 2.4]}}}