{"texture_size":[64, 64],"textures":{"0":"custom/furniture/modern/computerdesk_2","particle":"custom/furniture/modern/computerdesk_2"},"elements":[{"from":[-3, 11.75, 0],"to":[19, 12.75, 16],"faces":{"north":{"uv":[8.75, 7.25, 14.25, 7.5],"texture":"#0"},"east":{"uv":[9, 1.5, 13, 1.75],"texture":"#0"},"south":{"uv":[8.75, 7.25, 14.25, 7.5],"texture":"#0"},"west":{"uv":[9, 1.5, 13, 1.75],"texture":"#0"},"up":{"uv":[5.5, 4, 0, 0],"texture":"#0"},"down":{"uv":[5.5, 8, 0, 4],"texture":"#0"}}},{"from":[4, 12.75, 7],"to":[12, 13.75, 12],"rotation":{"angle":0,"axis":"y","origin":[0, 0, -3]},"faces":{"north":{"uv":[9.5, 2.5, 11.5, 2.75],"texture":"#0"},"east":{"uv":[9.5, 4.75, 10.75, 5],"texture":"#0"},"south":{"uv":[9.5, 2.5, 11.5, 2.75],"texture":"#0"},"west":{"uv":[9.5, 4.75, 10.75, 5],"texture":"#0"},"up":{"uv":[7.5, 6.25, 5.5, 5],"texture":"#0"},"down":{"uv":[7.5, 6.25, 5.5, 7.5],"texture":"#0"}}},{"from":[5, 12.75, 1.75],"to":[15, 13.25, 5.75],"rotation":{"angle":0,"axis":"y","origin":[0, 0, -2.25]},"faces":{"north":{"uv":[9.5, 9.75, 12, 9.875],"texture":"#0"},"east":{"uv":[10.25, 0.25, 11.25, 0.375],"texture":"#0"},"south":{"uv":[9.5, 9.75, 12, 9.875],"texture":"#0"},"west":{"uv":[10.25, 0.25, 11.25, 0.375],"texture":"#0"},"up":{"uv":[10, 6, 7.5, 5],"texture":"#0"},"down":{"uv":[8, 7.5, 5.5, 8.5],"texture":"#0"}}},{"from":[2, 12.75, 2.25],"to":[4, 13.75, 5.25],"rotation":{"angle":0,"axis":"y","origin":[0, 0, -2.25]},"faces":{"north":{"uv":[0.5, 10.25, 1, 10.5],"texture":"#0"},"east":{"uv":[6.25, 9.75, 7, 10],"texture":"#0"},"south":{"uv":[0.5, 10.25, 1, 10.5],"texture":"#0"},"west":{"uv":[6.25, 9.75, 7, 10],"texture":"#0"},"up":{"uv":[5, 10.25, 4.5, 9.5],"texture":"#0"},"down":{"uv":[3.75, 9.75, 3.25, 10.5],"texture":"#0"}}},{"from":[1, 15.25, 8],"to":[15, 25.25, 9],"rotation":{"angle":0,"axis":"y","origin":[0, 0, -3]},"faces":{"north":{"uv":[5.5, 0, 9, 2.5],"texture":"#0"},"east":{"uv":[0.5, 9.5, 0.25, 12],"texture":"#0"},"south":{"uv":[5.5, 2.5, 9, 5],"texture":"#0"},"west":{"uv":[0.25, 9.5, 0.5, 12],"texture":"#0"},"up":{"uv":[12.5, 2.25, 9, 2],"texture":"#0"},"down":{"uv":[9, 2, 12.5, 2.25],"texture":"#0"}}},{"from":[7, 13.75, 10],"to":[9, 18.75, 11],"rotation":{"angle":-22.5,"axis":"x","origin":[8, 13.75, 11]},"faces":{"north":{"uv":[9, 3.75, 9.5, 5],"texture":"#0"},"east":{"uv":[3.75, 9.75, 4, 11],"texture":"#0"},"south":{"uv":[9, 3.75, 9.5, 5],"texture":"#0"},"west":{"uv":[4, 9.75, 3.75, 11],"texture":"#0"},"up":{"uv":[7.5, 10, 7, 9.75],"texture":"#0"},"down":{"uv":[10.5, 10, 10, 10.25],"texture":"#0"}}},{"from":[-1, 0, 15],"to":[0, 17, 16],"rotation":{"angle":-45,"axis":"x","origin":[2, 0, 15]},"faces":{"north":{"uv":[9.25, 7.5, 9.5, 11.75],"texture":"#0"},"east":{"uv":[9.25, 7.5, 9.5, 11.75],"texture":"#0"},"south":{"uv":[9.25, 7.5, 9.5, 11.75],"texture":"#0"},"west":{"uv":[9.25, 7.5, 9.5, 11.75],"texture":"#0"},"up":{"uv":[5.75, 10.5, 5.5, 10.25],"texture":"#0"},"down":{"uv":[6, 10.25, 5.75, 10.5],"texture":"#0"}}},{"from":[16, 0, 15],"to":[17, 17, 16],"rotation":{"angle":-45,"axis":"x","origin":[14, 0, 15]},"faces":{"north":{"uv":[9.5, 7.5, 9.25, 11.75],"texture":"#0"},"east":{"uv":[9.5, 7.5, 9.25, 11.75],"texture":"#0"},"south":{"uv":[9.5, 7.5, 9.25, 11.75],"texture":"#0"},"west":{"uv":[9.5, 7.5, 9.25, 11.75],"texture":"#0"},"up":{"uv":[5.5, 10.5, 5.75, 10.25],"texture":"#0"},"down":{"uv":[5.75, 10.25, 6, 10.5],"texture":"#0"}}},{"from":[-2, 12.75, 10],"to":[-2, 18.75, 15],"rotation":{"angle":0,"axis":"y","origin":[10, 0, 0]},"faces":{"north":{"uv":[0, 0, 0, 1.5],"texture":"#0"},"east":{"uv":[7.5, 6, 8.75, 7.5],"texture":"#0"},"south":{"uv":[0, 0, 0, 1.5],"texture":"#0"},"west":{"uv":[0, 8, 1.25, 9.5],"texture":"#0"},"up":{"uv":[0, 1.25, 0, 0],"texture":"#0"},"down":{"uv":[0, 0, 0, 1.25],"texture":"#0"}}},{"from":[-2, 12.75, 10],"to":[3, 12.75, 15],"rotation":{"angle":0,"axis":"y","origin":[10, 0, 0]},"faces":{"north":{"uv":[0, 0, 1.25, 0],"texture":"#0"},"east":{"uv":[0, 0, 1.25, 0],"texture":"#0"},"south":{"uv":[0, 0, 1.25, 0],"texture":"#0"},"west":{"uv":[0, 0, 1.25, 0],"texture":"#0"},"up":{"uv":[6.25, 9.75, 5, 8.5],"texture":"#0"},"down":{"uv":[7.5, 8.5, 6.25, 9.75],"texture":"#0"}}},{"from":[-2, 12.75, 15],"to":[3, 18.75, 15],"rotation":{"angle":0,"axis":"y","origin":[10, 0, 0]},"faces":{"north":{"uv":[1.25, 8, 2.5, 9.5],"texture":"#0"},"east":{"uv":[0, 0, 0, 1.5],"texture":"#0"},"south":{"uv":[0, 8, 1.25, 9.5],"texture":"#0"},"west":{"uv":[0, 0, 0, 1.5],"texture":"#0"},"up":{"uv":[1.25, 0, 0, 0],"texture":"#0"},"down":{"uv":[1.25, 0, 0, 0],"texture":"#0"}}},{"from":[3, 12.75, 10],"to":[3, 18.75, 15],"rotation":{"angle":0,"axis":"y","origin":[10, 0, 0]},"faces":{"north":{"uv":[0, 0, 0, 1.5],"texture":"#0"},"east":{"uv":[0, 8, 1.25, 9.5],"texture":"#0"},"south":{"uv":[0, 0, 0, 1.5],"texture":"#0"},"west":{"uv":[8, 7.5, 9.25, 9],"texture":"#0"},"up":{"uv":[0, 1.25, 0, 0],"texture":"#0"},"down":{"uv":[0, 0, 0, 1.25],"texture":"#0"}}},{"from":[-2, 18.75, 10],"to":[3, 18.75, 15],"rotation":{"angle":0,"axis":"y","origin":[10, 0, 0]},"faces":{"north":{"uv":[0, 0, 1.25, 0],"texture":"#0"},"east":{"uv":[0, 0, 1.25, 0],"texture":"#0"},"south":{"uv":[0, 0, 1.25, 0],"texture":"#0"},"west":{"uv":[0, 0, 1.25, 0],"texture":"#0"},"up":{"uv":[10, 7.25, 8.75, 6],"texture":"#0"},"down":{"uv":[10.25, 0, 9, 1.25],"texture":"#0"}}},{"from":[2.5, 12.75, 10],"to":[3, 18.75, 10],"rotation":{"angle":0,"axis":"y","origin":[10, 0, 0]},"faces":{"north":{"uv":[4.25, 9.75, 4.375, 11.25],"texture":"#0"},"east":{"uv":[0, 0, 0, 1.5],"texture":"#0"},"south":{"uv":[10, 5.75, 10.125, 7.25],"texture":"#0"},"west":{"uv":[0, 0, 0, 1.5],"texture":"#0"},"up":{"uv":[0.125, 0, 0, 0],"texture":"#0"},"down":{"uv":[0.125, 0, 0, 0],"texture":"#0"}}},{"from":[-2, 12.75, 10],"to":[-1.5, 18.75, 10],"rotation":{"angle":0,"axis":"y","origin":[10, 0, 0]},"faces":{"north":{"uv":[9.5, 10, 9.625, 11.5],"texture":"#0"},"east":{"uv":[0, 0, 0, 1.5],"texture":"#0"},"south":{"uv":[9.75, 10, 9.875, 11.5],"texture":"#0"},"west":{"uv":[0, 0, 0, 1.5],"texture":"#0"},"up":{"uv":[0.125, 0, 0, 0],"texture":"#0"},"down":{"uv":[0.125, 0, 0, 0],"texture":"#0"}}},{"from":[-1.5, 12.75, 10],"to":[2.5, 13.25, 10],"rotation":{"angle":0,"axis":"y","origin":[10, 0, 0]},"faces":{"north":{"uv":[10.25, 0.75, 11.25, 0.875],"texture":"#0"},"east":{"uv":[0, 0, 0, 0.125],"texture":"#0"},"south":{"uv":[1, 10.25, 2, 10.375],"texture":"#0"},"west":{"uv":[0, 0, 0, 0.125],"texture":"#0"},"up":{"uv":[1, 0, 0, 0],"texture":"#0"},"down":{"uv":[1, 0, 0, 0],"texture":"#0"}}},{"from":[-1.5, 16.25, 10],"to":[2.5, 18.75, 10],"rotation":{"angle":0,"axis":"y","origin":[10, 0, 0]},"faces":{"north":{"uv":[0.5, 9.5, 1.5, 10.125],"texture":"#0"},"east":{"uv":[0, 0, 0, 0.625],"texture":"#0"},"south":{"uv":[1.5, 9.5, 2.5, 10.125],"texture":"#0"},"west":{"uv":[0, 0, 0, 0.625],"texture":"#0"},"up":{"uv":[1, 0, 0, 0],"texture":"#0"},"down":{"uv":[1, 0, 0, 0],"texture":"#0"}}},{"from":[-1.5, 13.25, 10],"to":[1, 16.25, 10],"rotation":{"angle":-45,"axis":"y","origin":[-1.5, 14.75, 10]},"faces":{"north":{"uv":[9.5, 7.5, 10.125, 8.25],"texture":"#0"},"east":{"uv":[0, 0, 0, 0.75],"texture":"#0"},"south":{"uv":[9.5, 8.25, 10.125, 9],"texture":"#0"},"west":{"uv":[0, 0, 0, 0.75],"texture":"#0"},"up":{"uv":[0.625, 0, 0, 0],"texture":"#0"},"down":{"uv":[0.625, 0, 0, 0],"texture":"#0"}}},{"from":[0, 13.25, 10],"to":[2.5, 16.25, 10],"rotation":{"angle":45,"axis":"y","origin":[2.5, 14.75, 10]},"faces":{"north":{"uv":[9.5, 9, 10.125, 9.75],"texture":"#0"},"east":{"uv":[0, 0, 0, 0.75],"texture":"#0"},"south":{"uv":[2.5, 9.75, 3.125, 10.5],"texture":"#0"},"west":{"uv":[0, 0, 0, 0.75],"texture":"#0"},"up":{"uv":[0.625, 0, 0, 0],"texture":"#0"},"down":{"uv":[0.625, 0, 0, 0],"texture":"#0"}}},{"from":[-1.5, 13.25, 10],"to":[2.5, 13.25, 12],"rotation":{"angle":-22.5,"axis":"x","origin":[0.5, 13.25, 10]},"faces":{"north":{"uv":[0, 0, 1, 0],"texture":"#0"},"east":{"uv":[0, 0, 0.5, 0],"texture":"#0"},"south":{"uv":[0, 0, 1, 0],"texture":"#0"},"west":{"uv":[0, 0, 0.5, 0],"texture":"#0"},"up":{"uv":[10.5, 3.25, 9.5, 2.75],"texture":"#0"},"down":{"uv":[10.5, 3.25, 9.5, 3.75],"texture":"#0"}}},{"from":[-1.5, 16.25, 10],"to":[2.5, 16.25, 12],"rotation":{"angle":22.5,"axis":"x","origin":[0.5, 16.25, 10]},"faces":{"north":{"uv":[0, 0, 1, 0],"texture":"#0"},"east":{"uv":[0, 0, 0.5, 0],"texture":"#0"},"south":{"uv":[0, 0, 1, 0],"texture":"#0"},"west":{"uv":[0, 0, 0.5, 0],"texture":"#0"},"up":{"uv":[10.5, 4.25, 9.5, 3.75],"texture":"#0"},"down":{"uv":[10.5, 4.25, 9.5, 4.75],"texture":"#0"}}},{"from":[-0.25, 13.75, 11.5],"to":[1.75, 15.75, 12.5],"rotation":{"angle":0,"axis":"y","origin":[10, 0, 0]},"faces":{"north":{"uv":[5, 8, 5.5, 8.5],"texture":"#0"},"east":{"uv":[2, 10.25, 2.25, 10.75],"texture":"#0"},"south":{"uv":[10, 5, 10.5, 5.5],"texture":"#0"},"west":{"uv":[2.25, 10.25, 2.5, 10.75],"texture":"#0"},"up":{"uv":[10.75, 1.25, 10.25, 1],"texture":"#0"},"down":{"uv":[5, 10.25, 4.5, 10.5],"texture":"#0"}}},{"from":[18, 12.75, 10],"to":[18, 18.75, 15],"rotation":{"angle":0,"axis":"y","origin":[6, 0, 0]},"faces":{"north":{"uv":[0, 0, 0, 1.5],"texture":"#0"},"east":{"uv":[1.25, 8, 0, 9.5],"texture":"#0"},"south":{"uv":[0, 0, 0, 1.5],"texture":"#0"},"west":{"uv":[8.75, 6, 7.5, 7.5],"texture":"#0"},"up":{"uv":[0, 1.25, 0, 0],"texture":"#0"},"down":{"uv":[0, 0, 0, 1.25],"texture":"#0"}}},{"from":[13, 12.75, 10],"to":[18, 12.75, 15],"rotation":{"angle":0,"axis":"y","origin":[6, 0, 0]},"faces":{"north":{"uv":[1.25, 0, 0, 0],"texture":"#0"},"east":{"uv":[1.25, 0, 0, 0],"texture":"#0"},"south":{"uv":[1.25, 0, 0, 0],"texture":"#0"},"west":{"uv":[1.25, 0, 0, 0],"texture":"#0"},"up":{"uv":[5, 9.75, 6.25, 8.5],"texture":"#0"},"down":{"uv":[6.25, 8.5, 7.5, 9.75],"texture":"#0"}}},{"from":[13, 12.75, 15],"to":[18, 18.75, 15],"rotation":{"angle":0,"axis":"y","origin":[6, 0, 0]},"faces":{"north":{"uv":[2.5, 8, 1.25, 9.5],"texture":"#0"},"east":{"uv":[0, 0, 0, 1.5],"texture":"#0"},"south":{"uv":[1.25, 8, 0, 9.5],"texture":"#0"},"west":{"uv":[0, 0, 0, 1.5],"texture":"#0"},"up":{"uv":[0, 0, 1.25, 0],"texture":"#0"},"down":{"uv":[0, 0, 1.25, 0],"texture":"#0"}}},{"from":[13, 12.75, 10],"to":[13, 18.75, 15],"rotation":{"angle":0,"axis":"y","origin":[6, 0, 0]},"faces":{"north":{"uv":[0, 0, 0, 1.5],"texture":"#0"},"east":{"uv":[9.25, 7.5, 8, 9],"texture":"#0"},"south":{"uv":[0, 0, 0, 1.5],"texture":"#0"},"west":{"uv":[1.25, 8, 0, 9.5],"texture":"#0"},"up":{"uv":[0, 1.25, 0, 0],"texture":"#0"},"down":{"uv":[0, 0, 0, 1.25],"texture":"#0"}}},{"from":[13, 18.75, 10],"to":[18, 18.75, 15],"rotation":{"angle":0,"axis":"y","origin":[6, 0, 0]},"faces":{"north":{"uv":[1.25, 0, 0, 0],"texture":"#0"},"east":{"uv":[1.25, 0, 0, 0],"texture":"#0"},"south":{"uv":[1.25, 0, 0, 0],"texture":"#0"},"west":{"uv":[1.25, 0, 0, 0],"texture":"#0"},"up":{"uv":[8.75, 7.25, 10, 6],"texture":"#0"},"down":{"uv":[9, 0, 10.25, 1.25],"texture":"#0"}}},{"from":[13, 12.75, 10],"to":[13.5, 18.75, 10],"rotation":{"angle":0,"axis":"y","origin":[6, 0, 0]},"faces":{"north":{"uv":[4.375, 9.75, 4.25, 11.25],"texture":"#0"},"east":{"uv":[0, 0, 0, 1.5],"texture":"#0"},"south":{"uv":[10.125, 5.75, 10, 7.25],"texture":"#0"},"west":{"uv":[0, 0, 0, 1.5],"texture":"#0"},"up":{"uv":[0, 0, 0.125, 0],"texture":"#0"},"down":{"uv":[0, 0, 0.125, 0],"texture":"#0"}}},{"from":[17.5, 12.75, 10],"to":[18, 18.75, 10],"rotation":{"angle":0,"axis":"y","origin":[6, 0, 0]},"faces":{"north":{"uv":[9.625, 10, 9.5, 11.5],"texture":"#0"},"east":{"uv":[0, 0, 0, 1.5],"texture":"#0"},"south":{"uv":[9.875, 10, 9.75, 11.5],"texture":"#0"},"west":{"uv":[0, 0, 0, 1.5],"texture":"#0"},"up":{"uv":[0, 0, 0.125, 0],"texture":"#0"},"down":{"uv":[0, 0, 0.125, 0],"texture":"#0"}}},{"from":[13.5, 12.75, 10],"to":[17.5, 13.25, 10],"rotation":{"angle":0,"axis":"y","origin":[6, 0, 0]},"faces":{"north":{"uv":[11.25, 0.75, 10.25, 0.875],"texture":"#0"},"east":{"uv":[0, 0, 0, 0.125],"texture":"#0"},"south":{"uv":[2, 10.25, 1, 10.375],"texture":"#0"},"west":{"uv":[0, 0, 0, 0.125],"texture":"#0"},"up":{"uv":[0, 0, 1, 0],"texture":"#0"},"down":{"uv":[0, 0, 1, 0],"texture":"#0"}}},{"from":[13.5, 16.25, 10],"to":[17.5, 18.75, 10],"rotation":{"angle":0,"axis":"y","origin":[6, 0, 0]},"faces":{"north":{"uv":[1.5, 9.5, 0.5, 10.125],"texture":"#0"},"east":{"uv":[0, 0, 0, 0.625],"texture":"#0"},"south":{"uv":[2.5, 9.5, 1.5, 10.125],"texture":"#0"},"west":{"uv":[0, 0, 0, 0.625],"texture":"#0"},"up":{"uv":[0, 0, 1, 0],"texture":"#0"},"down":{"uv":[0, 0, 1, 0],"texture":"#0"}}},{"from":[15, 13.25, 10],"to":[17.5, 16.25, 10],"rotation":{"angle":45,"axis":"y","origin":[17.5, 14.75, 10]},"faces":{"north":{"uv":[10.125, 7.5, 9.5, 8.25],"texture":"#0"},"east":{"uv":[0, 0, 0, 0.75],"texture":"#0"},"south":{"uv":[10.125, 8.25, 9.5, 9],"texture":"#0"},"west":{"uv":[0, 0, 0, 0.75],"texture":"#0"},"up":{"uv":[0, 0, 0.625, 0],"texture":"#0"},"down":{"uv":[0, 0, 0.625, 0],"texture":"#0"}}},{"from":[13.5, 13.25, 10],"to":[16, 16.25, 10],"rotation":{"angle":-45,"axis":"y","origin":[13.5, 14.75, 10]},"faces":{"north":{"uv":[10.125, 9, 9.5, 9.75],"texture":"#0"},"east":{"uv":[0, 0, 0, 0.75],"texture":"#0"},"south":{"uv":[3.125, 9.75, 2.5, 10.5],"texture":"#0"},"west":{"uv":[0, 0, 0, 0.75],"texture":"#0"},"up":{"uv":[0, 0, 0.625, 0],"texture":"#0"},"down":{"uv":[0, 0, 0.625, 0],"texture":"#0"}}},{"from":[13.5, 13.25, 10],"to":[17.5, 13.25, 12],"rotation":{"angle":-22.5,"axis":"x","origin":[15.5, 13.25, 10]},"faces":{"north":{"uv":[1, 0, 0, 0],"texture":"#0"},"east":{"uv":[0.5, 0, 0, 0],"texture":"#0"},"south":{"uv":[1, 0, 0, 0],"texture":"#0"},"west":{"uv":[0.5, 0, 0, 0],"texture":"#0"},"up":{"uv":[9.5, 3.25, 10.5, 2.75],"texture":"#0"},"down":{"uv":[9.5, 3.25, 10.5, 3.75],"texture":"#0"}}},{"from":[13.5, 16.25, 10],"to":[17.5, 16.25, 12],"rotation":{"angle":22.5,"axis":"x","origin":[15.5, 16.25, 10]},"faces":{"north":{"uv":[1, 0, 0, 0],"texture":"#0"},"east":{"uv":[0.5, 0, 0, 0],"texture":"#0"},"south":{"uv":[1, 0, 0, 0],"texture":"#0"},"west":{"uv":[0.5, 0, 0, 0],"texture":"#0"},"up":{"uv":[9.5, 4.25, 10.5, 3.75],"texture":"#0"},"down":{"uv":[9.5, 4.25, 10.5, 4.75],"texture":"#0"}}},{"from":[14.25, 13.75, 11.5],"to":[16.25, 15.75, 12.5],"rotation":{"angle":0,"axis":"y","origin":[6, 0, 0]},"faces":{"north":{"uv":[5.5, 8, 5, 8.5],"texture":"#0"},"east":{"uv":[2.5, 10.25, 2.25, 10.75],"texture":"#0"},"south":{"uv":[10.5, 5, 10, 5.5],"texture":"#0"},"west":{"uv":[2.25, 10.25, 2, 10.75],"texture":"#0"},"up":{"uv":[10.25, 1.25, 10.75, 1],"texture":"#0"},"down":{"uv":[4.5, 10.25, 5, 10.5],"texture":"#0"}}}],"gui_light":"front","display":{"thirdperson_righthand":{"rotation":[66.5, 0, 0],"translation":[0, 1.75, 1.5],"scale":[0.26, 0.26, 0.26]},"thirdperson_lefthand":{"rotation":[66.5, 0, 0],"translation":[0, 1.75, 1.5],"scale":[0.26, 0.26, 0.26]},"firstperson_righthand":{"rotation":[0, 180, 0],"translation":[-1.25, 0.75, 0],"scale":[0.39063, 0.39063, 0.39063]},"firstperson_lefthand":{"rotation":[0, 180, 0],"translation":[-1.25, 0.75, 0],"scale":[0.39063, 0.39063, 0.39063]},"ground":{"scale":[0.3, 0.3, 0.3]},"gui":{"rotation":[30, -135, 0],"translation":[0, -2.75, 0],"scale":[0.53445, 0.53445, 0.53445]},"head":{"scale":[0, 0, 0]},"fixed":{"rotation":[-90, 0, 0],"translation":[0, 0, -15.25],"scale":[2, 2, 2]}},"groups":[0,1,2,3,4,5,6,7,{"name":"group","origin":[0, 0, 0],"color":0,"children":[8, 9, 10, 11, 12, 13, 14, 15, 16, 17, 18, 19, 20, 21]},{"name":"group","origin":[0, 0, 0],"color":0,"children":[22, 23, 24, 25, 26, 27, 28, 29, 30, 31, 32, 33, 34, 35]}]}