{"texture_size":[128, 128],"textures":{"1":"custom/furniture/modern/modernclean_02","particle":"custom/furniture/modern/modernclean_01"},"elements":[{"from":[7, 1, 7],"to":[9, 7, 9],"faces":{"north":{"uv":[3.3125, 4.125, 3.5625, 4.875],"texture":"#1"},"east":{"uv":[3.3125, 4.125, 3.5625, 4.875],"texture":"#1"},"south":{"uv":[3.3125, 4.125, 3.5625, 4.875],"texture":"#1"},"west":{"uv":[3.3125, 4.125, 3.5625, 4.875],"texture":"#1"},"up":{"uv":[3.25, 4.875, 3, 4.625],"texture":"#1"},"down":{"uv":[3.25, 4.875, 3, 4.625],"texture":"#1"}}},{"from":[2, 8, 2],"to":[14, 10, 13],"faces":{"north":{"uv":[3.375, 2.125, 4.875, 2.375],"texture":"#1"},"east":{"uv":[4.75, 2.375, 3.375, 2.625],"texture":"#1"},"south":{"uv":[3.375, 2.125, 4.875, 2.375],"texture":"#1"},"west":{"uv":[3.375, 2.375, 4.75, 2.625],"texture":"#1"},"up":{"uv":[4.875, 2.125, 3.375, 0.75],"texture":"#1"},"down":{"uv":[4.875, 2.125, 3.375, 0.75],"texture":"#1"}}},{"from":[5, 7, 5],"to":[11, 8, 11],"faces":{"north":{"uv":[4.875, 0.75, 5.625, 0.875],"texture":"#1"},"east":{"uv":[4.875, 0.75, 5.625, 0.875],"texture":"#1"},"south":{"uv":[4.875, 0.75, 5.625, 0.875],"texture":"#1"},"west":{"uv":[4.875, 0.75, 5.625, 0.875],"texture":"#1"},"up":{"uv":[5.5, 0, 4.75, 0.75],"texture":"#1"},"down":{"uv":[5.5, 0, 4.75, 0.75],"texture":"#1"}}},{"from":[6, 18, 6],"to":[10, 22, 7],"rotation":{"angle":22.5,"axis":"x","origin":[0, 0, 0]},"faces":{"north":{"uv":[5.5, 0, 4.75, 0.75],"rotation":180,"texture":"#1"},"east":{"uv":[4.875, 0.75, 5.625, 0.875],"rotation":90,"texture":"#1"},"south":{"uv":[5.375, 0.125, 4.875, 0.625],"texture":"#1"},"west":{"uv":[4.875, 0.75, 5.625, 0.875],"rotation":270,"texture":"#1"},"up":{"uv":[4.875, 0.75, 5.625, 0.875],"texture":"#1"},"down":{"uv":[4.875, 0.75, 5.625, 0.875],"rotation":180,"texture":"#1"}}},{"from":[3, 13, 11],"to":[13, 21, 13],"rotation":{"angle":22.5,"axis":"x","origin":[0, 14, 14]},"faces":{"north":{"uv":[3.25, 2.625, 4.5, 3.625],"texture":"#1"},"east":{"uv":[4.5, 2.625, 4.75, 3.625],"texture":"#1"},"south":{"uv":[3.25, 2.625, 4.5, 3.625],"texture":"#1"},"west":{"uv":[4.5, 2.625, 4.75, 3.625],"texture":"#1"},"up":{"uv":[4.5, 3.625, 3.25, 3.875],"texture":"#1"},"down":{"uv":[4.5, 3.625, 3.25, 3.875],"texture":"#1"}}},{"from":[7.47817, 0, 1.80761],"to":[8.47817, 1, 2.80761],"rotation":{"angle":45,"axis":"y","origin":[8, 1, 8]},"faces":{"north":{"uv":[4.4375, 4.125, 4.5625, 4.25],"texture":"#1"},"east":{"uv":[4.4375, 4.125, 4.5625, 4.25],"texture":"#1"},"south":{"uv":[4.4375, 4.125, 4.5625, 4.25],"texture":"#1"},"west":{"uv":[4.4375, 4.125, 4.5625, 4.25],"texture":"#1"},"up":{"uv":[4.4375, 4.125, 4.5625, 4.25],"texture":"#1"},"down":{"uv":[4.4375, 4.125, 4.5625, 4.25],"texture":"#1"}}},{"from":[7.47817, 1, 1.80761],"to":[8.47817, 2, 7.80761],"rotation":{"angle":45,"axis":"y","origin":[8, 1, 8]},"faces":{"north":{"uv":[4.125, 3.875, 4.25, 4],"texture":"#1"},"east":{"uv":[3.6875, 4.125, 4.4375, 4.25],"texture":"#1"},"south":{"uv":[4.125, 3.875, 4.25, 4],"texture":"#1"},"west":{"uv":[3.6875, 4.125, 4.4375, 4.25],"texture":"#1"},"up":{"uv":[3.6875, 4.875, 3.5625, 4.125],"texture":"#1"},"down":{"uv":[3.6875, 4.875, 3.5625, 4.125],"texture":"#1"}}},{"from":[7.47817, 1, 1.80761],"to":[8.47817, 2, 7.80761],"rotation":{"angle":-45,"axis":"y","origin":[8, 1, 8]},"faces":{"north":{"uv":[4.25, 3.875, 4.125, 4],"texture":"#1"},"east":{"uv":[3.6875, 4.125, 4.4375, 4.25],"texture":"#1"},"south":{"uv":[4.125, 3.875, 4.25, 4],"texture":"#1"},"west":{"uv":[4.4375, 4.125, 3.6875, 4.25],"texture":"#1"},"up":{"uv":[3.6875, 4.875, 3.5625, 4.125],"texture":"#1"},"down":{"uv":[3.6875, 4.875, 3.5625, 4.125],"texture":"#1"}}},{"from":[7.47817, 0, 1.80761],"to":[8.47817, 1, 2.80761],"rotation":{"angle":-45,"axis":"y","origin":[8, 1, 8]},"faces":{"north":{"uv":[4.4375, 4.125, 4.5625, 4.25],"texture":"#1"},"east":{"uv":[4.4375, 4.125, 4.5625, 4.25],"texture":"#1"},"south":{"uv":[4.4375, 4.125, 4.5625, 4.25],"texture":"#1"},"west":{"uv":[4.4375, 4.125, 4.5625, 4.25],"texture":"#1"},"up":{"uv":[4.4375, 4.125, 4.5625, 4.25],"texture":"#1"},"down":{"uv":[4.4375, 4.125, 4.5625, 4.25],"texture":"#1"}}},{"from":[8.19239, 1, 7.47817],"to":[14.19239, 2, 8.47817],"rotation":{"angle":-22.5,"axis":"y","origin":[8, 1, 8]},"faces":{"north":{"uv":[4.4375, 4.125, 3.6875, 4.25],"texture":"#1"},"east":{"uv":[4.125, 3.875, 4.25, 4],"texture":"#1"},"south":{"uv":[3.6875, 4.125, 4.4375, 4.25],"texture":"#1"},"west":{"uv":[4.125, 3.875, 4.25, 4],"texture":"#1"},"up":{"uv":[3.6875, 4.875, 3.5625, 4.125],"rotation":90,"texture":"#1"},"down":{"uv":[3.6875, 4.875, 3.5625, 4.125],"rotation":270,"texture":"#1"}}},{"from":[13.19239, 0, 7.47817],"to":[14.19239, 1, 8.47817],"rotation":{"angle":-22.5,"axis":"y","origin":[8, 1, 8]},"faces":{"north":{"uv":[4.4375, 4.125, 4.5625, 4.25],"texture":"#1"},"east":{"uv":[4.4375, 4.125, 4.5625, 4.25],"texture":"#1"},"south":{"uv":[4.4375, 4.125, 4.5625, 4.25],"texture":"#1"},"west":{"uv":[4.4375, 4.125, 4.5625, 4.25],"texture":"#1"},"up":{"uv":[4.4375, 4.125, 4.5625, 4.25],"rotation":90,"texture":"#1"},"down":{"uv":[4.4375, 4.125, 4.5625, 4.25],"rotation":270,"texture":"#1"}}},{"from":[7.52183, 1, 8.19239],"to":[8.52183, 2, 14.19239],"rotation":{"angle":0,"axis":"y","origin":[8, 1, 8]},"faces":{"north":{"uv":[4.125, 3.875, 4.25, 4],"texture":"#1"},"east":{"uv":[4.4375, 4.125, 3.6875, 4.25],"texture":"#1"},"south":{"uv":[4.25, 3.875, 4.125, 4],"texture":"#1"},"west":{"uv":[3.6875, 4.125, 4.4375, 4.25],"texture":"#1"},"up":{"uv":[3.6875, 4.875, 3.5625, 4.125],"rotation":180,"texture":"#1"},"down":{"uv":[3.6875, 4.875, 3.5625, 4.125],"rotation":180,"texture":"#1"}}},{"from":[7.52183, 0, 13.19239],"to":[8.52183, 1, 14.19239],"rotation":{"angle":0,"axis":"y","origin":[8, 1, 8]},"faces":{"north":{"uv":[4.4375, 4.125, 4.5625, 4.25],"texture":"#1"},"east":{"uv":[4.4375, 4.125, 4.5625, 4.25],"texture":"#1"},"south":{"uv":[4.4375, 4.125, 4.5625, 4.25],"texture":"#1"},"west":{"uv":[4.4375, 4.125, 4.5625, 4.25],"texture":"#1"},"up":{"uv":[4.4375, 4.125, 4.5625, 4.25],"rotation":180,"texture":"#1"},"down":{"uv":[4.4375, 4.125, 4.5625, 4.25],"rotation":180,"texture":"#1"}}},{"from":[1.80761, 1, 7.52183],"to":[7.80761, 2, 8.52183],"rotation":{"angle":22.5,"axis":"y","origin":[8, 1, 8]},"faces":{"north":{"uv":[3.6875, 4.125, 4.4375, 4.25],"texture":"#1"},"east":{"uv":[4.125, 3.875, 4.25, 4],"texture":"#1"},"south":{"uv":[4.4375, 4.125, 3.6875, 4.25],"texture":"#1"},"west":{"uv":[4.125, 3.875, 4.25, 4],"texture":"#1"},"up":{"uv":[3.6875, 4.875, 3.5625, 4.125],"rotation":270,"texture":"#1"},"down":{"uv":[3.6875, 4.875, 3.5625, 4.125],"rotation":90,"texture":"#1"}}},{"from":[1.80761, 0, 7.52183],"to":[2.80761, 1, 8.52183],"rotation":{"angle":22.5,"axis":"y","origin":[8, 1, 8]},"faces":{"north":{"uv":[4.4375, 4.125, 4.5625, 4.25],"texture":"#1"},"east":{"uv":[4.4375, 4.125, 4.5625, 4.25],"texture":"#1"},"south":{"uv":[4.4375, 4.125, 4.5625, 4.25],"texture":"#1"},"west":{"uv":[4.4375, 4.125, 4.5625, 4.25],"texture":"#1"},"up":{"uv":[4.4375, 4.125, 4.5625, 4.25],"rotation":270,"texture":"#1"},"down":{"uv":[4.4375, 4.125, 4.5625, 4.25],"rotation":90,"texture":"#1"}}},{"from":[1, 7.5, 7.5],"to":[2, 13.5, 8.5],"rotation":{"angle":0,"axis":"y","origin":[0, 9, 8]},"faces":{"north":{"uv":[2.875, 4.125, 3, 4.875],"texture":"#1"},"east":{"uv":[2.875, 4.125, 3, 4.875],"texture":"#1"},"south":{"uv":[2.875, 4.125, 3, 4.875],"texture":"#1"},"west":{"uv":[3, 4.125, 2.875, 4.875],"texture":"#1"},"up":{"uv":[3, 5, 2.875, 4.875],"texture":"#1"},"down":{"uv":[3, 5, 2.875, 4.875],"texture":"#1"}}},{"from":[7, 7.5, 13],"to":[9, 17.5, 14],"rotation":{"angle":0,"axis":"y","origin":[0, 9, 7]},"faces":{"north":{"uv":[4.875, 0.875, 5.125, 2.125],"texture":"#1"},"east":{"uv":[5.25, 0.875, 5.125, 2.125],"texture":"#1"},"south":{"uv":[4.875, 0.875, 5.125, 2.125],"texture":"#1"},"west":{"uv":[5.125, 0.875, 5.25, 2.125],"texture":"#1"},"up":{"uv":[5.125, 2.125, 4.875, 2.25],"texture":"#1"},"down":{"uv":[5.125, 2.125, 4.875, 2.25],"texture":"#1"}}},{"from":[7, 7.5, 11],"to":[9, 8.5, 13],"rotation":{"angle":0,"axis":"y","origin":[0, 9, 8]},"faces":{"north":{"uv":[1.625, 4, 1.875, 4.125],"texture":"#1"},"east":{"uv":[3.0625, 4.875, 3.3125, 5],"texture":"#1"},"south":{"uv":[3.5, 4, 3.75, 4.125],"texture":"#1"},"west":{"uv":[3.0625, 4.875, 3.3125, 5],"texture":"#1"},"up":{"uv":[3.3125, 4.625, 3.0625, 4.875],"texture":"#1"},"down":{"uv":[3.3125, 4.625, 3.0625, 4.875],"texture":"#1"}}},{"from":[2, 7.5, 7.5],"to":[14, 8.5, 8.5],"rotation":{"angle":0,"axis":"y","origin":[0, 9, 8]},"faces":{"north":{"uv":[4.8125, 4, 3.3125, 4.125],"texture":"#1"},"east":{"uv":[4, 1.75, 4.125, 1.875],"texture":"#1"},"south":{"uv":[4.8125, 4, 3.3125, 4.125],"texture":"#1"},"west":{"uv":[3.625, 4, 3.75, 4.125],"texture":"#1"},"up":{"uv":[4.8125, 4, 3.3125, 4.125],"texture":"#1"},"down":{"uv":[4.8125, 4, 3.3125, 4.125],"texture":"#1"}}},{"from":[0.1, 13, 4.5],"to":[2.1, 14, 11.5],"faces":{"north":{"uv":[3, 4.5, 3.25, 4.625],"texture":"#1"},"east":{"uv":[3.25, 3.875, 4.125, 4],"texture":"#1"},"south":{"uv":[3, 4.5, 3.25, 4.625],"texture":"#1"},"west":{"uv":[3.25, 3.875, 4.125, 4],"texture":"#1"},"up":{"uv":[3.25, 4.5, 3, 3.625],"texture":"#1"},"down":{"uv":[3.25, 4.5, 3, 3.625],"texture":"#1"}}},{"from":[13.9, 13, 4.5],"to":[15.9, 14, 11.5],"rotation":{"angle":0,"axis":"y","origin":[16, 0, 0]},"faces":{"north":{"uv":[3.25, 4.5, 3, 4.625],"texture":"#1"},"east":{"uv":[4.125, 3.875, 3.25, 4],"texture":"#1"},"south":{"uv":[3.25, 4.5, 3, 4.625],"texture":"#1"},"west":{"uv":[4.125, 3.875, 3.25, 4],"texture":"#1"},"up":{"uv":[3, 4.5, 3.25, 3.625],"texture":"#1"},"down":{"uv":[3, 4.5, 3.25, 3.625],"texture":"#1"}}},{"from":[14, 7.5, 7.5],"to":[15, 13.5, 8.5],"rotation":{"angle":0,"axis":"y","origin":[16, 9, 8]},"faces":{"north":{"uv":[3, 4.125, 2.875, 4.875],"texture":"#1"},"east":{"uv":[2.875, 4.125, 3, 4.875],"texture":"#1"},"south":{"uv":[3, 4.125, 2.875, 4.875],"texture":"#1"},"west":{"uv":[3, 4.125, 2.875, 4.875],"texture":"#1"},"up":{"uv":[2.875, 5, 3, 4.875],"texture":"#1"},"down":{"uv":[2.875, 5, 3, 4.875],"texture":"#1"}}}],"gui_light":"front","display":{"thirdperson_righthand":{"rotation":[67.5, 0, 0],"translation":[0, 1.75, 0.25],"scale":[0.34563, 0.34563, 0.34563]},"thirdperson_lefthand":{"rotation":[67.5, 0, 0],"translation":[0, 1.75, 0.25],"scale":[0.34563, 0.34563, 0.34563]},"firstperson_righthand":{"translation":[0.5, 3.5, 0],"scale":[0.46734, 0.46734, 0.46734]},"firstperson_lefthand":{"translation":[0.5, 3.5, 0],"scale":[0.46734, 0.46734, 0.46734]},"ground":{"translation":[0, 6.5, 0],"scale":[0.49844, 0.49844, 0.49844]},"gui":{"rotation":[30, -135, 0],"translation":[0.5, -1.75, 0],"scale":[0.56227, 0.56227, 0.56227]},"head":{"scale":[0, 0, 0]},"fixed":{"rotation":[-90, 0, 0],"translation":[0, -1.75, -17.5],"scale":[2.17773, 2.17773, 2.17773]}}}