{"texture_size":[128, 128],"textures":{"1":"custom/furniture/modern/modernclean_02","particle":"custom/furniture/modern/modernclean_01"},"elements":[{"from":[6.5, 0, 6.5],"to":[9.5, 1, 9.5],"faces":{"north":{"uv":[5.125, 2.125, 5.5, 2.25],"texture":"#1"},"east":{"uv":[5.125, 2.125, 5.5, 2.25],"texture":"#1"},"south":{"uv":[5.125, 2.125, 5.5, 2.25],"texture":"#1"},"west":{"uv":[5.125, 2.125, 5.5, 2.25],"texture":"#1"},"up":{"uv":[5, 2.25, 5.375, 2.625],"texture":"#1"},"down":{"uv":[5, 2.25, 5.375, 2.625],"texture":"#1"}}},{"from":[7, 4, 7],"to":[9, 5, 9],"faces":{"north":{"uv":[5.5, 2.125, 5.75, 2.25],"texture":"#1"},"east":{"uv":[5.5, 2.125, 5.75, 2.25],"texture":"#1"},"south":{"uv":[5.5, 2.125, 5.75, 2.25],"texture":"#1"},"west":{"uv":[5.5, 2.125, 5.75, 2.25],"texture":"#1"},"up":{"uv":[5.375, 2.25, 5.625, 2.5],"texture":"#1"},"down":{"uv":[5.375, 2.25, 5.625, 2.5],"texture":"#1"}}},{"from":[6, 8, 6],"to":[10, 11, 10],"faces":{"north":{"uv":[0, 0, 0.5, 0.375],"texture":"#1"},"east":{"uv":[0, 0, 0.5, 0.375],"texture":"#1"},"south":{"uv":[0, 0, 0.5, 0.375],"texture":"#1"},"west":{"uv":[0, 0, 0.5, 0.375],"texture":"#1"},"up":{"uv":[7.25, 1.375, 7.75, 1.875],"texture":"#1"},"down":{"uv":[7.25, 1.375, 7.75, 1.875],"texture":"#1"}}},{"from":[5, 7, 5],"to":[11, 12, 6],"faces":{"north":{"uv":[5.75, 1.375, 6.5, 2],"texture":"#1"},"east":{"uv":[6.625, 1.375, 6.5, 2],"texture":"#1"},"south":{"uv":[5.75, 1.375, 6.5, 2],"texture":"#1"},"west":{"uv":[6.5, 1.375, 6.625, 2],"texture":"#1"},"up":{"uv":[5.75, 2, 6.5, 2.125],"texture":"#1"},"down":{"uv":[5.75, 2, 6.5, 2.125],"texture":"#1"}}},{"from":[5, 7, 10],"to":[11, 12, 11],"rotation":{"angle":0,"axis":"y","origin":[0, 0, 16]},"faces":{"north":{"uv":[6.5, 1.375, 5.75, 2],"texture":"#1"},"east":{"uv":[6.5, 1.375, 6.625, 2],"texture":"#1"},"south":{"uv":[6.5, 1.375, 5.75, 2],"texture":"#1"},"west":{"uv":[6.625, 1.375, 6.5, 2],"texture":"#1"},"up":{"uv":[5.75, 2.125, 6.5, 2],"texture":"#1"},"down":{"uv":[5.75, 2.125, 6.5, 2],"texture":"#1"}}},{"from":[5, 7, 6],"to":[6, 12, 10],"faces":{"north":{"uv":[5.9375, 1.3125, 6.0625, 1.9375],"texture":"#1"},"east":{"uv":[6.625, 1.375, 7.125, 2],"texture":"#1"},"south":{"uv":[5.9375, 1.3125, 6.0625, 1.9375],"texture":"#1"},"west":{"uv":[6.625, 1.375, 7.125, 2],"texture":"#1"},"up":{"uv":[7.125, 1.375, 7.25, 1.875],"texture":"#1"},"down":{"uv":[7.125, 1.375, 7.25, 1.875],"texture":"#1"}}},{"from":[10, 7, 6],"to":[11, 12, 10],"rotation":{"angle":0,"axis":"y","origin":[16, 0, 0]},"faces":{"north":{"uv":[6.0625, 1.3125, 5.9375, 1.9375],"texture":"#1"},"east":{"uv":[7.125, 1.375, 6.625, 2],"texture":"#1"},"south":{"uv":[6.0625, 1.3125, 5.9375, 1.9375],"texture":"#1"},"west":{"uv":[7.125, 1.375, 6.625, 2],"texture":"#1"},"up":{"uv":[7.25, 1.375, 7.125, 1.875],"texture":"#1"},"down":{"uv":[7.25, 1.375, 7.125, 1.875],"texture":"#1"}}},{"from":[7.5, 5, 7.5],"to":[8.5, 8, 8.5],"faces":{"north":{"uv":[4.625, 3.625, 4.75, 4],"texture":"#1"},"east":{"uv":[4.625, 3.625, 4.75, 4],"texture":"#1"},"south":{"uv":[4.625, 3.625, 4.75, 4],"texture":"#1"},"west":{"uv":[4.625, 3.625, 4.75, 4],"texture":"#1"},"up":{"uv":[4.5, 3.625, 4.625, 3.75],"texture":"#1"},"down":{"uv":[4.5, 3.625, 4.625, 3.75],"texture":"#1"}}},{"from":[6, 1, 6],"to":[10, 4, 10],"faces":{"north":{"uv":[5.25, 1.25, 5.75, 1.625],"texture":"#1"},"east":{"uv":[5.25, 1.25, 5.75, 1.625],"texture":"#1"},"south":{"uv":[5.25, 1.25, 5.75, 1.625],"texture":"#1"},"west":{"uv":[5.25, 1.25, 5.75, 1.625],"texture":"#1"},"up":{"uv":[5.25, 1.625, 5.75, 2.125],"texture":"#1"},"down":{"uv":[5.25, 1.625, 5.75, 2.125],"texture":"#1"}}}],"gui_light":"front","display":{"thirdperson_righthand":{"rotation":[67.5, 0, 0],"translation":[0, 1.75, 2],"scale":[0.43742, 0.43742, 0.43742]},"thirdperson_lefthand":{"rotation":[67.5, 0, 0],"translation":[0, 1.75, 2],"scale":[0.43742, 0.43742, 0.43742]},"firstperson_righthand":{"translation":[1, 5.25, 0],"scale":[0.69867, 0.69867, 0.69867]},"firstperson_lefthand":{"translation":[1, 5.25, 0],"scale":[0.69867, 0.69867, 0.69867]},"ground":{"translation":[0, 4, 0],"scale":[0.6, 0.6, 0.6]},"gui":{"rotation":[30, -135, 0],"translation":[0.25, 1.25, 0],"scale":[1.04531, 1.04531, 1.04531]},"head":{"scale":[0, 0, 0]},"fixed":{"rotation":[-90, 0, 0],"translation":[0, 0, -21.35],"scale":[2.66953, 2.66953, 2.66953]}}}