{"texture_size":[128, 128],"textures":{"0":"custom/furniture/modern/shoe_rack","particle":"custom/furniture/modern/shoe_rack"},"elements":[{"from":[14, 1, 14],"to":[16, 16, 16],"rotation":{"angle":0,"axis":"y","origin":[31, 8.5, 15]},"faces":{"north":{"uv":[1.5, 6.375, 1.75, 8.25],"texture":"#0"},"east":{"uv":[1.75, 6.375, 1.5, 8.25],"texture":"#0"},"south":{"uv":[1.5, 6.375, 1.75, 8.25],"texture":"#0"},"west":{"uv":[1.75, 6.375, 1.5, 8.25],"texture":"#0"},"up":{"uv":[4.625, 3.75, 4.875, 4],"rotation":90,"texture":"#0"},"down":{"uv":[2, 5.75, 1.75, 6],"rotation":270,"texture":"#0"}}},{"from":[14, 1, 0],"to":[16, 16, 2],"faces":{"north":{"uv":[1.75, 6.375, 1.5, 8.25],"texture":"#0"},"east":{"uv":[1.5, 6.375, 1.75, 8.25],"texture":"#0"},"south":{"uv":[1.75, 6.375, 1.5, 8.25],"texture":"#0"},"west":{"uv":[1.5, 6.375, 1.75, 8.25],"texture":"#0"},"up":{"uv":[4.625, 3.75, 4.875, 4],"texture":"#0"},"down":{"uv":[2, 5.75, 1.75, 6],"texture":"#0"}}},{"from":[0, 1, 0],"to":[2, 16, 2],"rotation":{"angle":0,"axis":"y","origin":[17, 8.5, 1]},"faces":{"north":{"uv":[1.5, 6.375, 1.75, 8.25],"texture":"#0"},"east":{"uv":[1.75, 6.375, 1.5, 8.25],"texture":"#0"},"south":{"uv":[1.5, 6.375, 1.75, 8.25],"texture":"#0"},"west":{"uv":[1.75, 6.375, 1.5, 8.25],"texture":"#0"},"up":{"uv":[4.875, 4, 4.625, 3.75],"rotation":90,"texture":"#0"},"down":{"uv":[2, 5.75, 1.75, 6],"rotation":270,"texture":"#0"}}},{"from":[0, 1, 14],"to":[2, 16, 16],"rotation":{"angle":0,"axis":"y","origin":[17, 8.5, 15]},"faces":{"north":{"uv":[1.75, 6.375, 1.5, 8.25],"texture":"#0"},"east":{"uv":[1.5, 6.375, 1.75, 8.25],"texture":"#0"},"south":{"uv":[1.75, 6.375, 1.5, 8.25],"texture":"#0"},"west":{"uv":[1.5, 6.375, 1.75, 8.25],"texture":"#0"},"up":{"uv":[4.875, 4, 4.625, 3.75],"texture":"#0"},"down":{"uv":[2, 5.75, 1.75, 6],"texture":"#0"}}},{"from":[-16, 1, 0],"to":[-14, 6, 2],"rotation":{"angle":0,"axis":"y","origin":[1, 3.5, 1]},"faces":{"north":{"uv":[0.875, 8.875, 0.625, 9.5],"texture":"#0"},"east":{"uv":[0.625, 8.875, 0.875, 9.5],"texture":"#0"},"south":{"uv":[0.875, 8.875, 0.625, 9.5],"texture":"#0"},"west":{"uv":[0.625, 8.875, 0.875, 9.5],"texture":"#0"},"up":{"uv":[7.5, 3.25, 7.25, 3],"rotation":270,"texture":"#0"},"down":{"uv":[8.625, 2.75, 8.375, 3],"rotation":90,"texture":"#0"}}},{"from":[-16, 1, 14],"to":[-14, 6, 16],"faces":{"north":{"uv":[0.625, 8.875, 0.875, 9.5],"texture":"#0"},"east":{"uv":[0.875, 8.875, 0.625, 9.5],"texture":"#0"},"south":{"uv":[0.625, 8.875, 0.875, 9.5],"texture":"#0"},"west":{"uv":[0.875, 8.875, 0.625, 9.5],"texture":"#0"},"up":{"uv":[7.5, 3.25, 7.25, 3],"texture":"#0"},"down":{"uv":[8.625, 2.75, 8.375, 3],"texture":"#0"}}},{"from":[-16, 6, 14],"to":[0, 8, 16],"faces":{"north":{"uv":[7, 1.75, 9, 2],"texture":"#0"},"east":{"uv":[1.125, 9, 1.375, 9.25],"texture":"#0"},"south":{"uv":[7, 1.75, 9, 2],"texture":"#0"},"west":{"uv":[1.375, 9, 1.625, 9.25],"texture":"#0"},"up":{"uv":[9, 2.25, 7, 2],"texture":"#0"},"down":{"uv":[7, 2, 9, 1.75],"texture":"#0"}}},{"from":[-16, 6, 2],"to":[-14, 8, 14],"faces":{"north":{"uv":[9, 2.25, 9.25, 2.5],"texture":"#0"},"east":{"uv":[7.5, 3.375, 9, 3.625],"texture":"#0"},"south":{"uv":[9, 3.375, 9.25, 3.625],"texture":"#0"},"west":{"uv":[7.5, 3.375, 9, 3.625],"texture":"#0"},"up":{"uv":[7, 9, 6.75, 7.5],"texture":"#0"},"down":{"uv":[7.25, 7.5, 7, 9],"texture":"#0"}}},{"from":[-16, 8, 1],"to":[0, 11, 15],"faces":{"north":{"uv":[5.5, 3.25, 7.5, 3.625],"texture":"#0"},"east":{"uv":[6, 1.375, 7.75, 1.75],"texture":"#0"},"south":{"uv":[5.5, 3.25, 7.5, 3.625],"texture":"#0"},"west":{"uv":[6, 1.375, 7.75, 1.75],"texture":"#0"},"up":{"uv":[2, 5.75, 0, 4],"texture":"#0"},"down":{"uv":[2, 5.75, 0, 4],"texture":"#0"}}},{"from":[-16, 0, 0],"to":[16, 1, 16],"faces":{"north":{"uv":[7, 2.5, 11, 2.625],"texture":"#0"},"east":{"uv":[8, 0.875, 10, 1],"texture":"#0"},"south":{"uv":[7, 2.5, 11, 2.625],"texture":"#0"},"west":{"uv":[8, 0.875, 10, 1],"texture":"#0"},"up":{"uv":[4, 2, 0, 0],"texture":"#0"},"down":{"uv":[4, 2, 0, 0],"texture":"#0"}}},{"from":[2, 6, 0],"to":[14, 7, 16],"faces":{"north":{"uv":[8.625, 3.125, 10.125, 3.25],"texture":"#0"},"east":{"uv":[8.25, 5.75, 10.25, 5.875],"texture":"#0"},"south":{"uv":[8.625, 3.125, 10.125, 3.25],"texture":"#0"},"west":{"uv":[8.25, 5.75, 10.25, 5.875],"texture":"#0"},"up":{"uv":[5.5, 3.75, 4, 1.75],"texture":"#0"},"down":{"uv":[5.5, 3.75, 4, 1.75],"texture":"#0"}}},{"from":[2, 14, 14],"to":[14, 16, 16],"faces":{"north":{"uv":[7.75, 1, 9.25, 1.25],"texture":"#0"},"east":{"uv":[6.75, 9, 7, 9.25],"texture":"#0"},"south":{"uv":[7.75, 1, 9.25, 1.25],"texture":"#0"},"west":{"uv":[7, 9, 7.25, 9.25],"texture":"#0"},"up":{"uv":[9.25, 1.5, 7.75, 1.25],"texture":"#0"},"down":{"uv":[9.25, 1.25, 7.75, 1.5],"texture":"#0"}}},{"from":[2, 14, 0],"to":[14, 16, 2],"faces":{"north":{"uv":[7.75, 1, 9.25, 1.25],"texture":"#0"},"east":{"uv":[8.5, 9, 8.75, 9.25],"texture":"#0"},"south":{"uv":[7.75, 1, 9.25, 1.25],"texture":"#0"},"west":{"uv":[8.75, 9, 9, 9.25],"texture":"#0"},"up":{"uv":[5.75, 8.125, 4.25, 7.875],"texture":"#0"},"down":{"uv":[5.75, 7.875, 4.25, 8.125],"texture":"#0"}}},{"from":[14, 14, 2],"to":[16, 16, 14],"rotation":{"angle":0,"axis":"y","origin":[24, 15, 4]},"faces":{"north":{"uv":[9, 9, 9.25, 9.25],"texture":"#0"},"east":{"uv":[7.75, 1, 9.25, 1.25],"texture":"#0"},"south":{"uv":[3.5, 9.125, 3.75, 9.375],"texture":"#0"},"west":{"uv":[7.75, 1, 9.25, 1.25],"texture":"#0"},"up":{"uv":[6, 9.125, 5.75, 7.625],"texture":"#0"},"down":{"uv":[6, 9.125, 5.75, 7.625],"texture":"#0"}}},{"from":[0, 14, 2],"to":[2, 16, 14],"rotation":{"angle":0,"axis":"y","origin":[24, 15, 4]},"faces":{"north":{"uv":[9.125, 3.625, 9.375, 3.875],"texture":"#0"},"east":{"uv":[7.75, 1, 9.25, 1.25],"texture":"#0"},"south":{"uv":[3.75, 9.125, 4, 9.375],"texture":"#0"},"west":{"uv":[7.75, 1, 9.25, 1.25],"texture":"#0"},"up":{"uv":[6.5, 9.125, 6.25, 7.625],"texture":"#0"},"down":{"uv":[6.5, 9.125, 6.25, 7.625],"texture":"#0"}}},{"from":[-16, 6, 0],"to":[0, 8, 2],"faces":{"north":{"uv":[6.5, 5.875, 8.5, 6.125],"texture":"#0"},"east":{"uv":[8.875, 5.5, 9.125, 5.75],"texture":"#0"},"south":{"uv":[8.5, 5.875, 6.5, 6.125],"texture":"#0"},"west":{"uv":[9, 0.375, 9.25, 0.625],"texture":"#0"},"up":{"uv":[9, 2.25, 7, 2],"texture":"#0"},"down":{"uv":[8.5, 5.875, 6.5, 6.125],"texture":"#0"}}},{"from":[2.5, 7, 3],"to":[7.5, 10, 12],"rotation":{"angle":0,"axis":"y","origin":[8, 9.5, 6.25]},"faces":{"north":{"uv":[8.75, 5.875, 9.375, 6.25],"texture":"#0"},"east":{"uv":[2.25, 7.25, 3.375, 7.625],"texture":"#0"},"south":{"uv":[8.75, 5.875, 9.375, 6.25],"texture":"#0"},"west":{"uv":[3.375, 7.25, 2.25, 7.625],"texture":"#0"},"up":{"uv":[4.875, 7.25, 4.25, 6.125],"texture":"#0"},"down":{"uv":[5.5, 6.125, 4.875, 7.25],"texture":"#0"}}},{"from":[2.5, 10, 3],"to":[7.5, 11, 7],"rotation":{"angle":0,"axis":"y","origin":[8, 9.5, 6.25]},"faces":{"north":{"uv":[8.875, 4.75, 9.5, 4.875],"texture":"#0"},"east":{"uv":[5, 9.125, 5.5, 9.25],"texture":"#0"},"south":{"uv":[8.875, 4.75, 9.5, 4.875],"texture":"#0"},"west":{"uv":[5, 9.125, 5.5, 9.25],"texture":"#0"},"up":{"uv":[8.875, 5.25, 8.25, 4.75],"texture":"#0"},"down":{"uv":[1.25, 8.375, 0.625, 8.875],"texture":"#0"}}},{"from":[8.5, 10, 3],"to":[13.5, 11, 7],"rotation":{"angle":0,"axis":"y","origin":[8, 9.5, 6.25]},"faces":{"north":{"uv":[8.875, 4.75, 9.5, 4.875],"texture":"#0"},"east":{"uv":[5, 9.125, 5.5, 9.25],"texture":"#0"},"south":{"uv":[8.875, 4.75, 9.5, 4.875],"texture":"#0"},"west":{"uv":[5, 9.125, 5.5, 9.25],"texture":"#0"},"up":{"uv":[8.875, 5.25, 8.25, 4.75],"texture":"#0"},"down":{"uv":[1.25, 8.375, 0.625, 8.875],"texture":"#0"}}},{"from":[8.5, 7, 3],"to":[13.5, 10, 12],"rotation":{"angle":0,"axis":"y","origin":[8, 9.5, 6.25]},"faces":{"north":{"uv":[8.75, 5.875, 9.375, 6.25],"texture":"#0"},"east":{"uv":[2.25, 7.25, 3.375, 7.625],"texture":"#0"},"south":{"uv":[8.75, 5.875, 9.375, 6.25],"texture":"#0"},"west":{"uv":[3.375, 7.25, 2.25, 7.625],"texture":"#0"},"up":{"uv":[4.875, 7.25, 4.25, 6.125],"texture":"#0"},"down":{"uv":[5.5, 6.125, 4.875, 7.25],"texture":"#0"}}},{"from":[2.5, 1, 2],"to":[7.5, 4, 11],"rotation":{"angle":0,"axis":"y","origin":[8, 9.5, 6.25]},"faces":{"north":{"uv":[1.875, 3.5, 2.5, 3.875],"texture":"#0"},"east":{"uv":[4, 2.375, 2.875, 2.75],"texture":"#0"},"south":{"uv":[2.5, 3.5, 3.125, 3.875],"texture":"#0"},"west":{"uv":[2.875, 2.375, 4, 2.75],"texture":"#0"},"up":{"uv":[1, 3.125, 0.375, 2],"texture":"#0"},"down":{"uv":[1.625, 2.25, 1, 3.375],"texture":"#0"}}},{"from":[2.5, 4, 2],"to":[7.5, 5, 6],"rotation":{"angle":0,"axis":"y","origin":[8, 9.5, 6.25]},"faces":{"north":{"uv":[1.25, 3.875, 1.875, 4],"texture":"#0"},"east":{"uv":[4, 0, 4.5, 0.125],"texture":"#0"},"south":{"uv":[1.875, 3.875, 2.5, 4],"texture":"#0"},"west":{"uv":[4, 0.125, 4.5, 0.25],"texture":"#0"},"up":{"uv":[1.875, 3.875, 1.25, 3.375],"texture":"#0"},"down":{"uv":[4, 3.125, 3.375, 3.625],"texture":"#0"}}},{"from":[8.5, 1, 2],"to":[13.5, 4, 11],"rotation":{"angle":0,"axis":"y","origin":[8, 9.5, 6.25]},"faces":{"north":{"uv":[1.875, 3.5, 2.5, 3.875],"texture":"#0"},"east":{"uv":[4, 2.375, 2.875, 2.75],"texture":"#0"},"south":{"uv":[2.5, 3.5, 3.125, 3.875],"texture":"#0"},"west":{"uv":[2.875, 2.375, 4, 2.75],"texture":"#0"},"up":{"uv":[1, 3.125, 0.375, 2],"texture":"#0"},"down":{"uv":[1.625, 2.25, 1, 3.375],"texture":"#0"}}},{"from":[8.5, 4, 2],"to":[13.5, 5, 6],"rotation":{"angle":0,"axis":"y","origin":[8, 9.5, 6.25]},"faces":{"north":{"uv":[1.25, 3.875, 1.875, 4],"texture":"#0"},"east":{"uv":[4, 0, 4.5, 0.125],"texture":"#0"},"south":{"uv":[1.875, 3.875, 2.5, 4],"texture":"#0"},"west":{"uv":[4, 0.125, 4.5, 0.25],"texture":"#0"},"up":{"uv":[1.875, 3.875, 1.25, 3.375],"texture":"#0"},"down":{"uv":[4, 3.125, 3.375, 3.625],"texture":"#0"}}},{"from":[2, 7, 15],"to":[14, 14, 15],"rotation":{"angle":0,"axis":"y","origin":[24, 15, 4]},"faces":{"north":{"uv":[5, 4.3125, 3.5, 5.1875],"texture":"#0"},"east":{"uv":[0, 0, 0, 0.875],"texture":"#0"},"south":{"uv":[3.5, 4.3125, 5, 5.1875],"texture":"#0"},"west":{"uv":[0, 0, 0, 0.875],"texture":"#0"},"up":{"uv":[1.5, 0, 0, 0],"texture":"#0"},"down":{"uv":[1.5, 0, 0, 0],"texture":"#0"}}},{"from":[2, 1, 15],"to":[14, 6, 15],"rotation":{"angle":0,"axis":"y","origin":[24, 15, 4]},"faces":{"north":{"uv":[5, 4.5, 3.5, 5.125],"texture":"#0"},"east":{"uv":[0, 0, 0, 0.625],"texture":"#0"},"south":{"uv":[3.5, 4.5, 5, 5.125],"texture":"#0"},"west":{"uv":[0, 0, 0, 0.625],"texture":"#0"},"up":{"uv":[1.5, 0, 0, 0],"texture":"#0"},"down":{"uv":[1.5, 0, 0, 0],"texture":"#0"}}},{"from":[-14, 1, 15],"to":[0, 6, 15],"rotation":{"angle":0,"axis":"y","origin":[24, 15, 4]},"faces":{"north":{"uv":[5, 4.5625, 3.25, 5.1875],"texture":"#0"},"east":{"uv":[0, 0, 0, 0.625],"texture":"#0"},"south":{"uv":[3.25, 4.5625, 5, 5.1875],"texture":"#0"},"west":{"uv":[0, 0, 0, 0.625],"texture":"#0"},"up":{"uv":[1.75, 0, 0, 0],"texture":"#0"},"down":{"uv":[1.75, 0, 0, 0],"texture":"#0"}}},{"from":[2, 15, 2],"to":[14, 15, 14],"rotation":{"angle":0,"axis":"y","origin":[8, 15, 8]},"faces":{"north":{"uv":[0, 0, 1.5, 0],"texture":"#0"},"east":{"uv":[0, 0, 1.5, 0],"texture":"#0"},"south":{"uv":[0, 0, 1.5, 0],"texture":"#0"},"west":{"uv":[0, 0, 1.5, 0],"texture":"#0"},"up":{"uv":[5, 5.5, 3.5, 4],"texture":"#0"},"down":{"uv":[5, 5.5, 3.5, 4],"texture":"#0"}}},{"from":[10.75, 15, 11],"to":[12.75, 17, 13],"rotation":{"angle":0,"axis":"y","origin":[4.75, 17, 7]},"faces":{"north":{"uv":[1.25, 2, 1.5, 2.25],"texture":"#0"},"east":{"uv":[1.25, 2, 1.5, 2.25],"texture":"#0"},"south":{"uv":[1.25, 2, 1.5, 2.25],"texture":"#0"},"west":{"uv":[1.25, 2, 1.5, 2.25],"texture":"#0"},"up":{"uv":[2, 2.25, 1.75, 2],"texture":"#0"},"down":{"uv":[2.25, 2, 2, 2.25],"texture":"#0"}}},{"from":[10.25, 17, 12],"to":[13, 20, 12],"rotation":{"angle":0,"axis":"y","origin":[4.75, 17, 7]},"faces":{"north":{"uv":[0, 2, 0.375, 2.375],"texture":"#0"},"east":{"uv":[0, 0, 0, 0.375],"texture":"#0"},"south":{"uv":[0.375, 2, 0, 2.375],"texture":"#0"},"west":{"uv":[0, 0, 0, 0.375],"texture":"#0"},"up":{"uv":[0.375, 0, 0, 0],"texture":"#0"},"down":{"uv":[0.375, 0, 0, 0],"texture":"#0"}}}],"gui_light":"front","display":{"thirdperson_righthand":{"rotation":[66.75, -90, 0],"translation":[0, 1.5, 1],"scale":[0.19, 0.19, 0.19]},"thirdperson_lefthand":{"rotation":[67.5, 90, 0.75],"translation":[0, 1.5, 1],"scale":[0.19, 0.19, 0.19]},"firstperson_righthand":{"rotation":[180, -90, 180],"translation":[0.25, 2.5, 0],"scale":[0.295, 0.295, 0.295]},"firstperson_lefthand":{"rotation":[180, 90, 180],"translation":[0.25, 2.5, 0],"scale":[0.295, 0.295, 0.295]},"ground":{"translation":[0, 2.25, 0],"scale":[0.3, 0.3, 0.3]},"gui":{"rotation":[30, -135, 0],"translation":[-2.5, 0.75, 0],"scale":[0.41, 0.41, 0.41]},"head":{"rotation":[0, 180, 0],"scale":[0, 0, 0]},"fixed":{"rotation":[-90, 0, 0],"translation":[0.25, 0, -16],"scale":[1.99656, 1.99656, 1.99656]}},"groups":[0,1,2,3,4,5,6,7,8,9,10,11,12,13,14,15,{"name":"group","origin":[8, 0, 0],"color":0,"children":[]},{"name":"group","origin":[8, 0, 0],"color":0,"children":[16, 17, 18, 19, 20, 21, 22, 23]},{"name":"group","origin":[24, 15, 4],"color":0,"children":[24, 25, 26, 27]},28,29]}