{"texture_size":[128, 128],"textures":{"0":"custom/furniture/modern/sofa_bed","particle":"custom/furniture/modern/sofa_bed"},"elements":[{"from":[-1.5, 4.5, 29],"to":[17.5, 14.5, 32],"rotation":{"angle":22.5,"axis":"x","origin":[0, 9.5, 32]},"faces":{"north":{"uv":[5, 4, 7.375, 5.25],"texture":"#0"},"east":{"uv":[6, 7.625, 6.375, 8.875],"texture":"#0"},"south":{"uv":[5, 4, 7.375, 5.25],"texture":"#0"},"west":{"uv":[6, 7.625, 6.375, 8.875],"texture":"#0"},"up":{"uv":[9.375, 2.125, 7, 1.75],"texture":"#0"},"down":{"uv":[9.375, 2.125, 7, 1.75],"texture":"#0"}}},{"from":[1.5, 4.5, 26],"to":[13.5, 15.5, 29],"rotation":{"angle":22.5,"axis":"x","origin":[0, 9.5, 32]},"faces":{"north":{"uv":[5.5, 0, 7, 1.375],"texture":"#0"},"east":{"uv":[7.5, 7.25, 7.875, 8.625],"texture":"#0"},"south":{"uv":[5.5, 1.375, 7, 2.75],"texture":"#0"},"west":{"uv":[7.5, 7.25, 7.875, 8.625],"texture":"#0"},"up":{"uv":[7.5, 7.625, 6, 7.25],"texture":"#0"},"down":{"uv":[7.5, 7.625, 6, 7.25],"texture":"#0"}}},{"from":[-3, 0.5, -0.75],"to":[19, 2.5, 30.5],"rotation":{"angle":0,"axis":"y","origin":[0, -0.5, 17]},"faces":{"north":{"uv":[6, 7, 8.75, 7.25],"texture":"#0"},"east":{"uv":[5.5, 3.75, 9.4375, 4],"texture":"#0"},"south":{"uv":[6, 7, 8.75, 7.25],"texture":"#0"},"west":{"uv":[5.5, 3.75, 9.4375, 4],"texture":"#0"},"up":{"uv":[2.75, 3.9375, 0, 0],"texture":"#0"},"down":{"uv":[5.5, 0, 2.75, 3.9375],"texture":"#0"}}},{"from":[-2, 2.5, 0],"to":[18, 6.5, 30],"rotation":{"angle":0,"axis":"y","origin":[0, 2.5, 32]},"faces":{"north":{"uv":[5, 6.5, 7.5, 7],"texture":"#0"},"east":{"uv":[5.5, 3.25, 9.25, 3.75],"texture":"#0"},"south":{"uv":[5, 6.5, 7.5, 7],"texture":"#0"},"west":{"uv":[9.25, 3.25, 5.5, 3.75],"texture":"#0"},"up":{"uv":[2.5, 7.75, 0, 4],"texture":"#0"},"down":{"uv":[5, 4, 2.5, 7.75],"texture":"#0"}}}],"gui_light":"front","display":{"thirdperson_righthand":{"rotation":[67.25, 0, 0],"translation":[0, 4.5, -0.25],"scale":[0.2, 0.2, 0.2]},"thirdperson_lefthand":{"rotation":[67.25, 0, 0],"translation":[0, 4.5, -0.25],"scale":[0.2, 0.2, 0.2]},"firstperson_righthand":{"translation":[-1.5, 5, 0],"scale":[0.27476, 0.27476, 0.27476]},"firstperson_lefthand":{"translation":[-1.5, 5, 0],"scale":[0.27476, 0.27476, 0.27476]},"ground":{"translation":[0, 5, 0],"scale":[0.28836, 0.28836, 0.28836]},"gui":{"rotation":[30, -135, 0],"translation":[1.75, -1.25, 0],"scale":[0.38367, 0.38367, 0.38367]},"head":{"scale":[0, 0, 0]},"fixed":{"rotation":[-90, 0, 0],"translation":[-16, -21.75, -22.5],"scale":[2.9, 3, 3]}}}