{"texture_size":[64, 64],"textures":{"0":"custom/furniture/modern/tv","particle":"custom/furniture/modern/tv"},"elements":[{"from":[-7, 1, 7],"to":[23, 19, 8],"rotation":{"angle":0,"axis":"y","origin":[0, 0, -4]},"faces":{"north":{"uv":[0, 0, 7.5, 4.5],"texture":"#0"},"east":{"uv":[7.5, 3.5, 7.75, 8],"texture":"#0"},"south":{"uv":[0, 4.5, 7.5, 9],"texture":"#0"},"west":{"uv":[7.5, 3.5, 7.75, 8],"texture":"#0"},"up":{"uv":[15, 3.25, 7.5, 3],"texture":"#0"},"down":{"uv":[15, 3.25, 7.5, 3],"texture":"#0"}}},{"from":[-3, 1, 8],"to":[19, 13, 9],"rotation":{"angle":0,"axis":"y","origin":[0, 0, -4]},"faces":{"north":{"uv":[7.5, 0, 13, 3],"texture":"#0"},"east":{"uv":[7.75, 3.5, 8, 6.5],"texture":"#0"},"south":{"uv":[7.5, 0, 13, 3],"texture":"#0"},"west":{"uv":[8, 3.5, 7.75, 6.5],"texture":"#0"},"up":{"uv":[13, 3.5, 7.5, 3.25],"texture":"#0"},"down":{"uv":[13, 3.5, 7.5, 3.25],"texture":"#0"}}},{"from":[21, 0, 4],"to":[22, 1, 9],"rotation":{"angle":-45,"axis":"y","origin":[20, 0, 4]},"faces":{"north":{"uv":[8, 3.5, 8.25, 3.75],"texture":"#0"},"east":{"uv":[7.75, 6.5, 9, 6.75],"texture":"#0"},"south":{"uv":[8, 3.5, 8.25, 3.75],"texture":"#0"},"west":{"uv":[7.75, 6.5, 9, 6.75],"texture":"#0"},"up":{"uv":[8, 8, 7.75, 6.75],"texture":"#0"},"down":{"uv":[8, 8, 7.75, 6.75],"texture":"#0"}}},{"from":[-6, 0, 4],"to":[-5, 1, 9],"rotation":{"angle":45,"axis":"y","origin":[-4, 0, 4]},"faces":{"north":{"uv":[8.25, 3.5, 8, 3.75],"texture":"#0"},"east":{"uv":[9, 6.5, 7.75, 6.75],"texture":"#0"},"south":{"uv":[8.25, 3.5, 8, 3.75],"texture":"#0"},"west":{"uv":[9, 6.5, 7.75, 6.75],"texture":"#0"},"up":{"uv":[7.75, 8, 8, 6.75],"texture":"#0"},"down":{"uv":[7.75, 8, 8, 6.75],"texture":"#0"}}}],"gui_light":"front","display":{"thirdperson_righthand":{"rotation":[0, -180, 0],"translation":[0, 0, 1],"scale":[0.32, 0.32, 0.32]},"thirdperson_lefthand":{"rotation":[0, -180, 0],"translation":[0, 0, 1],"scale":[0.32, 0.32, 0.32]},"firstperson_righthand":{"rotation":[0, -180, 0],"translation":[-1, 0, 1],"scale":[0.32, 0.32, 0.32]},"firstperson_lefthand":{"rotation":[0, -180, 0],"translation":[-1, 0, 1],"scale":[0.32, 0.32, 0.32]},"ground":{"translation":[0, 4, 0],"scale":[0.66, 0.66, 0.66]},"gui":{"rotation":[30, -135, 0],"translation":[-0.25, -0.75, 0],"scale":[0.48156, 0.48156, 0.48156]},"head":{"scale":[0, 0, 0]},"fixed":{"rotation":[-90, 0, 0],"translation":[0, -1.5, -16],"scale":[2, 2, 2]}}}