{"texture_size":[128, 128],"textures":{"0":"custom/furniture/modern/modernclean_01","particle":"custom/furniture/modern/modernclean_01"},"elements":[{"from":[0, -14, 1],"to":[12, -12.5, 15],"faces":{"north":{"uv":[7.25, 4.0625, 8.75, 4.25],"texture":"#0"},"south":{"uv":[7.25, 4.0625, 8.75, 4.25],"texture":"#0"},"up":{"uv":[6.875, 7.375, 8.375, 9.125],"texture":"#0"},"down":{"uv":[0.5, 7, 2, 5.25],"texture":"#0"}}},{"from":[0, -2, 1],"to":[12, 0, 15],"faces":{"north":{"uv":[10, 1.875, 11.5, 2.125],"texture":"#0"},"up":{"uv":[10, 0, 11.5, 1.75],"texture":"#0"},"down":{"uv":[10, 0, 11.5, 1.75],"texture":"#0"}}},{"from":[0, 14.5, 7],"to":[12, 15.5, 8],"rotation":{"angle":0,"axis":"y","origin":[0, -0.5, 0]},"faces":{"north":{"uv":[3.75, 2.8125, 5.375, 2.9375],"texture":"#0"},"east":{"uv":[5.375, 2.8125, 5.5, 2.9375],"texture":"#0"},"south":{"uv":[3.75, 2.8125, 5.375, 2.9375],"texture":"#0"},"west":{"uv":[5.375, 2.8125, 5.5, 2.9375],"texture":"#0"},"up":{"uv":[3.75, 2.8125, 5.375, 2.9375],"texture":"#0"},"down":{"uv":[3.75, 2.8125, 5.375, 2.9375],"texture":"#0"}}},{"from":[1, 2.5, 1],"to":[1, 16.5, 14],"rotation":{"angle":0,"axis":"y","origin":[0, -0.5, 0]},"faces":{"north":{"uv":[5.625, 4.6875, 5.625, 6.4375],"texture":"#0"},"east":{"uv":[6.25, 9.75, 7.875, 11.5],"texture":"#0"},"south":{"uv":[5.625, 4.6875, 5.625, 6.4375],"texture":"#0"},"west":{"uv":[7.875, 9.75, 6.25, 11.5],"texture":"#0"},"up":{"uv":[5.625, 4.6875, 5.625, 6.3125],"texture":"#0"},"down":{"uv":[5.625, 4.6875, 5.625, 6.3125],"texture":"#0"}}},{"from":[2, 2.5, 2.4],"to":[2, 16.5, 15.4],"rotation":{"angle":22.5,"axis":"y","origin":[0, -0.5, 0]},"faces":{"north":{"uv":[5.625, 4.6875, 5.625, 6.4375],"texture":"#0"},"east":{"uv":[6.25, 9.75, 7.875, 11.5],"texture":"#0"},"south":{"uv":[5.625, 4.6875, 5.625, 6.4375],"texture":"#0"},"west":{"uv":[7.875, 9.75, 6.25, 11.5],"texture":"#0"},"up":{"uv":[5.625, 4.6875, 5.625, 6.3125],"texture":"#0"},"down":{"uv":[5.625, 4.6875, 5.625, 6.3125],"texture":"#0"}}},{"from":[12, 2.5, -1.4],"to":[12, 16.5, 11.6],"rotation":{"angle":-22.5,"axis":"y","origin":[5, -0.5, 0]},"faces":{"north":{"uv":[5.625, 4.6875, 5.625, 6.4375],"texture":"#0"},"east":{"uv":[7.875, 9.75, 9.5, 11.5],"texture":"#0"},"south":{"uv":[5.625, 4.6875, 5.625, 6.4375],"texture":"#0"},"west":{"uv":[9.5, 9.75, 7.875, 11.5],"texture":"#0"},"up":{"uv":[5.625, 4.6875, 5.625, 6.3125],"texture":"#0"},"down":{"uv":[5.625, 4.6875, 5.625, 6.3125],"texture":"#0"}}},{"from":[2, 2.5, 1],"to":[2, 16.5, 14],"rotation":{"angle":0,"axis":"y","origin":[6, -0.5, 0]},"faces":{"north":{"uv":[5.625, 4.6875, 5.625, 6.4375],"texture":"#0"},"east":{"uv":[7.875, 9.75, 9.5, 11.5],"texture":"#0"},"south":{"uv":[5.625, 4.6875, 5.625, 6.4375],"texture":"#0"},"west":{"uv":[9.5, 9.75, 7.875, 11.5],"texture":"#0"},"up":{"uv":[5.625, 4.6875, 5.625, 6.3125],"texture":"#0"},"down":{"uv":[5.625, 4.6875, 5.625, 6.3125],"texture":"#0"}}},{"from":[-3, 0, 0],"to":[-2, 6, 1],"rotation":{"angle":0,"axis":"y","origin":[0, 0.5, 1]},"faces":{"north":{"uv":[3.75, 2.8125, 4.5, 2.9375],"rotation":90,"texture":"#0"},"east":{"uv":[3.75, 2.8125, 4.5, 2.9375],"rotation":270,"texture":"#0"},"south":{"uv":[3.75, 2.8125, 4.5, 2.9375],"rotation":270,"texture":"#0"},"west":{"uv":[3.75, 2.8125, 4.5, 2.9375],"rotation":270,"texture":"#0"},"up":{"uv":[5.375, 2.8125, 5.5, 2.9375],"rotation":270,"texture":"#0"},"down":{"uv":[5.375, 2.8125, 5.5, 2.9375],"rotation":270,"texture":"#0"}}},{"from":[-14, -14, 1],"to":[0, 17, 15],"faces":{"north":{"uv":[14.125, 5.625, 15.875, 9.5],"texture":"#0"},"east":{"uv":[14, 9.625, 15.75, 13.5],"texture":"#0"},"south":{"uv":[12.25, 5.625, 14, 9.5],"texture":"#0"},"west":{"uv":[10.25, 5.625, 12, 9.5],"texture":"#0"},"down":{"uv":[0, 5.25, 1.75, 7],"texture":"#0"}}},{"from":[12, -14, 1],"to":[14, 17, 15],"faces":{"north":{"uv":[10, 5.625, 10.25, 9.5],"texture":"#0"},"east":{"uv":[10.25, 5.625, 12, 9.5],"texture":"#0"},"south":{"uv":[10, 5.625, 10.25, 9.5],"texture":"#0"},"west":{"uv":[14, 9.625, 15.75, 13.5],"texture":"#0"},"down":{"uv":[1.875, 5.25, 2.125, 7],"texture":"#0"}}},{"from":[0, -12.5, 13],"to":[12, 17, 15],"rotation":{"angle":0,"axis":"y","origin":[0, 0, -1]},"faces":{"north":{"uv":[14.1875, 9.625, 15.6875, 13.5],"texture":"#0"},"south":{"uv":[14.1875, 5.625, 15.6875, 9.3125],"texture":"#0"}}},{"from":[-15, 17, 0],"to":[15, 19, 16],"rotation":{"angle":0,"axis":"y","origin":[0, -1, 0]},"faces":{"north":{"uv":[12, 5.375, 16, 5.625],"texture":"#0"},"east":{"uv":[7.25, 3.8125, 9.5, 4.0625],"texture":"#0"},"south":{"uv":[12, 5.375, 16, 5.625],"texture":"#0"},"west":{"uv":[7.25, 3.8125, 9.5, 4.0625],"texture":"#0"},"up":{"uv":[12, 3.125, 16, 5.375],"texture":"#0"},"down":{"uv":[12, 3.125, 16, 5.375],"texture":"#0"}}},{"from":[-13, -16, 2],"to":[13, -14, 14],"faces":{"north":{"uv":[12, 5.375, 15.25, 5.625],"texture":"#0"},"east":{"uv":[7.25, 3.8125, 8.75, 4.0625],"texture":"#0"},"south":{"uv":[12, 5.375, 15.25, 5.625],"texture":"#0"},"west":{"uv":[7.25, 3.8125, 8.75, 4.0625],"texture":"#0"},"down":{"uv":[12, 4.625, 15.25, 3.125],"texture":"#0"}}},{"from":[8, -12.5, 4],"to":[13, -11.5, 10],"rotation":{"angle":0,"axis":"y","origin":[0, 0, -1]},"faces":{"north":{"uv":[4.375, 5.3125, 5, 5.4375],"texture":"#0"},"east":{"uv":[4.25, 5.4375, 5, 5.5625],"texture":"#0"},"south":{"uv":[4.375, 5.3125, 5, 5.4375],"texture":"#0"},"west":{"uv":[4.25, 5.4375, 5, 5.5625],"texture":"#0"},"up":{"uv":[2.125, 5.25, 2.75, 6],"texture":"#0"},"down":{"uv":[2.125, 5.25, 2.75, 6],"texture":"#0"}}},{"from":[8, -11.5, 5],"to":[13, -10.5, 11],"rotation":{"angle":0,"axis":"y","origin":[0, 0, -1]},"faces":{"north":{"uv":[4.375, 5.3125, 5, 5.4375],"texture":"#0"},"east":{"uv":[4.25, 5.4375, 5, 5.5625],"texture":"#0"},"south":{"uv":[4.375, 5.3125, 5, 5.4375],"texture":"#0"},"west":{"uv":[4.25, 5.4375, 5, 5.5625],"texture":"#0"},"up":{"uv":[2.125, 5.25, 2.75, 6],"texture":"#0"},"down":{"uv":[2.125, 5.25, 2.75, 6],"texture":"#0"}}},{"from":[2, -10.5, 9],"to":[7, -9.5, 15],"rotation":{"angle":22.5,"axis":"y","origin":[0, 0, -1]},"faces":{"north":{"uv":[4.375, 5.3125, 5, 5.4375],"texture":"#0"},"east":{"uv":[4.25, 5.4375, 5, 5.5625],"texture":"#0"},"south":{"uv":[4.375, 5.3125, 5, 5.4375],"texture":"#0"},"west":{"uv":[4.25, 5.4375, 5, 5.5625],"texture":"#0"},"up":{"uv":[2.125, 5.25, 2.75, 6],"texture":"#0"},"down":{"uv":[2.125, 5.25, 2.75, 6],"texture":"#0"}}},{"from":[2.5, -12.5, 5],"to":[7.5, -11.5, 11],"rotation":{"angle":0,"axis":"y","origin":[0, 0, -1]},"faces":{"north":{"uv":[3.625, 5.4375, 4.25, 5.5625],"texture":"#0"},"east":{"uv":[3.625, 5.3125, 4.375, 5.4375],"texture":"#0"},"south":{"uv":[3.625, 5.4375, 4.25, 5.5625],"texture":"#0"},"west":{"uv":[3.625, 5.3125, 4.375, 5.4375],"texture":"#0"},"up":{"uv":[6.375, 6, 7, 6.75],"texture":"#0"},"down":{"uv":[6.375, 6, 7, 6.75],"texture":"#0"}}},{"from":[3, -11.5, 6],"to":[8, -10.5, 12],"rotation":{"angle":0,"axis":"y","origin":[0, 0, -1]},"faces":{"north":{"uv":[3.625, 5.4375, 4.25, 5.5625],"texture":"#0"},"east":{"uv":[3.625, 5.3125, 4.375, 5.4375],"texture":"#0"},"south":{"uv":[3.625, 5.4375, 4.25, 5.5625],"texture":"#0"},"west":{"uv":[3.625, 5.3125, 4.375, 5.4375],"texture":"#0"},"up":{"uv":[6.375, 6, 7, 6.75],"texture":"#0"},"down":{"uv":[6.375, 6, 7, 6.75],"texture":"#0"}}},{"from":[2, 0, 6],"to":[7, 1, 12],"rotation":{"angle":0,"axis":"y","origin":[-1, 11.5, -1]},"faces":{"north":{"uv":[3.625, 5.4375, 4.25, 5.5625],"texture":"#0"},"east":{"uv":[3.625, 5.3125, 4.375, 5.4375],"texture":"#0"},"south":{"uv":[3.625, 5.4375, 4.25, 5.5625],"texture":"#0"},"west":{"uv":[3.625, 5.3125, 4.375, 5.4375],"texture":"#0"},"up":{"uv":[6.375, 6, 7, 6.75],"texture":"#0"},"down":{"uv":[6.375, 6, 7, 6.75],"texture":"#0"}}},{"from":[10, 1, -3],"to":[15, 2, 3],"rotation":{"angle":-45,"axis":"y","origin":[-1, 11.5, -1]},"faces":{"north":{"uv":[3.625, 5.4375, 4.25, 5.5625],"texture":"#0"},"east":{"uv":[3.625, 5.3125, 4.375, 5.4375],"texture":"#0"},"south":{"uv":[3.625, 5.4375, 4.25, 5.5625],"texture":"#0"},"west":{"uv":[3.625, 5.3125, 4.375, 5.4375],"texture":"#0"},"up":{"uv":[6.375, 6, 7, 6.75],"texture":"#0"},"down":{"uv":[6.375, 6, 7, 6.75],"texture":"#0"}}},{"from":[7, 0, 5],"to":[12, 1, 11],"rotation":{"angle":0,"axis":"y","origin":[-1, 11.5, -1]},"faces":{"north":{"uv":[4.375, 5.3125, 5, 5.4375],"texture":"#0"},"east":{"uv":[4.25, 5.4375, 5, 5.5625],"texture":"#0"},"south":{"uv":[4.375, 5.3125, 5, 5.4375],"texture":"#0"},"west":{"uv":[4.25, 5.4375, 5, 5.5625],"texture":"#0"},"up":{"uv":[2.125, 5.25, 2.75, 6],"texture":"#0"},"down":{"uv":[2.125, 5.25, 2.75, 6],"texture":"#0"}}}],"gui_light":"front","display":{"thirdperson_righthand":{"rotation":[67.5, 0, 0],"translation":[1.25, 1.75, 1],"scale":[0.1607, 0.1607, 0.1607]},"thirdperson_lefthand":{"rotation":[67.5, 0, 0],"translation":[-1.25, 1.75, 1],"scale":[0.1607, 0.1607, 0.1607]},"firstperson_righthand":{"translation":[2.75, 4.75, -0.5],"scale":[0.27656, 0.27656, 0.27656]},"firstperson_lefthand":{"translation":[-1.75, 4.75, -0.5],"scale":[0.27656, 0.27656, 0.27656]},"ground":{"translation":[0.75, 7.5, 1.25],"scale":[0.21, 0.21, 0.21]},"gui":{"rotation":[30, 225, 0],"translation":[-1.75, 0.5, 0],"scale":[0.30836, 0.30836, 0.30836]},"head":{"scale":[0, 0, 0]},"fixed":{"rotation":[-90, 0, 0],"translation":[0, 0, -48],"scale":[2, 2, 2]}}}