{"texture_size":[64,64],"textures":{"1":"custom/items/weekly_trophy_1"},"elements":[{"from":[4,0,5],"to":[12,1,11],"faces":{"north":{"uv":[6.008,4.758,7.992,4.992],"texture":"#1"},"east":{"uv":[6.508,2.758,7.992,2.992],"texture":"#1"},"south":{"uv":[6.008,5.008,7.992,5.242],"texture":"#1"},"west":{"uv":[6.508,3.008,7.992,3.242],"texture":"#1"},"up":{"uv":[1.992,1.492,0.008,0.008],"texture":"#1"},"down":{"uv":[1.992,1.508,0.008,2.992],"texture":"#1"}}},{"from":[5,0,4],"to":[11,1,12],"faces":{"north":{"uv":[6.508,3.258,7.992,3.492],"texture":"#1"},"east":{"uv":[6.008,5.258,7.992,5.492],"texture":"#1"},"south":{"uv":[6.508,3.508,7.992,3.742],"texture":"#1"},"west":{"uv":[6.008,5.508,7.992,5.742],"texture":"#1"},"up":{"uv":[3.492,1.992,2.008,0.008],"texture":"#1"},"down":{"uv":[3.492,2.008,2.008,3.992],"texture":"#1"}}},{"from":[5,1,5],"to":[11,2,11],"faces":{"north":{"uv":[6.508,3.758,7.992,3.992],"texture":"#1"},"east":{"uv":[6.508,4.008,7.992,4.242],"texture":"#1"},"south":{"uv":[6.758,1.008,8.242,1.242],"texture":"#1"},"west":{"uv":[6.758,1.258,8.242,1.492],"texture":"#1"},"up":{"uv":[4.992,2.992,3.508,1.508],"texture":"#1"}}},{"from":[5,8,5],"to":[11,10,11],"faces":{"north":{"uv":[5.008,3.758,6.492,4.242],"texture":"#1"},"east":{"uv":[4.008,5.758,5.492,6.242],"texture":"#1"},"south":{"uv":[5.508,5.758,6.992,6.242],"texture":"#1"},"west":{"uv":[6.008,4.258,7.492,4.742],"texture":"#1"},"up":{"uv":[1.492,4.492,0.008,3.008],"texture":"#1"},"down":{"uv":[4.992,0.008,3.508,1.492],"texture":"#1"}}},{"from":[6,6,6],"to":[10,8,10],"faces":{"north":{"uv":[5.008,6.258,5.992,6.742],"texture":"#1"},"east":{"uv":[6.008,6.258,6.992,6.742],"texture":"#1"},"south":{"uv":[6.508,0.008,7.492,0.492],"texture":"#1"},"west":{"uv":[6.508,0.508,7.492,0.992],"texture":"#1"},"down":{"uv":[3.992,5.758,3.008,6.742],"texture":"#1"}}},{"from":[7,2,7],"to":[9,6,9],"faces":{"north":{"uv":[1.508,3.008,1.992,3.992],"texture":"#1"},"east":{"uv":[1.008,5.758,1.492,6.742],"texture":"#1"},"south":{"uv":[4.008,6.258,4.492,7.242],"texture":"#1"},"west":{"uv":[4.508,6.258,4.992,7.242],"texture":"#1"}}},{"from":[5,10,4],"to":[11,15,6],"faces":{"north":{"uv":[1.508,4.008,2.992,5.242],"texture":"#1"},"east":{"uv":[1.258,6.758,1.492,7.992],"texture":"#1"},"south":{"uv":[0.008,4.508,1.492,5.742],"texture":"#1"},"west":{"uv":[3.008,6.758,3.242,7.992],"texture":"#1"},"up":{"uv":[8.242,1.742,6.758,1.508],"texture":"#1"},"down":{"uv":[8.242,1.758,6.758,1.992],"texture":"#1"}}},{"from":[5,10,10],"to":[11,15,12],"faces":{"north":{"uv":[3.008,4.508,4.492,5.742],"texture":"#1"},"east":{"uv":[3.258,6.758,3.492,7.992],"texture":"#1"},"south":{"uv":[4.508,4.508,5.992,5.742],"texture":"#1"},"west":{"uv":[3.508,6.758,3.742,7.992],"texture":"#1"},"up":{"uv":[8.242,2.242,6.758,2.008],"texture":"#1"},"down":{"uv":[8.242,2.258,6.758,2.492],"texture":"#1"}}},{"from":[4,10,5],"to":[6,15,11],"faces":{"north":{"uv":[3.758,6.758,3.992,7.992],"texture":"#1"},"east":{"uv":[5.008,0.008,6.492,1.242],"texture":"#1"},"south":{"uv":[5.008,6.758,5.242,7.992],"texture":"#1"},"west":{"uv":[5.008,1.258,6.492,2.492],"texture":"#1"},"up":{"uv":[0.492,8.242,0.258,6.758],"texture":"#1"},"down":{"uv":[0.742,6.758,0.508,8.242],"texture":"#1"}}},{"from":[10,10,5],"to":[12,15,11],"faces":{"north":{"uv":[5.258,6.758,5.492,7.992],"texture":"#1"},"east":{"uv":[5.008,2.508,6.492,3.742],"texture":"#1"},"south":{"uv":[5.508,6.758,5.742,7.992],"texture":"#1"},"west":{"uv":[1.508,5.258,2.992,6.492],"texture":"#1"},"up":{"uv":[0.992,8.242,0.758,6.758],"texture":"#1"},"down":{"uv":[1.242,6.758,1.008,8.242],"texture":"#1"}}},{"from":[7.5,4,13],"to":[8.5,11,14],"rotation":{"angle":45,"axis":"x","origin":[8,10,14.5]},"faces":{"north":{"uv":[2.258,6.508,2.492,8.242],"texture":"#1"},"east":{"uv":[2.508,6.508,2.742,8.242],"texture":"#1"},"south":{"uv":[2.758,6.508,2.992,8.242],"texture":"#1"},"west":{"uv":[0.008,6.758,0.242,8.492],"texture":"#1"}}},{"from":[7.5,11,14],"to":[8.5,13,15],"rotation":{"angle":0,"axis":"y","origin":[0,0,16]},"faces":{"north":{"uv":[4.008,7.258,4.242,7.742],"texture":"#1"},"east":{"uv":[4.258,7.258,4.492,7.742],"texture":"#1"},"south":{"uv":[4.508,7.258,4.742,7.742],"texture":"#1"},"west":{"uv":[4.758,7.258,4.992,7.742],"texture":"#1"},"up":{"uv":[7.742,4.492,7.508,4.258],"texture":"#1"},"down":{"uv":[7.742,4.508,7.508,4.742],"texture":"#1"}}},{"from":[7.5,13,13.5],"to":[8.5,13.5,14.5],"rotation":{"angle":0,"axis":"y","origin":[0,0,16]},"faces":{"east":{"uv":[6.008,7.508,6.242,7.742],"texture":"#1"},"south":{"uv":[7.508,6.008,7.742,6.242],"texture":"#1"},"west":{"uv":[6.258,7.508,6.492,7.742],"texture":"#1"},"up":{"uv":[7.742,6.492,7.508,6.258],"texture":"#1"}}},{"from":[7.5,13,12],"to":[8.5,14,14],"rotation":{"angle":0,"axis":"y","origin":[0,0,16]},"faces":{"east":{"uv":[6.758,2.508,7.242,2.742],"texture":"#1"},"south":{"uv":[6.758,7.508,6.992,7.742],"texture":"#1"},"west":{"uv":[7.258,2.508,7.742,2.742],"texture":"#1"},"up":{"uv":[5.992,7.742,5.758,7.258],"texture":"#1"},"down":{"uv":[7.492,5.758,7.258,6.242],"texture":"#1"}}},{"from":[7.5,4,2],"to":[8.5,11,3],"rotation":{"angle":-45,"axis":"x","origin":[8,10,1.5]},"faces":{"north":{"uv":[6.508,1.008,6.742,2.742],"texture":"#1"},"east":{"uv":[1.508,6.508,1.742,8.242],"texture":"#1"},"south":{"uv":[1.758,6.508,1.992,8.242],"texture":"#1"},"west":{"uv":[2.008,6.508,2.242,8.242],"texture":"#1"}}},{"from":[7.5,11,1],"to":[8.5,13,2],"faces":{"north":{"uv":[6.758,6.758,6.992,7.242],"texture":"#1"},"east":{"uv":[7.008,5.758,7.242,6.242],"texture":"#1"},"south":{"uv":[7.008,6.258,7.242,6.742],"texture":"#1"},"west":{"uv":[7.008,6.758,7.242,7.242],"texture":"#1"},"up":{"uv":[7.492,6.492,7.258,6.258],"texture":"#1"},"down":{"uv":[6.742,7.258,6.508,7.492],"texture":"#1"}}},{"from":[7.5,13,1.5],"to":[8.5,13.5,2.5],"faces":{"north":{"uv":[7.258,6.758,7.492,6.992],"texture":"#1"},"east":{"uv":[7.008,7.258,7.242,7.492],"texture":"#1"},"west":{"uv":[7.258,7.258,7.492,7.492],"texture":"#1"},"up":{"uv":[7.742,0.242,7.508,0.008],"texture":"#1"}}},{"from":[7.5,13,2],"to":[8.5,14,4],"faces":{"north":{"uv":[6.008,7.258,6.242,7.492],"texture":"#1"},"east":{"uv":[5.008,4.258,5.492,4.492],"texture":"#1"},"west":{"uv":[5.508,4.258,5.992,4.492],"texture":"#1"},"up":{"uv":[6.492,7.242,6.258,6.758],"texture":"#1"},"down":{"uv":[6.742,6.758,6.508,7.242],"texture":"#1"}}}],"gui_light":"front","display":{"thirdperson_righthand":{"translation":[0,5.5,0],"scale":[0.75,0.75,0.75]},"thirdperson_lefthand":{"translation":[0,5.5,0],"scale":[0.75,0.75,0.75]},"firstperson_righthand":{"scale":[0.75,0.75,0.75]},"firstperson_lefthand":{"scale":[0.75,0.75,0.75]},"ground":{"translation":[0,4.25,0]},"gui":{"rotation":[0,90,0],"translation":[0,0.5,0]},"head":{"translation":[0,14,0]},"fixed":{"rotation":[-90,90,0],"translation":[0,0,-10.75],"scale":[1.4,1.4,1.4]}},"groups":[0,1,2,3,4,5,6,7,8,9,{"name":"group","origin":[0,0,0],"color":0,"children":[10,11,12,13]},{"name":"group","origin":[0,0,0],"color":0,"children":[14,15,16,17]}]}