{"texture_size":[256,256],"textures":{"0":"custom/furniture/medieval_market/medievalmarket","particle":"custom/furniture/medieval_market/medievalmarket"},"elements":[{"from":[1.5,0,8.5],"to":[14.5,14,21.5],"rotation":{"angle":0,"axis":"y","origin":[2,0,13]},"faces":{"north":{"uv":[7.5,0,8.3125,0.875],"rotation":180,"texture":"#0"},"east":{"uv":[7.5,0,8.3125,0.875],"rotation":180,"texture":"#0"},"south":{"uv":[8.3125,0,7.5,0.875],"rotation":180,"texture":"#0"},"west":{"uv":[7.5,0,8.3125,0.875],"rotation":180,"texture":"#0"},"up":{"uv":[8.375,0,9.1875,0.8125],"texture":"#0"},"down":{"uv":[8.375,0,9.1875,0.8125],"texture":"#0"}}},{"from":[8.5,-13.5,-2.5],"to":[23.5,-10.5,12.5],"rotation":{"angle":-22.5,"axis":"y","origin":[2,-16,10]},"faces":{"north":{"uv":[7.25,1,8.1875,1.1875],"rotation":180,"texture":"#0"},"east":{"uv":[7.25,1,8.1875,1.1875],"rotation":180,"texture":"#0"},"south":{"uv":[7.25,1,8.1875,1.1875],"rotation":180,"texture":"#0"},"west":{"uv":[7.25,1,8.1875,1.1875],"rotation":180,"texture":"#0"},"up":{"uv":[9.25,0,10.1875,0.9375],"texture":"#0"},"down":{"uv":[9.25,0,10.1875,0.9375],"texture":"#0"}}},{"from":[9,-13,-2],"to":[23,-3,12],"rotation":{"angle":-22.5,"axis":"y","origin":[2,-16,10]},"faces":{"north":{"uv":[8.375,0.875,9.25,1.5],"rotation":180,"texture":"#0"},"east":{"uv":[8.375,0.875,9.25,1.5],"rotation":180,"texture":"#0"},"south":{"uv":[8.375,0.875,9.25,1.5],"rotation":180,"texture":"#0"},"west":{"uv":[8.375,0.875,9.25,1.5],"rotation":180,"texture":"#0"},"up":{"uv":[8.375,0,9.25,0.875],"texture":"#0"},"down":{"uv":[8.375,0,9.25,0.875],"texture":"#0"}}},{"from":[8.5,-5.5,-2.5],"to":[23.5,-2.5,12.5],"rotation":{"angle":-22.5,"axis":"y","origin":[2,-16,10]},"faces":{"north":{"uv":[7.25,1,8.1875,1.1875],"rotation":180,"texture":"#0"},"east":{"uv":[7.25,1,8.1875,1.1875],"rotation":180,"texture":"#0"},"south":{"uv":[7.25,1,8.1875,1.1875],"rotation":180,"texture":"#0"},"west":{"uv":[7.25,1,8.1875,1.1875],"rotation":180,"texture":"#0"},"up":{"uv":[9.25,0,10.1875,0.9375],"texture":"#0"},"down":{"uv":[9.25,0,10.1875,0.9375],"texture":"#0"}}},{"from":[9.5,-16,-1.5],"to":[22.5,0,11.5],"rotation":{"angle":-22.5,"axis":"y","origin":[2,-16,10]},"faces":{"north":{"uv":[7.5,0,8.3125,1],"rotation":180,"texture":"#0"},"east":{"uv":[7.5,0,8.3125,1],"rotation":180,"texture":"#0"},"south":{"uv":[7.5,0,8.3125,1],"rotation":180,"texture":"#0"},"west":{"uv":[7.5,0,8.3125,1],"rotation":180,"texture":"#0"},"up":{"uv":[8.375,0,9.1875,0.8125],"texture":"#0"},"down":{"uv":[8.375,0,9.1875,0.8125],"texture":"#0"}}},{"from":[-3.5,-16,16.5],"to":[9.5,0,29.5],"rotation":{"angle":0,"axis":"y","origin":[2,-16,10]},"faces":{"north":{"uv":[7.5,0,8.3125,1],"rotation":180,"texture":"#0"},"east":{"uv":[7.5,0,8.3125,1],"rotation":180,"texture":"#0"},"south":{"uv":[7.5,0,8.3125,1],"rotation":180,"texture":"#0"},"west":{"uv":[7.5,0,8.3125,1],"rotation":180,"texture":"#0"},"up":{"uv":[8.375,0,9.1875,0.8125],"texture":"#0"},"down":{"uv":[8.375,0,9.1875,0.8125],"texture":"#0"}}},{"from":[-4.5,-5.5,15.5],"to":[10.5,-2.5,30.5],"rotation":{"angle":0,"axis":"y","origin":[2,-16,10]},"faces":{"north":{"uv":[7.25,1,8.1875,1.1875],"rotation":180,"texture":"#0"},"east":{"uv":[7.25,1,8.1875,1.1875],"rotation":180,"texture":"#0"},"south":{"uv":[7.25,1,8.1875,1.1875],"rotation":180,"texture":"#0"},"west":{"uv":[7.25,1,8.1875,1.1875],"rotation":180,"texture":"#0"},"up":{"uv":[9.25,0,10.1875,0.9375],"texture":"#0"},"down":{"uv":[9.25,0,10.1875,0.9375],"texture":"#0"}}},{"from":[-4,-13,16],"to":[10,-3,30],"rotation":{"angle":0,"axis":"y","origin":[2,-16,10]},"faces":{"north":{"uv":[8.375,0.875,9.25,1.5],"rotation":180,"texture":"#0"},"east":{"uv":[8.375,0.875,9.25,1.5],"rotation":180,"texture":"#0"},"south":{"uv":[8.375,0.875,9.25,1.5],"rotation":180,"texture":"#0"},"west":{"uv":[8.375,0.875,9.25,1.5],"rotation":180,"texture":"#0"},"up":{"uv":[8.375,0,9.25,0.875],"texture":"#0"},"down":{"uv":[8.375,0,9.25,0.875],"texture":"#0"}}},{"from":[-4.5,-13.5,15.5],"to":[10.5,-10.5,30.5],"rotation":{"angle":0,"axis":"y","origin":[2,-16,10]},"faces":{"north":{"uv":[7.25,1,8.1875,1.1875],"rotation":180,"texture":"#0"},"east":{"uv":[7.25,1,8.1875,1.1875],"rotation":180,"texture":"#0"},"south":{"uv":[7.25,1,8.1875,1.1875],"rotation":180,"texture":"#0"},"west":{"uv":[7.25,1,8.1875,1.1875],"rotation":180,"texture":"#0"},"up":{"uv":[9.25,0,10.1875,0.9375],"texture":"#0"},"down":{"uv":[9.25,0,10.1875,0.9375],"texture":"#0"}}},{"from":[-3.5,16,16.5],"to":[5.5,17,25.5],"rotation":{"angle":45,"axis":"y","origin":[2,0,13]},"faces":{"north":{"uv":[0.375,9.6875,0.9375,9.75],"rotation":180,"texture":"#0"},"east":{"uv":[0.375,9.6875,0.9375,9.75],"rotation":180,"texture":"#0"},"south":{"uv":[0.375,9.6875,0.9375,9.75],"rotation":180,"texture":"#0"},"west":{"uv":[0.375,9.6875,0.9375,9.75],"rotation":180,"texture":"#0"},"up":{"uv":[8.46875,0.125,9.03125,0.6875],"texture":"#0"},"down":{"uv":[8.46875,0.125,9.03125,0.6875],"texture":"#0"}}},{"from":[-3,-1.5,9.5],"to":[-2,7.5,18.5],"rotation":{"angle":-22.5,"axis":"z","origin":[2,0,13]},"faces":{"north":{"uv":[0.375,9.6875,0.9375,9.75],"rotation":270,"texture":"#0"},"east":{"uv":[8.46875,0.125,9.03125,0.6875],"texture":"#0"},"south":{"uv":[0.375,9.6875,0.9375,9.75],"rotation":90,"texture":"#0"},"west":{"uv":[8.46875,0.125,9.03125,0.6875],"rotation":180,"texture":"#0"},"up":{"uv":[0.375,9.6875,0.9375,9.75],"rotation":90,"texture":"#0"},"down":{"uv":[0.375,9.6875,0.9375,9.75],"rotation":90,"texture":"#0"}}},{"from":[12.5,14,8.5],"to":[14.5,16,21.5],"rotation":{"angle":0,"axis":"y","origin":[2,0,13]},"faces":{"north":{"uv":[7.65625,0.875,7.53125,1],"rotation":180,"texture":"#0"},"east":{"uv":[7.5,0.125,8.3125,0],"rotation":180,"texture":"#0"},"south":{"uv":[7.53125,0.875,7.65625,1],"rotation":180,"texture":"#0"},"west":{"uv":[0.375,9.5625,1.1875,9.6875],"rotation":180,"texture":"#0"},"up":{"uv":[8.5,0,8.375,0.8125],"texture":"#0"},"down":{"uv":[8.375,0,8.5,0.8125],"texture":"#0"}}},{"from":[1.5,14,8.5],"to":[3.5,16,21.5],"rotation":{"angle":0,"axis":"y","origin":[16,0,13]},"faces":{"north":{"uv":[7.53125,0.875,7.65625,1],"rotation":180,"texture":"#0"},"east":{"uv":[1.1875,9.5625,0.375,9.6875],"rotation":180,"texture":"#0"},"south":{"uv":[7.65625,0.875,7.53125,1],"rotation":180,"texture":"#0"},"west":{"uv":[8.3125,0.125,7.5,0],"rotation":180,"texture":"#0"},"up":{"uv":[8.375,0,8.5,0.8125],"texture":"#0"},"down":{"uv":[8.5,0,8.375,0.8125],"texture":"#0"}}},{"from":[3.5,14,19.5],"to":[12.5,16,21.5],"rotation":{"angle":0,"axis":"y","origin":[16,0,15]},"faces":{"north":{"uv":[0.375,9.6875,0.9375,9.8125],"rotation":180,"texture":"#0"},"east":{"uv":[7.5,0,7.625,0.125],"rotation":180,"texture":"#0"},"south":{"uv":[7.65625,0.875,8.21875,1],"rotation":180,"texture":"#0"},"west":{"uv":[7.5,0,7.625,0.125],"rotation":180,"texture":"#0"},"up":{"uv":[8.46875,0.125,9.03125,0],"texture":"#0"},"down":{"uv":[8.9375,0.125,8.375,0],"texture":"#0"}}},{"from":[3.5,14,8.5],"to":[12.5,16,10.5],"rotation":{"angle":0,"axis":"y","origin":[16,0,13]},"faces":{"north":{"uv":[8.21875,0.875,7.65625,1],"rotation":180,"texture":"#0"},"east":{"uv":[7.625,0,7.5,0.125],"rotation":180,"texture":"#0"},"south":{"uv":[0.9375,9.6875,0.375,9.8125],"rotation":180,"texture":"#0"},"west":{"uv":[7.625,0,7.5,0.125],"rotation":180,"texture":"#0"},"up":{"uv":[8.46875,0,9.03125,0.125],"texture":"#0"},"down":{"uv":[8.9375,0,8.375,0.125],"texture":"#0"}}},{"from":[0.5,10.5,7.5],"to":[15.5,13.5,22.5],"rotation":{"angle":0,"axis":"y","origin":[2,0,13]},"faces":{"north":{"uv":[7.25,1,8.1875,1.1875],"rotation":180,"texture":"#0"},"east":{"uv":[7.25,1,8.1875,1.1875],"rotation":180,"texture":"#0"},"south":{"uv":[7.25,1,8.1875,1.1875],"rotation":180,"texture":"#0"},"west":{"uv":[7.25,1,8.1875,1.1875],"rotation":180,"texture":"#0"},"up":{"uv":[9.25,0,10.1875,0.9375],"texture":"#0"},"down":{"uv":[9.25,0,10.1875,0.9375],"texture":"#0"}}},{"from":[3,15,10.5],"to":[13,15,19.5],"rotation":{"angle":0,"axis":"y","origin":[18,0,6]},"faces":{"north":{"uv":[1,5.9375,0.5,6.125],"texture":"#0"},"east":{"uv":[1.03125,5.9375,1,6.125],"texture":"#0"},"south":{"uv":[1,5.9375,0.5,6.125],"texture":"#0"},"west":{"uv":[1.03125,5.9375,1,6.125],"texture":"#0"},"up":{"uv":[0,10.71875,0.625,10.15625],"texture":"#0"},"down":{"uv":[1,6.84375,0.5,7.53125],"texture":"#0"}}},{"from":[1,3,8],"to":[15,13,22],"rotation":{"angle":0,"axis":"y","origin":[2,0,13]},"faces":{"north":{"uv":[8.375,0.875,9.25,1.5],"rotation":180,"texture":"#0"},"east":{"uv":[8.375,0.875,9.25,1.5],"rotation":180,"texture":"#0"},"south":{"uv":[9.25,0.875,8.375,1.5],"rotation":180,"texture":"#0"},"west":{"uv":[8.375,0.875,9.25,1.5],"rotation":180,"texture":"#0"},"up":{"uv":[8.375,0,9.25,0.875],"texture":"#0"},"down":{"uv":[8.375,0,9.25,0.875],"texture":"#0"}}},{"from":[0.5,2.5,7.5],"to":[15.5,5.5,22.5],"rotation":{"angle":0,"axis":"y","origin":[2,0,13]},"faces":{"north":{"uv":[7.25,1,8.1875,1.1875],"rotation":180,"texture":"#0"},"east":{"uv":[7.25,1,8.1875,1.1875],"rotation":180,"texture":"#0"},"south":{"uv":[7.25,1,8.1875,1.1875],"rotation":180,"texture":"#0"},"west":{"uv":[7.25,1,8.1875,1.1875],"rotation":180,"texture":"#0"},"up":{"uv":[9.25,0,10.1875,0.9375],"texture":"#0"},"down":{"uv":[9.25,0,10.1875,0.9375],"texture":"#0"}}},{"from":[-2,-1,-3.5],"to":[8,-1,5.5],"rotation":{"angle":22.5,"axis":"y","origin":[12,-16,22]},"faces":{"north":{"uv":[1,5.9375,0.5,6.125],"texture":"#0"},"east":{"uv":[1.03125,5.9375,1,6.125],"texture":"#0"},"south":{"uv":[1,5.9375,0.5,6.125],"texture":"#0"},"west":{"uv":[1.03125,5.9375,1,6.125],"texture":"#0"},"up":{"uv":[0,10.71875,0.625,10.15625],"texture":"#0"},"down":{"uv":[1,6.84375,0.5,7.53125],"texture":"#0"}}},{"from":[10.5,-15.2,-2.10051],"to":[10.5,-13.2,1.89949],"rotation":{"angle":-45,"axis":"y","origin":[9.5,9.8,3]},"faces":{"north":{"uv":[1.8125,5.5,1.8125,5.625],"texture":"#0"},"east":{"uv":[0.5,5.75,0.75,5.875],"texture":"#0"},"south":{"uv":[1.8125,5.5,1.8125,5.625],"texture":"#0"},"west":{"uv":[0.5,5.75,0.75,5.875],"texture":"#0"},"up":{"uv":[1.84375,5.5,1.84375,5.75],"texture":"#0"},"down":{"uv":[1.84375,5.5,1.84375,5.75],"texture":"#0"}}},{"from":[2,-15.9,-4.90051],"to":[10,-15.9,6.09949],"rotation":{"angle":-45,"axis":"y","origin":[9.5,9.8,3]},"faces":{"north":{"uv":[1,5.9375,0.5,6.125],"texture":"#0"},"east":{"uv":[1.03125,5.9375,1,6.125],"texture":"#0"},"south":{"uv":[1,5.9375,0.5,6.125],"texture":"#0"},"west":{"uv":[1.03125,5.9375,1,6.125],"texture":"#0"},"up":{"uv":[1,6.15625,0.5,6.84375],"texture":"#0"},"down":{"uv":[1,6.15625,0.5,6.84375],"texture":"#0"}}},{"from":[1.4,-15.2,-2.10051],"to":[1.4,-13.2,1.89949],"rotation":{"angle":-45,"axis":"y","origin":[9.5,9.8,3]},"faces":{"north":{"uv":[1.8125,5.5,1.8125,5.625],"texture":"#0"},"east":{"uv":[0.75,5.75,0.5,5.875],"texture":"#0"},"south":{"uv":[1.8125,5.5,1.8125,5.625],"texture":"#0"},"west":{"uv":[0.75,5.75,0.5,5.875],"texture":"#0"},"up":{"uv":[1.84375,5.5,1.84375,5.75],"texture":"#0"},"down":{"uv":[1.84375,5.5,1.84375,5.75],"texture":"#0"}}},{"from":[2,-16,6.09949],"to":[10,-13,6.59949],"rotation":{"angle":-45,"axis":"y","origin":[9.5,9.8,3]},"faces":{"north":{"uv":[1,5.9375,0.5,6.125],"texture":"#0"},"east":{"uv":[1.03125,5.9375,1,6.125],"texture":"#0"},"south":{"uv":[1,5.9375,0.5,6.125],"texture":"#0"},"west":{"uv":[1.03125,5.9375,1,6.125],"texture":"#0"},"up":{"uv":[1,6.125,0.5,6.15625],"texture":"#0"},"down":{"uv":[1,6.125,0.5,6.15625],"texture":"#0"}}},{"from":[1.5,-16,-5.40051],"to":[2,-13,6.59949],"rotation":{"angle":-45,"axis":"y","origin":[9.5,9.8,3]},"faces":{"north":{"uv":[2.34375,5.6875,2.3125,5.875],"texture":"#0"},"east":{"uv":[1.75,5.9375,1,6.125],"texture":"#0"},"south":{"uv":[2.34375,5.6875,2.3125,5.875],"texture":"#0"},"west":{"uv":[1.75,5.9375,1,6.125],"texture":"#0"},"up":{"uv":[2.375,5.6875,2.34375,6.4375],"texture":"#0"},"down":{"uv":[2.375,5.6875,2.34375,6.4375],"texture":"#0"}}},{"from":[2,-16,-5.40051],"to":[10,-13,-4.90051],"rotation":{"angle":-45,"axis":"y","origin":[9.5,9.8,3]},"faces":{"north":{"uv":[0.5,5.9375,1,6.125],"texture":"#0"},"east":{"uv":[1,5.9375,1.03125,6.125],"texture":"#0"},"south":{"uv":[0.5,5.9375,1,6.125],"texture":"#0"},"west":{"uv":[1,5.9375,1.03125,6.125],"texture":"#0"},"up":{"uv":[0.5,6.125,1,6.15625],"texture":"#0"},"down":{"uv":[0.5,6.125,1,6.15625],"texture":"#0"}}},{"from":[10,-16,-5.40051],"to":[10.5,-13,6.59949],"rotation":{"angle":-45,"axis":"y","origin":[9.5,9.8,3]},"faces":{"north":{"uv":[2.3125,5.6875,2.34375,5.875],"texture":"#0"},"east":{"uv":[1,5.9375,1.75,6.125],"texture":"#0"},"south":{"uv":[2.3125,5.6875,2.34375,5.875],"texture":"#0"},"west":{"uv":[1,5.9375,1.75,6.125],"texture":"#0"},"up":{"uv":[2.34375,5.6875,2.375,6.4375],"texture":"#0"},"down":{"uv":[2.34375,5.6875,2.375,6.4375],"texture":"#0"}}},{"from":[2.5,-13,4.09949],"to":[10.5,-10,4.59949],"rotation":{"angle":-22.5,"axis":"y","origin":[9.5,9.8,3]},"faces":{"north":{"uv":[1,5.9375,0.5,6.125],"texture":"#0"},"east":{"uv":[1.03125,5.9375,1,6.125],"texture":"#0"},"south":{"uv":[1,5.9375,0.5,6.125],"texture":"#0"},"west":{"uv":[1.03125,5.9375,1,6.125],"texture":"#0"},"up":{"uv":[1,6.125,0.5,6.15625],"texture":"#0"},"down":{"uv":[1,6.125,0.5,6.15625],"texture":"#0"}}},{"from":[2,-13,-7.40051],"to":[2.5,-10,4.59949],"rotation":{"angle":-22.5,"axis":"y","origin":[9.5,9.8,3]},"faces":{"north":{"uv":[2.34375,5.6875,2.3125,5.875],"texture":"#0"},"east":{"uv":[1.75,5.9375,1,6.125],"texture":"#0"},"south":{"uv":[2.34375,5.6875,2.3125,5.875],"texture":"#0"},"west":{"uv":[1.75,5.9375,1,6.125],"texture":"#0"},"up":{"uv":[2.375,5.6875,2.34375,6.4375],"texture":"#0"},"down":{"uv":[2.375,5.6875,2.34375,6.4375],"texture":"#0"}}},{"from":[1.9,-12.2,-4.10051],"to":[1.9,-10.2,-0.10051],"rotation":{"angle":-22.5,"axis":"y","origin":[9.5,9.8,3]},"faces":{"north":{"uv":[1.8125,5.5,1.8125,5.625],"texture":"#0"},"east":{"uv":[0.75,5.75,0.5,5.875],"texture":"#0"},"south":{"uv":[1.8125,5.5,1.8125,5.625],"texture":"#0"},"west":{"uv":[0.75,5.75,0.5,5.875],"texture":"#0"},"up":{"uv":[1.84375,5.5,1.84375,5.75],"texture":"#0"},"down":{"uv":[1.84375,5.5,1.84375,5.75],"texture":"#0"}}},{"from":[2.5,-13,-7.40051],"to":[10.5,-10,-6.90051],"rotation":{"angle":-22.5,"axis":"y","origin":[9.5,9.8,3]},"faces":{"north":{"uv":[0.5,5.9375,1,6.125],"texture":"#0"},"east":{"uv":[1,5.9375,1.03125,6.125],"texture":"#0"},"south":{"uv":[0.5,5.9375,1,6.125],"texture":"#0"},"west":{"uv":[1,5.9375,1.03125,6.125],"texture":"#0"},"up":{"uv":[0.5,6.125,1,6.15625],"texture":"#0"},"down":{"uv":[0.5,6.125,1,6.15625],"texture":"#0"}}},{"from":[2.5,-12.9,-6.90051],"to":[10.5,-12.9,4.09949],"rotation":{"angle":-22.5,"axis":"y","origin":[9.5,9.8,3]},"faces":{"north":{"uv":[1,5.9375,0.5,6.125],"texture":"#0"},"east":{"uv":[1.03125,5.9375,1,6.125],"texture":"#0"},"south":{"uv":[1,5.9375,0.5,6.125],"texture":"#0"},"west":{"uv":[1.03125,5.9375,1,6.125],"texture":"#0"},"up":{"uv":[1,6.15625,0.5,6.84375],"texture":"#0"},"down":{"uv":[1,6.15625,0.5,6.84375],"texture":"#0"}}},{"from":[11,-12.2,-4.10051],"to":[11,-10.2,-0.10051],"rotation":{"angle":-22.5,"axis":"y","origin":[9.5,9.8,3]},"faces":{"north":{"uv":[1.8125,5.5,1.8125,5.625],"texture":"#0"},"east":{"uv":[0.5,5.75,0.75,5.875],"texture":"#0"},"south":{"uv":[1.8125,5.5,1.8125,5.625],"texture":"#0"},"west":{"uv":[0.5,5.75,0.75,5.875],"texture":"#0"},"up":{"uv":[1.84375,5.5,1.84375,5.75],"texture":"#0"},"down":{"uv":[1.84375,5.5,1.84375,5.75],"texture":"#0"}}},{"from":[10.5,-13,-7.40051],"to":[11,-10,4.59949],"rotation":{"angle":-22.5,"axis":"y","origin":[9.5,9.8,3]},"faces":{"north":{"uv":[2.3125,5.6875,2.34375,5.875],"texture":"#0"},"east":{"uv":[1,5.9375,1.75,6.125],"texture":"#0"},"south":{"uv":[2.3125,5.6875,2.34375,5.875],"texture":"#0"},"west":{"uv":[1,5.9375,1.75,6.125],"texture":"#0"},"up":{"uv":[2.34375,5.6875,2.375,6.4375],"texture":"#0"},"down":{"uv":[2.34375,5.6875,2.375,6.4375],"texture":"#0"}}},{"from":[-3.5,-2,-5.5],"to":[-1.5,0,7.5],"rotation":{"angle":22.5,"axis":"y","origin":[12,-16,22]},"faces":{"north":{"uv":[7.53125,0.875,7.65625,1],"rotation":180,"texture":"#0"},"east":{"uv":[1.1875,9.5625,0.375,9.6875],"rotation":180,"texture":"#0"},"south":{"uv":[7.65625,0.875,7.53125,1],"rotation":180,"texture":"#0"},"west":{"uv":[8.3125,0.125,7.5,0],"rotation":180,"texture":"#0"},"up":{"uv":[8.375,0,8.5,0.8125],"texture":"#0"},"down":{"uv":[8.5,0,8.375,0.8125],"texture":"#0"}}},{"from":[-1.5,-2,-5.5],"to":[7.5,0,-3.5],"rotation":{"angle":22.5,"axis":"y","origin":[12,-16,22]},"faces":{"north":{"uv":[8.21875,0.875,7.65625,1],"rotation":180,"texture":"#0"},"east":{"uv":[7.625,0,7.5,0.125],"rotation":180,"texture":"#0"},"south":{"uv":[0.9375,9.6875,0.375,9.8125],"rotation":180,"texture":"#0"},"west":{"uv":[7.625,0,7.5,0.125],"rotation":180,"texture":"#0"},"up":{"uv":[8.46875,0,9.03125,0.125],"texture":"#0"},"down":{"uv":[8.9375,0,8.375,0.125],"texture":"#0"}}},{"from":[7.5,-2,-5.5],"to":[9.5,0,7.5],"rotation":{"angle":22.5,"axis":"y","origin":[12,-16,22]},"faces":{"north":{"uv":[7.65625,0.875,7.53125,1],"rotation":180,"texture":"#0"},"east":{"uv":[7.5,0.125,8.3125,0],"rotation":180,"texture":"#0"},"south":{"uv":[7.53125,0.875,7.65625,1],"rotation":180,"texture":"#0"},"west":{"uv":[0.375,9.5625,1.1875,9.6875],"rotation":180,"texture":"#0"},"up":{"uv":[8.5,0,8.375,0.8125],"texture":"#0"},"down":{"uv":[8.375,0,8.5,0.8125],"texture":"#0"}}},{"from":[-4.5,-5.5,-6.5],"to":[10.5,-2.5,8.5],"rotation":{"angle":22.5,"axis":"y","origin":[12,-16,22]},"faces":{"north":{"uv":[7.25,1,8.1875,1.1875],"rotation":180,"texture":"#0"},"east":{"uv":[7.25,1,8.1875,1.1875],"rotation":180,"texture":"#0"},"south":{"uv":[7.25,1,8.1875,1.1875],"rotation":180,"texture":"#0"},"west":{"uv":[7.25,1,8.1875,1.1875],"rotation":180,"texture":"#0"},"up":{"uv":[9.25,0,10.1875,0.9375],"texture":"#0"},"down":{"uv":[9.25,0,10.1875,0.9375],"texture":"#0"}}},{"from":[-4,-13,-6],"to":[10,-3,8],"rotation":{"angle":22.5,"axis":"y","origin":[12,-16,22]},"faces":{"north":{"uv":[8.375,0.875,9.25,1.5],"rotation":180,"texture":"#0"},"east":{"uv":[8.375,0.875,9.25,1.5],"rotation":180,"texture":"#0"},"south":{"uv":[9.25,0.875,8.375,1.5],"rotation":180,"texture":"#0"},"west":{"uv":[8.375,0.875,9.25,1.5],"rotation":180,"texture":"#0"},"up":{"uv":[8.375,0,9.25,0.875],"texture":"#0"},"down":{"uv":[8.375,0,9.25,0.875],"texture":"#0"}}},{"from":[-3.5,-16,-5.5],"to":[9.5,-2,7.5],"rotation":{"angle":22.5,"axis":"y","origin":[12,-16,22]},"faces":{"north":{"uv":[7.5,0,8.3125,0.875],"rotation":180,"texture":"#0"},"east":{"uv":[7.5,0,8.3125,0.875],"rotation":180,"texture":"#0"},"south":{"uv":[8.3125,0,7.5,0.875],"rotation":180,"texture":"#0"},"west":{"uv":[7.5,0,8.3125,0.875],"rotation":180,"texture":"#0"},"up":{"uv":[8.375,0,9.1875,0.8125],"texture":"#0"},"down":{"uv":[8.375,0,9.1875,0.8125],"texture":"#0"}}},{"from":[-4.5,-13.5,-6.5],"to":[10.5,-10.5,8.5],"rotation":{"angle":22.5,"axis":"y","origin":[12,-16,22]},"faces":{"north":{"uv":[7.25,1,8.1875,1.1875],"rotation":180,"texture":"#0"},"east":{"uv":[7.25,1,8.1875,1.1875],"rotation":180,"texture":"#0"},"south":{"uv":[7.25,1,8.1875,1.1875],"rotation":180,"texture":"#0"},"west":{"uv":[7.25,1,8.1875,1.1875],"rotation":180,"texture":"#0"},"up":{"uv":[9.25,0,10.1875,0.9375],"texture":"#0"},"down":{"uv":[9.25,0,10.1875,0.9375],"texture":"#0"}}},{"from":[-1.5,-2,5.5],"to":[7.5,0,7.5],"rotation":{"angle":22.5,"axis":"y","origin":[12,-16,22]},"faces":{"north":{"uv":[0.375,9.6875,0.9375,9.8125],"rotation":180,"texture":"#0"},"east":{"uv":[7.5,0,7.625,0.125],"rotation":180,"texture":"#0"},"south":{"uv":[7.65625,0.875,8.21875,1],"rotation":180,"texture":"#0"},"west":{"uv":[7.5,0,7.625,0.125],"rotation":180,"texture":"#0"},"up":{"uv":[8.46875,0.125,9.03125,0],"texture":"#0"},"down":{"uv":[8.9375,0.125,8.375,0],"texture":"#0"}}},{"from":[4,-10.5,-4.5],"to":[12,-10.5,6.5],"rotation":{"angle":-22.5,"axis":"y","origin":[17,0,0]},"faces":{"north":{"uv":[1,5.9375,0.5,6.125],"texture":"#0"},"east":{"uv":[1.03125,5.9375,1,6.125],"texture":"#0"},"south":{"uv":[1,5.9375,0.5,6.125],"texture":"#0"},"west":{"uv":[1.03125,5.9375,1,6.125],"texture":"#0"},"up":{"uv":[0.5,6.6875,0,7.375],"texture":"#0"},"down":{"uv":[0.5,6.6875,0,7.375],"texture":"#0"}}}],"gui_light":"front","display":{"thirdperson_righthand":{"rotation":[67.5,0,0],"translation":[0,2.5,1.75],"scale":[0.17969,0.17969,0.17969]},"thirdperson_lefthand":{"rotation":[67.5,0,0],"translation":[0,2.5,1.75],"scale":[0.17969,0.17969,0.17969]},"firstperson_righthand":{"rotation":[0,45,0],"translation":[-1,1.5,0],"scale":[0.4,0.4,0.4]},"firstperson_lefthand":{"rotation":[0,45,0],"translation":[-1,1.5,0],"scale":[0.4,0.4,0.4]},"ground":{"translation":[0,3.5,0],"scale":[0.23438,0.23438,0.23438]},"gui":{"rotation":[30,225,0],"translation":[-0.25,2.25,0],"scale":[0.35703,0.35703,0.35703]},"head":{"translation":[1.25,-7.25,-2.5],"scale":[0,0,0]},"fixed":{"rotation":[-90,0,0],"translation":[0,-6.25,-48],"scale":[2,2,2]}}}