{"texture_size":[256,256],"textures":{"0":"custom/furniture/medieval_market/medievalmarket","particle":"custom/furniture/medieval_market/medievalmarket"},"elements":[{"from":[1.5,-9,23],"to":[30.5,-7,25],"rotation":{"angle":0,"axis":"y","origin":[16,-0.75,13.51535]},"faces":{"north":{"uv":[5.5,2.75,7.3125,2.625],"texture":"#0"},"east":{"uv":[7.375,0.6875,7.25,0.8125],"texture":"#0"},"south":{"uv":[7.3125,2.75,5.5,2.625],"texture":"#0"},"west":{"uv":[7.375,0.6875,7.25,0.8125],"texture":"#0"},"up":{"uv":[7.3125,2.75,5.5,2.625],"texture":"#0"},"down":{"uv":[7.3125,2.75,5.5,2.625],"texture":"#0"}}},{"from":[4.51535,-8,-10.98465],"to":[6.51535,-6,2.01535],"rotation":{"angle":0,"axis":"y","origin":[16,-0.75,13.51535]},"faces":{"north":{"uv":[7.375,0.6875,7.25,0.8125],"texture":"#0"},"east":{"uv":[5.5,2.75,6.3125,2.625],"texture":"#0"},"south":{"uv":[7.375,0.6875,7.25,0.8125],"texture":"#0"},"west":{"uv":[6.3125,2.75,5.5,2.625],"texture":"#0"},"up":{"uv":[6.3125,2.75,5.5,2.625],"rotation":90,"texture":"#0"},"down":{"uv":[6.3125,2.75,5.5,2.625],"rotation":270,"texture":"#0"}}},{"from":[6.51535,-9,-8.98465],"to":[8.51535,-7,-0.98465],"rotation":{"angle":45,"axis":"x","origin":[-4,-0.75,-1.48465]},"faces":{"north":{"uv":[7.375,0.6875,7.25,0.8125],"texture":"#0"},"east":{"uv":[5.5,2.75,6,2.625],"texture":"#0"},"south":{"uv":[7.375,0.6875,7.25,0.8125],"texture":"#0"},"west":{"uv":[6,2.75,5.5,2.625],"texture":"#0"},"up":{"uv":[6,2.75,5.5,2.625],"rotation":90,"texture":"#0"},"down":{"uv":[6,2.75,5.5,2.625],"rotation":270,"texture":"#0"}}},{"from":[0.75,-10.05,2.5],"to":[2.75,-2.05,4.5],"rotation":{"angle":45,"axis":"z","origin":[-4,-1.15,-1.48465]},"faces":{"north":{"uv":[5.5,2.75,6,2.625],"rotation":270,"texture":"#0"},"east":{"uv":[6,2.75,5.5,2.625],"rotation":90,"texture":"#0"},"south":{"uv":[6,2.75,5.5,2.625],"rotation":90,"texture":"#0"},"west":{"uv":[6,2.75,5.5,2.625],"rotation":90,"texture":"#0"},"up":{"uv":[7.375,0.6875,7.25,0.8125],"rotation":90,"texture":"#0"},"down":{"uv":[7.375,0.6875,7.25,0.8125],"rotation":90,"texture":"#0"}}},{"from":[0.75,-10.05,17.5],"to":[2.75,-2.05,19.5],"rotation":{"angle":45,"axis":"z","origin":[-4,-1.15,-1.48465]},"faces":{"north":{"uv":[5.5,2.75,6,2.625],"rotation":270,"texture":"#0"},"east":{"uv":[6,2.75,5.5,2.625],"rotation":90,"texture":"#0"},"south":{"uv":[6,2.75,5.5,2.625],"rotation":90,"texture":"#0"},"west":{"uv":[6,2.75,5.5,2.625],"rotation":90,"texture":"#0"},"up":{"uv":[7.375,0.6875,7.25,0.8125],"rotation":90,"texture":"#0"},"down":{"uv":[7.375,0.6875,7.25,0.8125],"rotation":90,"texture":"#0"}}},{"from":[23.48465,-9,-8.98465],"to":[25.48465,-7,-0.98465],"rotation":{"angle":45,"axis":"x","origin":[20,-0.75,-1.48465]},"faces":{"north":{"uv":[7.25,0.6875,7.375,0.8125],"texture":"#0"},"east":{"uv":[5.5,2.75,6,2.625],"texture":"#0"},"south":{"uv":[7.25,0.6875,7.375,0.8125],"texture":"#0"},"west":{"uv":[6,2.75,5.5,2.625],"texture":"#0"},"up":{"uv":[6,2.625,5.5,2.75],"rotation":90,"texture":"#0"},"down":{"uv":[6,2.625,5.5,2.75],"rotation":270,"texture":"#0"}}},{"from":[4.51535,-8,2.01535],"to":[6.51535,-6,31.01535],"rotation":{"angle":0,"axis":"y","origin":[16,-0.75,13.51535]},"faces":{"north":{"uv":[7.375,0.6875,7.25,0.8125],"texture":"#0"},"east":{"uv":[5.5,2.75,7.3125,2.625],"texture":"#0"},"south":{"uv":[7.375,0.6875,7.25,0.8125],"texture":"#0"},"west":{"uv":[7.3125,2.75,5.5,2.625],"texture":"#0"},"up":{"uv":[7.3125,2.75,5.5,2.625],"rotation":90,"texture":"#0"},"down":{"uv":[7.3125,2.75,5.5,2.625],"rotation":270,"texture":"#0"}}},{"from":[-5.48465,13,-0.98465],"to":[-3.48465,15,24.01535],"rotation":{"angle":0,"axis":"y","origin":[16,-0.75,13.51535]},"faces":{"north":{"uv":[7.375,0.6875,7.25,0.8125],"texture":"#0"},"east":{"uv":[5.5,2.75,7.0625,2.625],"texture":"#0"},"south":{"uv":[7.375,0.6875,7.25,0.8125],"texture":"#0"},"west":{"uv":[7.0625,2.75,5.5,2.625],"texture":"#0"},"up":{"uv":[7.0625,2.75,5.5,2.625],"rotation":90,"texture":"#0"},"down":{"uv":[7.0625,2.75,5.5,2.625],"rotation":270,"texture":"#0"}}},{"from":[-8.5,-6,2.03071],"to":[5.5,-4,4.03071],"rotation":{"angle":-45,"axis":"z","origin":[16,-0.75,13.51535]},"faces":{"north":{"uv":[6.375,2.75,5.5,2.625],"texture":"#0"},"east":{"uv":[7.375,0.6875,7.25,0.8125],"texture":"#0"},"south":{"uv":[5.5,2.75,6.375,2.625],"texture":"#0"},"west":{"uv":[7.375,0.6875,7.25,0.8125],"texture":"#0"},"up":{"uv":[6.375,2.75,5.5,2.625],"rotation":180,"texture":"#0"},"down":{"uv":[6.375,2.75,5.5,2.625],"rotation":180,"texture":"#0"}}},{"from":[-8.5,-6,17.96929],"to":[5.5,-4,19.96929],"rotation":{"angle":-45,"axis":"z","origin":[16,-0.75,2.48465]},"faces":{"north":{"uv":[6.375,2.75,5.5,2.625],"texture":"#0"},"east":{"uv":[7.25,0.6875,7.375,0.8125],"texture":"#0"},"south":{"uv":[5.5,2.75,6.375,2.625],"texture":"#0"},"west":{"uv":[7.25,0.6875,7.375,0.8125],"texture":"#0"},"up":{"uv":[6.375,2.625,5.5,2.75],"rotation":180,"texture":"#0"},"down":{"uv":[6.375,2.625,5.5,2.75],"rotation":180,"texture":"#0"}}},{"from":[25.48465,-8,2.01535],"to":[27.48465,-6,31.01535],"rotation":{"angle":0,"axis":"y","origin":[0,-0.75,13.51535]},"faces":{"north":{"uv":[7.25,0.6875,7.375,0.8125],"texture":"#0"},"east":{"uv":[5.5,2.75,7.3125,2.625],"texture":"#0"},"south":{"uv":[7.25,0.6875,7.375,0.8125],"texture":"#0"},"west":{"uv":[7.3125,2.75,5.5,2.625],"texture":"#0"},"up":{"uv":[7.3125,2.625,5.5,2.75],"rotation":90,"texture":"#0"},"down":{"uv":[7.3125,2.625,5.5,2.75],"rotation":270,"texture":"#0"}}},{"from":[25.48465,-8,-10.98465],"to":[27.48465,-6,2.01535],"rotation":{"angle":0,"axis":"y","origin":[0,-0.75,13.51535]},"faces":{"north":{"uv":[7.25,0.6875,7.375,0.8125],"texture":"#0"},"east":{"uv":[5.5,2.75,6.3125,2.625],"texture":"#0"},"south":{"uv":[7.25,0.6875,7.375,0.8125],"texture":"#0"},"west":{"uv":[6.3125,2.75,5.5,2.625],"texture":"#0"},"up":{"uv":[6.3125,2.625,5.5,2.75],"rotation":90,"texture":"#0"},"down":{"uv":[6.3125,2.625,5.5,2.75],"rotation":270,"texture":"#0"}}},{"from":[1.5,-9,-3],"to":[30.5,-7,-1],"rotation":{"angle":0,"axis":"y","origin":[16,-0.75,13.51535]},"faces":{"north":{"uv":[5.5,2.75,7.3125,2.625],"texture":"#0"},"east":{"uv":[7.375,0.6875,7.25,0.8125],"texture":"#0"},"south":{"uv":[7.3125,2.75,5.5,2.625],"texture":"#0"},"west":{"uv":[7.375,0.6875,7.25,0.8125],"texture":"#0"},"up":{"uv":[7.3125,2.75,5.5,2.625],"texture":"#0"},"down":{"uv":[7.3125,2.75,5.5,2.625],"texture":"#0"}}},{"from":[29.5,-16,16],"to":[29.5,0,32],"rotation":{"angle":0,"axis":"y","origin":[27.1,-8.5,13.5]},"faces":{"north":{"uv":[0,0,0,1],"texture":"#missing"},"east":{"uv":[7.375,2.875,8.375,3.875],"texture":"#0"},"south":{"uv":[0,0,0,1],"texture":"#missing"},"west":{"uv":[7.375,2.875,8.375,3.875],"texture":"#0"},"up":{"uv":[0,0,0,1],"texture":"#missing"},"down":{"uv":[0,0,0,1],"texture":"#missing"}}},{"from":[2.5,-16,16],"to":[2.5,0,32],"rotation":{"angle":0,"axis":"y","origin":[4.9,-8.5,13.5]},"faces":{"north":{"uv":[0,0,0,1],"texture":"#missing"},"east":{"uv":[8.375,2.875,7.375,3.875],"texture":"#0"},"south":{"uv":[0,0,0,1],"texture":"#missing"},"west":{"uv":[8.375,2.875,7.375,3.875],"texture":"#0"},"up":{"uv":[0,0,0,1],"texture":"#missing"},"down":{"uv":[0,0,0,1],"texture":"#missing"}}},{"from":[2.5,-16,-10],"to":[2.5,0,6],"rotation":{"angle":0,"axis":"y","origin":[4.9,-8.5,13.5]},"faces":{"north":{"uv":[0,0,0,1],"texture":"#missing"},"east":{"uv":[8.375,2.875,7.375,3.875],"texture":"#0"},"south":{"uv":[0,0,0,1],"texture":"#missing"},"west":{"uv":[8.375,2.875,7.375,3.875],"texture":"#0"},"up":{"uv":[0,0,0,1],"texture":"#missing"},"down":{"uv":[0,0,0,1],"texture":"#missing"}}},{"from":[29.5,-16,-10],"to":[29.5,0,6],"rotation":{"angle":0,"axis":"y","origin":[27.1,-8.5,13.5]},"faces":{"north":{"uv":[0,0,0,1],"texture":"#missing"},"east":{"uv":[7.375,2.875,8.375,3.875],"texture":"#0"},"south":{"uv":[0,0,0,1],"texture":"#missing"},"west":{"uv":[7.375,2.875,8.375,3.875],"texture":"#0"},"up":{"uv":[0,0,0,1],"texture":"#missing"},"down":{"uv":[0,0,0,1],"texture":"#missing"}}},{"from":[5.5,-7,4.5],"to":[26.5,-4,29.5],"rotation":{"angle":0,"axis":"y","origin":[16,-0.75,15.51535]},"faces":{"north":{"uv":[6.0625,3.0625,7.375,3.25],"texture":"#0"},"east":{"uv":[5.75,4.03125,7.3125,4.21875],"texture":"#0"},"south":{"uv":[6.0625,3.0625,7.375,3.25],"texture":"#0"},"west":{"uv":[5.75,4.03125,7.3125,4.21875],"texture":"#0"},"up":{"uv":[9.8125,3.4375,8.5,1.875],"texture":"#0"},"down":{"uv":[9.8125,3.4375,8.5,1.875],"texture":"#0"}}},{"from":[-8.40503,6.42929,-1.6],"to":[-0.40503,13.42929,-1.6],"rotation":{"angle":22.5,"axis":"z","origin":[-11,21.5,-0.6]},"faces":{"north":{"uv":[1,4.6875,0.5,5.125],"texture":"#0"},"south":{"uv":[1,4.6875,0.5,5.125],"texture":"#0"}}},{"from":[-8.40503,6.42929,24.6],"to":[-0.40503,13.42929,24.6],"rotation":{"angle":22.5,"axis":"z","origin":[-11,21.5,16.6]},"faces":{"north":{"uv":[0.5,4.6875,1,5.125],"texture":"#0"},"south":{"uv":[0.5,4.6875,1,5.125],"texture":"#0"}}},{"from":[5.5,-7,-6.5],"to":[26.5,-4,4.5],"rotation":{"angle":0,"axis":"y","origin":[16,-0.75,15.51535]},"faces":{"north":{"uv":[6.0625,3.0625,7.375,3.25],"texture":"#0"},"east":{"uv":[5.75,4.03125,6.4375,4.21875],"texture":"#0"},"south":{"uv":[6.0625,3.0625,7.375,3.25],"texture":"#0"},"west":{"uv":[5.75,4.03125,6.4375,4.21875],"texture":"#0"},"up":{"uv":[9.8125,2.5625,8.5,1.875],"texture":"#0"},"down":{"uv":[9.8125,2.5625,8.5,1.875],"texture":"#0"}}},{"from":[3,-6,-7.5],"to":[7,18,-3.5],"rotation":{"angle":0,"axis":"y","origin":[16,0,0]},"faces":{"north":{"uv":[0,6.1875,0.25,4.6875],"texture":"#0"},"east":{"uv":[0.5,6.1875,0.25,4.6875],"texture":"#0"},"south":{"uv":[0,6.1875,0.25,4.6875],"texture":"#0"},"west":{"uv":[0.5,6.1875,0.25,4.6875],"texture":"#0"},"up":{"uv":[1.1875,5.8125,1.4375,5.5625],"texture":"#0"},"down":{"uv":[1.1875,5.8125,1.4375,5.5625],"texture":"#0"}}},{"from":[3,-6,26.5],"to":[7,18,30.5],"rotation":{"angle":0,"axis":"y","origin":[16,0,0]},"faces":{"north":{"uv":[0,6.1875,0.25,4.6875],"texture":"#0"},"east":{"uv":[0.5,6.1875,0.25,4.6875],"texture":"#0"},"south":{"uv":[0,6.1875,0.25,4.6875],"texture":"#0"},"west":{"uv":[0.5,6.1875,0.25,4.6875],"texture":"#0"},"up":{"uv":[1.1875,5.8125,1.4375,5.5625],"texture":"#0"},"down":{"uv":[1.1875,5.8125,1.4375,5.5625],"texture":"#0"}}},{"from":[12.5,-3.2,16],"to":[12.5,-1.2,20],"rotation":{"angle":45,"axis":"y","origin":[15.5,2.8,10]},"faces":{"north":{"uv":[1.8125,5.5,1.8125,5.625],"texture":"#0"},"east":{"uv":[0.5,5.75,0.75,5.875],"texture":"#0"},"south":{"uv":[1.8125,5.5,1.8125,5.625],"texture":"#0"},"west":{"uv":[0.5,5.75,0.75,5.875],"texture":"#0"},"up":{"uv":[1.84375,5.5,1.84375,5.75],"texture":"#0"},"down":{"uv":[1.84375,5.5,1.84375,5.75],"texture":"#0"}}},{"from":[3,-3.9,14.2],"to":[11,-3.9,25.2],"rotation":{"angle":45,"axis":"y","origin":[15.5,2.8,10]},"faces":{"north":{"uv":[1,5.9375,0.5,6.125],"texture":"#0"},"east":{"uv":[1.03125,5.9375,1,6.125],"texture":"#0"},"south":{"uv":[1,5.9375,0.5,6.125],"texture":"#0"},"west":{"uv":[1.03125,5.9375,1,6.125],"texture":"#0"},"up":{"uv":[1,6.15625,0.5,6.84375],"texture":"#0"},"down":{"uv":[1,6.15625,0.5,6.84375],"texture":"#0"}}},{"from":[11,-4,13.7],"to":[11.5,-1,25.7],"rotation":{"angle":45,"axis":"y","origin":[15.5,2.8,10]},"faces":{"north":{"uv":[2.3125,5.6875,2.34375,5.875],"texture":"#0"},"east":{"uv":[1,5.9375,1.75,6.125],"texture":"#0"},"south":{"uv":[2.3125,5.6875,2.34375,5.875],"texture":"#0"},"west":{"uv":[1,5.9375,1.75,6.125],"texture":"#0"},"up":{"uv":[2.34375,5.6875,2.375,6.4375],"texture":"#0"},"down":{"uv":[2.34375,5.6875,2.375,6.4375],"texture":"#0"}}},{"from":[3,-4,25.2],"to":[11,-1,25.7],"rotation":{"angle":45,"axis":"y","origin":[15.5,2.8,10]},"faces":{"north":{"uv":[1,5.9375,0.5,6.125],"texture":"#0"},"east":{"uv":[1.03125,5.9375,1,6.125],"texture":"#0"},"south":{"uv":[1,5.9375,0.5,6.125],"texture":"#0"},"west":{"uv":[1.03125,5.9375,1,6.125],"texture":"#0"},"up":{"uv":[1,6.125,0.5,6.15625],"texture":"#0"},"down":{"uv":[1,6.125,0.5,6.15625],"texture":"#0"}}},{"from":[2.5,-4,13.7],"to":[3,-1,25.7],"rotation":{"angle":45,"axis":"y","origin":[15.5,2.8,10]},"faces":{"north":{"uv":[2.34375,5.6875,2.3125,5.875],"texture":"#0"},"east":{"uv":[1.75,5.9375,1,6.125],"texture":"#0"},"south":{"uv":[2.34375,5.6875,2.3125,5.875],"texture":"#0"},"west":{"uv":[1.75,5.9375,1,6.125],"texture":"#0"},"up":{"uv":[2.375,5.6875,2.34375,6.4375],"texture":"#0"},"down":{"uv":[2.375,5.6875,2.34375,6.4375],"texture":"#0"}}},{"from":[2.4,-3.2,17],"to":[2.4,-1.2,21],"rotation":{"angle":45,"axis":"y","origin":[15.5,2.8,10]},"faces":{"north":{"uv":[1.8125,5.5,1.8125,5.625],"texture":"#0"},"east":{"uv":[0.75,5.75,0.5,5.875],"texture":"#0"},"south":{"uv":[1.8125,5.5,1.8125,5.625],"texture":"#0"},"west":{"uv":[0.75,5.75,0.5,5.875],"texture":"#0"},"up":{"uv":[1.84375,5.5,1.84375,5.75],"texture":"#0"},"down":{"uv":[1.84375,5.5,1.84375,5.75],"texture":"#0"}}},{"from":[3,-4,13.7],"to":[11,-1,14.2],"rotation":{"angle":45,"axis":"y","origin":[15.5,2.8,10]},"faces":{"north":{"uv":[0.5,5.9375,1,6.125],"texture":"#0"},"east":{"uv":[1,5.9375,1.03125,6.125],"texture":"#0"},"south":{"uv":[0.5,5.9375,1,6.125],"texture":"#0"},"west":{"uv":[1,5.9375,1.03125,6.125],"texture":"#0"},"up":{"uv":[0.5,6.125,1,6.15625],"texture":"#0"},"down":{"uv":[0.5,6.125,1,6.15625],"texture":"#0"}}},{"from":[16,-1,13.7],"to":[24,2,14.2],"rotation":{"angle":-22.5,"axis":"y","origin":[15.5,2.8,10]},"faces":{"north":{"uv":[0.5,5.9375,1,6.125],"texture":"#0"},"east":{"uv":[1,5.9375,1.03125,6.125],"texture":"#0"},"south":{"uv":[0.5,5.9375,1,6.125],"texture":"#0"},"west":{"uv":[1,5.9375,1.03125,6.125],"texture":"#0"},"up":{"uv":[0.5,6.125,1,6.15625],"texture":"#0"},"down":{"uv":[0.5,6.125,1,6.15625],"texture":"#0"}}},{"from":[15.4,-0.2,17],"to":[15.4,1.8,21],"rotation":{"angle":-22.5,"axis":"y","origin":[15.5,2.8,10]},"faces":{"north":{"uv":[1.8125,5.5,1.8125,5.625],"texture":"#0"},"east":{"uv":[0.75,5.75,0.5,5.875],"texture":"#0"},"south":{"uv":[1.8125,5.5,1.8125,5.625],"texture":"#0"},"west":{"uv":[0.75,5.75,0.5,5.875],"texture":"#0"},"up":{"uv":[1.84375,5.5,1.84375,5.75],"texture":"#0"},"down":{"uv":[1.84375,5.5,1.84375,5.75],"texture":"#0"}}},{"from":[15.5,-1,13.7],"to":[16,2,25.7],"rotation":{"angle":-22.5,"axis":"y","origin":[15.5,2.8,10]},"faces":{"north":{"uv":[2.34375,5.6875,2.3125,5.875],"texture":"#0"},"east":{"uv":[1.75,5.9375,1,6.125],"texture":"#0"},"south":{"uv":[2.34375,5.6875,2.3125,5.875],"texture":"#0"},"west":{"uv":[1.75,5.9375,1,6.125],"texture":"#0"},"up":{"uv":[2.375,5.6875,2.34375,6.4375],"texture":"#0"},"down":{"uv":[2.375,5.6875,2.34375,6.4375],"texture":"#0"}}},{"from":[16,-1,25.2],"to":[24,2,25.7],"rotation":{"angle":-22.5,"axis":"y","origin":[15.5,2.8,10]},"faces":{"north":{"uv":[1,5.9375,0.5,6.125],"texture":"#0"},"east":{"uv":[1.03125,5.9375,1,6.125],"texture":"#0"},"south":{"uv":[1,5.9375,0.5,6.125],"texture":"#0"},"west":{"uv":[1.03125,5.9375,1,6.125],"texture":"#0"},"up":{"uv":[1,6.125,0.5,6.15625],"texture":"#0"},"down":{"uv":[1,6.125,0.5,6.15625],"texture":"#0"}}},{"from":[24,-1,13.7],"to":[24.5,2,25.7],"rotation":{"angle":-22.5,"axis":"y","origin":[15.5,2.8,10]},"faces":{"north":{"uv":[2.3125,5.6875,2.34375,5.875],"texture":"#0"},"east":{"uv":[1,5.9375,1.75,6.125],"texture":"#0"},"south":{"uv":[2.3125,5.6875,2.34375,5.875],"texture":"#0"},"west":{"uv":[1,5.9375,1.75,6.125],"texture":"#0"},"up":{"uv":[2.34375,5.6875,2.375,6.4375],"texture":"#0"},"down":{"uv":[2.34375,5.6875,2.375,6.4375],"texture":"#0"}}},{"from":[16,-0.9,14.2],"to":[24,-0.9,25.2],"rotation":{"angle":-22.5,"axis":"y","origin":[15.5,2.8,10]},"faces":{"north":{"uv":[1,5.9375,0.5,6.125],"texture":"#0"},"east":{"uv":[1.03125,5.9375,1,6.125],"texture":"#0"},"south":{"uv":[1,5.9375,0.5,6.125],"texture":"#0"},"west":{"uv":[1.03125,5.9375,1,6.125],"texture":"#0"},"up":{"uv":[1,6.15625,0.5,6.84375],"texture":"#0"},"down":{"uv":[1,6.15625,0.5,6.84375],"texture":"#0"}}},{"from":[24.5,-0.2,17],"to":[24.5,1.8,21],"rotation":{"angle":-22.5,"axis":"y","origin":[15.5,2.8,10]},"faces":{"north":{"uv":[1.8125,5.5,1.8125,5.625],"texture":"#0"},"east":{"uv":[0.5,5.75,0.75,5.875],"texture":"#0"},"south":{"uv":[1.8125,5.5,1.8125,5.625],"texture":"#0"},"west":{"uv":[0.5,5.75,0.75,5.875],"texture":"#0"},"up":{"uv":[1.84375,5.5,1.84375,5.75],"texture":"#0"},"down":{"uv":[1.84375,5.5,1.84375,5.75],"texture":"#0"}}},{"from":[3,-6,16.5],"to":[7,18,20.5],"rotation":{"angle":0,"axis":"y","origin":[16,0,0]},"faces":{"north":{"uv":[0,6.1875,0.25,4.6875],"texture":"#0"},"east":{"uv":[0.5,6.1875,0.25,4.6875],"texture":"#0"},"south":{"uv":[0,6.1875,0.25,4.6875],"texture":"#0"},"west":{"uv":[0.5,6.1875,0.25,4.6875],"texture":"#0"},"up":{"uv":[1.1875,5.8125,1.4375,5.5625],"texture":"#0"},"down":{"uv":[1.1875,5.8125,1.4375,5.5625],"texture":"#0"}}},{"from":[3,-6,1.5],"to":[7,18,5.5],"rotation":{"angle":0,"axis":"y","origin":[16,0,16]},"faces":{"north":{"uv":[0.25,6.1875,0,4.6875],"texture":"#0"},"east":{"uv":[0.25,6.1875,0.5,4.6875],"texture":"#0"},"south":{"uv":[0.25,6.1875,0,4.6875],"texture":"#0"},"west":{"uv":[0.25,6.1875,0.5,4.6875],"texture":"#0"},"up":{"uv":[1.1875,5.5625,1.4375,5.8125],"texture":"#0"},"down":{"uv":[1.1875,5.5625,1.4375,5.8125],"texture":"#0"}}},{"from":[25,-6,1.5],"to":[29,18,5.5],"rotation":{"angle":0,"axis":"y","origin":[0,0,16]},"faces":{"north":{"uv":[0,6.1875,0.25,4.6875],"texture":"#0"},"east":{"uv":[0.5,6.1875,0.25,4.6875],"texture":"#0"},"south":{"uv":[0,6.1875,0.25,4.6875],"texture":"#0"},"west":{"uv":[0.5,6.1875,0.25,4.6875],"texture":"#0"},"up":{"uv":[1.4375,5.5625,1.1875,5.8125],"texture":"#0"},"down":{"uv":[1.4375,5.5625,1.1875,5.8125],"texture":"#0"}}},{"from":[25,-6,-7.5],"to":[29,18,-3.5],"faces":{"north":{"uv":[0.25,6.1875,0,4.6875],"texture":"#0"},"east":{"uv":[0.25,6.1875,0.5,4.6875],"texture":"#0"},"south":{"uv":[0.25,6.1875,0,4.6875],"texture":"#0"},"west":{"uv":[0.25,6.1875,0.5,4.6875],"texture":"#0"},"up":{"uv":[1.4375,5.8125,1.1875,5.5625],"texture":"#0"},"down":{"uv":[1.4375,5.8125,1.1875,5.5625],"texture":"#0"}}},{"from":[25,-6,16.5],"to":[29,18,20.5],"faces":{"north":{"uv":[0.25,6.1875,0,4.6875],"texture":"#0"},"east":{"uv":[0.25,6.1875,0.5,4.6875],"texture":"#0"},"south":{"uv":[0.25,6.1875,0,4.6875],"texture":"#0"},"west":{"uv":[0.25,6.1875,0.5,4.6875],"texture":"#0"},"up":{"uv":[1.4375,5.8125,1.1875,5.5625],"texture":"#0"},"down":{"uv":[1.4375,5.8125,1.1875,5.5625],"texture":"#0"}}},{"from":[25,-6,26.5],"to":[29,18,30.5],"faces":{"north":{"uv":[0.25,6.1875,0,4.6875],"texture":"#0"},"east":{"uv":[0.25,6.1875,0.5,4.6875],"texture":"#0"},"south":{"uv":[0.25,6.1875,0,4.6875],"texture":"#0"},"west":{"uv":[0.25,6.1875,0.5,4.6875],"texture":"#0"},"up":{"uv":[1.4375,5.8125,1.1875,5.5625],"texture":"#0"},"down":{"uv":[1.4375,5.8125,1.1875,5.5625],"texture":"#0"}}},{"from":[6,-7.7,-4.5],"to":[6,0.3,-3.5],"rotation":{"angle":22.5,"axis":"x","origin":[5.6,15.8,12.4]},"faces":{"north":{"uv":[1,6.84375,1.5,6.84375],"rotation":90,"texture":"#0"},"east":{"uv":[3.25,6.6875,2.75,6.625],"rotation":90,"texture":"#0"},"south":{"uv":[1,6.84375,1.5,6.84375],"rotation":270,"texture":"#0"},"west":{"uv":[3.25,6.6875,2.75,6.625],"rotation":90,"texture":"#0"},"up":{"uv":[1.0625,6.84375,1.125,6.84375],"rotation":270,"texture":"#0"},"down":{"uv":[1.0625,6.84375,1.125,6.84375],"rotation":270,"texture":"#0"}}},{"from":[6,0.3,-4.5],"to":[6,8.3,-3.5],"rotation":{"angle":22.5,"axis":"x","origin":[5.6,15.8,12.4]},"faces":{"north":{"uv":[1,6.84375,1.5,6.84375],"rotation":90,"texture":"#0"},"east":{"uv":[3.25,6.6875,2.75,6.625],"rotation":90,"texture":"#0"},"south":{"uv":[1,6.84375,1.5,6.84375],"rotation":270,"texture":"#0"},"west":{"uv":[3.25,6.6875,2.75,6.625],"rotation":90,"texture":"#0"},"up":{"uv":[1.0625,6.84375,1.125,6.84375],"rotation":270,"texture":"#0"},"down":{"uv":[1.0625,6.84375,1.125,6.84375],"rotation":270,"texture":"#0"}}},{"from":[26,-7.7,-4.5],"to":[26,0.3,-3.5],"rotation":{"angle":22.5,"axis":"x","origin":[10.4,15.8,12.4]},"faces":{"north":{"uv":[1,6.84375,1.5,6.84375],"rotation":90,"texture":"#0"},"east":{"uv":[3.25,6.625,2.75,6.6875],"rotation":90,"texture":"#0"},"south":{"uv":[1,6.84375,1.5,6.84375],"rotation":270,"texture":"#0"},"west":{"uv":[3.25,6.625,2.75,6.6875],"rotation":90,"texture":"#0"},"up":{"uv":[1.0625,6.84375,1.125,6.84375],"rotation":270,"texture":"#0"},"down":{"uv":[1.0625,6.84375,1.125,6.84375],"rotation":270,"texture":"#0"}}},{"from":[26,0.3,-4.5],"to":[26,8.3,-3.5],"rotation":{"angle":22.5,"axis":"x","origin":[10.4,15.8,12.4]},"faces":{"north":{"uv":[1,6.84375,1.5,6.84375],"rotation":90,"texture":"#0"},"east":{"uv":[3.25,6.625,2.75,6.6875],"rotation":90,"texture":"#0"},"south":{"uv":[1,6.84375,1.5,6.84375],"rotation":270,"texture":"#0"},"west":{"uv":[3.25,6.625,2.75,6.6875],"rotation":90,"texture":"#0"},"up":{"uv":[1.0625,6.84375,1.125,6.84375],"rotation":270,"texture":"#0"},"down":{"uv":[1.0625,6.84375,1.125,6.84375],"rotation":270,"texture":"#0"}}},{"from":[4,1,-3.5],"to":[6,4,27.5],"rotation":{"angle":0,"axis":"y","origin":[16,-0.75,15.51535]},"faces":{"north":{"uv":[2.0625,5.6875,2.1875,5.875],"texture":"#0"},"east":{"uv":[5.6875,2.5625,7.25,2.75],"texture":"#0"},"south":{"uv":[2.0625,5.6875,2.1875,5.875],"texture":"#0"},"west":{"uv":[5.6875,2.5625,7.25,2.75],"texture":"#0"},"up":{"uv":[2.75,5,2.625,6.5625],"texture":"#0"},"down":{"uv":[2.75,5,2.625,6.5625],"texture":"#0"}}},{"from":[4,-3,-3.5],"to":[6,0,27.5],"rotation":{"angle":0,"axis":"y","origin":[16,-0.75,15.51535]},"faces":{"north":{"uv":[2.0625,5.6875,2.1875,5.875],"texture":"#0"},"east":{"uv":[5.6875,2.5625,7.25,2.75],"texture":"#0"},"south":{"uv":[2.0625,5.6875,2.1875,5.875],"texture":"#0"},"west":{"uv":[5.6875,2.5625,7.25,2.75],"texture":"#0"},"up":{"uv":[2.75,5,2.625,6.5625],"texture":"#0"},"down":{"uv":[2.75,5,2.625,6.5625],"texture":"#0"}}},{"from":[7.01535,-3,-6.48465],"to":[25.01535,0,-4.48465],"rotation":{"angle":0,"axis":"y","origin":[7,-0.75,15.51535]},"faces":{"north":{"uv":[5.6875,2.5625,6.8125,2.75],"texture":"#0"},"east":{"uv":[2.0625,5.6875,2.1875,5.875],"texture":"#0"},"south":{"uv":[5.6875,2.5625,6.8125,2.75],"texture":"#0"},"west":{"uv":[2.0625,5.6875,2.1875,5.875],"texture":"#0"},"up":{"uv":[2.75,5,2.625,6.125],"rotation":90,"texture":"#0"},"down":{"uv":[2.75,5,2.625,6.125],"rotation":270,"texture":"#0"}}},{"from":[26,-3,-3.5],"to":[28,0,27.5],"rotation":{"angle":0,"axis":"y","origin":[16,-0.75,15.51535]},"faces":{"north":{"uv":[2.1875,5.6875,2.0625,5.875],"texture":"#0"},"east":{"uv":[7.25,2.5625,5.6875,2.75],"texture":"#0"},"south":{"uv":[2.1875,5.6875,2.0625,5.875],"texture":"#0"},"west":{"uv":[7.25,2.5625,5.6875,2.75],"texture":"#0"},"up":{"uv":[2.625,5,2.75,6.5625],"texture":"#0"},"down":{"uv":[2.625,5,2.75,6.5625],"texture":"#0"}}},{"from":[26,1,-3.5],"to":[28,4,27.5],"rotation":{"angle":0,"axis":"y","origin":[16,-0.75,15.51535]},"faces":{"north":{"uv":[2.1875,5.6875,2.0625,5.875],"texture":"#0"},"east":{"uv":[7.25,2.5625,5.6875,2.75],"texture":"#0"},"south":{"uv":[2.1875,5.6875,2.0625,5.875],"texture":"#0"},"west":{"uv":[7.25,2.5625,5.6875,2.75],"texture":"#0"},"up":{"uv":[2.625,5,2.75,6.5625],"texture":"#0"},"down":{"uv":[2.625,5,2.75,6.5625],"texture":"#0"}}},{"from":[7.5,23.5,-8],"to":[16,23.5,31],"rotation":{"angle":0,"axis":"y","origin":[34,22.5,3.4]},"faces":{"up":{"uv":[2.75,2.3125,5.1875,2.84375],"rotation":90,"texture":"#0"},"down":{"uv":[5.1875,2.3125,2.75,2.84375],"rotation":90,"texture":"#0"}}},{"from":[1.8,1.5,-8],"to":[16,23.5,-8],"rotation":{"angle":0,"axis":"y","origin":[-18,22.5,3.4]},"faces":{"north":{"uv":[1.2625,8.15625,0.375,9.53125],"texture":"#0"},"south":{"uv":[0.375,8.15625,1.2625,9.53125],"texture":"#0"},"up":{"uv":[2.75,2.84375,5.1875,2.3125],"rotation":90,"texture":"#0"},"down":{"uv":[5.1875,2.84375,2.75,2.3125],"rotation":90,"texture":"#0"}}},{"from":[16,1.5,-8],"to":[30.2,23.5,-8],"rotation":{"angle":0,"axis":"y","origin":[34,22.5,3.4]},"faces":{"north":{"uv":[0.375,8.15625,1.2625,9.53125],"texture":"#0"},"south":{"uv":[1.2625,8.15625,0.375,9.53125],"texture":"#0"},"up":{"uv":[2.75,2.3125,5.1875,2.84375],"rotation":90,"texture":"#0"},"down":{"uv":[5.1875,2.3125,2.75,2.84375],"rotation":90,"texture":"#0"}}},{"from":[1.8,-2.5,31],"to":[16,23.5,31],"rotation":{"angle":0,"axis":"y","origin":[-18,22.5,12.6]},"faces":{"north":{"uv":[1.2625,8.15625,0.375,9.78125],"texture":"#0"},"south":{"uv":[1.28125,8.15625,2.16875,9.78125],"texture":"#0"},"up":{"uv":[5.1875,2.84375,2.75,2.3125],"rotation":90,"texture":"#0"},"down":{"uv":[2.75,2.84375,5.1875,2.3125],"rotation":90,"texture":"#0"}}},{"from":[16,-2.5,31],"to":[30.2,23.5,31],"rotation":{"angle":0,"axis":"y","origin":[34,22.5,12.6]},"faces":{"north":{"uv":[0.375,8.15625,1.2625,9.78125],"texture":"#0"},"south":{"uv":[2.16875,8.15625,1.28125,9.78125],"texture":"#0"},"up":{"uv":[5.1875,2.3125,2.75,2.84375],"rotation":90,"texture":"#0"},"down":{"uv":[2.75,2.3125,5.1875,2.84375],"rotation":90,"texture":"#0"}}},{"from":[16,23.5,-8],"to":[24.5,23.5,31],"rotation":{"angle":0,"axis":"y","origin":[-18,22.5,3.4]},"faces":{"up":{"uv":[2.75,2.84375,5.1875,2.3125],"rotation":90,"texture":"#0"},"down":{"uv":[5.1875,2.84375,2.75,2.3125],"rotation":90,"texture":"#0"}}},{"from":[1.8,18,-8],"to":[1.8,26,31],"rotation":{"angle":-45,"axis":"z","origin":[1.7,17.8,-6.6]},"faces":{"east":{"uv":[5.1875,2.6875,2.75,3.125],"texture":"#0"},"west":{"uv":[2.75,2.6875,5.1875,3.125],"texture":"#0"}}},{"from":[1.8,1.9,-8],"to":[1.8,17.9,-1.5],"rotation":{"angle":0,"axis":"y","origin":[2,17.7,22.5]},"faces":{"east":{"uv":[1.125,2.3125,0.71875,3.3125],"texture":"#0"},"west":{"uv":[1.125,2.3125,0.71875,3.3125],"texture":"#0"}}},{"from":[30.2,18,-8],"to":[30.2,26,31],"rotation":{"angle":45,"axis":"z","origin":[30.3,17.8,-6.6]},"faces":{"east":{"uv":[5.1875,2.59375,2.75,3.03125],"texture":"#0"},"west":{"uv":[2.75,2.59375,5.1875,3.03125],"texture":"#0"}}},{"from":[30.2,1.9,-8],"to":[30.2,17.9,31],"rotation":{"angle":0,"axis":"y","origin":[30,17.7,22.5]},"faces":{"east":{"uv":[0.3125,2.3125,2.75,3.3125],"texture":"#0"},"west":{"uv":[2.75,2.3125,0.3125,3.3125],"texture":"#0"}}},{"from":[-5.4,18.7,-1.5],"to":[2.5,18.7,24.5],"rotation":{"angle":22.5,"axis":"z","origin":[4,16.7,-0.5]},"faces":{"up":{"uv":[2.34375,2.375,0.71875,2.86875],"rotation":90,"texture":"#0"},"down":{"uv":[2.34375,2.375,0.71875,2.86875],"rotation":90,"texture":"#0"}}},{"from":[11.5,-1.5,-1.5],"to":[26.5,1.5,13.5],"faces":{"north":{"uv":[7.25,1,8.1875,1.1875],"texture":"#0"},"east":{"uv":[7.25,1,8.1875,1.1875],"texture":"#0"},"south":{"uv":[7.25,1,8.1875,1.1875],"texture":"#0"},"west":{"uv":[7.25,1,8.1875,1.1875],"texture":"#0"},"up":{"uv":[9.25,0,10.1875,0.9375],"texture":"#0"},"down":{"uv":[9.25,0,10.1875,0.9375],"texture":"#0"}}},{"from":[12,-1,-1],"to":[26,9,13],"faces":{"north":{"uv":[8.375,0.875,9.25,1.5],"texture":"#0"},"east":{"uv":[8.375,0.875,9.25,1.5],"texture":"#0"},"south":{"uv":[8.375,0.875,9.25,1.5],"texture":"#0"},"west":{"uv":[8.375,0.875,9.25,1.5],"texture":"#0"},"up":{"uv":[8.375,0,9.25,0.875],"texture":"#0"},"down":{"uv":[8.375,0,9.25,0.875],"texture":"#0"}}},{"from":[11.5,6.5,-1.5],"to":[26.5,9.5,13.5],"faces":{"north":{"uv":[7.25,1,8.1875,1.1875],"texture":"#0"},"east":{"uv":[7.25,1,8.1875,1.1875],"texture":"#0"},"south":{"uv":[7.25,1,8.1875,1.1875],"texture":"#0"},"west":{"uv":[7.25,1,8.1875,1.1875],"texture":"#0"},"up":{"uv":[9.25,0,10.1875,0.9375],"texture":"#0"},"down":{"uv":[9.25,0,10.1875,0.9375],"texture":"#0"}}},{"from":[-2,1.6,1],"to":[4,3.1,21],"rotation":{"angle":0,"axis":"y","origin":[0,-0.4,0]},"faces":{"north":{"uv":[5.9375,5.5625,5.5625,5.65625],"texture":"#0"},"east":{"uv":[5.5,3.9375,6.75,4.03125],"texture":"#0"},"south":{"uv":[5.5625,5.5625,5.9375,5.65625],"texture":"#0"},"west":{"uv":[5.5,3.9375,6.75,4.03125],"texture":"#0"},"up":{"uv":[5.78125,5,4.53125,4.625],"rotation":90,"texture":"#0"},"down":{"uv":[5.78125,5,4.53125,4.625],"rotation":90,"texture":"#0"}}},{"from":[12.5,-4,-0.5],"to":[25.5,12,12.5],"faces":{"north":{"uv":[7.5,0,8.3125,1],"texture":"#0"},"east":{"uv":[7.5,0,8.3125,1],"texture":"#0"},"south":{"uv":[7.5,0,8.3125,1],"texture":"#0"},"west":{"uv":[7.5,0,8.3125,1],"texture":"#0"},"up":{"uv":[8.375,0,9.1875,0.8125],"texture":"#0"},"down":{"uv":[8.375,0,9.1875,0.8125],"texture":"#0"}}},{"from":[-5.5,9,-1.5],"to":[-5.5,15,24.5],"rotation":{"angle":0,"axis":"y","origin":[-5.5,15,-0.5]},"faces":{"east":{"uv":[2.34375,2.9375,0.71875,3.3125],"texture":"#0"},"west":{"uv":[2.34375,2.9375,0.71875,3.3125],"texture":"#0"}}},{"from":[1.8,1.9,24.5],"to":[1.8,17.9,31],"rotation":{"angle":0,"axis":"y","origin":[2,17.7,22.5]},"faces":{"east":{"uv":[0.71875,2.3125,0.3125,3.3125],"texture":"#0"},"west":{"uv":[0.71875,2.3125,0.3125,3.3125],"texture":"#0"}}},{"from":[5,-2,-13],"to":[27,1,-2],"rotation":{"angle":0,"axis":"y","origin":[22,0,0]},"faces":{"north":{"uv":[0.5,5.375,2,5.5625],"texture":"#0"},"east":{"uv":[4.875,5.5,5.5625,5.6875],"texture":"#0"},"south":{"uv":[0.5,5.375,2,5.5625],"texture":"#0"},"west":{"uv":[4.875,5.5,5.5625,5.6875],"texture":"#0"},"up":{"uv":[3.4375,6.40625,2.75,5.03125],"rotation":90,"texture":"#0"},"down":{"uv":[3.4375,6.40625,2.75,5.03125],"rotation":90,"texture":"#0"}}}],"gui_light":"front","display":{"thirdperson_righthand":{"rotation":[67.5,0,0],"translation":[-1.25,3.75,1.5],"scale":[0.19531,0.19531,0.19531]},"thirdperson_lefthand":{"rotation":[67.5,0,0],"translation":[1.5,3.75,1.5],"scale":[0.19531,0.19531,0.19531]},"firstperson_righthand":{"rotation":[0,225,0],"translation":[2.75,2.75,0],"scale":[0.4,0.4,0.4]},"firstperson_lefthand":{"rotation":[0,225,0],"translation":[2.75,2.75,0],"scale":[0.4,0.4,0.4]},"ground":{"translation":[-1.25,3,0],"scale":[0.22461,0.22461,0.22461]},"gui":{"rotation":[30,225,0],"translation":[2.25,1.25,0],"scale":[0.27109,0.27109,0.27109]},"head":{"translation":[-18.25,9.5,-6.75],"scale":[0,0,0]},"fixed":{"rotation":[-90,0,0],"translation":[-23.5,-4.25,-62.6],"scale":[2.6,2.6,2.6]}}}