{"texture_size":[256,256],"textures":{"0":"custom/furniture/medieval_market/medievalmarket","particle":"custom/furniture/medieval_market/medievalmarket"},"elements":[{"from":[15,-7.5,0],"to":[19,8,4],"rotation":{"angle":-22.5,"axis":"x","origin":[8,-0.75,11.51535]},"faces":{"north":{"uv":[10.25,1,10,1.96875],"texture":"#0"},"east":{"uv":[10.25,1,10,1.96875],"texture":"#0"},"south":{"uv":[10.25,1,10,1.96875],"texture":"#0"},"west":{"uv":[10.25,1,10,1.96875],"texture":"#0"},"up":{"uv":[10.25,2.21875,10,1.96875],"texture":"#0"},"down":{"uv":[10.25,2.21875,10,1.96875],"texture":"#0"}}},{"from":[15,-1.5,23.5],"to":[19,14,27.5],"rotation":{"angle":0,"axis":"y","origin":[8,-0.75,11.51535]},"faces":{"north":{"uv":[10.25,1,10,1.96875],"texture":"#0"},"east":{"uv":[10.25,1,10,1.96875],"texture":"#0"},"south":{"uv":[10.25,1,10,1.96875],"texture":"#0"},"west":{"uv":[10.25,1,10,1.96875],"texture":"#0"},"up":{"uv":[10.25,2.21875,10,1.96875],"texture":"#0"},"down":{"uv":[10.25,2.21875,10,1.96875],"texture":"#0"}}},{"from":[16,2.5,3],"to":[18,5.5,28],"rotation":{"angle":-22.5,"axis":"x","origin":[8,-0.75,11.51535]},"faces":{"north":{"uv":[2.1875,5.6875,2.0625,5.875],"texture":"#0"},"east":{"uv":[7.25,2.5625,5.6875,2.75],"texture":"#0"},"south":{"uv":[2.1875,5.6875,2.0625,5.875],"texture":"#0"},"west":{"uv":[7.25,2.5625,5.6875,2.75],"texture":"#0"},"up":{"uv":[2.625,5,2.75,6.5625],"texture":"#0"},"down":{"uv":[2.625,5,2.75,6.5625],"texture":"#0"}}},{"from":[16,-2.5,2],"to":[18,0.5,27],"rotation":{"angle":-22.5,"axis":"x","origin":[8,-0.75,11.51535]},"faces":{"north":{"uv":[2.1875,5.6875,2.0625,5.875],"texture":"#0"},"east":{"uv":[7.25,2.5625,5.6875,2.75],"texture":"#0"},"south":{"uv":[2.1875,5.6875,2.0625,5.875],"texture":"#0"},"west":{"uv":[7.25,2.5625,5.6875,2.75],"texture":"#0"},"up":{"uv":[2.625,5,2.75,6.5625],"texture":"#0"},"down":{"uv":[2.625,5,2.75,6.5625],"texture":"#0"}}},{"from":[-3,-1.5,23.5],"to":[1,14,27.5],"rotation":{"angle":0,"axis":"y","origin":[8,-0.75,11.51535]},"faces":{"north":{"uv":[10,1,10.25,1.96875],"texture":"#0"},"east":{"uv":[10,1,10.25,1.96875],"texture":"#0"},"south":{"uv":[10,1,10.25,1.96875],"texture":"#0"},"west":{"uv":[10,1,10.25,1.96875],"texture":"#0"},"up":{"uv":[10,2.21875,10.25,1.96875],"texture":"#0"},"down":{"uv":[10,2.21875,10.25,1.96875],"texture":"#0"}}},{"from":[-2,2.5,3],"to":[0,5.5,28],"rotation":{"angle":-22.5,"axis":"x","origin":[8,-0.75,11.51535]},"faces":{"north":{"uv":[2.0625,5.6875,2.1875,5.875],"texture":"#0"},"east":{"uv":[5.6875,2.5625,7.25,2.75],"texture":"#0"},"south":{"uv":[2.0625,5.6875,2.1875,5.875],"texture":"#0"},"west":{"uv":[5.6875,2.5625,7.25,2.75],"texture":"#0"},"up":{"uv":[2.75,5,2.625,6.5625],"texture":"#0"},"down":{"uv":[2.75,5,2.625,6.5625],"texture":"#0"}}},{"from":[-2,-2.5,2],"to":[0,0.5,27],"rotation":{"angle":-22.5,"axis":"x","origin":[8,-0.75,11.51535]},"faces":{"north":{"uv":[2.0625,5.6875,2.1875,5.875],"texture":"#0"},"east":{"uv":[5.6875,2.5625,7.25,2.75],"texture":"#0"},"south":{"uv":[2.0625,5.6875,2.1875,5.875],"texture":"#0"},"west":{"uv":[5.6875,2.5625,7.25,2.75],"texture":"#0"},"up":{"uv":[2.75,5,2.625,6.5625],"texture":"#0"},"down":{"uv":[2.75,5,2.625,6.5625],"texture":"#0"}}},{"from":[-3,-7.5,0],"to":[1,8,4],"rotation":{"angle":-22.5,"axis":"x","origin":[8,-0.75,11.51535]},"faces":{"north":{"uv":[10,1,10.25,1.96875],"texture":"#0"},"east":{"uv":[10,1,10.25,1.96875],"texture":"#0"},"south":{"uv":[10,1,10.25,1.96875],"texture":"#0"},"west":{"uv":[10,1,10.25,1.96875],"texture":"#0"},"up":{"uv":[10,2.21875,10.25,1.96875],"texture":"#0"},"down":{"uv":[10,2.21875,10.25,1.96875],"texture":"#0"}}},{"from":[15.6,-6.5,-16],"to":[17.6,-4.5,0],"rotation":{"angle":-22.5,"axis":"x","origin":[8,-0.75,11.51535]},"faces":{"north":{"uv":[7.375,0.6875,7.25,0.8125],"texture":"#0"},"east":{"uv":[8.25,1.875,7.25,1.75],"texture":"#0"},"south":{"uv":[7.375,0.6875,7.25,0.8125],"texture":"#0"},"west":{"uv":[7.25,1.875,8.25,1.75],"texture":"#0"},"up":{"uv":[9.875,1,10,2],"texture":"#0"},"down":{"uv":[9.875,1,10,2],"texture":"#0"}}},{"from":[8,-9,12],"to":[20.5,-7,14],"rotation":{"angle":0,"axis":"y","origin":[8,-0.75,11.51535]},"faces":{"north":{"uv":[7.25,1.875,8.03125,1.75],"texture":"#0"},"east":{"uv":[7.375,0.6875,7.25,0.8125],"texture":"#0"},"south":{"uv":[8.03125,1.875,7.25,1.75],"texture":"#0"},"west":{"uv":[7.375,0.6875,7.25,0.8125],"texture":"#0"},"up":{"uv":[9.875,1,10,1.78125],"rotation":90,"texture":"#0"},"down":{"uv":[9.875,1,10,1.78125],"rotation":270,"texture":"#0"}}},{"from":[-4.5,-9,12],"to":[8,-7,14],"rotation":{"angle":0,"axis":"y","origin":[8,-0.75,11.51535]},"faces":{"north":{"uv":[8.03125,1.875,7.25,1.75],"texture":"#0"},"east":{"uv":[7.25,0.6875,7.375,0.8125],"texture":"#0"},"south":{"uv":[7.25,1.875,8.03125,1.75],"texture":"#0"},"west":{"uv":[7.25,0.6875,7.375,0.8125],"texture":"#0"},"up":{"uv":[9.875,1.78125,10,1],"rotation":90,"texture":"#0"},"down":{"uv":[9.875,1.78125,10,1],"rotation":270,"texture":"#0"}}},{"from":[-1.6,-6.5,-16],"to":[0.4,-4.5,0],"rotation":{"angle":-22.5,"axis":"x","origin":[8,-0.75,11.51535]},"faces":{"north":{"uv":[7.25,0.6875,7.375,0.8125],"texture":"#0"},"east":{"uv":[8.25,1.875,7.25,1.75],"texture":"#0"},"south":{"uv":[7.25,0.6875,7.375,0.8125],"texture":"#0"},"west":{"uv":[7.25,1.875,8.25,1.75],"texture":"#0"},"up":{"uv":[10,1,9.875,2],"texture":"#0"},"down":{"uv":[10,1,9.875,2],"texture":"#0"}}},{"from":[1,2.5,1],"to":[8,5.5,3],"rotation":{"angle":-22.5,"axis":"x","origin":[8,-0.75,11.51535]},"faces":{"north":{"uv":[6.15625,2.5625,5.71875,2.75],"texture":"#0"},"east":{"uv":[2.1875,5.6875,2.0625,5.875],"texture":"#0"},"south":{"uv":[6.15625,2.5625,5.71875,2.75],"texture":"#0"},"west":{"uv":[2.1875,5.6875,2.0625,5.875],"texture":"#0"},"up":{"uv":[2.625,5.4375,2.75,5],"rotation":90,"texture":"#0"},"down":{"uv":[2.625,5.4375,2.75,5],"rotation":90,"texture":"#0"}}},{"from":[1,-2.5,1],"to":[8,0.5,3],"rotation":{"angle":-22.5,"axis":"x","origin":[8,-0.75,11.51535]},"faces":{"north":{"uv":[6.15625,2.5625,5.71875,2.75],"texture":"#0"},"east":{"uv":[2.1875,5.6875,2.0625,5.875],"texture":"#0"},"south":{"uv":[6.15625,2.5625,5.71875,2.75],"texture":"#0"},"west":{"uv":[2.1875,5.6875,2.0625,5.875],"texture":"#0"},"up":{"uv":[2.625,5.4375,2.75,5],"rotation":90,"texture":"#0"},"down":{"uv":[2.625,5.4375,2.75,5],"rotation":90,"texture":"#0"}}},{"from":[8,-2.5,1],"to":[15,0.5,3],"rotation":{"angle":-22.5,"axis":"x","origin":[8,-0.75,11.51535]},"faces":{"north":{"uv":[5.71875,2.5625,6.15625,2.75],"texture":"#0"},"east":{"uv":[2.0625,5.6875,2.1875,5.875],"texture":"#0"},"south":{"uv":[5.71875,2.5625,6.15625,2.75],"texture":"#0"},"west":{"uv":[2.0625,5.6875,2.1875,5.875],"texture":"#0"},"up":{"uv":[2.625,5,2.75,5.4375],"rotation":90,"texture":"#0"},"down":{"uv":[2.625,5,2.75,5.4375],"rotation":90,"texture":"#0"}}},{"from":[8,2.5,1],"to":[15,5.5,3],"rotation":{"angle":-22.5,"axis":"x","origin":[8,-0.75,11.51535]},"faces":{"north":{"uv":[5.71875,2.5625,6.15625,2.75],"texture":"#0"},"east":{"uv":[2.0625,5.6875,2.1875,5.875],"texture":"#0"},"south":{"uv":[5.71875,2.5625,6.15625,2.75],"texture":"#0"},"west":{"uv":[2.0625,5.6875,2.1875,5.875],"texture":"#0"},"up":{"uv":[2.625,5,2.75,5.4375],"rotation":90,"texture":"#0"},"down":{"uv":[2.625,5,2.75,5.4375],"rotation":90,"texture":"#0"}}},{"from":[-2.5,-7,0.5],"to":[18.5,-4,26],"rotation":{"angle":-22.5,"axis":"x","origin":[8,-0.75,11.51535]},"faces":{"north":{"uv":[6.0625,3.0625,7.375,3.25],"texture":"#0"},"east":{"uv":[5.75,4.03125,7.34375,4.21875],"texture":"#0"},"south":{"uv":[6.0625,3.0625,7.375,3.25],"texture":"#0"},"west":{"uv":[5.75,4.03125,7.34375,4.21875],"texture":"#0"},"up":{"uv":[9.8125,3.46875,8.5,1.875],"texture":"#0"},"down":{"uv":[9.8125,3.46875,8.5,1.875],"texture":"#0"}}},{"from":[19.5,-16,5],"to":[19.5,0,21],"rotation":{"angle":0,"axis":"y","origin":[19.1,-8.5,11.5]},"faces":{"north":{"uv":[0,0,0,1],"texture":"#missing"},"east":{"uv":[7.375,2.875,8.375,3.875],"texture":"#0"},"south":{"uv":[0,0,0,1],"texture":"#missing"},"west":{"uv":[7.375,2.875,8.375,3.875],"texture":"#0"},"up":{"uv":[0,0,0,1],"texture":"#missing"},"down":{"uv":[0,0,0,1],"texture":"#missing"}}},{"from":[-3.5,-16,5],"to":[-3.5,0,21],"rotation":{"angle":0,"axis":"y","origin":[-3.1,-8.5,11.5]},"faces":{"north":{"uv":[0,0,0,1],"texture":"#missing"},"east":{"uv":[8.375,2.875,7.375,3.875],"texture":"#0"},"south":{"uv":[0,0,0,1],"texture":"#missing"},"west":{"uv":[8.375,2.875,7.375,3.875],"texture":"#0"},"up":{"uv":[0,0,0,1],"texture":"#missing"},"down":{"uv":[0,0,0,1],"texture":"#missing"}}}],"gui_light":"front","display":{"thirdperson_righthand":{"rotation":[67.5,0,0],"translation":[-0.25,3.25,2.25],"scale":[0.22071,0.22071,0.22071]},"thirdperson_lefthand":{"rotation":[67.5,0,0],"translation":[-0.25,3.25,2.25],"scale":[0.22071,0.22071,0.22071]},"firstperson_righthand":{"rotation":[172.95,-12.39,-179.13],"translation":[2.75,5.75,-1],"scale":[0.30821,0.30821,0.30821]},"firstperson_lefthand":{"rotation":[172.95,-12.39,-179.13],"translation":[2.75,5.75,-1],"scale":[0.30821,0.30821,0.30821]},"ground":{"translation":[0,6,0],"scale":[0.25,0.25,0.25]},"gui":{"rotation":[30,225,0],"translation":[0.25,2.25,0],"scale":[0.29844,0.29844,0.29844]},"head":{"rotation":[0,180,0],"translation":[0,-12.75,11],"scale":[0,0,0]},"fixed":{"rotation":[-90,0,0],"translation":[0,2,-48],"scale":[2,2,2]}}}