{"texture_size":[256,256],"textures":{"0":"custom/furniture/medieval_market/medievalmarket","particle":"custom/furniture/medieval_market/medievalmarket"},"elements":[{"from":[-3,18,15],"to":[3,22,21],"rotation":{"angle":-22.5,"axis":"y","origin":[0,24,0]},"faces":{"north":{"uv":[3.25,8.375,3.625,8.625],"texture":"#0"},"east":{"uv":[3.25,8.375,3.625,8.625],"texture":"#0"},"south":{"uv":[3.25,8.375,3.625,8.625],"texture":"#0"},"west":{"uv":[3.25,8.375,3.625,8.625],"texture":"#0"},"up":{"uv":[3.625,8.625,3.25,9],"texture":"#0"},"down":{"uv":[3.625,9,3.25,9.375],"texture":"#0"}}},{"from":[-3,22,15],"to":[3,23,16],"rotation":{"angle":-22.5,"axis":"y","origin":[0,24,0]},"faces":{"north":{"uv":[3.25,8.28125,3.625,8.34375],"texture":"#0"},"east":{"uv":[3.25,8.28125,3.3125,8.34375],"texture":"#0"},"south":{"uv":[3.25,8.28125,3.625,8.34375],"texture":"#0"},"west":{"uv":[3.25,8.28125,3.3125,8.34375],"texture":"#0"},"up":{"uv":[3.625,8.6875,3.25,8.625],"texture":"#0"},"down":{"uv":[3.625,9.0625,3.25,9],"texture":"#0"}}},{"from":[-3,22,20],"to":[3,23,21],"rotation":{"angle":-22.5,"axis":"y","origin":[0,24,0]},"faces":{"north":{"uv":[3.625,8.28125,3.25,8.34375],"texture":"#0"},"east":{"uv":[3.3125,8.28125,3.25,8.34375],"texture":"#0"},"south":{"uv":[3.625,8.28125,3.25,8.34375],"texture":"#0"},"west":{"uv":[3.3125,8.28125,3.25,8.34375],"texture":"#0"},"up":{"uv":[3.625,8.625,3.25,8.6875],"texture":"#0"},"down":{"uv":[3.625,9,3.25,9.0625],"texture":"#0"}}},{"from":[2,22,16],"to":[3,23,20],"rotation":{"angle":-22.5,"axis":"y","origin":[0,24,0]},"faces":{"north":{"uv":[3.25,8.375,3.3125,8.4375],"texture":"#0"},"east":{"uv":[3.53125,8.375,3.28125,8.4375],"texture":"#0"},"south":{"uv":[3.3125,8.375,3.25,8.4375],"texture":"#0"},"west":{"uv":[3.53125,8.375,3.28125,8.4375],"texture":"#0"},"up":{"uv":[3.3125,8.875,3.25,8.625],"texture":"#0"},"down":{"uv":[3.3125,9.25,3.25,9],"texture":"#0"}}},{"from":[-3,22,16],"to":[-2,23,20],"rotation":{"angle":-22.5,"axis":"y","origin":[0,24,0]},"faces":{"north":{"uv":[3.25,8.375,3.3125,8.4375],"texture":"#0"},"east":{"uv":[3.53125,8.375,3.28125,8.4375],"texture":"#0"},"south":{"uv":[3.3125,8.375,3.25,8.4375],"texture":"#0"},"west":{"uv":[3.53125,8.375,3.28125,8.4375],"texture":"#0"},"up":{"uv":[3.3125,8.875,3.25,8.625],"texture":"#0"},"down":{"uv":[3.3125,9.25,3.25,9],"texture":"#0"}}},{"from":[-2,16,16],"to":[2,18,20],"rotation":{"angle":-22.5,"axis":"y","origin":[0,24,0]},"faces":{"north":{"uv":[2.75,8.5625,3,8.6875],"texture":"#0"},"east":{"uv":[3,8.6875,2.75,8.8125],"texture":"#0"},"south":{"uv":[2.75,8.5625,3,8.6875],"texture":"#0"},"west":{"uv":[3,8.6875,2.75,8.8125],"texture":"#0"},"up":{"uv":[3.25,8.5625,3,8.8125],"texture":"#0"},"down":{"uv":[3.25,8.5625,3,8.8125],"texture":"#0"}}},{"from":[12,0,6],"to":[18,1,7],"rotation":{"angle":45,"axis":"y","origin":[0,24,0]},"faces":{"north":{"uv":[3.625,8.6875,3.25,8.625],"rotation":180,"texture":"#0"},"east":{"uv":[3.25,8.28125,3.3125,8.34375],"rotation":90,"texture":"#0"},"south":{"uv":[3.625,9.0625,3.25,9],"texture":"#0"},"west":{"uv":[3.25,8.28125,3.3125,8.34375],"rotation":270,"texture":"#0"},"up":{"uv":[3.25,8.28125,3.625,8.34375],"texture":"#0"},"down":{"uv":[3.25,8.28125,3.625,8.34375],"rotation":180,"texture":"#0"}}},{"from":[17,1,6],"to":[18,5,7],"rotation":{"angle":45,"axis":"y","origin":[0,24,0]},"faces":{"north":{"uv":[3.3125,8.875,3.25,8.625],"rotation":180,"texture":"#0"},"east":{"uv":[3.53125,8.375,3.28125,8.4375],"rotation":90,"texture":"#0"},"south":{"uv":[3.3125,9.25,3.25,9],"texture":"#0"},"west":{"uv":[3.53125,8.375,3.28125,8.4375],"rotation":270,"texture":"#0"},"up":{"uv":[3.3125,8.375,3.25,8.4375],"texture":"#0"},"down":{"uv":[3.25,8.375,3.3125,8.4375],"rotation":180,"texture":"#0"}}},{"from":[12,5,6],"to":[18,6,7],"rotation":{"angle":45,"axis":"y","origin":[0,24,0]},"faces":{"north":{"uv":[3.625,8.625,3.25,8.6875],"rotation":180,"texture":"#0"},"east":{"uv":[3.3125,8.28125,3.25,8.34375],"rotation":90,"texture":"#0"},"south":{"uv":[3.625,9,3.25,9.0625],"texture":"#0"},"west":{"uv":[3.3125,8.28125,3.25,8.34375],"rotation":270,"texture":"#0"},"up":{"uv":[3.625,8.28125,3.25,8.34375],"texture":"#0"},"down":{"uv":[3.625,8.28125,3.25,8.34375],"rotation":180,"texture":"#0"}}},{"from":[12,0,7],"to":[18,6,11],"rotation":{"angle":45,"axis":"y","origin":[0,24,0]},"faces":{"north":{"uv":[3.625,9.375,3.25,9.75],"rotation":180,"texture":"#0"},"east":{"uv":[3.25,8.375,3.625,8.625],"rotation":90,"texture":"#0"},"south":{"uv":[3.625,9,3.25,9.375],"texture":"#0"},"west":{"uv":[3.25,8.375,3.625,8.625],"rotation":270,"texture":"#0"},"up":{"uv":[3.25,8.375,3.625,8.625],"texture":"#0"},"down":{"uv":[3.25,8.375,3.625,8.625],"rotation":180,"texture":"#0"}}},{"from":[12,1,6],"to":[13,5,7],"rotation":{"angle":45,"axis":"y","origin":[0,24,0]},"faces":{"north":{"uv":[3.3125,8.875,3.25,8.625],"rotation":180,"texture":"#0"},"east":{"uv":[3.53125,8.375,3.28125,8.4375],"rotation":90,"texture":"#0"},"south":{"uv":[3.3125,9.25,3.25,9],"texture":"#0"},"west":{"uv":[3.53125,8.375,3.28125,8.4375],"rotation":270,"texture":"#0"},"up":{"uv":[3.3125,8.375,3.25,8.4375],"texture":"#0"},"down":{"uv":[3.25,8.375,3.3125,8.4375],"rotation":180,"texture":"#0"}}},{"from":[13,1,11],"to":[17,5,13],"rotation":{"angle":45,"axis":"y","origin":[0,24,0]},"faces":{"north":{"uv":[3.25,8.5625,3,8.8125],"rotation":180,"texture":"#0"},"east":{"uv":[3,8.6875,2.75,8.8125],"rotation":90,"texture":"#0"},"south":{"uv":[3.25,8.5625,3,8.8125],"texture":"#0"},"west":{"uv":[3,8.6875,2.75,8.8125],"rotation":270,"texture":"#0"},"up":{"uv":[2.75,8.5625,3,8.6875],"texture":"#0"},"down":{"uv":[2.75,8.5625,3,8.6875],"rotation":180,"texture":"#0"}}},{"from":[-6,14,0],"to":[10,14,16],"faces":{"north":{"uv":[4,10.0625,5,10.4375],"texture":"#0"},"east":{"uv":[4,10.0625,5,10.4375],"texture":"#0"},"south":{"uv":[4,10.0625,5,10.4375],"texture":"#0"},"west":{"uv":[4,10.0625,5,10.4375],"texture":"#0"},"up":{"uv":[4,8.3125,5,9.3125],"texture":"#0"},"down":{"uv":[4,8.3125,5,9.3125],"texture":"#0"}}},{"from":[10,14,0],"to":[26,14,16],"rotation":{"angle":0,"axis":"y","origin":[16,0,0]},"faces":{"north":{"uv":[5,10.0625,4,10.4375],"texture":"#0"},"east":{"uv":[5,10.0625,4,10.4375],"texture":"#0"},"south":{"uv":[5,10.0625,4,10.4375],"texture":"#0"},"west":{"uv":[5,10.0625,4,10.4375],"texture":"#0"},"up":{"uv":[5,9.3125,4,8.3125],"texture":"#0"},"down":{"uv":[5,8.3125,4,9.3125],"texture":"#0"}}},{"from":[22,12,-3],"to":[26,16,19],"rotation":{"angle":0,"axis":"y","origin":[16,0,0]},"faces":{"north":{"uv":[2,7.53125,1.75,7.78125],"texture":"#0"},"east":{"uv":[5.5625,7.6875,4.1875,7.9375],"texture":"#0"},"south":{"uv":[1.75,7.53125,2,7.78125],"texture":"#0"},"west":{"uv":[5.5625,7.6875,4.1875,7.9375],"texture":"#0"},"up":{"uv":[2.375,7,2.625,8.375],"texture":"#0"},"down":{"uv":[2.625,7,2.375,8.375],"texture":"#0"}}},{"from":[-10,12,-3],"to":[-6,16,19],"faces":{"north":{"uv":[1.75,7.53125,2,7.78125],"texture":"#0"},"east":{"uv":[4.1875,7.6875,5.5625,7.9375],"texture":"#0"},"south":{"uv":[2,7.53125,1.75,7.78125],"texture":"#0"},"west":{"uv":[4.1875,7.6875,5.5625,7.9375],"texture":"#0"},"up":{"uv":[2.625,7,2.375,8.375],"texture":"#0"},"down":{"uv":[2.375,7,2.625,8.375],"texture":"#0"}}},{"from":[21,0,-2],"to":[25,12,2],"rotation":{"angle":0,"axis":"y","origin":[1,0,13]},"faces":{"north":{"uv":[0.25,5.875,0,6.625],"texture":"#0"},"east":{"uv":[0.25,5.875,0,6.625],"texture":"#0"},"south":{"uv":[0.25,5.875,0,6.625],"texture":"#0"},"west":{"uv":[0.25,5.875,0,6.625],"texture":"#0"},"up":{"uv":[1.4375,5.8125,1.1875,5.5625],"texture":"#0"},"down":{"uv":[1.4375,5.8125,1.1875,5.5625],"texture":"#0"}}},{"from":[21,0,14],"to":[25,12,18],"rotation":{"angle":0,"axis":"y","origin":[1,0,13]},"faces":{"north":{"uv":[0.25,5.875,0,6.625],"texture":"#0"},"east":{"uv":[0.25,5.875,0,6.625],"texture":"#0"},"south":{"uv":[0.25,5.875,0,6.625],"texture":"#0"},"west":{"uv":[0.25,5.875,0,6.625],"texture":"#0"},"up":{"uv":[1.4375,5.8125,1.1875,5.5625],"texture":"#0"},"down":{"uv":[1.4375,5.8125,1.1875,5.5625],"texture":"#0"}}},{"from":[-9,0,14],"to":[-5,12,18],"rotation":{"angle":0,"axis":"y","origin":[15,0,13]},"faces":{"north":{"uv":[0,5.875,0.25,6.625],"texture":"#0"},"east":{"uv":[0,5.875,0.25,6.625],"texture":"#0"},"south":{"uv":[0,5.875,0.25,6.625],"texture":"#0"},"west":{"uv":[0,5.875,0.25,6.625],"texture":"#0"},"up":{"uv":[1.1875,5.8125,1.4375,5.5625],"texture":"#0"},"down":{"uv":[1.1875,5.8125,1.4375,5.5625],"texture":"#0"}}},{"from":[-9,0,-2],"to":[-5,12,2],"rotation":{"angle":0,"axis":"y","origin":[15,0,13]},"faces":{"north":{"uv":[0,5.875,0.25,6.625],"texture":"#0"},"east":{"uv":[0,5.875,0.25,6.625],"texture":"#0"},"south":{"uv":[0,5.875,0.25,6.625],"texture":"#0"},"west":{"uv":[0,5.875,0.25,6.625],"texture":"#0"},"up":{"uv":[1.1875,5.8125,1.4375,5.5625],"texture":"#0"},"down":{"uv":[1.1875,5.8125,1.4375,5.5625],"texture":"#0"}}},{"from":[-6,12,-3],"to":[8,16,1],"faces":{"north":{"uv":[2.75,8.0625,3.625,8.3125],"texture":"#0"},"east":{"uv":[2.75,8.3125,3,8.5625],"texture":"#0"},"south":{"uv":[2.75,8.0625,3.625,8.3125],"texture":"#0"},"west":{"uv":[2.75,8.3125,3,8.5625],"texture":"#0"},"up":{"uv":[2.75,7.6875,3.625,7.9375],"texture":"#0"},"down":{"uv":[2.75,7.6875,3.625,7.9375],"texture":"#0"}}},{"from":[8,12,-3],"to":[22,16,1],"faces":{"north":{"uv":[2.75,8.0625,3.625,8.3125],"texture":"#0"},"east":{"uv":[2.75,8.3125,3,8.5625],"texture":"#0"},"south":{"uv":[2.75,8.0625,3.625,8.3125],"texture":"#0"},"west":{"uv":[2.75,8.3125,3,8.5625],"texture":"#0"},"up":{"uv":[3.625,7.6875,2.75,7.9375],"texture":"#0"},"down":{"uv":[2.75,7.6875,3.625,7.9375],"texture":"#0"}}},{"from":[-6,12,15],"to":[8,16,19],"rotation":{"angle":0,"axis":"y","origin":[0,0,16]},"faces":{"north":{"uv":[3.625,8.0625,2.75,8.3125],"texture":"#0"},"east":{"uv":[3,8.3125,2.75,8.5625],"texture":"#0"},"south":{"uv":[3.625,8.0625,2.75,8.3125],"texture":"#0"},"west":{"uv":[3,8.3125,2.75,8.5625],"texture":"#0"},"up":{"uv":[2.75,7.9375,3.625,7.6875],"texture":"#0"},"down":{"uv":[2.75,7.9375,3.625,7.6875],"texture":"#0"}}},{"from":[0.4,11.9,6],"to":[2.4,14.4,7.5],"rotation":{"angle":-22.5,"axis":"z","origin":[5.2,16.3,12.4]},"faces":{"north":{"uv":[1.28125,7.21875,1.15625,7.0625],"texture":"#0"},"east":{"uv":[1.125,7.21875,1.28125,7.3125],"rotation":90,"texture":"#0"},"south":{"uv":[1.28125,7.0625,1.15625,7.21875],"rotation":180,"texture":"#0"},"west":{"uv":[1.125,7.21875,1.28125,7.3125],"rotation":270,"texture":"#0"},"up":{"uv":[1.40625,7.3125,1.28125,7.21875],"rotation":180,"texture":"#0"},"down":{"uv":[1.4375,7.40625,1.3125,7.3125],"texture":"#0"}}},{"from":[2.2,11.7,5.7],"to":[7.2,14.7,7.7],"rotation":{"angle":-22.5,"axis":"z","origin":[5.2,16.3,12.4]},"faces":{"north":{"uv":[1.875,6.84375,1.5625,6.65625],"texture":"#0"},"east":{"uv":[2.0625,6.8125,1.875,6.9375],"rotation":90,"texture":"#0"},"south":{"uv":[1.875,6.65625,1.5625,6.84375],"rotation":180,"texture":"#0"},"west":{"uv":[2.0625,6.8125,1.875,6.9375],"rotation":270,"texture":"#0"},"up":{"uv":[2,7.09375,1.6875,6.96875],"rotation":180,"texture":"#0"},"down":{"uv":[1.875,6.96875,1.5625,6.84375],"texture":"#0"}}},{"from":[7.1,11.7,6],"to":[9.1,13.7,6.9],"rotation":{"angle":-22.5,"axis":"z","origin":[5.6,15.8,12.4]},"faces":{"north":{"uv":[1.6875,7.09375,1.5625,6.96875],"texture":"#0"},"east":{"uv":[1.5625,7.15625,1.6875,7.2125],"rotation":90,"texture":"#0"},"south":{"uv":[1.6875,7.09375,1.5625,6.96875],"rotation":180,"texture":"#0"},"west":{"uv":[1.5625,7.15625,1.6875,7.2125],"rotation":270,"texture":"#0"},"up":{"uv":[1.6875,7.15,1.8125,7.09375],"rotation":180,"texture":"#0"},"down":{"uv":[1.6875,7.15,1.5625,7.09375],"texture":"#0"}}},{"from":[8.1,10.7,6.4],"to":[11.1,14.7,6.4],"rotation":{"angle":-22.5,"axis":"z","origin":[5.6,15.8,12.4]},"faces":{"north":{"uv":[1.5625,7.15625,1.375,6.90625],"texture":"#0"},"east":{"uv":[1.0625,6.84375,1.3125,6.84375],"rotation":90,"texture":"#0"},"south":{"uv":[1.5625,7.15625,1.375,6.90625],"rotation":180,"texture":"#0"},"west":{"uv":[1.0625,6.84375,1.3125,6.84375],"rotation":270,"texture":"#0"},"up":{"uv":[1.1875,6.84375,1,6.84375],"rotation":180,"texture":"#0"},"down":{"uv":[1.1875,6.84375,1,6.84375],"texture":"#0"}}},{"from":[8,12,15],"to":[22,16,19],"rotation":{"angle":0,"axis":"y","origin":[0,0,16]},"faces":{"north":{"uv":[3.625,8.0625,2.75,8.3125],"texture":"#0"},"east":{"uv":[3,8.3125,2.75,8.5625],"texture":"#0"},"south":{"uv":[3.625,8.0625,2.75,8.3125],"texture":"#0"},"west":{"uv":[3,8.3125,2.75,8.5625],"texture":"#0"},"up":{"uv":[3.625,7.9375,2.75,7.6875],"texture":"#0"},"down":{"uv":[2.75,7.9375,3.625,7.6875],"texture":"#0"}}},{"from":[-7,0,15.5],"to":[23,12,16.5],"rotation":{"angle":0,"axis":"y","origin":[0,0,16]},"faces":{"north":{"uv":[0,1.09375,1.875,1.84375],"texture":"#0"},"east":{"uv":[4.125,5.5,4.1875,6.25],"texture":"#0"},"south":{"uv":[0,1.09375,1.875,1.84375],"texture":"#0"},"west":{"uv":[0.4375,5.8125,0.5,6.5625],"texture":"#0"},"up":{"uv":[0.4375,5.875,2.3125,5.9375],"texture":"#0"},"down":{"uv":[0.4375,5.875,2.3125,5.9375],"texture":"#0"}}},{"from":[-7,0,-0.5],"to":[23,12,0.5],"faces":{"north":{"uv":[1.875,1.09375,0,1.84375],"texture":"#0"},"east":{"uv":[4.1875,5.5,4.125,6.25],"texture":"#0"},"south":{"uv":[1.875,1.09375,0,1.84375],"texture":"#0"},"west":{"uv":[0.5,5.8125,0.4375,6.5625],"texture":"#0"},"up":{"uv":[0.4375,5.9375,2.3125,5.875],"texture":"#0"},"down":{"uv":[0.4375,5.9375,2.3125,5.875],"texture":"#0"}}},{"from":[-7.5,0,2],"to":[-6.5,12,14],"faces":{"north":{"uv":[0.5,5.8125,0.4375,6.5625],"texture":"#0"},"east":{"uv":[1.46875,1.09375,0.71875,1.84375],"texture":"#0"},"south":{"uv":[4.1875,5.5,4.125,6.25],"texture":"#0"},"west":{"uv":[1.46875,1.09375,0.71875,1.84375],"texture":"#0"},"up":{"uv":[0.4375,5.9375,1.1875,5.875],"rotation":90,"texture":"#0"},"down":{"uv":[0.4375,5.9375,1.1875,5.875],"rotation":270,"texture":"#0"}}},{"from":[22.5,0,2],"to":[23.5,12,14],"rotation":{"angle":0,"axis":"y","origin":[16,0,0]},"faces":{"north":{"uv":[0.4375,5.8125,0.5,6.5625],"texture":"#0"},"east":{"uv":[0.71875,1.09375,1.46875,1.84375],"texture":"#0"},"south":{"uv":[4.125,5.5,4.1875,6.25],"texture":"#0"},"west":{"uv":[0.71875,1.09375,1.46875,1.84375],"texture":"#0"},"up":{"uv":[0.4375,5.875,1.1875,5.9375],"rotation":90,"texture":"#0"},"down":{"uv":[0.4375,5.875,1.1875,5.9375],"rotation":270,"texture":"#0"}}},{"from":[23,8.5,2],"to":[25,10.5,14],"rotation":{"angle":0,"axis":"y","origin":[22.4,14.25,12.51535]},"faces":{"north":{"uv":[7.375,0.6875,7.25,0.8125],"texture":"#0"},"east":{"uv":[8,1.875,7.25,1.75],"texture":"#0"},"south":{"uv":[7.375,0.6875,7.25,0.8125],"texture":"#0"},"west":{"uv":[8,1.875,7.25,1.75],"texture":"#0"},"up":{"uv":[10,1,9.875,1.75],"texture":"#0"},"down":{"uv":[9.875,1,10,1.75],"texture":"#0"}}},{"from":[-9,8.5,2],"to":[-7,10.5,14],"rotation":{"angle":0,"axis":"y","origin":[-6.4,14.25,12.51535]},"faces":{"north":{"uv":[7.25,0.6875,7.375,0.8125],"texture":"#0"},"east":{"uv":[7.25,1.875,8,1.75],"texture":"#0"},"south":{"uv":[7.25,0.6875,7.375,0.8125],"texture":"#0"},"west":{"uv":[7.25,1.875,8,1.75],"texture":"#0"},"up":{"uv":[9.875,1,10,1.75],"texture":"#0"},"down":{"uv":[10,1,9.875,1.75],"texture":"#0"}}},{"from":[8,8.5,-2],"to":[21,10.5,0],"rotation":{"angle":0,"axis":"y","origin":[-6.4,14.25,12.51535]},"faces":{"north":{"uv":[7.25,1.875,8.0625,1.75],"texture":"#0"},"east":{"uv":[7.25,0.6875,7.375,0.8125],"texture":"#0"},"south":{"uv":[7.25,1.875,8.0625,1.75],"texture":"#0"},"west":{"uv":[7.25,0.6875,7.375,0.8125],"texture":"#0"},"up":{"uv":[9.875,1,10,1.8125],"rotation":90,"texture":"#0"},"down":{"uv":[10,1,9.875,1.8125],"rotation":270,"texture":"#0"}}},{"from":[-5,8.5,-2],"to":[8,10.5,0],"rotation":{"angle":0,"axis":"y","origin":[22.4,14.25,12.51535]},"faces":{"north":{"uv":[8.0625,1.875,7.25,1.75],"texture":"#0"},"east":{"uv":[7.375,0.6875,7.25,0.8125],"texture":"#0"},"south":{"uv":[8.0625,1.875,7.25,1.75],"texture":"#0"},"west":{"uv":[7.375,0.6875,7.25,0.8125],"texture":"#0"},"up":{"uv":[9.875,1.8125,10,1],"rotation":90,"texture":"#0"},"down":{"uv":[10,1.8125,9.875,1],"rotation":270,"texture":"#0"}}},{"from":[-5,8.5,16],"to":[8,10.5,18],"rotation":{"angle":0,"axis":"y","origin":[22.4,14.25,3.48465]},"faces":{"north":{"uv":[7.25,1.875,8.0625,1.75],"texture":"#0"},"east":{"uv":[7.25,0.6875,7.375,0.8125],"texture":"#0"},"south":{"uv":[7.25,1.875,8.0625,1.75],"texture":"#0"},"west":{"uv":[7.25,0.6875,7.375,0.8125],"texture":"#0"},"up":{"uv":[10,1.8125,9.875,1],"rotation":90,"texture":"#0"},"down":{"uv":[9.875,1.8125,10,1],"rotation":270,"texture":"#0"}}},{"from":[8,8.5,16],"to":[21,10.5,18],"rotation":{"angle":0,"axis":"y","origin":[-6.4,14.25,3.48465]},"faces":{"north":{"uv":[8.0625,1.875,7.25,1.75],"texture":"#0"},"east":{"uv":[7.375,0.6875,7.25,0.8125],"texture":"#0"},"south":{"uv":[8.0625,1.875,7.25,1.75],"texture":"#0"},"west":{"uv":[7.375,0.6875,7.25,0.8125],"texture":"#0"},"up":{"uv":[10,1,9.875,1.8125],"rotation":90,"texture":"#0"},"down":{"uv":[9.875,1,10,1.8125],"rotation":270,"texture":"#0"}}},{"from":[8,8.5,-2],"to":[21,10.5,0],"rotation":{"angle":0,"axis":"y","origin":[-6.4,14.25,12.51535]},"faces":{"north":{"uv":[7.25,1.875,8.0625,1.75],"texture":"#0"},"east":{"uv":[7.25,0.6875,7.375,0.8125],"texture":"#0"},"south":{"uv":[7.25,1.875,8.0625,1.75],"texture":"#0"},"west":{"uv":[7.25,0.6875,7.375,0.8125],"texture":"#0"},"up":{"uv":[9.875,1,10,1.8125],"rotation":90,"texture":"#0"},"down":{"uv":[10,1,9.875,1.8125],"rotation":270,"texture":"#0"}}},{"from":[15.6,11.87933,2.86566],"to":[18.6,15.87933,2.86566],"rotation":{"angle":-45,"axis":"y","origin":[6.2,4.7,-2.3]},"faces":{"north":{"uv":[1.5,6.65625,1.3125,6.90625],"rotation":180,"texture":"#0"},"east":{"uv":[1.3125,6.84375,1.0625,6.84375],"rotation":270,"texture":"#0"},"south":{"uv":[1.5,6.65625,1.3125,6.90625],"texture":"#0"},"west":{"uv":[1.3125,6.84375,1.0625,6.84375],"rotation":90,"texture":"#0"},"up":{"uv":[1.1875,6.84375,1,6.84375],"rotation":180,"texture":"#0"},"down":{"uv":[1.1875,6.84375,1,6.84375],"texture":"#0"}}},{"from":[10.7,12.8,10.1],"to":[12.7,14.8,11],"rotation":{"angle":-22.5,"axis":"y","origin":[12.7,13.8,10.55]},"faces":{"north":{"uv":[1.25,6.9375,1.125,7.0625],"rotation":180,"texture":"#0"},"east":{"uv":[1.125,7.25,1,7.30625],"rotation":270,"texture":"#0"},"south":{"uv":[1.25,6.9375,1.125,7.0625],"texture":"#0"},"west":{"uv":[1.125,7.25,1,7.30625],"rotation":90,"texture":"#0"},"up":{"uv":[1.125,7.1875,1,7.24375],"rotation":180,"texture":"#0"},"down":{"uv":[1.125,7.1875,1,7.24375],"texture":"#0"}}},{"from":[12.2,12.27933,9.56566],"to":[17.2,15.27933,11.56566],"rotation":{"angle":0,"axis":"y","origin":[6.2,4.7,-2.3]},"faces":{"north":{"uv":[1.3125,6.53125,1,6.71875],"rotation":180,"texture":"#0"},"east":{"uv":[1.5,6.53125,1.3125,6.65625],"rotation":270,"texture":"#0"},"south":{"uv":[1.3125,6.71875,1,6.53125],"texture":"#0"},"west":{"uv":[1.5,6.53125,1.3125,6.65625],"rotation":90,"texture":"#0"},"up":{"uv":[1.3125,6.71875,1,6.84375],"rotation":180,"texture":"#0"},"down":{"uv":[1.3125,7.3125,1,7.4375],"texture":"#0"}}},{"from":[17,12.5,9.8],"to":[19,15,11.3],"rotation":{"angle":0,"axis":"y","origin":[6.2,4.7,-2.3]},"faces":{"north":{"uv":[1.125,6.9375,1,7.09375],"rotation":180,"texture":"#0"},"east":{"uv":[1.15625,7.09375,1,7.1875],"rotation":270,"texture":"#0"},"south":{"uv":[1.125,7.09375,1,6.9375],"texture":"#0"},"west":{"uv":[1.15625,7.09375,1,7.1875],"rotation":90,"texture":"#0"},"up":{"uv":[1.125,6.84375,1,6.9375],"rotation":180,"texture":"#0"},"down":{"uv":[1.375,6.9375,1.25,7.03125],"texture":"#0"}}}],"gui_light":"front","display":{"thirdperson_righthand":{"rotation":[67.5,0,0],"translation":[0,1.75,1.25],"scale":[0.2207,0.2207,0.2207]},"thirdperson_lefthand":{"rotation":[67.5,0,0],"translation":[0,1.75,1.25],"scale":[0.2207,0.2207,0.2207]},"firstperson_righthand":{"rotation":[0,225,0],"translation":[2,0,0],"scale":[0.4,0.4,0.4]},"firstperson_lefthand":{"rotation":[0,225,0],"translation":[2,0,0],"scale":[0.4,0.4,0.4]},"ground":{"translation":[0,3,0],"scale":[0.25,0.25,0.25]},"gui":{"rotation":[30,225,0],"translation":[0,-1.25,0],"scale":[0.35898,0.35898,0.35898]},"head":{"rotation":[0,-90,0],"translation":[10,-28.75,22.5],"scale":[0,0,0]},"fixed":{"rotation":[-90,-90,0],"translation":[-0.25,16.5,-16],"scale":[2,2,2]}}}