{"texture_size":[256,256],"textures":{"0":"custom/furniture/medieval_market/medievalmarket","particle":"custom/furniture/medieval_market/medievalmarket"},"elements":[{"from":[10.6,12.3,7.5],"to":[10.6,20.3,8.5],"rotation":{"angle":0,"axis":"y","origin":[5.6,9.8,12.4]},"faces":{"north":{"uv":[1,6.84375,1.5,6.84375],"rotation":270,"texture":"#0"},"east":{"uv":[3.25,6.6875,2.75,6.625],"rotation":90,"texture":"#0"},"south":{"uv":[1,6.84375,1.5,6.84375],"rotation":90,"texture":"#0"},"west":{"uv":[3.25,6.6875,2.75,6.625],"rotation":90,"texture":"#0"},"up":{"uv":[1.0625,6.84375,1.125,6.84375],"rotation":90,"texture":"#0"},"down":{"uv":[1.0625,6.84375,1.125,6.84375],"rotation":90,"texture":"#0"}}},{"from":[5.4,12.3,7.5],"to":[5.4,20.3,8.5],"rotation":{"angle":0,"axis":"y","origin":[10.4,9.8,12.4]},"faces":{"north":{"uv":[1,6.84375,1.5,6.84375],"rotation":270,"texture":"#0"},"east":{"uv":[3.25,6.625,2.75,6.6875],"rotation":90,"texture":"#0"},"south":{"uv":[1,6.84375,1.5,6.84375],"rotation":90,"texture":"#0"},"west":{"uv":[3.25,6.625,2.75,6.6875],"rotation":90,"texture":"#0"},"up":{"uv":[1.0625,6.84375,1.125,6.84375],"rotation":90,"texture":"#0"},"down":{"uv":[1.0625,6.84375,1.125,6.84375],"rotation":90,"texture":"#0"}}},{"from":[5,21.5,8],"to":[12,22.5,8],"rotation":{"angle":0,"axis":"y","origin":[10.4,9.8,12.4]},"faces":{"north":{"uv":[3.1875,6.625,2.75,6.6875],"texture":"#0"},"east":{"uv":[1.0625,6.84375,1.125,6.84375],"rotation":270,"texture":"#0"},"south":{"uv":[3.1875,6.625,2.75,6.6875],"rotation":180,"texture":"#0"},"west":{"uv":[1.0625,6.84375,1.125,6.84375],"rotation":90,"texture":"#0"},"up":{"uv":[1,6.84375,1.4375,6.84375],"rotation":180,"texture":"#0"},"down":{"uv":[1,6.84375,1.4375,6.84375],"texture":"#0"}}},{"from":[19.5,-16,6],"to":[23.5,16,10],"rotation":{"angle":0,"axis":"y","origin":[2,-6,16]},"faces":{"north":{"uv":[0,4.6875,0.25,6.6875],"texture":"#0"},"east":{"uv":[0.5,4.6875,0.25,6.6875],"texture":"#0"},"south":{"uv":[0,4.6875,0.25,6.6875],"texture":"#0"},"west":{"uv":[0.5,4.6875,0.25,6.6875],"texture":"#0"},"up":{"uv":[1.4375,5.5625,1.1875,5.8125],"texture":"#0"},"down":{"uv":[1.4375,5.5625,1.1875,5.8125],"texture":"#0"}}},{"from":[10.1,10.5,7],"to":[11.1,12.5,9],"rotation":{"angle":0,"axis":"y","origin":[0,-6,16]},"faces":{"north":{"uv":[2.1875,6.5625,2.25,6.6875],"texture":"#0"},"east":{"uv":[2.1875,6.5625,2.0625,6.6875],"texture":"#0"},"south":{"uv":[2.1875,6.5625,2.25,6.6875],"texture":"#0"},"west":{"uv":[2.1875,6.5625,2.0625,6.6875],"texture":"#0"},"up":{"uv":[2.125,6.6875,2.0625,6.8125],"texture":"#0"},"down":{"uv":[2.125,6.6875,2.0625,6.8125],"texture":"#0"}}},{"from":[4.9,10.5,7],"to":[5.9,12.5,9],"rotation":{"angle":0,"axis":"y","origin":[0,-6,16]},"faces":{"north":{"uv":[2.25,6.5625,2.1875,6.6875],"texture":"#0"},"east":{"uv":[2.1875,6.5625,2.0625,6.6875],"texture":"#0"},"south":{"uv":[2.1875,6.5625,2.25,6.6875],"texture":"#0"},"west":{"uv":[2.1875,6.5625,2.0625,6.6875],"texture":"#0"},"up":{"uv":[2.125,6.6875,2.0625,6.8125],"texture":"#0"},"down":{"uv":[2.125,6.6875,2.0625,6.8125],"texture":"#0"}}},{"from":[10,21,7],"to":[12,24,9],"rotation":{"angle":0,"axis":"y","origin":[0,-6,16]},"faces":{"north":{"uv":[2.25,7.1875,2.375,7.375],"texture":"#0"},"east":{"uv":[2.375,7,2.25,7.1875],"texture":"#0"},"south":{"uv":[2.25,7.1875,2.375,7.375],"texture":"#0"},"west":{"uv":[2.375,7,2.25,7.1875],"texture":"#0"},"up":{"uv":[2.375,7.375,2.25,7.5],"texture":"#0"},"down":{"uv":[2.375,7.375,2.25,7.5],"texture":"#0"}}},{"from":[4,21,7],"to":[6,24,9],"rotation":{"angle":0,"axis":"y","origin":[0,-6,16]},"faces":{"north":{"uv":[2.25,7.1875,2.375,7.375],"texture":"#0"},"east":{"uv":[2.375,7,2.25,7.1875],"texture":"#0"},"south":{"uv":[2.25,7.1875,2.375,7.375],"texture":"#0"},"west":{"uv":[2.375,7,2.25,7.1875],"texture":"#0"},"up":{"uv":[2.375,7.375,2.25,7.5],"texture":"#0"},"down":{"uv":[2.375,7.375,2.25,7.5],"texture":"#0"}}},{"from":[10.5,20,6],"to":[11.5,24,10],"rotation":{"angle":0,"axis":"y","origin":[0,-6,16]},"faces":{"north":{"uv":[2.3125,6.75,2.375,7],"texture":"#0"},"east":{"uv":[2.625,6.75,2.375,7],"texture":"#0"},"south":{"uv":[2.3125,6.75,2.375,7],"texture":"#0"},"west":{"uv":[2.625,6.75,2.375,7],"texture":"#0"},"up":{"uv":[2.3125,6.75,2.25,7],"texture":"#0"},"down":{"uv":[2.3125,6.75,2.25,7],"texture":"#0"}}},{"from":[4.5,20,6],"to":[5.5,24,10],"rotation":{"angle":0,"axis":"y","origin":[0,-6,16]},"faces":{"north":{"uv":[2.3125,6.75,2.375,7],"texture":"#0"},"east":{"uv":[2.625,6.75,2.375,7],"texture":"#0"},"south":{"uv":[2.3125,6.75,2.375,7],"texture":"#0"},"west":{"uv":[2.625,6.75,2.375,7],"texture":"#0"},"up":{"uv":[2.3125,6.75,2.25,7],"texture":"#0"},"down":{"uv":[2.3125,6.75,2.25,7],"texture":"#0"}}},{"from":[19.5,16,6],"to":[23.5,32,10],"rotation":{"angle":0,"axis":"y","origin":[6,-6.75,11.51535]},"faces":{"north":{"uv":[10.25,1,10,2],"texture":"#0"},"east":{"uv":[10.25,1,10,2],"texture":"#0"},"south":{"uv":[10.25,1,10,2],"texture":"#0"},"west":{"uv":[10.25,1,10,2],"texture":"#0"},"up":{"uv":[10.25,2.21875,10,1.96875],"texture":"#0"},"down":{"uv":[10.25,2.21875,10,1.96875],"texture":"#0"}}},{"from":[-7.5,16,6],"to":[-3.5,32,10],"rotation":{"angle":0,"axis":"y","origin":[6,-6.75,11.51535]},"faces":{"north":{"uv":[10.25,1,10,2],"texture":"#0"},"east":{"uv":[10.25,1,10,2],"texture":"#0"},"south":{"uv":[10.25,1,10,2],"texture":"#0"},"west":{"uv":[10.25,1,10,2],"texture":"#0"},"up":{"uv":[10.25,2.21875,10,1.96875],"texture":"#0"},"down":{"uv":[10.25,2.21875,10,1.96875],"texture":"#0"}}},{"from":[-7.5,-16,6],"to":[-3.5,16,10],"rotation":{"angle":0,"axis":"y","origin":[14,-6,16]},"faces":{"north":{"uv":[0.25,4.6875,0,6.6875],"texture":"#0"},"east":{"uv":[0.25,4.6875,0.5,6.6875],"texture":"#0"},"south":{"uv":[0.25,4.6875,0,6.6875],"texture":"#0"},"west":{"uv":[0.25,4.6875,0.5,6.6875],"texture":"#0"},"up":{"uv":[1.1875,5.5625,1.4375,5.8125],"texture":"#0"},"down":{"uv":[1.1875,5.5625,1.4375,5.8125],"texture":"#0"}}},{"from":[14.4,18.5,4.9],"to":[15.4,27.7,11.1],"rotation":{"angle":45,"axis":"z","origin":[0,0,0]},"faces":{"north":{"uv":[9.8125,2.71875,9.875,3.29375],"texture":"#0"},"east":{"uv":[9.875,2.71875,10.2625,3.29375],"texture":"#0"},"south":{"uv":[9.8125,2.71875,9.875,3.29375],"texture":"#0"},"west":{"uv":[9.875,2.71875,10.2625,3.29375],"texture":"#0"},"up":{"uv":[9.8125,2.625,9.875,3.0125],"texture":"#0"},"down":{"uv":[9.8125,2.625,9.875,3.0125],"texture":"#0"}}},{"from":[-3,19.1,4.8],"to":[-2,28.3,11.2],"rotation":{"angle":-45,"axis":"z","origin":[0,29,0]},"faces":{"north":{"uv":[9.8125,2.71875,9.875,3.29375],"texture":"#0"},"east":{"uv":[9.875,2.71875,10.275,3.29375],"texture":"#0"},"south":{"uv":[9.8125,2.71875,9.875,3.29375],"texture":"#0"},"west":{"uv":[9.875,2.71875,10.275,3.29375],"texture":"#0"},"up":{"uv":[9.8125,2.625,9.875,3.025],"texture":"#0"},"down":{"uv":[9.8125,2.625,9.875,3.025],"texture":"#0"}}},{"from":[0.6,18.5,4.9],"to":[1.6,27.7,11.1],"rotation":{"angle":-45,"axis":"z","origin":[16,0,0]},"faces":{"north":{"uv":[9.875,2.71875,9.8125,3.29375],"texture":"#0"},"east":{"uv":[10.2625,2.71875,9.875,3.29375],"texture":"#0"},"south":{"uv":[9.875,2.71875,9.8125,3.29375],"texture":"#0"},"west":{"uv":[10.2625,2.71875,9.875,3.29375],"texture":"#0"},"up":{"uv":[9.875,2.625,9.8125,3.0125],"texture":"#0"},"down":{"uv":[9.875,2.625,9.8125,3.0125],"texture":"#0"}}},{"from":[18,19.1,4.8],"to":[19,28.3,11.2],"rotation":{"angle":45,"axis":"z","origin":[16,29,0]},"faces":{"north":{"uv":[9.875,2.71875,9.8125,3.29375],"texture":"#0"},"east":{"uv":[10.275,2.71875,9.875,3.29375],"texture":"#0"},"south":{"uv":[9.875,2.71875,9.8125,3.29375],"texture":"#0"},"west":{"uv":[10.275,2.71875,9.875,3.29375],"texture":"#0"},"up":{"uv":[9.875,2.625,9.8125,3.025],"texture":"#0"},"down":{"uv":[9.875,2.625,9.8125,3.025],"texture":"#0"}}},{"from":[4.5,-7,5],"to":[11.5,3,12],"rotation":{"angle":0,"axis":"y","origin":[-0.5,0,3]},"faces":{"north":{"uv":[12.0625,2.125,12.5,2.75],"texture":"#0"},"east":{"uv":[12.0625,2.125,11.625,2.75],"texture":"#0"},"south":{"uv":[11.625,3.4375,12.0625,4.0625],"texture":"#0"},"west":{"uv":[11.625,2.125,12.0625,2.75],"texture":"#0"},"up":{"uv":[11.625,2.75,12.0625,3.1875],"texture":"#0"},"down":{"uv":[11.625,3.1875,12.0625,2.75],"texture":"#0"}}},{"from":[7.5,-2,2],"to":[8.5,2,8],"rotation":{"angle":45,"axis":"x","origin":[-0.5,0,3]},"faces":{"north":{"uv":[13.3125,2.125,13.375,2.375],"texture":"#0"},"east":{"uv":[13.625,1.875,13.25,2.125],"texture":"#0"},"south":{"uv":[13.3125,2.125,13.375,2.375],"texture":"#0"},"west":{"uv":[13.25,1.875,13.625,2.125],"texture":"#0"},"up":{"uv":[13.25,2.125,13.3125,2.5],"texture":"#0"},"down":{"uv":[13.25,2.125,13.3125,2.5],"texture":"#0"}}},{"from":[7.5,15.5,-11],"to":[8.5,19,-6],"rotation":{"angle":45,"axis":"x","origin":[-0.5,1,3]},"faces":{"north":{"uv":[13.4375,2.125,13.5,2.34375],"texture":"#0"},"east":{"uv":[13.9375,1.875,13.625,2.09375],"texture":"#0"},"south":{"uv":[13.4375,2.125,13.5,2.34375],"texture":"#0"},"west":{"uv":[13.625,1.875,13.9375,2.09375],"texture":"#0"},"up":{"uv":[13.375,2.125,13.4375,2.4375],"texture":"#0"},"down":{"uv":[13.375,2.4375,13.4375,2.125],"texture":"#0"}}},{"from":[7.6,18,-7.5],"to":[8.4,22,-4],"rotation":{"angle":45,"axis":"x","origin":[-0.5,1,3]},"faces":{"north":{"uv":[13.75,2.125,13.8,2.375],"texture":"#0"},"east":{"uv":[13.5,2.34375,13.75,2.125],"rotation":90,"texture":"#0"},"south":{"uv":[13.75,2.125,13.8,2.375],"texture":"#0"},"west":{"uv":[13.5,2.125,13.75,2.34375],"rotation":90,"texture":"#0"},"up":{"uv":[13.8125,2.125,13.8625,2.34375],"rotation":180,"texture":"#0"},"down":{"uv":[13.8125,2.125,13.8625,2.34375],"rotation":180,"texture":"#0"}}},{"from":[-2.5,-3,10.5],"to":[2.5,2,11.5],"rotation":{"angle":22.5,"axis":"y","origin":[-0.5,0,3.5]},"faces":{"north":{"uv":[12.4375,3.1875,12.75,3.5],"texture":"#0"},"east":{"uv":[12.75,3.1875,12.8125,3.5],"texture":"#0"},"south":{"uv":[12.75,3.1875,12.4375,3.5],"texture":"#0"},"west":{"uv":[12.75,3.1875,12.8125,3.5],"texture":"#0"},"up":{"uv":[12.4375,3.5,12.75,3.5625],"texture":"#0"},"down":{"uv":[12.4375,3.5,12.75,3.5625],"texture":"#0"}}},{"from":[13.5,-3,10.5],"to":[18.5,2,11.5],"rotation":{"angle":-22.5,"axis":"y","origin":[16.5,0,3.5]},"faces":{"north":{"uv":[12.75,3.1875,12.4375,3.5],"texture":"#0"},"east":{"uv":[12.8125,3.1875,12.75,3.5],"texture":"#0"},"south":{"uv":[12.4375,3.1875,12.75,3.5],"texture":"#0"},"west":{"uv":[12.8125,3.1875,12.75,3.5],"texture":"#0"},"up":{"uv":[12.75,3.5,12.4375,3.5625],"texture":"#0"},"down":{"uv":[12.75,3.5,12.4375,3.5625],"texture":"#0"}}},{"from":[5,3,5.5],"to":[11,7,11.5],"rotation":{"angle":0,"axis":"y","origin":[-0.5,0,3]},"faces":{"north":{"uv":[11.625,3.1875,12,3.4375],"texture":"#0"},"east":{"uv":[12.4375,2.75,12.0625,3],"texture":"#0"},"south":{"uv":[12.0625,3.375,12.4375,3.625],"texture":"#0"},"west":{"uv":[12.0625,2.75,12.4375,3],"texture":"#0"},"up":{"uv":[12.0625,3,12.4375,3.375],"texture":"#0"},"down":{"uv":[12.0625,3,12.4375,3.375],"texture":"#0"}}},{"from":[5,-14,2.3],"to":[11,-7,5.8],"rotation":{"angle":-22.5,"axis":"x","origin":[-0.5,0,3]},"faces":{"north":{"uv":[12.28125,3.625,12.65625,4.0625],"texture":"#0"},"east":{"uv":[12.28125,3.625,12.0625,4.0625],"texture":"#0"},"south":{"uv":[12.65625,4.0625,12.28125,3.625],"texture":"#0"},"west":{"uv":[12.0625,3.625,12.28125,4.0625],"texture":"#0"},"up":{"uv":[12.65625,3.59375,13.03125,3.8125],"texture":"#0"},"down":{"uv":[12.65625,3.59375,13.03125,3.8125],"texture":"#0"}}},{"from":[5.5,-11.5,8.2],"to":[10.5,-4.5,11.7],"rotation":{"angle":0,"axis":"y","origin":[5.5,-7,10]},"faces":{"north":{"uv":[13.03125,3.15625,13.34375,3.59375],"texture":"#0"},"east":{"uv":[13.03125,3.15625,12.8125,3.59375],"texture":"#0"},"south":{"uv":[13.03125,3.15625,13.34375,3.59375],"texture":"#0"},"west":{"uv":[12.8125,3.15625,13.03125,3.59375],"texture":"#0"},"up":{"uv":[13.03125,3.59375,13.34375,3.8125],"texture":"#0"},"down":{"uv":[13.03125,3.59375,13.34375,3.8125],"texture":"#0"}}},{"from":[5.5,7,6],"to":[10.5,11,11],"rotation":{"angle":0,"axis":"y","origin":[-0.5,0,3]},"faces":{"north":{"uv":[12.5,2.375,12.8125,2.625],"texture":"#0"},"east":{"uv":[12.8125,2.125,12.5,2.375],"texture":"#0"},"south":{"uv":[12.5,2.9375,12.8125,3.1875],"texture":"#0"},"west":{"uv":[12.5,2.125,12.8125,2.375],"texture":"#0"},"up":{"uv":[12.5,2.625,12.8125,2.9375],"texture":"#0"},"down":{"uv":[12.5,2.625,12.8125,2.9375],"texture":"#0"}}},{"from":[6,11,6.5],"to":[10,15.5,10.5],"rotation":{"angle":0,"axis":"y","origin":[-0.5,0,3]},"faces":{"north":{"uv":[12.8125,2.40625,13.0625,2.6875],"texture":"#0"},"east":{"uv":[13.0625,2.125,12.8125,2.40625],"texture":"#0"},"south":{"uv":[12.8125,2.6875,13.0625,2.96875],"texture":"#0"},"west":{"uv":[12.8125,2.125,13.0625,2.40625],"texture":"#0"},"up":{"uv":[12.40625,2.34375,12.65625,2.59375],"texture":"#0"},"down":{"uv":[12.40625,2.34375,12.65625,2.59375],"texture":"#0"}}},{"from":[6.5,15.5,7],"to":[9.5,20.5,10],"rotation":{"angle":0,"axis":"y","origin":[-0.5,0,3]},"faces":{"north":{"uv":[13.0625,2.4375,13.25,2.75],"texture":"#0"},"east":{"uv":[13.25,2.125,13.0625,2.4375],"texture":"#0"},"south":{"uv":[13.0625,2.75,13.25,3.0625],"texture":"#0"},"west":{"uv":[13.0625,2.125,13.25,2.4375],"texture":"#0"},"up":{"uv":[12.8125,2.96875,13,3.15625],"texture":"#0"},"down":{"uv":[12.8125,2.96875,13,3.15625],"texture":"#0"}}},{"from":[-10,24,5],"to":[26,30,11],"rotation":{"angle":0,"axis":"y","origin":[-10,-14,0]},"faces":{"north":{"uv":[0,7.90625,0.375,10.15625],"rotation":270,"texture":"#0"},"east":{"uv":[0.375,8.15625,0.75,7.78125],"rotation":90,"texture":"#0"},"south":{"uv":[0,7.90625,0.375,10.15625],"rotation":270,"texture":"#0"},"west":{"uv":[0.375,8.15625,0.75,7.78125],"rotation":90,"texture":"#0"},"up":{"uv":[0,7.90625,0.375,10.15625],"rotation":270,"texture":"#0"},"down":{"uv":[0,7.90625,0.375,10.15625],"rotation":270,"texture":"#0"}}},{"from":[-7,-1.17347,4.35724],"to":[-5,18.82653,7.35724],"rotation":{"angle":45,"axis":"x","origin":[-12,-0.75,-15.48465]},"faces":{"north":{"uv":[2.75,5,2.625,6.25],"rotation":180,"texture":"#0"},"east":{"uv":[6.03125,2.5625,7.28125,2.75],"rotation":270,"texture":"#0"},"south":{"uv":[2.75,5,2.625,6.25],"texture":"#0"},"west":{"uv":[6.03125,2.5625,7.28125,2.75],"rotation":270,"texture":"#0"},"up":{"uv":[2.0625,5.6875,2.1875,5.875],"texture":"#0"},"down":{"uv":[2.0625,5.6875,2.1875,5.875],"rotation":180,"texture":"#0"}}},{"from":[-7,-1.17347,8.64276],"to":[-5,18.82653,11.64276],"rotation":{"angle":-45,"axis":"x","origin":[-12,-0.75,31.48465]},"faces":{"north":{"uv":[2.625,5,2.75,6.25],"texture":"#0"},"east":{"uv":[5.9375,2.75,7.1875,2.5625],"rotation":270,"texture":"#0"},"south":{"uv":[2.625,5,2.75,6.25],"rotation":180,"texture":"#0"},"west":{"uv":[5.9375,2.75,7.1875,2.5625],"rotation":270,"texture":"#0"},"up":{"uv":[2.0625,5.875,2.1875,5.6875],"texture":"#0"},"down":{"uv":[2.0625,5.875,2.1875,5.6875],"rotation":180,"texture":"#0"}}},{"from":[21,-1.17347,8.64276],"to":[23,18.82653,11.64276],"rotation":{"angle":-45,"axis":"x","origin":[28,-0.75,31.48465]},"faces":{"north":{"uv":[2.75,5,2.625,6.25],"texture":"#0"},"east":{"uv":[5.9375,2.5625,7.1875,2.75],"rotation":270,"texture":"#0"},"south":{"uv":[2.75,5,2.625,6.25],"rotation":180,"texture":"#0"},"west":{"uv":[5.9375,2.5625,7.1875,2.75],"rotation":270,"texture":"#0"},"up":{"uv":[2.1875,5.875,2.0625,5.6875],"texture":"#0"},"down":{"uv":[2.1875,5.875,2.0625,5.6875],"rotation":180,"texture":"#0"}}},{"from":[21,-1.17347,4.35724],"to":[23,18.82653,7.35724],"rotation":{"angle":45,"axis":"x","origin":[28,-0.75,-15.48465]},"faces":{"north":{"uv":[2.625,5,2.75,6.25],"rotation":180,"texture":"#0"},"east":{"uv":[6.03125,2.75,7.28125,2.5625],"rotation":270,"texture":"#0"},"south":{"uv":[2.625,5,2.75,6.25],"texture":"#0"},"west":{"uv":[6.03125,2.75,7.28125,2.5625],"rotation":270,"texture":"#0"},"up":{"uv":[2.1875,5.6875,2.0625,5.875],"texture":"#0"},"down":{"uv":[2.1875,5.6875,2.0625,5.875],"rotation":180,"texture":"#0"}}}],"gui_light":"front","display":{"thirdperson_righthand":{"rotation":[67.5,0,0],"translation":[0,1,1.25],"scale":[0.20703,0.20703,0.20703]},"thirdperson_lefthand":{"rotation":[67.5,0,0],"translation":[0,1,1.25],"scale":[0.20703,0.20703,0.20703]},"firstperson_righthand":{"rotation":[0,225,0],"translation":[1.25,0.75,0],"scale":[0.4,0.4,0.4]},"firstperson_lefthand":{"rotation":[0,225,0],"translation":[1.25,0.75,0],"scale":[0.4,0.4,0.4]},"ground":{"translation":[0,3,0],"scale":[0.25,0.25,0.25]},"gui":{"rotation":[30,225,0],"translation":[0,0.25,0],"scale":[0.26,0.26,0.26]},"head":{"translation":[0,-2.5,0],"scale":[0,0,0]},"fixed":{"rotation":[-90,0,0],"translation":[0,0,-50.5],"scale":[2,2,2]}}}