{"texture_size":[64, 64],"textures":{"0":"custom/furniture/playground/bunny_bench_2","particle":"custom/furniture/playground/bunny_bench_2"},"elements":[{"from":[16, 0, 4],"to":[24, 1, 12],"faces":{"north":{"uv":[13.5, 3.5, 15.5, 3.75],"texture":"#0"},"east":{"uv":[13.5, 3.25, 15.5, 3.5],"texture":"#0"},"south":{"uv":[13.5, 4, 15.5, 4.25],"texture":"#0"},"west":{"uv":[13.5, 3.75, 15.5, 4],"texture":"#0"},"up":{"uv":[14, 2, 12, 0],"texture":"#0"},"down":{"uv":[16, 0, 14, 2],"texture":"#0"}}},{"from":[17, 6, 5],"to":[23, 7, 11],"faces":{"north":{"uv":[12, 3.5, 13.5, 3.75],"texture":"#0"},"east":{"uv":[12, 4, 13.5, 4.25],"texture":"#0"},"south":{"uv":[12, 4.25, 13.5, 4.5],"texture":"#0"},"west":{"uv":[12, 3.75, 13.5, 4],"texture":"#0"},"down":{"uv":[13.5, 2, 12, 3.5],"texture":"#0"}}},{"from":[-8, 0, 4],"to":[0, 1, 12],"faces":{"north":{"uv":[13.5, 3.5, 15.5, 3.75],"texture":"#0"},"east":{"uv":[13.5, 3.25, 15.5, 3.5],"texture":"#0"},"south":{"uv":[13.5, 4, 15.5, 4.25],"texture":"#0"},"west":{"uv":[13.5, 3.75, 15.5, 4],"texture":"#0"},"up":{"uv":[14, 2, 12, 0],"texture":"#0"},"down":{"uv":[16, 0, 14, 2],"texture":"#0"}}},{"from":[-5, 1, 7],"to":[-3, 6, 9],"faces":{"north":{"uv":[15, 2, 15.5, 3.25],"texture":"#0"},"east":{"uv":[14.5, 2, 15, 3.25],"texture":"#0"},"south":{"uv":[14, 2, 14.5, 3.25],"texture":"#0"},"west":{"uv":[13.5, 2, 14, 3.25],"texture":"#0"}}},{"from":[-7, 6, 5],"to":[-1, 7, 11],"faces":{"north":{"uv":[12, 3.5, 13.5, 3.75],"texture":"#0"},"east":{"uv":[12, 4, 13.5, 4.25],"texture":"#0"},"south":{"uv":[12, 4.25, 13.5, 4.5],"texture":"#0"},"west":{"uv":[12, 3.75, 13.5, 4],"texture":"#0"},"down":{"uv":[13.5, 2, 12, 3.5],"texture":"#0"}}},{"from":[19, 1, 7],"to":[21, 6, 9],"faces":{"north":{"uv":[15, 2, 15.5, 3.25],"texture":"#0"},"east":{"uv":[14.5, 2, 15, 3.25],"texture":"#0"},"south":{"uv":[14, 2, 14.5, 3.25],"texture":"#0"},"west":{"uv":[13.5, 2, 14, 3.25],"texture":"#0"}}},{"from":[-3.5, 19, 12],"to":[-0.5, 24, 14],"faces":{"north":{"uv":[7.5, 8.875, 8.25, 10.125],"texture":"#0"},"east":{"uv":[7, 8.875, 7.5, 10.125],"texture":"#0"},"south":{"uv":[8.75, 8.875, 9.5, 10.125],"texture":"#0"},"west":{"uv":[8.25, 8.875, 8.75, 10.125],"texture":"#0"},"up":{"uv":[7.75, 10.625, 7, 10.125],"texture":"#0"}}},{"from":[-9, 17.5, 12],"to":[1, 19, 14],"faces":{"north":{"uv":[8.5, 11.125, 11, 11.5],"texture":"#0"},"east":{"uv":[9, 10.75, 9.5, 11.125],"texture":"#0"},"south":{"uv":[6, 11.125, 8.5, 11.5],"texture":"#0"},"west":{"uv":[9.5, 10.75, 10, 11.125],"texture":"#0"},"up":{"uv":[11, 10.625, 8.5, 10.125],"texture":"#0"}}},{"from":[-7.5, 19, 12],"to":[-4.5, 24, 14],"rotation":{"angle":0,"axis":"y","origin":[16, 0, 0]},"faces":{"north":{"uv":[10, 8.875, 10.75, 10.125],"texture":"#0"},"east":{"uv":[9.5, 8.875, 10, 10.125],"texture":"#0"},"south":{"uv":[11.25, 8.875, 12, 10.125],"texture":"#0"},"west":{"uv":[10.75, 8.875, 11.25, 10.125],"texture":"#0"},"up":{"uv":[8.5, 10.625, 7.75, 10.125],"texture":"#0"}}},{"from":[-10, 10, 12],"to":[2, 17.5, 14],"faces":{"north":{"uv":[0, 13.375, 3, 15.125],"texture":"#0"},"east":{"uv":[6, 8.875, 6.5, 10.625],"texture":"#0"},"south":{"uv":[3, 13.375, 6, 15.125],"texture":"#0"},"west":{"uv":[6.5, 8.875, 7, 10.625],"texture":"#0"},"up":{"uv":[9, 11.125, 6, 10.625],"texture":"#0"}}},{"from":[-4.5, 14.75, 11.95],"to":[-3.5, 15.25, 11.95],"faces":{"north":{"uv":[11.25, 11.375, 11.5, 11.5],"texture":"#0"}}},{"from":[-4.25, 13.75, 11.95],"to":[-3.75, 14.75, 11.95],"faces":{"north":{"uv":[11.125, 11.25, 11.25, 11.5],"texture":"#0"}}},{"from":[-10, 7, 2],"to":[2, 10, 14],"faces":{"north":{"uv":[3, 11.875, 6, 12.625],"texture":"#0"},"east":{"uv":[0, 11.875, 3, 12.625],"texture":"#0"},"south":{"uv":[3, 12.625, 6, 13.375],"texture":"#0"},"west":{"uv":[0, 12.625, 3, 13.375],"texture":"#0"},"up":{"uv":[3, 11.875, 0, 8.875],"texture":"#0"},"down":{"uv":[6, 8.875, 3, 11.875],"texture":"#0"}}},{"from":[14, 7, 2],"to":[26, 10, 14],"faces":{"north":{"uv":[3, 3, 6, 3.75],"texture":"#0"},"east":{"uv":[0, 3, 3, 3.75],"texture":"#0"},"south":{"uv":[3, 3.75, 6, 4.5],"texture":"#0"},"west":{"uv":[0, 3.75, 3, 4.5],"texture":"#0"},"up":{"uv":[3, 3, 0, 0],"texture":"#0"},"down":{"uv":[6, 0, 3, 3],"texture":"#0"}}},{"from":[14, 10, 12],"to":[26, 17.5, 14],"faces":{"north":{"uv":[0, 4.5, 3, 6.25],"texture":"#0"},"east":{"uv":[0, 6.25, 0.5, 8],"texture":"#0"},"south":{"uv":[3, 4.5, 6, 6.25],"texture":"#0"},"west":{"uv":[0.5, 6.25, 1, 8],"texture":"#0"},"up":{"uv":[3, 8.5, 0, 8],"texture":"#0"}}},{"from":[15, 17.5, 12],"to":[25, 19, 14],"faces":{"north":{"uv":[2.5, 8.5, 5, 8.875],"texture":"#0"},"east":{"uv":[3, 8.125, 3.5, 8.5],"texture":"#0"},"south":{"uv":[0, 8.5, 2.5, 8.875],"texture":"#0"},"west":{"uv":[3.5, 8.125, 4, 8.5],"texture":"#0"},"up":{"uv":[5, 8, 2.5, 7.5],"texture":"#0"}}},{"from":[16.5, 19, 12],"to":[19.5, 24, 14],"rotation":{"angle":0,"axis":"y","origin":[16, 0, 0]},"faces":{"north":{"uv":[4, 6.25, 4.75, 7.5],"texture":"#0"},"east":{"uv":[3.5, 6.25, 4, 7.5],"texture":"#0"},"south":{"uv":[5.25, 6.25, 6, 7.5],"texture":"#0"},"west":{"uv":[4.75, 6.25, 5.25, 7.5],"texture":"#0"},"up":{"uv":[2.5, 8, 1.75, 7.5],"texture":"#0"}}},{"from":[20.5, 19, 12],"to":[23.5, 24, 14],"faces":{"north":{"uv":[1.5, 6.25, 2.25, 7.5],"texture":"#0"},"east":{"uv":[1, 6.25, 1.5, 7.5],"texture":"#0"},"south":{"uv":[2.75, 6.25, 3.5, 7.5],"texture":"#0"},"west":{"uv":[2.25, 6.25, 2.75, 7.5],"texture":"#0"},"up":{"uv":[1.75, 8, 1, 7.5],"texture":"#0"}}},{"from":[19.75, 13.75, 11.95],"to":[20.25, 14.75, 11.95],"faces":{"north":{"uv":[5.125, 8.625, 5.25, 8.875],"texture":"#0"}}},{"from":[19.5, 14.75, 11.95],"to":[20.5, 15.25, 11.95],"faces":{"north":{"uv":[5.25, 8.75, 5.5, 8.875],"texture":"#0"}}},{"from":[7.75, 13.75, 11.95],"to":[8.25, 14.75, 11.95],"faces":{"north":{"uv":[11.125, 8.625, 11.25, 8.875],"texture":"#0"}}},{"from":[7.5, 14.75, 11.95],"to":[8.5, 15.25, 11.95],"faces":{"north":{"uv":[11.25, 8.75, 11.5, 8.875],"texture":"#0"}}},{"from":[2, 7, 2],"to":[14, 10, 14],"faces":{"north":{"uv":[9, 3, 12, 3.75],"texture":"#0"},"east":{"uv":[6, 3, 9, 3.75],"texture":"#0"},"south":{"uv":[9, 3.75, 12, 4.5],"texture":"#0"},"west":{"uv":[6, 3.75, 9, 4.5],"texture":"#0"},"up":{"uv":[9, 3, 6, 0],"texture":"#0"},"down":{"uv":[12, 0, 9, 3],"texture":"#0"}}},{"from":[2, 10, 12],"to":[14, 17.5, 14],"faces":{"north":{"uv":[6, 4.5, 9, 6.25],"texture":"#0"},"east":{"uv":[6, 6.25, 6.5, 8],"texture":"#0"},"south":{"uv":[9, 4.5, 12, 6.25],"texture":"#0"},"west":{"uv":[6.5, 6.25, 7, 8],"texture":"#0"},"up":{"uv":[9, 8.5, 6, 8],"texture":"#0"}}},{"from":[4.5, 19, 12],"to":[7.5, 24, 14],"rotation":{"angle":0,"axis":"y","origin":[16, 0, 0]},"faces":{"north":{"uv":[10, 6.25, 10.75, 7.5],"texture":"#0"},"east":{"uv":[9.5, 6.25, 10, 7.5],"texture":"#0"},"south":{"uv":[11.25, 6.25, 12, 7.5],"texture":"#0"},"west":{"uv":[10.75, 6.25, 11.25, 7.5],"texture":"#0"},"up":{"uv":[8.5, 8, 7.75, 7.5],"texture":"#0"}}},{"from":[3, 17.5, 12],"to":[13, 19, 14],"faces":{"north":{"uv":[8.5, 8.5, 11, 8.875],"texture":"#0"},"east":{"uv":[9, 8.125, 9.5, 8.5],"texture":"#0"},"south":{"uv":[6, 8.5, 8.5, 8.875],"texture":"#0"},"west":{"uv":[9.5, 8.125, 10, 8.5],"texture":"#0"},"up":{"uv":[11, 8, 8.5, 7.5],"texture":"#0"}}},{"from":[8.5, 19, 12],"to":[11.5, 24, 14],"faces":{"north":{"uv":[7.5, 6.25, 8.25, 7.5],"texture":"#0"},"east":{"uv":[7, 6.25, 7.5, 7.5],"texture":"#0"},"south":{"uv":[8.75, 6.25, 9.5, 7.5],"texture":"#0"},"west":{"uv":[8.25, 6.25, 8.75, 7.5],"texture":"#0"},"up":{"uv":[7.75, 8, 7, 7.5],"texture":"#0"}}}],"gui_light":"front","display":{"thirdperson_righthand":{"rotation":[67.5, 0, 0],"translation":[0, 1, -1],"scale":[0.25, 0.25, 0.25]},"thirdperson_lefthand":{"rotation":[67.5, 0, 0],"translation":[0, 1, -1],"scale":[0.25, 0.25, 0.25]},"firstperson_righthand":{"translation":[1.75, 2, 0],"scale":[0.24336, 0.24336, 0.24336]},"firstperson_lefthand":{"translation":[1.75, 2, 0],"scale":[0.24336, 0.24336, 0.24336]},"ground":{"translation":[0, 6, 0],"scale":[0.35, 0.35, 0.35]},"gui":{"rotation":[30, -135, 0],"translation":[0, -1.5, 0],"scale":[0.4, 0.4, 0.4]},"head":{"rotation":[0, 180, 0],"translation":[0, -30.4, 0],"scale":[1.6, 1.6, 1.6]},"fixed":{"rotation":[-90, 0, 0],"translation":[0, 0, -16],"scale":[2, 2, 2]}},"groups":[{"name":"pinv_group","origin":[8, 8, 8],"color":0,"children":[0,1,2,3,4,5,{"name":"group","origin":[0, 0, 0],"color":0,"children":[6, 7, 8, 9, 10, 11, 12]},{"name":"group","origin":[0, 0, 0],"color":0,"children":[13, 14, 15, 16, 17, 18, 19]},{"name":"group","origin":[0, 0, 0],"color":0,"children":[20, 21, 22, 23, 24, 25, 26]}]}]}