{"texture_size":[64,64],"textures":{"0":"custom/furniture/forest/camp","particle":"custom/furniture/forest/camp"},"elements":[{"from":[3,0,11],"to":[6,1,14],"faces":{"north":{"uv":[8.5,1,9.25,1.25],"texture":"#0"},"east":{"uv":[8.5,6.75,9.25,7],"texture":"#0"},"south":{"uv":[8.5,1,9.25,1.25],"texture":"#0"},"west":{"uv":[8.5,6.75,9.25,7],"texture":"#0"},"up":{"uv":[1.75,7.75,1,7],"texture":"#0"},"down":{"uv":[1.75,7.75,1,7],"texture":"#0"}}},{"from":[-7,0,2],"to":[-4,2,5],"faces":{"north":{"uv":[4.25,7.75,5,8.25],"texture":"#0"},"east":{"uv":[5,7.75,5.75,8.25],"texture":"#0"},"south":{"uv":[4.25,7.75,5,8.25],"texture":"#0"},"west":{"uv":[5,7.75,5.75,8.25],"texture":"#0"},"up":{"uv":[4,7.75,3.25,7],"texture":"#0"},"down":{"uv":[4,7.75,3.25,7],"texture":"#0"}}},{"from":[4,0,2],"to":[7,2,5],"faces":{"north":{"uv":[7.5,6.25,8.25,6.75],"texture":"#0"},"east":{"uv":[2,7.75,2.75,8.25],"texture":"#0"},"south":{"uv":[7.5,6.25,8.25,6.75],"texture":"#0"},"west":{"uv":[2,7.75,2.75,8.25],"texture":"#0"},"up":{"uv":[2.5,7.75,1.75,7],"texture":"#0"},"down":{"uv":[2.5,7.75,1.75,7],"texture":"#0"}}},{"from":[-8,0,11],"to":[-5,2,14],"faces":{"north":{"uv":[2.75,7.75,3.5,8.25],"texture":"#0"},"east":{"uv":[3.5,7.75,4.25,8.25],"texture":"#0"},"south":{"uv":[2.75,7.75,3.5,8.25],"texture":"#0"},"west":{"uv":[3.5,7.75,4.25,8.25],"texture":"#0"},"up":{"uv":[3.25,7.75,2.5,7],"texture":"#0"},"down":{"uv":[3.25,7.75,2.5,7],"texture":"#0"}}},{"from":[5,0,8],"to":[8,2,11],"faces":{"north":{"uv":[7,7.75,7.75,8.25],"texture":"#0"},"east":{"uv":[7.75,7.75,8.5,8.25],"texture":"#0"},"south":{"uv":[7,7.75,7.75,8.25],"texture":"#0"},"west":{"uv":[7.75,7.75,8.5,8.25],"texture":"#0"},"up":{"uv":[4.75,7.75,4,7],"texture":"#0"},"down":{"uv":[4.75,7.75,4,7],"texture":"#0"}}},{"from":[2,0,1],"to":[4,1,3],"faces":{"north":{"uv":[8.5,7,9,7.25],"texture":"#0"},"east":{"uv":[8.5,7.75,9,8],"texture":"#0"},"south":{"uv":[8.5,7,9,7.25],"texture":"#0"},"west":{"uv":[8.5,7.75,9,8],"texture":"#0"},"up":{"uv":[8.5,7.25,8,6.75],"texture":"#0"},"down":{"uv":[8.5,7.25,8,6.75],"texture":"#0"}}},{"from":[-6,0,5],"to":[-4,1,7],"faces":{"north":{"uv":[8.5,8.5,9,8.75],"texture":"#0"},"east":{"uv":[1,8.75,1.5,9],"texture":"#0"},"south":{"uv":[1.5,8.75,2,9],"texture":"#0"},"west":{"uv":[2.5,8.75,3,9],"texture":"#0"},"up":{"uv":[3,8.75,2.5,8.25],"texture":"#0"},"down":{"uv":[3.5,8.25,3,8.75],"texture":"#0"}}},{"from":[-5,0,12],"to":[-3,1,14],"faces":{"north":{"uv":[3,8.75,3.5,9],"texture":"#0"},"east":{"uv":[3.5,8.75,4,9],"texture":"#0"},"south":{"uv":[3,8.75,3.5,9],"texture":"#0"},"west":{"uv":[3.5,8.75,4,9],"texture":"#0"},"up":{"uv":[9,0.5,8.5,0],"texture":"#0"},"down":{"uv":[9,0.5,8.5,0],"texture":"#0"}}},{"from":[-3,0,13],"to":[-1,2,15],"faces":{"north":{"uv":[5.5,8.25,6,8.75],"texture":"#0"},"east":{"uv":[8.25,6.25,8.75,6.75],"texture":"#0"},"south":{"uv":[6.5,8.25,7,8.75],"texture":"#0"},"west":{"uv":[7,8.25,7.5,8.75],"texture":"#0"},"up":{"uv":[8,8.75,7.5,8.25],"texture":"#0"},"down":{"uv":[8.5,8.25,8,8.75],"texture":"#0"}}},{"from":[-4,0,1],"to":[-2,2,3],"faces":{"north":{"uv":[8.5,0.5,9,1],"texture":"#0"},"east":{"uv":[8.5,2.25,9,2.75],"texture":"#0"},"south":{"uv":[8.5,0.5,9,1],"texture":"#0"},"west":{"uv":[8.5,2.25,9,2.75],"texture":"#0"},"up":{"uv":[9,3.25,8.5,2.75],"texture":"#0"},"down":{"uv":[9,3.25,8.5,2.75],"texture":"#0"}}},{"from":[-2,0,2],"to":[2,1,4],"faces":{"north":{"uv":[8,5.75,9,6],"texture":"#0"},"east":{"uv":[7.5,4.75,8,5],"texture":"#0"},"south":{"uv":[8,5.75,9,6],"texture":"#0"},"west":{"uv":[7.5,4.75,8,5],"texture":"#0"},"up":{"uv":[8,7.25,7,6.75],"texture":"#0"},"down":{"uv":[8,7.25,7,6.75],"texture":"#0"}}},{"from":[-1,0,13],"to":[3,1,15],"faces":{"north":{"uv":[8,6,9,6.25],"texture":"#0"},"east":{"uv":[8.5,8,9,8.25],"texture":"#0"},"south":{"uv":[8,6,9,6.25],"texture":"#0"},"west":{"uv":[8.5,8,9,8.25],"texture":"#0"},"up":{"uv":[5.75,7.75,4.75,7.25],"texture":"#0"},"down":{"uv":[5.75,7.75,4.75,7.25],"texture":"#0"}}},{"from":[4,0,5],"to":[6,1,9],"faces":{"north":{"uv":[8.5,8.25,9,8.5],"texture":"#0"},"east":{"uv":[8,7.25,9,7.5],"texture":"#0"},"south":{"uv":[8.5,8.25,9,8.5],"texture":"#0"},"west":{"uv":[8,7.25,9,7.5],"texture":"#0"},"up":{"uv":[6.25,8.25,5.75,7.25],"texture":"#0"},"down":{"uv":[6.25,8.25,5.75,7.25],"texture":"#0"}}},{"from":[-8,0,7],"to":[-6,1,11],"faces":{"north":{"uv":[4,8.75,4.5,9],"texture":"#0"},"east":{"uv":[8,7.5,9,7.75],"texture":"#0"},"south":{"uv":[4,8.75,4.5,9],"texture":"#0"},"west":{"uv":[8,7.5,9,7.75],"texture":"#0"},"up":{"uv":[2,8.75,1.5,7.75],"texture":"#0"},"down":{"uv":[2,8.75,1.5,7.75],"texture":"#0"}}},{"from":[-6,0,2],"to":[6,0,14],"faces":{"up":{"uv":[3,3,0,0],"texture":"#0"},"down":{"uv":[3,3,0,0],"texture":"#0"}}},{"from":[11,0,7],"to":[13,16,9],"faces":{"north":{"uv":[0,12,0.5,16],"texture":"#0"},"east":{"uv":[0.625,12,1.125,16],"texture":"#0"},"south":{"uv":[0,12,0.5,16],"texture":"#0"},"west":{"uv":[0.625,12,1.125,16],"texture":"#0"},"up":{"uv":[8.5,5.75,8,5.25],"texture":"#0"},"down":{"uv":[8.5,5.75,8,5.25],"texture":"#0"}}},{"from":[-13,0,7],"to":[-11,16,9],"faces":{"north":{"uv":[0,12,0.5,16],"texture":"#0"},"east":{"uv":[0.625,12,1.125,16],"texture":"#0"},"south":{"uv":[0,12,0.5,16],"texture":"#0"},"west":{"uv":[0.625,12,1.125,16],"texture":"#0"},"up":{"uv":[8.5,5.75,8,5.25],"texture":"#0"},"down":{"uv":[8.5,5.75,8,5.25],"texture":"#0"}}},{"from":[-14,18,7],"to":[14,20,9],"faces":{"north":{"uv":[5.5,1.25,12.5,1.75],"texture":"#0"},"east":{"uv":[5,8.25,5.5,8.75],"texture":"#0"},"south":{"uv":[5.5,1.25,12.5,1.75],"texture":"#0"},"west":{"uv":[5,8.25,5.5,8.75],"texture":"#0"},"up":{"uv":[12.5,2.25,5.5,1.75],"texture":"#0"},"down":{"uv":[12.5,2.25,5.5,1.75],"texture":"#0"}}},{"from":[14,19,7],"to":[16,21,9],"faces":{"north":{"uv":[8.5,4.25,9,4.75],"texture":"#0"},"east":{"uv":[8.5,4.75,9,5.25],"texture":"#0"},"south":{"uv":[8.5,4.25,9,4.75],"texture":"#0"},"west":{"uv":[8.5,4.75,9,5.25],"texture":"#0"},"up":{"uv":[9,5.75,8.5,5.25],"texture":"#0"},"down":{"uv":[9,5.75,8.5,5.25],"texture":"#0"}}},{"from":[11,18,9],"to":[13,21,11],"faces":{"north":{"uv":[8,3.75,8.5,4.5],"texture":"#0"},"east":{"uv":[8,4.5,8.5,5.25],"texture":"#0"},"south":{"uv":[8,3.75,8.5,4.5],"texture":"#0"},"west":{"uv":[8,4.5,8.5,5.25],"texture":"#0"},"up":{"uv":[5,8.75,4.5,8.25],"texture":"#0"},"down":{"uv":[5,8.75,4.5,8.25],"texture":"#0"}}},{"from":[11,16,6],"to":[13,18,10],"faces":{"north":{"uv":[3.5,8.25,4,8.75],"texture":"#0"},"east":{"uv":[7,7.25,8,7.75],"texture":"#0"},"south":{"uv":[3.5,8.25,4,8.75],"texture":"#0"},"west":{"uv":[7,7.25,8,7.75],"texture":"#0"},"up":{"uv":[1.5,8.75,1,7.75],"texture":"#0"},"down":{"uv":[1.5,8.75,1,7.75],"texture":"#0"}}},{"from":[-13,18,9],"to":[-11,21,11],"rotation":{"angle":0,"axis":"y","origin":[16,0,0]},"faces":{"north":{"uv":[8.5,3.75,8,4.5],"texture":"#0"},"east":{"uv":[8.5,4.5,8,5.25],"texture":"#0"},"south":{"uv":[8.5,3.75,8,4.5],"texture":"#0"},"west":{"uv":[8.5,4.5,8,5.25],"texture":"#0"},"up":{"uv":[4.5,8.75,5,8.25],"texture":"#0"},"down":{"uv":[4.5,8.75,5,8.25],"texture":"#0"}}},{"from":[11,18,5],"to":[13,21,7],"rotation":{"angle":0,"axis":"y","origin":[0,0,16]},"faces":{"north":{"uv":[8.5,3.75,8,4.5],"texture":"#0"},"east":{"uv":[8.5,4.5,8,5.25],"texture":"#0"},"south":{"uv":[8.5,3.75,8,4.5],"texture":"#0"},"west":{"uv":[8.5,4.5,8,5.25],"texture":"#0"},"up":{"uv":[5,8.25,4.5,8.75],"texture":"#0"},"down":{"uv":[5,8.25,4.5,8.75],"texture":"#0"}}},{"from":[-13,18,5],"to":[-11,21,7],"rotation":{"angle":0,"axis":"y","origin":[16,0,16]},"faces":{"north":{"uv":[8,3.75,8.5,4.5],"texture":"#0"},"east":{"uv":[8,4.5,8.5,5.25],"texture":"#0"},"south":{"uv":[8,3.75,8.5,4.5],"texture":"#0"},"west":{"uv":[8,4.5,8.5,5.25],"texture":"#0"},"up":{"uv":[4.5,8.25,5,8.75],"texture":"#0"},"down":{"uv":[4.5,8.25,5,8.75],"texture":"#0"}}},{"from":[-13,16,6],"to":[-11,18,10],"rotation":{"angle":0,"axis":"y","origin":[16,0,0]},"faces":{"north":{"uv":[4,8.25,3.5,8.75],"texture":"#0"},"east":{"uv":[8,7.25,7,7.75],"texture":"#0"},"south":{"uv":[4,8.25,3.5,8.75],"texture":"#0"},"west":{"uv":[8,7.25,7,7.75],"texture":"#0"},"up":{"uv":[1,8.75,1.5,7.75],"texture":"#0"},"down":{"uv":[1,8.75,1.5,7.75],"texture":"#0"}}},{"from":[-16,19,7],"to":[-14,21,9],"rotation":{"angle":0,"axis":"y","origin":[16,0,0]},"faces":{"north":{"uv":[9,4.25,8.5,4.75],"texture":"#0"},"east":{"uv":[9,4.75,8.5,5.25],"texture":"#0"},"south":{"uv":[9,4.25,8.5,4.75],"texture":"#0"},"west":{"uv":[9,4.75,8.5,5.25],"texture":"#0"},"up":{"uv":[8.5,5.75,9,5.25],"texture":"#0"},"down":{"uv":[8.5,5.75,9,5.25],"texture":"#0"}}},{"from":[-4,12,2],"to":[6,26,14],"faces":{"north":{"uv":[7,12.5,9.5,16],"texture":"#0"},"east":{"uv":[9.875,12.5,12.875,16],"texture":"#0"},"south":{"uv":[7,12.5,9.5,16],"texture":"#0"},"west":{"uv":[13,12.5,16,16],"texture":"#0"},"up":{"uv":[4.25,13,6.75,16],"texture":"#0"},"down":{"uv":[4.25,13,6.75,16],"texture":"#0"}}},{"from":[-8,13,3],"to":[-4,25,13],"faces":{"north":{"uv":[12.25,9.375,13.25,12.375],"texture":"#0"},"east":{"uv":[13.5,9.375,16,12.375],"texture":"#0"},"south":{"uv":[12.25,9.375,13.25,12.375],"texture":"#0"},"west":{"uv":[13.5,9.375,16,12.375],"texture":"#0"},"up":{"uv":[11.125,9.875,12.125,12.375],"texture":"#0"},"down":{"uv":[11.125,9.875,12.125,12.375],"texture":"#0"}}},{"from":[6,13,4],"to":[9,23,12],"faces":{"north":{"uv":[13.125,6.5,13.875,9],"texture":"#0"},"east":{"uv":[14,6.625,16,9.125],"texture":"#0"},"south":{"uv":[13.125,6.5,13.875,9],"texture":"#0"},"west":{"uv":[14,6.625,16,9.125],"texture":"#0"},"up":{"uv":[12.125,6.875,12.875,8.875],"texture":"#0"},"down":{"uv":[12.125,6.875,12.875,8.875],"texture":"#0"}}}],"gui_light":"front","display":{"thirdperson_righthand":{"rotation":[67.5,0,0],"translation":[1.75,1,1.75],"scale":[0.20391,0.20391,0.20391]},"thirdperson_lefthand":{"rotation":[67.5,0,0],"translation":[-1.5,1,1.75],"scale":[0.20391,0.20391,0.20391]},"firstperson_righthand":{"translation":[3.25,2.5,0],"scale":[0.40586,0.40586,0.40586]},"firstperson_lefthand":{"translation":[-3.25,2.5,0],"scale":[0.40586,0.40586,0.40586]},"ground":{"translation":[0,3,0],"scale":[0.5,0.5,0.5]},"gui":{"rotation":[30,225,0],"translation":[-2.25,-3,0],"scale":[0.42539,0.42539,0.42539]},"head":{"translation":[0,-30.5,0],"scale":[0,0,0]},"fixed":{"rotation":[-90,0,0],"translation":[16,0,-16.03],"scale":[2,2,2]}}}