{"texture_size":[128, 128],"textures":{"0":"custom/furniture/forest/cargo","particle":"custom/furniture/forest/cargo"},"elements":[{"from":[10, 11, 0],"to":[15, 16, 32],"faces":{"north":{"uv":[1.875, 5.75, 2.5, 6.375],"texture":"#0"},"east":{"uv":[4.75, 0.625, 8.75, 1.25],"texture":"#0"},"south":{"uv":[1.875, 5.75, 2.5, 6.375],"texture":"#0"},"west":{"uv":[4.75, 0.625, 8.75, 1.25],"texture":"#0"},"up":{"uv":[0.625, 8.5, 0, 4.5],"texture":"#0"},"down":{"uv":[0.625, 8.5, 0, 4.5],"texture":"#0"}}},{"from":[15, 16, 3],"to":[15, 21, 32],"faces":{"east":{"uv":[8.375, 1.25, 4.75, 1.875],"texture":"#0"},"west":{"uv":[4.75, 1.25, 8.375, 1.875],"texture":"#0"}}},{"from":[-15, 16, 3],"to":[-15, 21, 32],"rotation":{"angle":0,"axis":"y","origin":[16, 0, 0]},"faces":{"east":{"uv":[8.375, 1.25, 4.75, 1.875],"texture":"#0"},"west":{"uv":[4.75, 1.25, 8.375, 1.875],"texture":"#0"}}},{"from":[9, 6, 2],"to":[14, 12, 30],"faces":{"north":{"uv":[0.625, 5.75, 1.25, 6.5],"texture":"#0"},"east":{"uv":[3.5, 3.5, 7, 4.25],"texture":"#0"},"south":{"uv":[0.625, 5.75, 1.25, 6.5],"texture":"#0"},"west":{"uv":[3.5, 3.5, 7, 4.25],"texture":"#0"},"up":{"uv":[3.5, 8, 2.875, 4.5],"texture":"#0"},"down":{"uv":[3.5, 8, 2.875, 4.5],"texture":"#0"}}},{"from":[-14, 6, 2],"to":[-9, 12, 30],"rotation":{"angle":0,"axis":"y","origin":[16, 0, 0]},"faces":{"north":{"uv":[1.25, 5.75, 0.625, 6.5],"texture":"#0"},"east":{"uv":[7, 3.5, 3.5, 4.25],"texture":"#0"},"south":{"uv":[1.25, 5.75, 0.625, 6.5],"texture":"#0"},"west":{"uv":[7, 3.5, 3.5, 4.25],"texture":"#0"},"up":{"uv":[2.875, 8, 3.5, 4.5],"texture":"#0"},"down":{"uv":[2.875, 8, 3.5, 4.5],"texture":"#0"}}},{"from":[9, 6, 0],"to":[14, 11, 2],"faces":{"north":{"uv":[3.875, 5.875, 4.5, 6.5],"texture":"#0"},"east":{"uv":[5.75, 6.125, 6, 6.75],"texture":"#0"},"south":{"uv":[3.875, 5.875, 4.5, 6.5],"texture":"#0"},"west":{"uv":[5.75, 6.125, 6, 6.75],"texture":"#0"},"up":{"uv":[6.75, 5.125, 6.125, 4.875],"texture":"#0"},"down":{"uv":[6.75, 5.125, 6.125, 4.875],"texture":"#0"}}},{"from":[-14, 6, 0],"to":[-9, 11, 2],"rotation":{"angle":0,"axis":"y","origin":[16, 0, 0]},"faces":{"north":{"uv":[4.5, 5.875, 3.875, 6.5],"texture":"#0"},"east":{"uv":[6, 6.125, 5.75, 6.75],"texture":"#0"},"south":{"uv":[4.5, 5.875, 3.875, 6.5],"texture":"#0"},"west":{"uv":[6, 6.125, 5.75, 6.75],"texture":"#0"},"up":{"uv":[6.125, 5.125, 6.75, 4.875],"texture":"#0"},"down":{"uv":[6.125, 5.125, 6.75, 4.875],"texture":"#0"}}},{"from":[-15, 11, 0],"to":[-10, 16, 32],"rotation":{"angle":0,"axis":"y","origin":[16, 0, 0]},"faces":{"north":{"uv":[2.5, 5.75, 1.875, 6.375],"texture":"#0"},"east":{"uv":[8.75, 0.625, 4.75, 1.25],"texture":"#0"},"south":{"uv":[2.5, 5.75, 1.875, 6.375],"texture":"#0"},"west":{"uv":[8.75, 0.625, 4.75, 1.25],"texture":"#0"},"up":{"uv":[0, 8.5, 0.625, 4.5],"texture":"#0"},"down":{"uv":[0, 8.5, 0.625, 4.5],"texture":"#0"}}},{"from":[-9, 4, 0],"to":[9, 9, 2],"faces":{"north":{"uv":[4.75, 2.375, 7, 3],"texture":"#0"},"east":{"uv":[6, 6.125, 6.25, 6.75],"texture":"#0"},"south":{"uv":[4.75, 2.375, 7, 3],"texture":"#0"},"west":{"uv":[6, 6.125, 6.25, 6.75],"texture":"#0"},"up":{"uv":[2.875, 5.75, 0.625, 5.5],"texture":"#0"},"down":{"uv":[2.875, 5.75, 0.625, 5.5],"texture":"#0"}}},{"from":[-14, 6, 30],"to":[-9, 11, 32],"rotation":{"angle":0,"axis":"y","origin":[16, 0, 16]},"faces":{"north":{"uv":[3.875, 5.875, 4.5, 6.5],"texture":"#0"},"east":{"uv":[5.75, 6.125, 6, 6.75],"texture":"#0"},"south":{"uv":[3.875, 5.875, 4.5, 6.5],"texture":"#0"},"west":{"uv":[5.75, 6.125, 6, 6.75],"texture":"#0"},"up":{"uv":[6.125, 4.875, 6.75, 5.125],"texture":"#0"},"down":{"uv":[6.125, 4.875, 6.75, 5.125],"texture":"#0"}}},{"from":[-9, 4, 30],"to":[9, 9, 32],"rotation":{"angle":0,"axis":"y","origin":[0, 0, 16]},"faces":{"north":{"uv":[7, 2.375, 4.75, 3],"texture":"#0"},"east":{"uv":[6.25, 6.125, 6, 6.75],"texture":"#0"},"south":{"uv":[7, 2.375, 4.75, 3],"texture":"#0"},"west":{"uv":[6.25, 6.125, 6, 6.75],"texture":"#0"},"up":{"uv":[2.875, 5.5, 0.625, 5.75],"texture":"#0"},"down":{"uv":[2.875, 5.5, 0.625, 5.75],"texture":"#0"}}},{"from":[9, 6, 30],"to":[14, 11, 32],"rotation":{"angle":0,"axis":"y","origin":[0, 0, 16]},"faces":{"north":{"uv":[4.5, 5.875, 3.875, 6.5],"texture":"#0"},"east":{"uv":[6, 6.125, 5.75, 6.75],"texture":"#0"},"south":{"uv":[4.5, 5.875, 3.875, 6.5],"texture":"#0"},"west":{"uv":[6, 6.125, 5.75, 6.75],"texture":"#0"},"up":{"uv":[6.75, 4.875, 6.125, 5.125],"texture":"#0"},"down":{"uv":[6.75, 4.875, 6.125, 5.125],"texture":"#0"}}},{"from":[-16, 16, -2],"to":[16, 21, 3],"faces":{"north":{"uv":[3.5, 4.25, 7.5, 4.875],"texture":"#0"},"east":{"uv":[1.25, 5.75, 1.875, 6.375],"texture":"#0"},"south":{"uv":[3.5, 4.25, 7.5, 4.875],"texture":"#0"},"west":{"uv":[1.25, 5.75, 1.875, 6.375],"texture":"#0"},"up":{"uv":[8.75, 0.625, 4.75, 0],"texture":"#0"},"down":{"uv":[8.75, 0.625, 4.75, 0],"texture":"#0"}}},{"from":[-10, 12, 2],"to":[10, 16, 30],"faces":{"north":{"uv":[4.75, 3, 7.25, 3.5],"texture":"#0"},"east":{"uv":[4.75, 1.875, 8.25, 2.375],"texture":"#0"},"south":{"uv":[4.75, 3, 7.25, 3.5],"texture":"#0"},"west":{"uv":[4.75, 1.875, 8.25, 2.375],"texture":"#0"},"up":{"uv":[2.5, 3.5, 0, 0],"texture":"#0"},"down":{"uv":[2.5, 3.5, 0, 0],"texture":"#0"}}},{"from":[-9, 4, 2],"to":[9, 12, 30],"faces":{"north":{"uv":[0.625, 4.5, 2.875, 5.5],"texture":"#0"},"east":{"uv":[0, 3.5, 3.5, 4.5],"texture":"#0"},"south":{"uv":[0.625, 4.5, 2.875, 5.5],"texture":"#0"},"west":{"uv":[0, 3.5, 3.5, 4.5],"texture":"#0"},"up":{"uv":[4.75, 3.5, 2.5, 0],"texture":"#0"},"down":{"uv":[4.75, 3.5, 2.5, 0],"texture":"#0"}}},{"from":[7, 9, -16],"to":[10, 13, 2],"faces":{"north":{"uv":[5.75, 4.875, 6.125, 5.375],"texture":"#0"},"east":{"uv":[3.5, 4.875, 5.75, 5.375],"texture":"#0"},"south":{"uv":[5.75, 4.875, 6.125, 5.375],"texture":"#0"},"west":{"uv":[5.75, 4.875, 3.5, 5.375],"texture":"#0"},"up":{"uv":[3.875, 7.625, 3.5, 5.375],"texture":"#0"},"down":{"uv":[3.875, 5.375, 3.5, 7.625],"texture":"#0"}}},{"from":[-10, 9, -16],"to":[-7, 13, 2],"rotation":{"angle":0,"axis":"y","origin":[16, 0, 0]},"faces":{"north":{"uv":[6.125, 4.875, 5.75, 5.375],"texture":"#0"},"east":{"uv":[3.5, 5.375, 5.75, 4.875],"texture":"#0"},"south":{"uv":[6.125, 4.875, 5.75, 5.375],"texture":"#0"},"west":{"uv":[5.75, 4.875, 3.5, 5.375],"texture":"#0"},"up":{"uv":[3.5, 7.625, 3.875, 5.375],"texture":"#0"},"down":{"uv":[3.5, 5.375, 3.875, 7.625],"texture":"#0"}}},{"from":[-11, 10, -3],"to":[11, 12, -1],"faces":{"north":{"uv":[3.875, 5.375, 6.625, 5.625],"texture":"#0"},"east":{"uv":[0.875, 6.5, 0.625, 6.75],"texture":"#0"},"south":{"uv":[3.875, 5.375, 6.625, 5.625],"texture":"#0"},"west":{"uv":[0.625, 6.5, 0.875, 6.75],"texture":"#0"},"up":{"uv":[6.625, 5.875, 3.875, 5.625],"texture":"#0"},"down":{"uv":[6.625, 5.875, 3.875, 5.625],"texture":"#0"}}},{"from":[14, 0, 20],"to":[16, 10, 22],"faces":{"north":{"uv":[2.5, 5.75, 2.75, 7],"texture":"#0"},"east":{"uv":[4.5, 5.875, 4.75, 7.125],"texture":"#0"},"south":{"uv":[2.5, 5.75, 2.75, 7],"texture":"#0"},"west":{"uv":[4.5, 5.875, 4.75, 7.125],"texture":"#0"},"up":{"uv":[1.125, 6.75, 0.875, 6.5],"texture":"#0"},"down":{"uv":[1.125, 6.75, 0.875, 6.5],"texture":"#0"}}},{"from":[14, 0, 22],"to":[16, 2, 28],"faces":{"north":{"uv":[1.375, 6.5, 1.625, 6.75],"texture":"#0"},"east":{"uv":[5.25, 5.875, 6, 6.125],"texture":"#0"},"south":{"uv":[1.375, 6.5, 1.625, 6.75],"texture":"#0"},"west":{"uv":[5.25, 5.875, 6, 6.125],"texture":"#0"},"up":{"uv":[5.5, 6.875, 5.25, 6.125],"texture":"#0"},"down":{"uv":[5.5, 6.875, 5.25, 6.125],"texture":"#0"}}},{"from":[14, 0, 28],"to":[16, 10, 30],"rotation":{"angle":0,"axis":"y","origin":[0, 0, 48]},"faces":{"north":{"uv":[2.75, 5.75, 2.5, 7],"texture":"#0"},"east":{"uv":[4.75, 5.875, 4.5, 7.125],"texture":"#0"},"south":{"uv":[2.75, 5.75, 2.5, 7],"texture":"#0"},"west":{"uv":[4.75, 5.875, 4.5, 7.125],"texture":"#0"},"up":{"uv":[1.125, 6.5, 0.875, 6.75],"texture":"#0"},"down":{"uv":[1.125, 6.5, 0.875, 6.75],"texture":"#0"}}},{"from":[14, 8, 22],"to":[16, 10, 28],"rotation":{"angle":0,"axis":"y","origin":[0, 16, 0]},"faces":{"north":{"uv":[1.375, 6.75, 1.625, 6.5],"texture":"#0"},"east":{"uv":[5.25, 6.125, 6, 5.875],"texture":"#0"},"south":{"uv":[1.375, 6.75, 1.625, 6.5],"texture":"#0"},"west":{"uv":[5.25, 6.125, 6, 5.875],"texture":"#0"},"up":{"uv":[5.5, 6.125, 5.25, 6.875],"texture":"#0"},"down":{"uv":[5.5, 6.125, 5.25, 6.875],"texture":"#0"}}},{"from":[14, 1.5, 19],"to":[15, 2.5, 28],"rotation":{"angle":45,"axis":"x","origin":[16, 2, 28]},"faces":{"north":{"uv":[6.625, 5.375, 6.75, 5.5],"texture":"#0"},"east":{"uv":[1.25, 6.375, 2.375, 6.5],"texture":"#0"},"south":{"uv":[6.625, 5.375, 6.75, 5.5],"texture":"#0"},"west":{"uv":[1.25, 6.375, 2.375, 6.5],"texture":"#0"},"up":{"uv":[6.5, 6.25, 6.375, 7.375],"texture":"#0"},"down":{"uv":[6.5, 6.25, 6.375, 7.375],"texture":"#0"}}},{"from":[14, 7.5, 19],"to":[15, 8.5, 28],"rotation":{"angle":-45,"axis":"x","origin":[16, 8, 28]},"faces":{"north":{"uv":[4.375, 6.5, 4.5, 6.625],"texture":"#0"},"east":{"uv":[6.125, 5.125, 7.25, 5.25],"texture":"#0"},"south":{"uv":[4.375, 6.5, 4.5, 6.625],"texture":"#0"},"west":{"uv":[6.125, 5.125, 7.25, 5.25],"texture":"#0"},"up":{"uv":[2.875, 6.875, 2.75, 5.75],"texture":"#0"},"down":{"uv":[2.875, 6.875, 2.75, 5.75],"texture":"#0"}}},{"from":[14, 0, 11],"to":[16, 10, 13],"rotation":{"angle":0,"axis":"y","origin":[0, 0, 31]},"faces":{"north":{"uv":[2.75, 5.75, 2.5, 7],"texture":"#0"},"east":{"uv":[4.75, 5.875, 4.5, 7.125],"texture":"#0"},"south":{"uv":[2.75, 5.75, 2.5, 7],"texture":"#0"},"west":{"uv":[4.75, 5.875, 4.5, 7.125],"texture":"#0"},"up":{"uv":[1.125, 6.5, 0.875, 6.75],"texture":"#0"},"down":{"uv":[1.125, 6.5, 0.875, 6.75],"texture":"#0"}}},{"from":[14, 8, 5],"to":[16, 10, 11],"rotation":{"angle":0,"axis":"y","origin":[0, 16, -17]},"faces":{"north":{"uv":[1.375, 6.75, 1.625, 6.5],"texture":"#0"},"east":{"uv":[5.25, 6.125, 6, 5.875],"texture":"#0"},"south":{"uv":[1.375, 6.75, 1.625, 6.5],"texture":"#0"},"west":{"uv":[5.25, 6.125, 6, 5.875],"texture":"#0"},"up":{"uv":[5.5, 6.125, 5.25, 6.875],"texture":"#0"},"down":{"uv":[5.5, 6.125, 5.25, 6.875],"texture":"#0"}}},{"from":[14, 0, 3],"to":[16, 10, 5],"rotation":{"angle":0,"axis":"y","origin":[0, 0, -17]},"faces":{"north":{"uv":[2.5, 5.75, 2.75, 7],"texture":"#0"},"east":{"uv":[4.5, 5.875, 4.75, 7.125],"texture":"#0"},"south":{"uv":[2.5, 5.75, 2.75, 7],"texture":"#0"},"west":{"uv":[4.5, 5.875, 4.75, 7.125],"texture":"#0"},"up":{"uv":[1.125, 6.75, 0.875, 6.5],"texture":"#0"},"down":{"uv":[1.125, 6.75, 0.875, 6.5],"texture":"#0"}}},{"from":[14, 1.5, 2],"to":[15, 2.5, 11],"rotation":{"angle":45,"axis":"x","origin":[16, 2, 11]},"faces":{"north":{"uv":[6.625, 5.375, 6.75, 5.5],"texture":"#0"},"east":{"uv":[1.25, 6.375, 2.375, 6.5],"texture":"#0"},"south":{"uv":[6.625, 5.375, 6.75, 5.5],"texture":"#0"},"west":{"uv":[1.25, 6.375, 2.375, 6.5],"texture":"#0"},"up":{"uv":[6.5, 6.25, 6.375, 7.375],"texture":"#0"},"down":{"uv":[6.5, 6.25, 6.375, 7.375],"texture":"#0"}}},{"from":[14, 7.5, 2],"to":[15, 8.5, 11],"rotation":{"angle":-45,"axis":"x","origin":[16, 8, 11]},"faces":{"north":{"uv":[4.375, 6.5, 4.5, 6.625],"texture":"#0"},"east":{"uv":[6.125, 5.125, 7.25, 5.25],"texture":"#0"},"south":{"uv":[4.375, 6.5, 4.5, 6.625],"texture":"#0"},"west":{"uv":[6.125, 5.125, 7.25, 5.25],"texture":"#0"},"up":{"uv":[2.875, 6.875, 2.75, 5.75],"texture":"#0"},"down":{"uv":[2.875, 6.875, 2.75, 5.75],"texture":"#0"}}},{"from":[14, 0, 5],"to":[16, 2, 11],"rotation":{"angle":0,"axis":"y","origin":[0, 0, -17]},"faces":{"north":{"uv":[1.375, 6.5, 1.625, 6.75],"texture":"#0"},"east":{"uv":[5.25, 5.875, 6, 6.125],"texture":"#0"},"south":{"uv":[1.375, 6.5, 1.625, 6.75],"texture":"#0"},"west":{"uv":[5.25, 5.875, 6, 6.125],"texture":"#0"},"up":{"uv":[5.5, 6.875, 5.25, 6.125],"texture":"#0"},"down":{"uv":[5.5, 6.875, 5.25, 6.125],"texture":"#0"}}},{"from":[-16, 0, 20],"to":[-14, 10, 22],"faces":{"north":{"uv":[2.75, 5.75, 2.5, 7],"texture":"#0"},"east":{"uv":[4.75, 5.875, 4.5, 7.125],"texture":"#0"},"south":{"uv":[2.75, 5.75, 2.5, 7],"texture":"#0"},"west":{"uv":[4.75, 5.875, 4.5, 7.125],"texture":"#0"},"up":{"uv":[0.875, 6.75, 1.125, 6.5],"texture":"#0"},"down":{"uv":[0.875, 6.75, 1.125, 6.5],"texture":"#0"}}},{"from":[-16, 0, 22],"to":[-14, 2, 28],"faces":{"north":{"uv":[1.625, 6.5, 1.375, 6.75],"texture":"#0"},"east":{"uv":[6, 5.875, 5.25, 6.125],"texture":"#0"},"south":{"uv":[1.625, 6.5, 1.375, 6.75],"texture":"#0"},"west":{"uv":[6, 5.875, 5.25, 6.125],"texture":"#0"},"up":{"uv":[5.25, 6.875, 5.5, 6.125],"texture":"#0"},"down":{"uv":[5.25, 6.875, 5.5, 6.125],"texture":"#0"}}},{"from":[-16, 0, 28],"to":[-14, 10, 30],"rotation":{"angle":0,"axis":"y","origin":[0, 0, 48]},"faces":{"north":{"uv":[2.5, 5.75, 2.75, 7],"texture":"#0"},"east":{"uv":[4.5, 5.875, 4.75, 7.125],"texture":"#0"},"south":{"uv":[2.5, 5.75, 2.75, 7],"texture":"#0"},"west":{"uv":[4.5, 5.875, 4.75, 7.125],"texture":"#0"},"up":{"uv":[0.875, 6.5, 1.125, 6.75],"texture":"#0"},"down":{"uv":[0.875, 6.5, 1.125, 6.75],"texture":"#0"}}},{"from":[-16, 8, 22],"to":[-14, 10, 28],"rotation":{"angle":0,"axis":"y","origin":[0, 16, 0]},"faces":{"north":{"uv":[1.625, 6.75, 1.375, 6.5],"texture":"#0"},"east":{"uv":[6, 6.125, 5.25, 5.875],"texture":"#0"},"south":{"uv":[1.625, 6.75, 1.375, 6.5],"texture":"#0"},"west":{"uv":[6, 6.125, 5.25, 5.875],"texture":"#0"},"up":{"uv":[5.25, 6.125, 5.5, 6.875],"texture":"#0"},"down":{"uv":[5.25, 6.125, 5.5, 6.875],"texture":"#0"}}},{"from":[-15.5, 1.5, 19],"to":[-14.5, 2.5, 28],"rotation":{"angle":45,"axis":"x","origin":[-16.5, 2, 28]},"faces":{"north":{"uv":[6.75, 5.375, 6.625, 5.5],"texture":"#0"},"east":{"uv":[2.375, 6.375, 1.25, 6.5],"texture":"#0"},"south":{"uv":[6.75, 5.375, 6.625, 5.5],"texture":"#0"},"west":{"uv":[2.375, 6.375, 1.25, 6.5],"texture":"#0"},"up":{"uv":[6.375, 6.25, 6.5, 7.375],"texture":"#0"},"down":{"uv":[6.375, 6.25, 6.5, 7.375],"texture":"#0"}}},{"from":[-15.5, 7.5, 19],"to":[-14.5, 8.5, 28],"rotation":{"angle":-45,"axis":"x","origin":[-16.5, 8, 28]},"faces":{"north":{"uv":[4.5, 6.5, 4.375, 6.625],"texture":"#0"},"east":{"uv":[7.25, 5.125, 6.125, 5.25],"texture":"#0"},"south":{"uv":[4.5, 6.5, 4.375, 6.625],"texture":"#0"},"west":{"uv":[7.25, 5.125, 6.125, 5.25],"texture":"#0"},"up":{"uv":[2.75, 6.875, 2.875, 5.75],"texture":"#0"},"down":{"uv":[2.75, 6.875, 2.875, 5.75],"texture":"#0"}}},{"from":[-16, 3.5, 23.5],"to":[16, 6.5, 26.5],"faces":{"north":{"uv":[12.75, 0.375, 8.75, 0.75],"texture":"#0"},"east":{"uv":[9.125, 0.75, 8.75, 1.125],"texture":"#0"},"south":{"uv":[12.75, 0.375, 8.75, 0.75],"texture":"#0"},"west":{"uv":[9.125, 0.75, 8.75, 1.125],"texture":"#0"},"up":{"uv":[8.75, 0.375, 12.75, 0],"texture":"#0"},"down":{"uv":[8.75, 0.375, 12.75, 0],"texture":"#0"}}},{"from":[-16, 3.5, 6.5],"to":[16, 6.5, 9.5],"faces":{"north":{"uv":[12.75, 0.375, 8.75, 0.75],"texture":"#0"},"east":{"uv":[9.125, 0.75, 8.75, 1.125],"texture":"#0"},"south":{"uv":[12.75, 0.375, 8.75, 0.75],"texture":"#0"},"west":{"uv":[9.125, 0.75, 8.75, 1.125],"texture":"#0"},"up":{"uv":[8.75, 0.375, 12.75, 0],"texture":"#0"},"down":{"uv":[8.75, 0.375, 12.75, 0],"texture":"#0"}}},{"from":[-16, 0, 11],"to":[-14, 10, 13],"rotation":{"angle":0,"axis":"y","origin":[0, 0, 31]},"faces":{"north":{"uv":[2.5, 5.75, 2.75, 7],"texture":"#0"},"east":{"uv":[4.5, 5.875, 4.75, 7.125],"texture":"#0"},"south":{"uv":[2.5, 5.75, 2.75, 7],"texture":"#0"},"west":{"uv":[4.5, 5.875, 4.75, 7.125],"texture":"#0"},"up":{"uv":[0.875, 6.5, 1.125, 6.75],"texture":"#0"},"down":{"uv":[0.875, 6.5, 1.125, 6.75],"texture":"#0"}}},{"from":[-16, 8, 5],"to":[-14, 10, 11],"rotation":{"angle":0,"axis":"y","origin":[0, 16, -17]},"faces":{"north":{"uv":[1.625, 6.75, 1.375, 6.5],"texture":"#0"},"east":{"uv":[6, 6.125, 5.25, 5.875],"texture":"#0"},"south":{"uv":[1.625, 6.75, 1.375, 6.5],"texture":"#0"},"west":{"uv":[6, 6.125, 5.25, 5.875],"texture":"#0"},"up":{"uv":[5.25, 6.125, 5.5, 6.875],"texture":"#0"},"down":{"uv":[5.25, 6.125, 5.5, 6.875],"texture":"#0"}}},{"from":[-16, 0, 3],"to":[-14, 10, 5],"rotation":{"angle":0,"axis":"y","origin":[0, 0, -17]},"faces":{"north":{"uv":[2.75, 5.75, 2.5, 7],"texture":"#0"},"east":{"uv":[4.75, 5.875, 4.5, 7.125],"texture":"#0"},"south":{"uv":[2.75, 5.75, 2.5, 7],"texture":"#0"},"west":{"uv":[4.75, 5.875, 4.5, 7.125],"texture":"#0"},"up":{"uv":[0.875, 6.75, 1.125, 6.5],"texture":"#0"},"down":{"uv":[0.875, 6.75, 1.125, 6.5],"texture":"#0"}}},{"from":[-15, 1.5, 2],"to":[-14, 2.5, 11],"rotation":{"angle":45,"axis":"x","origin":[-16, 2, 11]},"faces":{"north":{"uv":[6.75, 5.375, 6.625, 5.5],"texture":"#0"},"east":{"uv":[2.375, 6.375, 1.25, 6.5],"texture":"#0"},"south":{"uv":[6.75, 5.375, 6.625, 5.5],"texture":"#0"},"west":{"uv":[2.375, 6.375, 1.25, 6.5],"texture":"#0"},"up":{"uv":[6.375, 6.25, 6.5, 7.375],"texture":"#0"},"down":{"uv":[6.375, 6.25, 6.5, 7.375],"texture":"#0"}}},{"from":[-15, 7.5, 2],"to":[-14, 8.5, 11],"rotation":{"angle":-45,"axis":"x","origin":[-16, 8, 11]},"faces":{"north":{"uv":[4.5, 6.5, 4.375, 6.625],"texture":"#0"},"east":{"uv":[7.25, 5.125, 6.125, 5.25],"texture":"#0"},"south":{"uv":[4.5, 6.5, 4.375, 6.625],"texture":"#0"},"west":{"uv":[7.25, 5.125, 6.125, 5.25],"texture":"#0"},"up":{"uv":[2.75, 6.875, 2.875, 5.75],"texture":"#0"},"down":{"uv":[2.75, 6.875, 2.875, 5.75],"texture":"#0"}}},{"from":[-16, 0, 5],"to":[-14, 2, 11],"rotation":{"angle":0,"axis":"y","origin":[0, 0, -17]},"faces":{"north":{"uv":[1.625, 6.5, 1.375, 6.75],"texture":"#0"},"east":{"uv":[6, 5.875, 5.25, 6.125],"texture":"#0"},"south":{"uv":[1.625, 6.5, 1.375, 6.75],"texture":"#0"},"west":{"uv":[6, 5.875, 5.25, 6.125],"texture":"#0"},"up":{"uv":[5.25, 6.875, 5.5, 6.125],"texture":"#0"},"down":{"uv":[5.25, 6.875, 5.5, 6.125],"texture":"#0"}}},{"from":[-7, 21.1, -2.1],"to":[1, 21.1, 3.1],"faces":{"up":{"uv":[0, 10, 1, 10.65],"texture":"#0"},"down":{"uv":[0, 10, 1, 10.625],"texture":"#0"}}},{"from":[-7, 13, -2.1],"to":[1, 21.1, -2.1],"faces":{"north":{"uv":[0, 8.75, 1, 9.7625],"texture":"#0"},"south":{"uv":[0, 8.75, 1, 9.7625],"texture":"#0"}}},{"from":[-7, 17, 3.1],"to":[1, 21.1, 3.1],"faces":{"north":{"uv":[0, 10.75, 1, 11.2625],"texture":"#0"},"south":{"uv":[0, 10.75, 1, 11.2625],"texture":"#0"}}}],"gui_light":"front","display":{"thirdperson_righthand":{"rotation":[67.5, 0, 0],"translation":[1, 2.5, 0.75],"scale":[0.13, 0.13, 0.13]},"thirdperson_lefthand":{"rotation":[67.5, 0, 0],"translation":[1, 2.5, 0.75],"scale":[0.13, 0.13, 0.13]},"firstperson_righthand":{"translation":[0, 2, 0],"scale":[0.27586, 0.27586, 0.27586]},"firstperson_lefthand":{"translation":[0.5, 2, 0],"scale":[0.27586, 0.27586, 0.27586]},"ground":{"translation":[1.5, -0.5, 0],"scale":[0.22, 0.22, 0.22]},"gui":{"rotation":[30, 225, 0],"translation":[-0.75, -2, 0],"scale":[0.26641, 0.26641, 0.26641]},"head":{"translation":[0, -30.5, 0],"scale":[0, 0, 0]},"fixed":{"rotation":[-90, -90, 0],"translation":[0, 0, -16],"scale":[2, 2, 2]}},"groups":[0,1,2,3,4,5,6,7,8,9,10,11,12,13,14,15,16,17,{"name":"group","origin":[0, 0, -16],"color":0,"children":[18, 19, 20, 21, 22, 23, 24, 25, 26, 27, 28, 29]},{"name":"group","origin":[0, 0, -16],"color":0,"children":[30, 31, 32, 33, 34, 35, 36, 37, 38, 39, 40, 41, 42, 43]},{"name":"group","origin":[0, 0, 0],"color":0,"children":[]},44,45,46]}