{"texture_size":[64,64],"textures":{"0":"custom/furniture/forest/clothsline","particle":"custom/furniture/forest/clothsline"},"elements":[{"from":[11,0,6],"to":[15,29,10],"faces":{"north":{"uv":[2.5,0,3.5,7.25],"texture":"#0"},"east":{"uv":[0,3,1,10.25],"texture":"#0"},"south":{"uv":[2.5,0,3.5,7.25],"texture":"#0"},"west":{"uv":[0,3,1,10.25],"texture":"#0"},"up":{"uv":[7,6.25,6,5.25],"texture":"#0"},"down":{"uv":[7,6.25,6,5.25],"texture":"#0"}}},{"from":[10,29,5],"to":[16,32,11],"faces":{"north":{"uv":[1,5.5,2.5,6.25],"texture":"#0"},"east":{"uv":[6,4.5,7.5,5.25],"texture":"#0"},"south":{"uv":[1,5.5,2.5,6.25],"texture":"#0"},"west":{"uv":[6,4.5,7.5,5.25],"texture":"#0"},"up":{"uv":[2.5,4.5,1,3],"texture":"#0"},"down":{"uv":[2.5,4.5,1,3],"texture":"#0"}}},{"from":[-15,0,6],"to":[-11,29,10],"rotation":{"angle":0,"axis":"y","origin":[16,0,0]},"faces":{"north":{"uv":[3.5,0,2.5,7.25],"texture":"#0"},"east":{"uv":[1,3,0,10.25],"texture":"#0"},"south":{"uv":[3.5,0,2.5,7.25],"texture":"#0"},"west":{"uv":[1,3,0,10.25],"texture":"#0"},"up":{"uv":[6,6.25,7,5.25],"texture":"#0"},"down":{"uv":[6,6.25,7,5.25],"texture":"#0"}}},{"from":[-16,29,5],"to":[-10,32,11],"rotation":{"angle":0,"axis":"y","origin":[16,0,0]},"faces":{"north":{"uv":[2.5,5.5,1,6.25],"texture":"#0"},"east":{"uv":[7.5,4.5,6,5.25],"texture":"#0"},"south":{"uv":[2.5,5.5,1,6.25],"texture":"#0"},"west":{"uv":[7.5,4.5,6,5.25],"texture":"#0"},"up":{"uv":[1,4.5,2.5,3],"texture":"#0"},"down":{"uv":[1,4.5,2.5,3],"texture":"#0"}}},{"from":[-16,12,7],"to":[16,14,9],"faces":{"north":{"uv":[5.5,2.25,13.5,2.75],"texture":"#0"},"east":{"uv":[2,6.25,2.5,6.75],"texture":"#0"},"south":{"uv":[5.5,2.25,13.5,2.75],"texture":"#0"},"west":{"uv":[2,6.25,2.5,6.75],"texture":"#0"},"up":{"uv":[13.5,3.25,5.5,2.75],"texture":"#0"},"down":{"uv":[13.5,3.25,5.5,2.75],"texture":"#0"}}},{"from":[-16,25,7],"to":[16,27,9],"faces":{"north":{"uv":[5.5,2.25,13.5,2.75],"texture":"#0"},"east":{"uv":[2,6.25,2.5,6.75],"texture":"#0"},"south":{"uv":[5.5,2.25,13.5,2.75],"texture":"#0"},"west":{"uv":[2,6.25,2.5,6.75],"texture":"#0"},"up":{"uv":[13.5,3.25,5.5,2.75],"texture":"#0"},"down":{"uv":[13.5,3.25,5.5,2.75],"texture":"#0"}}},{"from":[-2,5,6.9],"to":[8,14.1,6.9],"faces":{"north":{"uv":[3.5,0,6,2.25],"texture":"#0"},"south":{"uv":[3.5,0,6,2.25],"texture":"#0"}}},{"from":[-2,9,9.1],"to":[8,14.1,9.1],"rotation":{"angle":0,"axis":"y","origin":[0,0,16]},"faces":{"north":{"uv":[5.5,3.25,8,4.5],"texture":"#0"},"south":{"uv":[5.5,3.25,8,4.5],"texture":"#0"}}},{"from":[-2,14.1,6.9],"to":[8,14.1,9.1],"faces":{"up":{"uv":[8.5,1.75,6,1.25],"texture":"#0"},"down":{"uv":[8.5,1.75,6,1.25],"texture":"#0"}}},{"from":[-10,20,9.1],"to":[0,27.1,9.1],"rotation":{"angle":0,"axis":"y","origin":[0,0,16]},"faces":{"north":{"uv":[3.5,4.75,6,6.5],"texture":"#0"},"south":{"uv":[3.5,4.75,6,6.5],"texture":"#0"}}},{"from":[-10,27.1,6.9],"to":[0,27.1,9.1],"faces":{"up":{"uv":[8.5,2.25,6,1.75],"texture":"#0"},"down":{"uv":[8.5,2.25,6,1.75],"texture":"#0"}}},{"from":[-10,15,6.9],"to":[0,27.1,6.9],"faces":{"north":{"uv":[0,0,2.5,3],"texture":"#0"},"south":{"uv":[0,0,2.5,3],"texture":"#0"}}},{"from":[2,17,6.9],"to":[10,27.1,6.9],"faces":{"north":{"uv":[3.5,2.25,5.5,4.75],"texture":"#0"},"south":{"uv":[3.5,2.25,5.5,4.75],"texture":"#0"}}},{"from":[2,27.1,6.9],"to":[10,27.1,9.1],"faces":{"up":{"uv":[8,6.75,6,6.25],"texture":"#0"},"down":{"uv":[8,6.75,6,6.25],"texture":"#0"}}},{"from":[2,22,9.1],"to":[10,27.1,9.1],"rotation":{"angle":0,"axis":"y","origin":[0,0,16]},"faces":{"north":{"uv":[6,0,8,1.25],"texture":"#0"},"south":{"uv":[6,0,8,1.25],"texture":"#0"}}},{"from":[15,18,7],"to":[17,21,9],"rotation":{"angle":-45,"axis":"z","origin":[15,20,0]},"faces":{"north":{"uv":[1,6.25,1.5,7],"texture":"#0"},"east":{"uv":[1.5,6.25,2,7],"texture":"#0"},"south":{"uv":[1,6.25,1.5,7],"texture":"#0"},"west":{"uv":[1.5,6.25,2,7],"texture":"#0"},"up":{"uv":[4,7,3.5,6.5],"texture":"#0"},"down":{"uv":[4,7,3.5,6.5],"texture":"#0"}}},{"from":[13,21,8],"to":[18,25,8],"rotation":{"angle":-45,"axis":"z","origin":[15,20,0]},"faces":{"north":{"uv":[2.25,4.5,1,5.5],"texture":"#0"},"south":{"uv":[1,4.5,2.25,5.5],"texture":"#0"}}}],"gui_light":"front","display":{"thirdperson_righthand":{"rotation":[67.5,0,0],"translation":[1.5,-0.25,0],"scale":[0.18,0.18,0.18]},"thirdperson_lefthand":{"rotation":[67.5,0,0],"translation":[-1.5,-0.25,0],"scale":[0.18,0.18,0.18]},"firstperson_righthand":{"translation":[4.5,0.75,0],"scale":[0.39398,0.39398,0.39398]},"firstperson_lefthand":{"translation":[-2.25,0.75,0],"scale":[0.39398,0.39398,0.39398]},"ground":{"translation":[1.75,-1.5,0],"scale":[0.25,0.25,0.25]},"gui":{"rotation":[30,225,0],"translation":[-1.75,-3.5,0],"scale":[0.32539,0.32539,0.32539]},"head":{"translation":[0,-30.5,0],"scale":[0,0,0]},"fixed":{"rotation":[-90,0,0],"translation":[2,0.25,-16],"scale":[2,2,2]}}}