{"textures":{"0":"modelengine:entity/nm_bison_texture","particle":"#0"},"elements":[{"from":[7.0,-5.3566313,6.1841755],"to":[9.0,9.643368,8.1841755],"faces":{"east":{"uv":[11.25,4.875,11.5,6.75],"tintindex":0,"rotation":0,"texture":"#0"},"south":{"uv":[3.625,12.125,3.875,14.0],"tintindex":0,"rotation":0,"texture":"#0"},"north":{"uv":[3.625,10.25,3.875,12.125],"tintindex":0,"rotation":0,"texture":"#0"},"west":{"uv":[3.875,12.25,4.125,14.125],"tintindex":0,"rotation":0,"texture":"#0"},"up":{"uv":[3.0,5.25,2.75,5.0],"tintindex":0,"rotation":0,"texture":"#0"},"down":{"uv":[3.0,5.25,2.75,5.5],"tintindex":0,"rotation":0,"texture":"#0"}}}],"display":{"head":{"rotation":[0.0,0.0,0.0]},"firstperson_righthand":{"rotation":[0.0,0.0,0.0]},"thirdperson_lefthand":{"rotation":[0.0,-0.0,-0.0]},"firstperson_lefthand":{"rotation":[0.0,-0.0,-0.0]},"fixed":{"rotation":[0.0,0.0,0.0]},"ground":{"rotation":[0.0,0.0,0.0]},"thirdperson_righthand":{"rotation":[0.0,0.0,0.0]},"gui":{"rotation":[-150.0,-45.0,180.0]}}}