{"texture_size":[128,128],"textures":{"0":"custom/furniture/vending/drink_3","particle":"custom/furniture/vending/drink_3"},"elements":[{"from":[-3,-16,0],"to":[16,32,16],"faces":{"north":{"uv":[0,0,2.375,6],"texture":"#0"},"east":{"uv":[4.75,0,6.75,6],"texture":"#0"},"south":{"uv":[2.375,0,4.75,6],"texture":"#0"},"west":{"uv":[0,6,2,12],"texture":"#0"},"up":{"uv":[7.5,8,5.125,6],"texture":"#0"},"down":{"uv":[9.125,0,6.75,2],"texture":"#0"}}},{"from":[-8,-16,1],"to":[-3,32,16],"faces":{"north":{"uv":[3.875,6,4.5,12],"texture":"#0"},"south":{"uv":[4.5,6,5.125,12],"texture":"#0"},"west":{"uv":[2,6,3.875,12],"texture":"#0"},"up":{"uv":[7.375,3.875,6.75,2],"texture":"#0"},"down":{"uv":[7.375,3.875,6.75,5.75],"texture":"#0"}}},{"from":[-8,21,0],"to":[-3,32,1],"faces":{"north":{"uv":[7.375,2,8,3.375],"texture":"#0"},"west":{"uv":[7.5,3.375,7.625,4.75],"texture":"#0"},"up":{"uv":[7.375,5.875,6.75,5.75],"texture":"#0"},"down":{"uv":[7.375,5.875,6.75,6],"texture":"#0"}}},{"from":[-8,-16,0],"to":[-3,-5,1],"faces":{"north":{"uv":[8,2,8.625,3.375],"texture":"#0"},"west":{"uv":[7.375,3.375,7.5,4.75],"texture":"#0"},"up":{"uv":[8.25,3.5,7.625,3.375],"texture":"#0"},"down":{"uv":[8.25,3.5,7.625,3.625],"texture":"#0"}}}],"gui_light":"front","display":{"thirdperson_righthand":{"rotation":[67.5,0,0],"translation":[0.5,1,0.25],"scale":[0.13906,0.13906,0.13906]},"thirdperson_lefthand":{"rotation":[67.5,0,0],"translation":[-0.5,1,0.25],"scale":[0.13906,0.13906,0.13906]},"firstperson_righthand":{"rotation":[0,-180,0],"translation":[0.75,3,0],"scale":[0.24563,0.24563,0.24563]},"firstperson_lefthand":{"rotation":[0,-180,0],"translation":[2.75,3,0],"scale":[0.24563,0.24563,0.24563]},"ground":{"translation":[1,1.25,0],"scale":[0.24,0.24,0.24]},"gui":{"rotation":[30,225,0],"translation":[-0.75,-0.5,0],"scale":[0.25781,0.25781,0.25781]},"head":{"rotation":[0,-180,0],"translation":[-5.5,-9.5,1.5],"scale":[0,0,0]},"fixed":{"rotation":[-90,0,0],"translation":[7.75,0,-48],"scale":[2,2,2]}}}