{"texture_size":[64, 64],"textures":{"0":"custom/furniture/forest/barrel","particle":"custom/furniture/forest/barrel"},"elements":[{"from":[-2, 13, 0],"to":[16, 16, 16],"faces":{"north":{"uv":[5.375, 10.5, 9.875, 11.25],"texture":"#0"},"east":{"uv":[5.5, 14.625, 9.5, 15.375],"texture":"#0"},"south":{"uv":[5.375, 10.5, 9.875, 11.25],"texture":"#0"},"west":{"uv":[5.5, 14.625, 9.5, 15.375],"texture":"#0"},"up":{"uv":[5.375, 10.5, 9.875, 14.5],"texture":"#0"},"down":{"uv":[5.375, 10.5, 9.875, 14.5],"texture":"#0"}}},{"from":[-2, 13, -2],"to":[16, 19, 0],"faces":{"north":{"uv":[0, 14.5, 4.5, 16],"texture":"#0"},"east":{"uv":[4.625, 14.5, 5.125, 16],"texture":"#0"},"south":{"uv":[0, 14.5, 4.5, 16],"texture":"#0"},"west":{"uv":[4.625, 14.5, 5.125, 16],"texture":"#0"},"up":{"uv":[0, 13.875, 4.5, 14.375],"texture":"#0"},"down":{"uv":[0, 13.875, 4.5, 14.375],"texture":"#0"}}},{"from":[-2, 13, 16],"to":[16, 19, 18],"rotation":{"angle":0,"axis":"y","origin":[0, 0, 16]},"faces":{"north":{"uv":[4.5, 14.5, 0, 16],"texture":"#0"},"east":{"uv":[5.125, 14.5, 4.625, 16],"texture":"#0"},"south":{"uv":[4.5, 14.5, 0, 16],"texture":"#0"},"west":{"uv":[5.125, 14.5, 4.625, 16],"texture":"#0"},"up":{"uv":[0, 14.375, 4.5, 13.875],"texture":"#0"},"down":{"uv":[0, 14.375, 4.5, 13.875],"texture":"#0"}}},{"from":[-1, 0, 0],"to":[3, 13, 4],"faces":{"north":{"uv":[13.875, 12.75, 14.875, 16],"texture":"#0"},"east":{"uv":[15, 12.75, 16, 16],"texture":"#0"},"south":{"uv":[13.875, 12.75, 14.875, 16],"texture":"#0"},"west":{"uv":[15, 12.75, 16, 16],"texture":"#0"},"up":{"uv":[15, 11.625, 16, 12.625],"texture":"#0"},"down":{"uv":[15, 11.625, 16, 12.625],"texture":"#0"}}},{"from":[-1, 0, 12],"to":[3, 13, 16],"rotation":{"angle":0,"axis":"y","origin":[0, 0, 16]},"faces":{"north":{"uv":[14.875, 12.75, 13.875, 16],"texture":"#0"},"east":{"uv":[16, 12.75, 15, 16],"texture":"#0"},"south":{"uv":[14.875, 12.75, 13.875, 16],"texture":"#0"},"west":{"uv":[16, 12.75, 15, 16],"texture":"#0"},"up":{"uv":[15, 12.625, 16, 11.625],"texture":"#0"},"down":{"uv":[15, 12.625, 16, 11.625],"texture":"#0"}}},{"from":[11, 0, 12],"to":[15, 13, 16],"rotation":{"angle":0,"axis":"y","origin":[16, 0, 16]},"faces":{"north":{"uv":[13.875, 12.75, 14.875, 16],"texture":"#0"},"east":{"uv":[15, 12.75, 16, 16],"texture":"#0"},"south":{"uv":[13.875, 12.75, 14.875, 16],"texture":"#0"},"west":{"uv":[15, 12.75, 16, 16],"texture":"#0"},"up":{"uv":[16, 12.625, 15, 11.625],"texture":"#0"},"down":{"uv":[16, 12.625, 15, 11.625],"texture":"#0"}}},{"from":[11, 0, 0],"to":[15, 13, 4],"rotation":{"angle":0,"axis":"y","origin":[16, 0, 0]},"faces":{"north":{"uv":[14.875, 12.75, 13.875, 16],"texture":"#0"},"east":{"uv":[16, 12.75, 15, 16],"texture":"#0"},"south":{"uv":[14.875, 12.75, 13.875, 16],"texture":"#0"},"west":{"uv":[16, 12.75, 15, 16],"texture":"#0"},"up":{"uv":[16, 11.625, 15, 12.625],"texture":"#0"},"down":{"uv":[16, 11.625, 15, 12.625],"texture":"#0"}}},{"from":[-3, 24, 7],"to":[-2, 26, 9],"faces":{"north":{"uv":[9.625, 1, 9.875, 1.5],"texture":"#0"},"south":{"uv":[9.625, 1, 9.875, 1.5],"texture":"#0"},"up":{"uv":[9.625, 1, 9.875, 1.5],"texture":"#0"},"down":{"uv":[9.625, 1, 9.875, 1.5],"texture":"#0"}}},{"from":[-2, 23, 6],"to":[-1, 26, 10],"faces":{"north":{"uv":[10, 0, 10.25, 0.75],"texture":"#0"},"east":{"uv":[10.375, 0, 11.375, 0.75],"texture":"#0"},"south":{"uv":[10, 0, 10.25, 0.75],"texture":"#0"},"west":{"uv":[10.375, 0, 11.375, 0.75],"texture":"#0"},"up":{"uv":[9.625, 0, 9.875, 1],"texture":"#0"},"down":{"uv":[9.625, 0, 9.875, 1],"texture":"#0"}}},{"from":[-5, 23, 7],"to":[-3, 26, 9],"faces":{"north":{"uv":[10.625, 0.875, 11.125, 1.625],"texture":"#0"},"east":{"uv":[10, 0.875, 10.5, 1.625],"texture":"#0"},"south":{"uv":[10.625, 0.875, 11.125, 1.625],"texture":"#0"},"west":{"uv":[10, 0.875, 10.5, 1.625],"texture":"#0"},"up":{"uv":[11.25, 1.5, 11.75, 2],"texture":"#0"},"down":{"uv":[11.25, 0.875, 11.75, 1.375],"texture":"#0"}}},{"from":[-2, 3, 1],"to":[16, 5, 3],"faces":{"north":{"uv":[5.375, 15.5, 9.875, 16],"texture":"#0"},"east":{"uv":[10, 15.5, 10.5, 16],"texture":"#0"},"south":{"uv":[5.375, 15.5, 9.875, 16],"texture":"#0"},"west":{"uv":[10, 15.5, 10.5, 16],"texture":"#0"},"up":{"uv":[5.375, 15.5, 9.875, 16],"texture":"#0"},"down":{"uv":[5.375, 15.5, 9.875, 16],"texture":"#0"}}},{"from":[0, 3, -1],"to":[2, 5, 17],"faces":{"north":{"uv":[10, 15.5, 10.5, 16],"texture":"#0"},"east":{"uv":[5.375, 15.5, 9.875, 16],"texture":"#0"},"south":{"uv":[10, 15.5, 10.5, 16],"texture":"#0"},"west":{"uv":[5.375, 15.5, 9.875, 16],"texture":"#0"},"up":{"uv":[5.375, 15.5, 9.875, 16],"rotation":90,"texture":"#0"},"down":{"uv":[5.375, 15.5, 9.875, 16],"rotation":270,"texture":"#0"}}},{"from":[12, 3, -1],"to":[14, 5, 17],"faces":{"north":{"uv":[10, 15.5, 10.5, 16],"texture":"#0"},"east":{"uv":[5.375, 15.5, 9.875, 16],"texture":"#0"},"south":{"uv":[10, 15.5, 10.5, 16],"texture":"#0"},"west":{"uv":[5.375, 15.5, 9.875, 16],"texture":"#0"},"up":{"uv":[5.375, 15.5, 9.875, 16],"rotation":90,"texture":"#0"},"down":{"uv":[5.375, 15.5, 9.875, 16],"rotation":270,"texture":"#0"}}},{"from":[-2, 3, 13],"to":[16, 5, 15],"rotation":{"angle":0,"axis":"y","origin":[0, 0, 16]},"faces":{"north":{"uv":[9.875, 15.5, 5.375, 16],"texture":"#0"},"east":{"uv":[10.5, 15.5, 10, 16],"texture":"#0"},"south":{"uv":[9.875, 15.5, 5.375, 16],"texture":"#0"},"west":{"uv":[10.5, 15.5, 10, 16],"texture":"#0"},"up":{"uv":[5.375, 16, 9.875, 15.5],"texture":"#0"},"down":{"uv":[5.375, 16, 9.875, 15.5],"texture":"#0"}}},{"from":[-13, 14, 1],"to":[-2, 16, 15],"faces":{"north":{"uv":[0, 9, 2.75, 9.5],"texture":"#0"},"east":{"uv":[1.75, 9.5, 5.25, 10],"texture":"#0"},"south":{"uv":[2.75, 9, 0, 9.5],"texture":"#0"},"west":{"uv":[1.75, 9.5, 5.25, 10],"texture":"#0"},"up":{"uv":[1.75, 10.125, 4.5, 13.625],"texture":"#0"},"down":{"uv":[1.75, 13.625, 4.5, 10.125],"texture":"#0"}}},{"from":[-6, 13, 2],"to":[4, 15, 3.9],"rotation":{"angle":-45,"axis":"z","origin":[-6, 15, 0]},"faces":{"north":{"uv":[10.75, 15.5, 13.25, 16],"texture":"#0"},"east":{"uv":[13.25, 15.5, 13.75, 16],"texture":"#0"},"south":{"uv":[13.25, 15.5, 10.75, 16],"texture":"#0"},"west":{"uv":[13.25, 15.5, 13.75, 16],"texture":"#0"},"up":{"uv":[10.75, 14.875, 13.25, 15.375],"texture":"#0"},"down":{"uv":[10.75, 14.875, 13.25, 15.35],"texture":"#0"}}},{"from":[-6, 13, 12.1],"to":[4, 15, 14],"rotation":{"angle":-45,"axis":"z","origin":[-6, 15, 16]},"faces":{"north":{"uv":[10.75, 15.5, 13.25, 16],"texture":"#0"},"east":{"uv":[13.75, 15.5, 13.25, 16],"texture":"#0"},"south":{"uv":[13.25, 15.5, 10.75, 16],"texture":"#0"},"west":{"uv":[13.75, 15.5, 13.25, 16],"texture":"#0"},"up":{"uv":[10.75, 15.375, 13.25, 14.875],"texture":"#0"},"down":{"uv":[10.75, 15.35, 13.25, 14.875],"texture":"#0"}}},{"from":[-2, 26, 3],"to":[-1, 28, 13],"faces":{"north":{"uv":[2.5, 6.5, 3, 6.75],"rotation":90,"texture":"#0"},"east":{"uv":[7, 4, 6.5, 1.5],"rotation":270,"texture":"#0"},"south":{"uv":[3, 6.5, 2.5, 6.75],"rotation":270,"texture":"#0"},"west":{"uv":[7, 4, 6.5, 1.5],"rotation":270,"texture":"#0"},"up":{"uv":[6.5, 5, 9, 5.25],"rotation":270,"texture":"#0"},"down":{"uv":[6.5, 5, 9, 5.25],"rotation":270,"texture":"#0"}}},{"from":[-2, 20, 3],"to":[-1, 26, 5],"faces":{"north":{"uv":[6.5, 5.25, 8, 5.5],"rotation":90,"texture":"#0"},"east":{"uv":[8, 4.5, 6.5, 4],"rotation":270,"texture":"#0"},"south":{"uv":[6.5, 5.25, 8, 5.5],"rotation":270,"texture":"#0"},"west":{"uv":[8, 4, 6.5, 4.5],"rotation":270,"texture":"#0"},"up":{"uv":[6.5, 5.5, 7, 5.75],"rotation":270,"texture":"#0"},"down":{"uv":[6.5, 5.5, 7, 5.75],"rotation":270,"texture":"#0"}}},{"from":[-2, 20, 11],"to":[-1, 26, 13],"faces":{"north":{"uv":[6.5, 5.25, 8, 5.5],"rotation":90,"texture":"#0"},"east":{"uv":[8, 4.5, 6.5, 4],"rotation":270,"texture":"#0"},"south":{"uv":[6.5, 5.25, 8, 5.5],"rotation":270,"texture":"#0"},"west":{"uv":[8, 4.5, 6.5, 4],"rotation":270,"texture":"#0"},"up":{"uv":[6.5, 5.5, 7, 5.75],"rotation":270,"texture":"#0"},"down":{"uv":[6.5, 5.5, 7, 5.75],"rotation":270,"texture":"#0"}}},{"from":[-2, 18, 3],"to":[-1, 20, 13],"faces":{"north":{"uv":[3, 6.5, 2.5, 6.75],"rotation":90,"texture":"#0"},"east":{"uv":[7, 4, 6.5, 1.5],"rotation":270,"texture":"#0"},"south":{"uv":[2.5, 6.5, 3, 6.75],"rotation":270,"texture":"#0"},"west":{"uv":[6.5, 4, 7, 1.5],"rotation":270,"texture":"#0"},"up":{"uv":[6.5, 5, 9, 5.25],"rotation":270,"texture":"#0"},"down":{"uv":[6.5, 5, 9, 5.25],"rotation":270,"texture":"#0"}}},{"from":[1, 16, 1],"to":[11, 30, 15],"faces":{"north":{"uv":[3, 6, 6.5, 8.5],"rotation":270,"texture":"#0"},"east":{"uv":[3.5, 3.5, 0, 0],"rotation":270,"texture":"#0"},"south":{"uv":[3, 6, 6.5, 8.5],"rotation":270,"texture":"#0"},"west":{"uv":[3.5, 3.5, 0, 0],"rotation":270,"texture":"#0"},"up":{"uv":[3, 6, 6.5, 8.5],"rotation":270,"texture":"#0"},"down":{"uv":[3, 6, 6.5, 8.5],"rotation":270,"texture":"#0"}}},{"from":[2, 15.5, 0.5],"to":[4, 30.5, 15.5],"faces":{"north":{"uv":[12.25, 4.25, 16, 4.75],"rotation":90,"texture":"#0"},"east":{"uv":[12.25, 0, 16, 3.75],"rotation":270,"texture":"#0"},"south":{"uv":[12.25, 4.25, 16, 4.75],"rotation":270,"texture":"#0"},"west":{"uv":[12.25, 0, 16, 3.75],"rotation":270,"texture":"#0"},"up":{"uv":[16, 3.75, 12.25, 4.25],"rotation":270,"texture":"#0"},"down":{"uv":[12.25, 3.75, 16, 4.25],"rotation":270,"texture":"#0"}}},{"from":[8, 15.5, 0.5],"to":[10, 30.5, 15.5],"faces":{"north":{"uv":[12.25, 4.25, 16, 4.75],"rotation":90,"texture":"#0"},"east":{"uv":[12.25, 0, 16, 3.75],"rotation":270,"texture":"#0"},"south":{"uv":[12.25, 4.25, 16, 4.75],"rotation":270,"texture":"#0"},"west":{"uv":[12.25, 0, 16, 3.75],"rotation":270,"texture":"#0"},"up":{"uv":[12.25, 3.75, 16, 4.25],"rotation":270,"texture":"#0"},"down":{"uv":[12.25, 3.75, 16, 4.25],"rotation":270,"texture":"#0"}}},{"from":[11, 17, 2],"to":[13, 29, 14],"faces":{"north":{"uv":[6.5, 1.5, 9.5, 1],"rotation":270,"texture":"#0"},"east":{"uv":[6.5, 3, 3.5, 0],"rotation":270,"texture":"#0"},"south":{"uv":[9.5, 1, 6.5, 1.5],"rotation":270,"texture":"#0"},"west":{"uv":[6.5, 3, 3.5, 0],"rotation":270,"texture":"#0"},"up":{"uv":[6.5, 1, 9.5, 1.5],"rotation":270,"texture":"#0"},"down":{"uv":[6.5, 1, 9.5, 1.5],"rotation":270,"texture":"#0"}}},{"from":[-1, 17, 2],"to":[1, 29, 14],"rotation":{"angle":0,"axis":"y","origin":[16, 0, 0]},"faces":{"north":{"uv":[6.5, 1, 9.5, 1.5],"rotation":270,"texture":"#0"},"east":{"uv":[6.5, 0, 3.5, 3],"rotation":270,"texture":"#0"},"south":{"uv":[9.5, 1.5, 6.5, 1],"rotation":270,"texture":"#0"},"west":{"uv":[6.5, 0, 3.5, 3],"rotation":270,"texture":"#0"},"up":{"uv":[6.5, 1.5, 9.5, 1],"rotation":270,"texture":"#0"},"down":{"uv":[6.5, 1.5, 9.5, 1],"rotation":270,"texture":"#0"}}},{"from":[13, 18, 3],"to":[14, 28, 13],"faces":{"north":{"uv":[6.5, 4.5, 9, 4.75],"rotation":90,"texture":"#0"},"east":{"uv":[2.5, 9, 0, 6.5],"rotation":270,"texture":"#0"},"south":{"uv":[6.5, 4.5, 9, 4.75],"rotation":270,"texture":"#0"},"west":{"uv":[2.5, 9, 0, 6.5],"rotation":270,"texture":"#0"},"up":{"uv":[6.5, 4.75, 9, 5],"rotation":270,"texture":"#0"},"down":{"uv":[6.5, 4.75, 9, 5],"rotation":270,"texture":"#0"}}},{"from":[3, 13, 18],"to":[15, 15, 30],"rotation":{"angle":0,"axis":"y","origin":[0, 23, 8]},"faces":{"north":{"uv":[6.5, 1, 9.5, 1.5],"texture":"#0"},"east":{"uv":[6.5, 1.5, 9.5, 1],"rotation":180,"texture":"#0"},"south":{"uv":[9.5, 1.5, 6.5, 1],"rotation":180,"texture":"#0"},"west":{"uv":[6.5, 1.5, 9.5, 1],"rotation":180,"texture":"#0"},"up":{"uv":[6.5, 0, 3.5, 3],"rotation":180,"texture":"#0"},"down":{"uv":[6.5, 0, 3.5, 3],"rotation":180,"texture":"#0"}}},{"from":[3, 1, 18],"to":[15, 3, 30],"rotation":{"angle":0,"axis":"y","origin":[0, 23, 8]},"faces":{"north":{"uv":[6.5, 1, 9.5, 1.5],"texture":"#0"},"east":{"uv":[6.5, 1.5, 9.5, 1],"rotation":180,"texture":"#0"},"south":{"uv":[9.5, 1.5, 6.5, 1],"rotation":180,"texture":"#0"},"west":{"uv":[6.5, 1.5, 9.5, 1],"rotation":180,"texture":"#0"},"up":{"uv":[6.5, 0, 3.5, 3],"rotation":180,"texture":"#0"},"down":{"uv":[6.5, 0, 3.5, 3],"rotation":180,"texture":"#0"}}},{"from":[12, 15, 19],"to":[14, 16, 29],"faces":{"north":{"uv":[2.5, 6.5, 3, 6.75],"texture":"#0"},"east":{"uv":[6.5, 5, 9, 5.25],"texture":"#0"},"south":{"uv":[2.5, 6.5, 3, 6.75],"texture":"#0"},"west":{"uv":[6.5, 5, 9, 5.25],"texture":"#0"},"up":{"uv":[7, 4, 6.5, 1.5],"texture":"#0"},"down":{"uv":[7, 4, 6.5, 1.5],"texture":"#0"}}},{"from":[6, 15, 19],"to":[12, 16, 21],"faces":{"north":{"uv":[6.5, 5.25, 8, 5.5],"texture":"#0"},"east":{"uv":[6.5, 5.5, 7, 5.75],"texture":"#0"},"south":{"uv":[6.5, 5.25, 8, 5.5],"texture":"#0"},"west":{"uv":[6.5, 5.5, 7, 5.75],"texture":"#0"},"up":{"uv":[8, 4.5, 6.5, 4],"texture":"#0"},"down":{"uv":[8, 4.5, 6.5, 4],"texture":"#0"}}},{"from":[6, 15, 27],"to":[12, 16, 29],"faces":{"north":{"uv":[6.5, 5.25, 8, 5.5],"texture":"#0"},"east":{"uv":[6.5, 5.5, 7, 5.75],"texture":"#0"},"south":{"uv":[6.5, 5.25, 8, 5.5],"texture":"#0"},"west":{"uv":[6.5, 5.5, 7, 5.75],"texture":"#0"},"up":{"uv":[8, 4.5, 6.5, 4],"texture":"#0"},"down":{"uv":[8, 4.5, 6.5, 4],"texture":"#0"}}},{"from":[4, 15, 19],"to":[6, 16, 29],"faces":{"north":{"uv":[2.5, 6.5, 3, 6.75],"texture":"#0"},"east":{"uv":[6.5, 5, 9, 5.25],"texture":"#0"},"south":{"uv":[2.5, 6.5, 3, 6.75],"texture":"#0"},"west":{"uv":[6.5, 5, 9, 5.25],"texture":"#0"},"up":{"uv":[6.5, 4, 7, 1.5],"texture":"#0"},"down":{"uv":[7, 4, 6.5, 1.5],"texture":"#0"}}},{"from":[1, 11, 2],"to":[13, 13, 14],"faces":{"north":{"uv":[3.5, 3, 6.5, 3.5],"texture":"#0"},"east":{"uv":[6.5, 0, 9.5, 0.5],"texture":"#0"},"south":{"uv":[3.5, 3, 6.5, 3.5],"texture":"#0"},"west":{"uv":[6.5, 0, 9.5, 0.5],"texture":"#0"},"up":{"uv":[0, 6.5, 3, 3.5],"texture":"#0"},"down":{"uv":[3, 6.5, 0, 3.5],"texture":"#0"}}},{"from":[2, 3, 17],"to":[16, 13, 31],"faces":{"north":{"uv":[3, 6, 6.5, 8.5],"texture":"#0"},"east":{"uv":[3, 6, 6.5, 8.5],"texture":"#0"},"south":{"uv":[3, 6, 6.5, 8.5],"texture":"#0"},"west":{"uv":[3, 6, 6.5, 8.5],"texture":"#0"},"up":{"uv":[3.5, 3.5, 0, 0],"texture":"#0"},"down":{"uv":[3.5, 3.5, 0, 0],"texture":"#0"}}},{"from":[1.5, 10, 16.5],"to":[16.5, 12, 31.5],"faces":{"north":{"uv":[12.25, 4.25, 16, 4.75],"texture":"#0"},"east":{"uv":[12.25, 3.75, 16, 4.25],"texture":"#0"},"south":{"uv":[12.25, 4.25, 16, 4.75],"texture":"#0"},"west":{"uv":[12.25, 3.75, 16, 4.25],"texture":"#0"},"up":{"uv":[12.25, 0, 16, 3.75],"texture":"#0"},"down":{"uv":[12.25, 0, 16, 3.75],"texture":"#0"}}},{"from":[1.5, 4, 16.5],"to":[16.5, 6, 31.5],"faces":{"north":{"uv":[12.25, 4.25, 16, 4.75],"texture":"#0"},"east":{"uv":[12.25, 3.75, 16, 4.25],"texture":"#0"},"south":{"uv":[12.25, 4.25, 16, 4.75],"texture":"#0"},"west":{"uv":[12.25, 3.75, 16, 4.25],"texture":"#0"},"up":{"uv":[12.25, 0, 16, 3.75],"texture":"#0"},"down":{"uv":[12.25, 0, 16, 3.75],"texture":"#0"}}},{"from":[4, 0, 19],"to":[14, 1, 29],"faces":{"north":{"uv":[6.5, 4.5, 9, 4.75],"texture":"#0"},"east":{"uv":[6.5, 4.75, 9, 5],"texture":"#0"},"south":{"uv":[6.5, 4.5, 9, 4.75],"texture":"#0"},"west":{"uv":[6.5, 4.75, 9, 5],"texture":"#0"},"up":{"uv":[2.5, 9, 0, 6.5],"texture":"#0"},"down":{"uv":[2.5, 9, 0, 6.5],"texture":"#0"}}},{"from":[5, 16, 20],"to":[11, 18, 26],"faces":{"north":{"uv":[14.5, 6.5, 16, 7],"texture":"#0"},"east":{"uv":[14.5, 6.5, 16, 7],"texture":"#0"},"south":{"uv":[14.5, 6.5, 16, 7],"texture":"#0"},"west":{"uv":[14.5, 6.5, 16, 7],"texture":"#0"},"up":{"uv":[14.5, 4.875, 16, 6.375],"texture":"#0"},"down":{"uv":[14.5, 4.875, 16, 6.375],"texture":"#0"}}},{"from":[5, 23, 20],"to":[11, 23, 26],"faces":{"up":{"uv":[12.125, 13.25, 13.625, 14.75],"texture":"#0"},"down":{"uv":[12.125, 13.25, 13.625, 14.75],"texture":"#0"}}},{"from":[4, 18, 26],"to":[12, 24, 27],"faces":{"north":{"uv":[13.625, 7.875, 15.625, 9.375],"texture":"#0"},"east":{"uv":[13.5, 7.875, 13.25, 9.375],"texture":"#0"},"south":{"uv":[13.625, 7.875, 15.625, 9.375],"texture":"#0"},"west":{"uv":[13.25, 7.875, 13.5, 9.375],"texture":"#0"},"up":{"uv":[13.625, 9.5, 15.625, 9.75],"texture":"#0"},"down":{"uv":[13.625, 9.5, 15.625, 9.75],"texture":"#0"}}},{"from":[4, 18, 19],"to":[12, 24, 20],"rotation":{"angle":0,"axis":"y","origin":[0, 0, 16]},"faces":{"north":{"uv":[15.625, 7.875, 13.625, 9.375],"texture":"#0"},"east":{"uv":[13.25, 7.875, 13.5, 9.375],"texture":"#0"},"south":{"uv":[15.625, 7.875, 13.625, 9.375],"texture":"#0"},"west":{"uv":[13.5, 7.875, 13.25, 9.375],"texture":"#0"},"up":{"uv":[13.625, 9.75, 15.625, 9.5],"texture":"#0"},"down":{"uv":[13.625, 9.75, 15.625, 9.5],"texture":"#0"}}},{"from":[3.5, 22, 23],"to":[4, 23, 29],"rotation":{"angle":22.5,"axis":"x","origin":[4, 23, 23]},"faces":{"north":{"uv":[15.75, 9, 15.875, 9.25],"texture":"#0"},"east":{"uv":[14.5, 7.125, 16, 7.375],"texture":"#0"},"south":{"uv":[15.75, 9, 15.875, 9.25],"texture":"#0"},"west":{"uv":[14.5, 7.125, 16, 7.375],"texture":"#0"},"up":{"uv":[15.75, 7.5, 15.875, 9],"texture":"#0"},"down":{"uv":[15.75, 7.5, 15.875, 9],"texture":"#0"}}},{"from":[12, 22, 23],"to":[12.5, 23, 29],"rotation":{"angle":22.5,"axis":"x","origin":[8.5, 23, 23]},"faces":{"north":{"uv":[15.75, 9, 15.875, 9.25],"texture":"#0"},"east":{"uv":[14.5, 7.125, 16, 7.375],"texture":"#0"},"south":{"uv":[15.75, 9, 15.875, 9.25],"texture":"#0"},"west":{"uv":[14.5, 7.125, 16, 7.375],"texture":"#0"},"up":{"uv":[15.75, 7.5, 15.875, 9],"texture":"#0"},"down":{"uv":[15.75, 7.5, 15.875, 9],"texture":"#0"}}},{"from":[4, 22, 28],"to":[12, 23, 29],"rotation":{"angle":22.5,"axis":"x","origin":[4, 23, 23]},"faces":{"north":{"uv":[13.75, 7.5, 15.75, 7.75],"texture":"#0"},"south":{"uv":[13.75, 7.5, 15.75, 7.75],"texture":"#0"},"up":{"uv":[15.75, 7.75, 13.75, 7.5],"texture":"#0"},"down":{"uv":[13.75, 7.5, 15.75, 7.75],"texture":"#0"}}},{"from":[4, 18, 20],"to":[5, 24, 26],"faces":{"north":{"uv":[14.125, 10.25, 14.375, 11.75],"texture":"#0"},"east":{"uv":[14.5, 10, 16, 11.5],"texture":"#0"},"south":{"uv":[14.125, 10.25, 14.375, 11.75],"texture":"#0"},"west":{"uv":[14.5, 10, 16, 11.5],"texture":"#0"},"up":{"uv":[12.875, 10, 14.375, 10.25],"rotation":90,"texture":"#0"},"down":{"uv":[12.875, 10, 14.375, 10.25],"rotation":90,"texture":"#0"}}},{"from":[11, 18, 20],"to":[12, 24, 26],"rotation":{"angle":0,"axis":"y","origin":[16, 0, 0]},"faces":{"north":{"uv":[14.375, 10.25, 14.125, 11.75],"texture":"#0"},"east":{"uv":[16, 10, 14.5, 11.5],"texture":"#0"},"south":{"uv":[14.375, 10.25, 14.125, 11.75],"texture":"#0"},"west":{"uv":[16, 10, 14.5, 11.5],"texture":"#0"},"up":{"uv":[12.875, 10.25, 14.375, 10],"rotation":90,"texture":"#0"},"down":{"uv":[12.875, 10.25, 14.375, 10],"rotation":90,"texture":"#0"}}},{"from":[-2, 10, -1],"to":[4, 13, 5],"faces":{"north":{"uv":[0, 12.875, 1.5, 13.625],"texture":"#0"},"east":{"uv":[0, 11.625, 1.5, 12.375],"texture":"#0"},"south":{"uv":[0, 12.875, 1.5, 13.625],"texture":"#0"},"west":{"uv":[0, 11.625, 1.5, 12.375],"texture":"#0"},"up":{"uv":[0, 9.875, 1.5, 11.375],"texture":"#0"},"down":{"uv":[0, 9.875, 1.5, 11.375],"texture":"#0"}}},{"from":[-2, 10, 11],"to":[4, 13, 17],"rotation":{"angle":0,"axis":"y","origin":[0, 0, 16]},"faces":{"north":{"uv":[1.5, 12.875, 0, 13.625],"texture":"#0"},"east":{"uv":[1.5, 11.625, 0, 12.375],"texture":"#0"},"south":{"uv":[1.5, 12.875, 0, 13.625],"texture":"#0"},"west":{"uv":[1.5, 11.625, 0, 12.375],"texture":"#0"},"up":{"uv":[0, 11.375, 1.5, 9.875],"texture":"#0"},"down":{"uv":[0, 11.375, 1.5, 9.875],"texture":"#0"}}},{"from":[10, 10, 11],"to":[16, 13, 17],"rotation":{"angle":0,"axis":"y","origin":[16, 0, 16]},"faces":{"north":{"uv":[0, 12.875, 1.5, 13.625],"texture":"#0"},"east":{"uv":[0, 11.625, 1.5, 12.375],"texture":"#0"},"south":{"uv":[0, 12.875, 1.5, 13.625],"texture":"#0"},"west":{"uv":[0, 11.625, 1.5, 12.375],"texture":"#0"},"up":{"uv":[1.5, 11.375, 0, 9.875],"texture":"#0"},"down":{"uv":[1.5, 11.375, 0, 9.875],"texture":"#0"}}},{"from":[10, 10, -1],"to":[16, 13, 5],"rotation":{"angle":0,"axis":"y","origin":[16, 0, 0]},"faces":{"north":{"uv":[1.5, 12.875, 0, 13.625],"texture":"#0"},"east":{"uv":[1.5, 11.625, 0, 12.375],"texture":"#0"},"south":{"uv":[1.5, 12.875, 0, 13.625],"texture":"#0"},"west":{"uv":[1.5, 11.625, 0, 12.375],"texture":"#0"},"up":{"uv":[1.5, 9.875, 0, 11.375],"texture":"#0"},"down":{"uv":[1.5, 9.875, 0, 11.375],"texture":"#0"}}},{"from":[-10, 16.1, 0.9],"to":[-4, 16.1, 15.1],"faces":{"up":{"uv":[9.125, 1.75, 10.625, 5.3],"texture":"#0"},"down":{"uv":[9.125, 1.75, 10.625, 5.3],"texture":"#0"}}},{"from":[-10, 9, 0.9],"to":[-4, 16.1, 0.9],"faces":{"north":{"uv":[7.125, 1.625, 8.625, 3.375],"texture":"#0"},"south":{"uv":[7.125, 1.625, 8.625, 3.4],"texture":"#0"}}},{"from":[-10, 12, 15.1],"to":[-4, 16.1, 15.1],"rotation":{"angle":0,"axis":"y","origin":[0, 0, 16]},"faces":{"north":{"uv":[9.125, 5.75, 10.625, 6.775],"texture":"#0"},"south":{"uv":[9.125, 5.75, 10.625, 6.75],"texture":"#0"}}}],"gui_light":"front","display":{"thirdperson_righthand":{"rotation":[67.5, 0, 0],"translation":[0.25, 2.5, 0.75],"scale":[0.16, 0.16, 0.16]},"thirdperson_lefthand":{"rotation":[67.5, 0, 0],"translation":[0.25, 2.5, 0.75],"scale":[0.16, 0.16, 0.16]},"firstperson_righthand":{"translation":[0, 0.75, 0],"scale":[0.33359, 0.33359, 0.33359]},"firstperson_lefthand":{"translation":[0, 0.75, 0],"scale":[0.33359, 0.33359, 0.33359]},"ground":{"translation":[1.25, 0, -0.75],"scale":[0.23, 0.23, 0.23]},"gui":{"rotation":[30, 135, 0],"translation":[-1.5, -2.25, 0],"scale":[0.38594, 0.38594, 0.38594]},"head":{"translation":[0, -30.5, 0],"scale":[0, 0, 0]},"fixed":{"rotation":[-90, -90, 0],"translation":[0, 2, -16],"scale":[2, 2, 2]}},"groups":[0,1,2,3,4,5,6,7,8,9,10,11,12,13,14,15,16,{"name":"group","origin":[0, 0, 0],"color":0,"children":[17, 18, 19, 20, 21, 22, 23, 24, 25, 26]},{"name":"group","origin":[0, 0, 0],"color":0,"children":[27, 28, 29, 30, 31, 32, 33, 34, 35, 36, 37]},38,39,40,41,42,43,44,45,46,47,48,49,50,51,52,53]}