{"texture_size":[64, 64],"textures":{"0":"custom/furniture/forest/table_small","particle":"custom/furniture/forest/table_small"},"elements":[{"from":[-15, 7, 1],"to":[15, 15, 15],"faces":{"north":{"uv":[0, 3.5, 7.5, 5.75],"texture":"#0"},"east":{"uv":[7.5, 3.75, 11, 5.75],"texture":"#0"},"south":{"uv":[0, 3.5, 7.5, 5.75],"texture":"#0"},"west":{"uv":[7.5, 3.75, 11, 5.75],"texture":"#0"},"up":{"uv":[7.5, 3.5, 0, 0],"texture":"#0"},"down":{"uv":[7.5, 3.5, 0, 0],"texture":"#0"}}},{"from":[-16, 10, -2],"to":[16, 15, 1],"faces":{"north":{"uv":[7.5, 2, 15.5, 3.5],"texture":"#0"},"east":{"uv":[0.5, 9.75, 1.25, 11],"texture":"#0"},"south":{"uv":[7.5, 2, 15.5, 3.5],"texture":"#0"},"west":{"uv":[0.5, 9.75, 1.25, 11],"texture":"#0"},"up":{"uv":[16, 7.25, 8, 6.5],"texture":"#0"},"down":{"uv":[16, 7.25, 8, 6.5],"texture":"#0"}}},{"from":[-16, 7, -1],"to":[16, 10, 2],"faces":{"north":{"uv":[0, 7.75, 8, 8.5],"texture":"#0"},"east":{"uv":[5.25, 10.25, 6, 11],"texture":"#0"},"south":{"uv":[0, 7.75, 8, 8.5],"texture":"#0"},"west":{"uv":[5.25, 10.25, 6, 11],"texture":"#0"},"up":{"uv":[16, 6.5, 8, 5.75],"texture":"#0"},"down":{"uv":[16, 6.5, 8, 5.75],"texture":"#0"}}},{"from":[-16, 5, 1],"to":[16, 7, 4],"faces":{"north":{"uv":[0, 8.5, 8, 9],"texture":"#0"},"east":{"uv":[10.25, 9.5, 11, 10],"texture":"#0"},"south":{"uv":[0, 8.5, 8, 9],"texture":"#0"},"west":{"uv":[10.25, 9.5, 11, 10],"texture":"#0"},"up":{"uv":[16, 8, 8, 7.25],"texture":"#0"},"down":{"uv":[16, 8, 8, 7.25],"texture":"#0"}}},{"from":[-16, 5, 12],"to":[16, 7, 15],"rotation":{"angle":0,"axis":"y","origin":[0, 0, 16]},"faces":{"north":{"uv":[8, 8.5, 0, 9],"texture":"#0"},"east":{"uv":[11, 9.5, 10.25, 10],"texture":"#0"},"south":{"uv":[8, 8.5, 0, 9],"texture":"#0"},"west":{"uv":[11, 9.5, 10.25, 10],"texture":"#0"},"up":{"uv":[16, 7.25, 8, 8],"texture":"#0"},"down":{"uv":[16, 7.25, 8, 8],"texture":"#0"}}},{"from":[-16, 7, 14],"to":[16, 10, 17],"rotation":{"angle":0,"axis":"y","origin":[0, 0, 16]},"faces":{"north":{"uv":[8, 7.75, 0, 8.5],"texture":"#0"},"east":{"uv":[6, 10.25, 5.25, 11],"texture":"#0"},"south":{"uv":[8, 7.75, 0, 8.5],"texture":"#0"},"west":{"uv":[6, 10.25, 5.25, 11],"texture":"#0"},"up":{"uv":[16, 5.75, 8, 6.5],"texture":"#0"},"down":{"uv":[16, 5.75, 8, 6.5],"texture":"#0"}}},{"from":[-16, 10, 15],"to":[16, 15, 18],"rotation":{"angle":0,"axis":"y","origin":[0, 0, 16]},"faces":{"north":{"uv":[15.5, 2, 7.5, 3.5],"texture":"#0"},"east":{"uv":[1.25, 9.75, 0.5, 11],"texture":"#0"},"south":{"uv":[15.5, 2, 7.5, 3.5],"texture":"#0"},"west":{"uv":[1.25, 9.75, 0.5, 11],"texture":"#0"},"up":{"uv":[16, 6.5, 8, 7.25],"texture":"#0"},"down":{"uv":[16, 6.5, 8, 7.25],"texture":"#0"}}},{"from":[-16, 4, 4],"to":[16, 7, 12],"faces":{"north":{"uv":[8, 11.375, 16, 12.125],"texture":"#0"},"east":{"uv":[11.125, 9.5, 13.125, 10.25],"texture":"#0"},"south":{"uv":[8, 11.375, 16, 12.125],"texture":"#0"},"west":{"uv":[11.125, 9.5, 13.125, 10.25],"texture":"#0"},"up":{"uv":[8, 7.75, 0, 5.75],"texture":"#0"},"down":{"uv":[8, 5.75, 0, 7.75],"texture":"#0"}}},{"from":[-12, -1, -1],"to":[-8, 5, 2],"rotation":{"angle":22.5,"axis":"x","origin":[-9, 0, 2]},"faces":{"north":{"uv":[6, 9.25, 7, 10.75],"texture":"#0"},"east":{"uv":[1.25, 9.5, 2, 11],"texture":"#0"},"south":{"uv":[6, 9.25, 7, 10.75],"texture":"#0"},"west":{"uv":[1.25, 9.5, 2, 11],"texture":"#0"},"up":{"uv":[3, 11, 2, 10.25],"texture":"#0"},"down":{"uv":[3, 11, 2, 10.25],"texture":"#0"}}},{"from":[-13, 3, -2],"to":[-7, 6, 3],"rotation":{"angle":22.5,"axis":"x","origin":[-9, 0, 2]},"faces":{"north":{"uv":[2, 9.5, 3.5, 10.25],"texture":"#0"},"east":{"uv":[9, 9.75, 10.25, 10.5],"texture":"#0"},"south":{"uv":[2, 9.5, 3.5, 10.25],"texture":"#0"},"west":{"uv":[9, 9.75, 10.25, 10.5],"texture":"#0"},"up":{"uv":[6, 10.25, 4.5, 9],"texture":"#0"},"down":{"uv":[6, 10.25, 4.5, 9],"texture":"#0"}}},{"from":[8, -1, -1],"to":[12, 5, 2],"rotation":{"angle":22.5,"axis":"x","origin":[-9, 0, 2]},"faces":{"north":{"uv":[6, 9.25, 7, 10.75],"texture":"#0"},"east":{"uv":[1.25, 9.5, 2, 11],"texture":"#0"},"south":{"uv":[6, 9.25, 7, 10.75],"texture":"#0"},"west":{"uv":[1.25, 9.5, 2, 11],"texture":"#0"},"up":{"uv":[3, 11, 2, 10.25],"texture":"#0"},"down":{"uv":[3, 11, 2, 10.25],"texture":"#0"}}},{"from":[7, 3, -2],"to":[13, 6, 3],"rotation":{"angle":22.5,"axis":"x","origin":[-9, 0, 2]},"faces":{"north":{"uv":[2, 9.5, 3.5, 10.25],"texture":"#0"},"east":{"uv":[9, 9.75, 10.25, 10.5],"texture":"#0"},"south":{"uv":[2, 9.5, 3.5, 10.25],"texture":"#0"},"west":{"uv":[9, 9.75, 10.25, 10.5],"texture":"#0"},"up":{"uv":[6, 10.25, 4.5, 9],"texture":"#0"},"down":{"uv":[6, 10.25, 4.5, 9],"texture":"#0"}}},{"from":[8, -1, 14],"to":[12, 5, 17],"rotation":{"angle":-22.5,"axis":"x","origin":[-9, 0, 14]},"faces":{"north":{"uv":[7, 9.25, 6, 10.75],"texture":"#0"},"east":{"uv":[2, 9.5, 1.25, 11],"texture":"#0"},"south":{"uv":[7, 9.25, 6, 10.75],"texture":"#0"},"west":{"uv":[2, 9.5, 1.25, 11],"texture":"#0"},"up":{"uv":[3, 10.25, 2, 11],"texture":"#0"},"down":{"uv":[3, 10.25, 2, 11],"texture":"#0"}}},{"from":[7, 3, 13],"to":[13, 6, 18],"rotation":{"angle":-22.5,"axis":"x","origin":[-9, 0, 14]},"faces":{"north":{"uv":[3.5, 9.5, 2, 10.25],"texture":"#0"},"east":{"uv":[10.25, 9.75, 9, 10.5],"texture":"#0"},"south":{"uv":[3.5, 9.5, 2, 10.25],"texture":"#0"},"west":{"uv":[10.25, 9.75, 9, 10.5],"texture":"#0"},"up":{"uv":[6, 9, 4.5, 10.25],"texture":"#0"},"down":{"uv":[6, 9, 4.5, 10.25],"texture":"#0"}}},{"from":[-13, 3, 13],"to":[-7, 6, 18],"rotation":{"angle":-22.5,"axis":"x","origin":[-9, 0, 14]},"faces":{"north":{"uv":[3.5, 9.5, 2, 10.25],"texture":"#0"},"east":{"uv":[10.25, 9.75, 9, 10.5],"texture":"#0"},"south":{"uv":[3.5, 9.5, 2, 10.25],"texture":"#0"},"west":{"uv":[10.25, 9.75, 9, 10.5],"texture":"#0"},"up":{"uv":[6, 9, 4.5, 10.25],"texture":"#0"},"down":{"uv":[6, 9, 4.5, 10.25],"texture":"#0"}}},{"from":[-12, -1, 14],"to":[-8, 5, 17],"rotation":{"angle":-22.5,"axis":"x","origin":[-9, 0, 14]},"faces":{"north":{"uv":[7, 9.25, 6, 10.75],"texture":"#0"},"east":{"uv":[2, 9.5, 1.25, 11],"texture":"#0"},"south":{"uv":[7, 9.25, 6, 10.75],"texture":"#0"},"west":{"uv":[2, 9.5, 1.25, 11],"texture":"#0"},"up":{"uv":[3, 10.25, 2, 11],"texture":"#0"},"down":{"uv":[3, 10.25, 2, 11],"texture":"#0"}}},{"from":[-12, 1.5, 6],"to":[-8, 4, 10],"faces":{"north":{"uv":[7, 10.25, 8, 10.875],"texture":"#0"},"east":{"uv":[8, 10.25, 9, 10.875],"texture":"#0"},"south":{"uv":[7, 10.25, 8, 10.875],"texture":"#0"},"west":{"uv":[8, 10.25, 9, 10.875],"texture":"#0"},"up":{"uv":[4.5, 10.5, 3.5, 9.5],"texture":"#0"},"down":{"uv":[4.5, 10.5, 3.5, 9.5],"texture":"#0"}}},{"from":[-9, 2, 7],"to":[9, 4, 9],"faces":{"north":{"uv":[8, 8.5, 12.5, 9],"texture":"#0"},"east":{"uv":[4, 10.5, 4.5, 11],"texture":"#0"},"south":{"uv":[8, 8.5, 12.5, 9],"texture":"#0"},"west":{"uv":[4, 10.5, 4.5, 11],"texture":"#0"},"up":{"uv":[4.5, 9.5, 0, 9],"texture":"#0"},"down":{"uv":[4.5, 9.5, 0, 9],"texture":"#0"}}},{"from":[-11, 2, 2],"to":[-9, 4, 14],"faces":{"north":{"uv":[3.5, 10.5, 4, 11],"texture":"#0"},"east":{"uv":[7, 9.25, 10, 9.75],"texture":"#0"},"south":{"uv":[3.5, 10.5, 4, 11],"texture":"#0"},"west":{"uv":[7, 9.25, 10, 9.75],"texture":"#0"},"up":{"uv":[0.5, 12.5, 0, 9.5],"texture":"#0"},"down":{"uv":[0.5, 12.5, 0, 9.5],"texture":"#0"}}},{"from":[8, 1.5, 6],"to":[12, 4, 10],"rotation":{"angle":0,"axis":"y","origin":[16, 0, 0]},"faces":{"north":{"uv":[8, 10.25, 7, 10.875],"texture":"#0"},"east":{"uv":[9, 10.25, 8, 10.875],"texture":"#0"},"south":{"uv":[8, 10.25, 7, 10.875],"texture":"#0"},"west":{"uv":[9, 10.25, 8, 10.875],"texture":"#0"},"up":{"uv":[3.5, 10.5, 4.5, 9.5],"texture":"#0"},"down":{"uv":[3.5, 10.5, 4.5, 9.5],"texture":"#0"}}},{"from":[9, 2, 2],"to":[11, 4, 14],"rotation":{"angle":0,"axis":"y","origin":[16, 0, 0]},"faces":{"north":{"uv":[4, 10.5, 3.5, 11],"texture":"#0"},"east":{"uv":[10, 9.25, 7, 9.75],"texture":"#0"},"south":{"uv":[4, 10.5, 3.5, 11],"texture":"#0"},"west":{"uv":[10, 9.25, 7, 9.75],"texture":"#0"},"up":{"uv":[0, 12.5, 0.5, 9.5],"texture":"#0"},"down":{"uv":[0, 12.5, 0.5, 9.5],"texture":"#0"}}},{"from":[0, 9, -4],"to":[2, 11, -1],"rotation":{"angle":22.5,"axis":"x","origin":[0, 9, -1]},"faces":{"north":{"uv":[9, 10.5, 9.5, 11],"texture":"#0"},"east":{"uv":[10.25, 10, 11, 10.5],"texture":"#0"},"south":{"uv":[9, 10.5, 9.5, 11],"texture":"#0"},"west":{"uv":[10.25, 10, 11, 10.5],"texture":"#0"},"up":{"uv":[3.5, 11, 3, 10.25],"texture":"#0"},"down":{"uv":[3.5, 11, 3, 10.25],"texture":"#0"}}},{"from":[1, 8, -7],"to":[1, 12, -4],"rotation":{"angle":22.5,"axis":"x","origin":[0, 9, -1]},"faces":{"east":{"uv":[5.25, 10.25, 4.5, 11.25],"texture":"#0"},"west":{"uv":[4.5, 10.25, 5.25, 11.25],"texture":"#0"}}},{"from":[5, 7, 19],"to":[5, 11, 22],"rotation":{"angle":-45,"axis":"x","origin":[0, 9, 17]},"faces":{"east":{"uv":[4.5, 10.25, 5.25, 11.25],"texture":"#0"},"west":{"uv":[5.25, 10.25, 4.5, 11.25],"texture":"#0"}}},{"from":[4, 8, 16],"to":[6, 10, 19],"rotation":{"angle":-45,"axis":"x","origin":[0, 9, 17]},"faces":{"north":{"uv":[9.5, 10.5, 9, 11],"texture":"#0"},"east":{"uv":[11, 10, 10.25, 10.5],"texture":"#0"},"south":{"uv":[9.5, 10.5, 9, 11],"texture":"#0"},"west":{"uv":[11, 10, 10.25, 10.5],"texture":"#0"},"up":{"uv":[3.5, 10.25, 3, 11],"texture":"#0"},"down":{"uv":[3.5, 10.25, 3, 11],"texture":"#0"}}}],"gui_light":"front","display":{"thirdperson_righthand":{"rotation":[67.5, 0, 0],"translation":[1.25, 1.5, 1.5],"scale":[0.16133, 0.16133, 0.16133]},"thirdperson_lefthand":{"rotation":[67.5, 0, 0],"translation":[-1.25, 1.5, 1.5],"scale":[0.16133, 0.16133, 0.16133]},"firstperson_righthand":{"translation":[1.13, 3.7, 1.13],"scale":[0.27766, 0.27766, 0.27766]},"firstperson_lefthand":{"translation":[-3.62, 3.7, 1.13],"scale":[0.27766, 0.27766, 0.27766]},"ground":{"translation":[2.5, 2, 0],"scale":[0.31, 0.31, 0.31]},"gui":{"rotation":[30, 225, 0],"translation":[-1.75, -1.75, 0],"scale":[0.3393, 0.3393, 0.3393]},"head":{"translation":[0, -30.5, 0],"scale":[0, 0, 0]},"fixed":{"rotation":[-90, 0, 0],"translation":[0, 0, -18],"scale":[2, 2, 2]}}}