{"textures":{"0":"custom/hats/skate_helmet"},"elements":[{"from":[3,5,3],"to":[13,9,13],"rotation":{"angle":0,"axis":"y","origin":[16,13,11]},"faces":{"north":{"uv":[5.5,0,10.5,2],"texture":"#0"},"east":{"uv":[0,0,5,2],"texture":"#0"},"south":{"uv":[11,0,16,2],"texture":"#0"},"west":{"uv":[5,0,0,2],"texture":"#0"},"up":{"uv":[5,9.5,0,4.5],"texture":"#0"},"down":{"uv":[0,10,5,15],"texture":"#0"}}},{"from":[3,3,9],"to":[4,5,13],"rotation":{"angle":0,"axis":"y","origin":[16,11,11]},"faces":{"north":{"uv":[8.5,4.5,9,5.5],"texture":"#0"},"east":{"uv":[7,4.5,9,5.5],"texture":"#0"},"south":{"uv":[11,1.5,11.5,3],"texture":"#0"},"west":{"uv":[2,2,0,3],"texture":"#0"},"up":{"uv":[0,0,0,0],"texture":"#0"},"down":{"uv":[5,12,4.5,10],"texture":"#0"}}},{"from":[12,3,9],"to":[13,5,13],"rotation":{"angle":0,"axis":"y","origin":[0,11,11]},"faces":{"north":{"uv":[9,4.5,8.5,5.5],"texture":"#0"},"east":{"uv":[0,2,2,3],"texture":"#0"},"south":{"uv":[16,2,15.5,3],"texture":"#0"},"west":{"uv":[9,4.5,7,5.5],"texture":"#0"},"up":{"uv":[0,0,0,0],"texture":"#0"},"down":{"uv":[4.5,12,5,10],"texture":"#0"}}},{"from":[3.46875,-1,9.5],"to":[3.47875,3,10.5],"rotation":{"angle":45,"axis":"x","origin":[3.46875,3,10.5]},"faces":{"north":{"uv":[0,0,0,0],"texture":"#0"},"east":{"uv":[6.5,6.5,6,8.5],"texture":"#0"},"south":{"uv":[0,0,0,0],"texture":"#0"},"west":{"uv":[6,6.5,6.5,8.5],"texture":"#0"},"up":{"uv":[0,0,0,0],"texture":"#0"},"down":{"uv":[0,0,0,0],"texture":"#0"}}},{"from":[12.52125,-1,9.5],"to":[12.53125,3,10.5],"rotation":{"angle":45,"axis":"x","origin":[12.53125,3,10.5]},"faces":{"north":{"uv":[0,0,0,0],"texture":"#0"},"east":{"uv":[6,6.5,6.5,8.5],"texture":"#0"},"south":{"uv":[0,0,0,0],"texture":"#0"},"west":{"uv":[6,6.5,6.5,8.5],"texture":"#0"},"up":{"uv":[0,0,0,0],"texture":"#0"},"down":{"uv":[0,0,0,0],"texture":"#0"}}},{"from":[4,3,12],"to":[12,5,13],"rotation":{"angle":0,"axis":"y","origin":[17,11,11]},"faces":{"north":{"uv":[10,4.5,14,5.5],"texture":"#0"},"east":{"uv":[0,0,0,0],"texture":"#0"},"south":{"uv":[15.5,3,11.5,2],"texture":"#0"},"west":{"uv":[0,0,0,0],"texture":"#0"},"up":{"uv":[0,0,0,0],"texture":"#0"},"down":{"uv":[14,5.5,10,5],"texture":"#0"}}},{"from":[3,4,5],"to":[4,5,7],"rotation":{"angle":0,"axis":"y","origin":[16,11,8]},"faces":{"north":{"uv":[3.5,2,4,2.5],"texture":"#0"},"east":{"uv":[3,2,4,2.5],"texture":"#0"},"south":{"uv":[3,2,3.5,2.5],"texture":"#0"},"west":{"uv":[3,2,4,2.5],"texture":"#0"},"up":{"uv":[0,0,0,0],"texture":"#0"},"down":{"uv":[4,2.5,3,2],"texture":"#0"}}},{"from":[12,4,5],"to":[13,5,7],"rotation":{"angle":0,"axis":"y","origin":[0,11,8]},"faces":{"north":{"uv":[3.5,2,3,2.5],"texture":"#0"},"east":{"uv":[4,2,3,2.5],"texture":"#0"},"south":{"uv":[4,2,3.5,2.5],"texture":"#0"},"west":{"uv":[4,2,3,2.5],"texture":"#0"},"up":{"uv":[0,0,0,0],"texture":"#0"},"down":{"uv":[3,2.5,4,2],"texture":"#0"}}},{"from":[3.46875,0,5.5],"to":[3.47875,4,6.5],"rotation":{"angle":-22.5,"axis":"x","origin":[3.46875,4,5.5]},"faces":{"north":{"uv":[0,0,0,0],"texture":"#0"},"east":{"uv":[6.5,6.5,6,8.5],"texture":"#0"},"south":{"uv":[0,0,0,0],"texture":"#0"},"west":{"uv":[6,6.5,6.5,8.5],"texture":"#0"},"up":{"uv":[0,0,0,0],"texture":"#0"},"down":{"uv":[0,0,0,0],"texture":"#0"}}},{"from":[12.52125,0,5.5],"to":[12.53125,4,6.5],"rotation":{"angle":-22.5,"axis":"x","origin":[12.53125,4,5.5]},"faces":{"north":{"uv":[0,0,0,0],"texture":"#0"},"east":{"uv":[6.5,6.5,6,8.5],"texture":"#0"},"south":{"uv":[0,0,0,0],"texture":"#0"},"west":{"uv":[6,6.5,6.5,8.5],"texture":"#0"},"up":{"uv":[0,0,0,0],"texture":"#0"},"down":{"uv":[0,0,0,0],"texture":"#0"}}},{"from":[3.46875,-2,7],"to":[3.47875,1,8],"rotation":{"angle":0,"axis":"x","origin":[3.46875,1,7]},"faces":{"north":{"uv":[0,0,0,0],"texture":"#0"},"east":{"uv":[6.5,8,6,6.5],"texture":"#0"},"south":{"uv":[0,0,0,0],"texture":"#0"},"west":{"uv":[6,8,6.5,6.5],"texture":"#0"},"up":{"uv":[0,0,0,0],"texture":"#0"},"down":{"uv":[0,0,0,0],"texture":"#0"}}},{"from":[12.52125,-2,7],"to":[12.53125,1,8],"rotation":{"angle":0,"axis":"x","origin":[12.53125,1,7]},"faces":{"north":{"uv":[0,0,0,0],"texture":"#0"},"east":{"uv":[6.5,8,6,6.5],"texture":"#0"},"south":{"uv":[0,0,0,0],"texture":"#0"},"west":{"uv":[6,8,6.5,6.5],"texture":"#0"},"up":{"uv":[0,0,0,0],"texture":"#0"},"down":{"uv":[0,0,0,0],"texture":"#0"}}},{"from":[4,9,4],"to":[12,10,12],"rotation":{"angle":0,"axis":"y","origin":[16,13,11]},"faces":{"north":{"uv":[0.5,4.5,4.5,5],"texture":"#0"},"east":{"uv":[4.5,4.5,0.5,5],"texture":"#0"},"south":{"uv":[0.5,4.5,4.5,5],"texture":"#0"},"west":{"uv":[0.5,4.5,4.5,5],"texture":"#0"},"up":{"uv":[4.5,9,0.5,5],"texture":"#0"},"down":{"uv":[0,0,0,0],"texture":"#0"}}}],"display":{"thirdperson_righthand":{"rotation":[75,45,0],"translation":[0,2.5,-0.25],"scale":[0.55,0.55,0.55]},"thirdperson_lefthand":{"rotation":[75,45,0],"translation":[0,2.5,-0.25],"scale":[0.55,0.55,0.55]},"firstperson_righthand":{"rotation":[0,45,0],"translation":[1,3,0.5],"scale":[0.4,0.4,0.4]},"firstperson_lefthand":{"rotation":[0,45,0],"translation":[1,3,0.5],"scale":[0.4,0.4,0.4]},"ground":{"translation":[0,6,0]},"gui":{"rotation":[25,-150,0],"translation":[0,3.25,0]},"head":{"rotation":[4,0,0],"translation":[0,6.4,0],"scale":[1.6,1.6,1.6]},"fixed":{"translation":[0,4.75,-0.5]}}}