{"texture_size":[128,128],"textures":{"0":"custom/furniture/forest/tent","particle":"custom/furniture/forest/tent"},"elements":[{"from":[1,0,-8],"to":[15,2,24],"faces":{"north":{"uv":[4.5,1.875,6.25,2.125],"texture":"#0"},"east":{"uv":[4.5,0,8.5,0.25],"texture":"#0"},"south":{"uv":[4.5,1.875,6.25,2.125],"texture":"#0"},"west":{"uv":[4.5,0,8.5,0.25],"texture":"#0"},"up":{"uv":[1.75,8,0,4],"texture":"#0"},"down":{"uv":[1.75,8,0,4],"texture":"#0"}}},{"from":[-5,0,-10],"to":[-5,32,26],"rotation":{"angle":-22.5,"axis":"z","origin":[-5,0,-8]},"faces":{"east":{"uv":[4.5,0,0,4],"texture":"#0"},"west":{"uv":[4.5,0,0,4],"texture":"#0"}}},{"from":[7,28,-9],"to":[9,31,25],"rotation":{"angle":0,"axis":"y","origin":[0,0,-6]},"faces":{"north":{"uv":[4.25,5,4.5,5.375],"texture":"#0"},"east":{"uv":[1.75,4,6,4.375],"texture":"#0"},"south":{"uv":[4.25,5,4.5,5.375],"texture":"#0"},"west":{"uv":[1.75,4,6,4.375],"texture":"#0"},"up":{"uv":[2,9,1.75,4.75],"texture":"#0"},"down":{"uv":[2,9,1.75,4.75],"texture":"#0"}}},{"from":[6,25,25],"to":[10,32,30],"rotation":{"angle":0,"axis":"y","origin":[0,0,26]},"faces":{"north":{"uv":[4.5,2.125,5,3],"texture":"#0"},"east":{"uv":[4.5,1,5.125,1.875],"texture":"#0"},"south":{"uv":[4.5,2.125,5,3],"texture":"#0"},"west":{"uv":[4.5,1,5.125,1.875],"texture":"#0"},"up":{"uv":[5,3.625,4.5,3],"texture":"#0"},"down":{"uv":[5,3.625,4.5,3],"texture":"#0"}}},{"from":[7,0,27],"to":[9,25,29],"rotation":{"angle":0,"axis":"y","origin":[0,0,26]},"faces":{"north":{"uv":[2.75,4.75,3,7.875],"texture":"#0"},"east":{"uv":[2.75,4.75,3,7.875],"texture":"#0"},"south":{"uv":[2.75,4.75,3,7.875],"texture":"#0"},"west":{"uv":[2.75,4.75,3,7.875],"texture":"#0"},"up":{"uv":[5.25,5.25,5,5],"texture":"#0"},"down":{"uv":[5.25,5.25,5,5],"texture":"#0"}}},{"from":[20,0,26],"to":[22,32,28],"rotation":{"angle":22.5,"axis":"z","origin":[21,0,28]},"faces":{"north":{"uv":[2.5,4.75,2.75,8.75],"texture":"#0"},"east":{"uv":[2.5,4.75,2.75,8.75],"texture":"#0"},"south":{"uv":[2.5,4.75,2.75,8.75],"texture":"#0"},"west":{"uv":[2.5,4.75,2.75,8.75],"texture":"#0"},"up":{"uv":[5.25,5,5,4.75],"texture":"#0"},"down":{"uv":[5.25,5,5,4.75],"texture":"#0"}}},{"from":[20,6,25],"to":[24,8,29],"rotation":{"angle":0,"axis":"y","origin":[0,0,26]},"faces":{"north":{"uv":[5.5,2.5,5,2.75],"texture":"#0"},"east":{"uv":[5.5,2.5,5,2.75],"texture":"#0"},"south":{"uv":[5,2.5,5.5,2.75],"texture":"#0"},"west":{"uv":[5.5,2.5,5,2.75],"texture":"#0"},"up":{"uv":[3.75,5.25,3.25,4.75],"texture":"#0"},"down":{"uv":[3.75,5.25,3.25,4.75],"texture":"#0"}}},{"from":[21,0,26],"to":[23,6,28],"rotation":{"angle":0,"axis":"y","origin":[0,0,26]},"faces":{"north":{"uv":[3.75,4.75,4,5.5],"texture":"#0"},"east":{"uv":[3.75,4.75,4,5.5],"texture":"#0"},"south":{"uv":[3.75,4.75,4,5.5],"texture":"#0"},"west":{"uv":[3.75,4.75,4,5.5],"texture":"#0"},"up":{"uv":[5,5.25,4.75,5],"texture":"#0"},"down":{"uv":[5,5.25,4.75,5],"texture":"#0"}}},{"from":[-7,0,26],"to":[-5,6,28],"rotation":{"angle":0,"axis":"y","origin":[0,0,26]},"faces":{"north":{"uv":[3.75,4.75,4,5.5],"texture":"#0"},"east":{"uv":[3.75,4.75,4,5.5],"texture":"#0"},"south":{"uv":[3.75,4.75,4,5.5],"texture":"#0"},"west":{"uv":[3.75,4.75,4,5.5],"texture":"#0"},"up":{"uv":[5,5.25,4.75,5],"texture":"#0"},"down":{"uv":[5,5.25,4.75,5],"texture":"#0"}}},{"from":[-8,6,25],"to":[-4,8,29],"rotation":{"angle":0,"axis":"y","origin":[16,0,26]},"faces":{"north":{"uv":[5.5,2.5,5,2.75],"texture":"#0"},"east":{"uv":[5.5,2.5,5,2.75],"texture":"#0"},"south":{"uv":[5.5,2.5,5,2.75],"texture":"#0"},"west":{"uv":[5.5,2.5,5,2.75],"texture":"#0"},"up":{"uv":[3.25,5.25,3.75,4.75],"texture":"#0"},"down":{"uv":[3.25,5.25,3.75,4.75],"texture":"#0"}}},{"from":[-7.5,0,25.5],"to":[-4.5,2,28.5],"rotation":{"angle":0,"axis":"y","origin":[16,0,26]},"faces":{"north":{"uv":[5.375,3,5,3.25],"texture":"#0"},"east":{"uv":[5.375,3,5,3.25],"texture":"#0"},"south":{"uv":[5.375,3,5,3.25],"texture":"#0"},"west":{"uv":[5.375,3.25,5,3.5],"texture":"#0"},"up":{"uv":[5,2.5,5.375,2.125],"texture":"#0"},"down":{"uv":[5,2.5,5.375,2.125],"texture":"#0"}}},{"from":[20.5,0,25.5],"to":[23.5,2,28.5],"rotation":{"angle":0,"axis":"y","origin":[16,0,26]},"faces":{"north":{"uv":[5.375,3,5,3.25],"texture":"#0"},"east":{"uv":[5.375,3,5,3.25],"texture":"#0"},"south":{"uv":[5.375,3,5,3.25],"texture":"#0"},"west":{"uv":[5.375,3.25,5,3.5],"texture":"#0"},"up":{"uv":[5,2.5,5.375,2.125],"texture":"#0"},"down":{"uv":[5,2.5,5.375,2.125],"texture":"#0"}}},{"from":[20.5,0,-12.5],"to":[23.5,2,-9.5],"rotation":{"angle":0,"axis":"y","origin":[16,0,26]},"faces":{"north":{"uv":[5.375,3,5,3.25],"texture":"#0"},"east":{"uv":[5.375,3,5,3.25],"texture":"#0"},"south":{"uv":[5.375,3,5,3.25],"texture":"#0"},"west":{"uv":[5.375,3.25,5,3.5],"texture":"#0"},"up":{"uv":[5,2.5,5.375,2.125],"texture":"#0"},"down":{"uv":[5,2.5,5.375,2.125],"texture":"#0"}}},{"from":[21,0,-12],"to":[23,6,-10],"rotation":{"angle":0,"axis":"y","origin":[0,0,26]},"faces":{"north":{"uv":[3.75,4.75,4,5.5],"texture":"#0"},"east":{"uv":[3.75,4.75,4,5.5],"texture":"#0"},"south":{"uv":[3.75,4.75,4,5.5],"texture":"#0"},"west":{"uv":[3.75,4.75,4,5.5],"texture":"#0"},"up":{"uv":[5,5.25,4.75,5],"texture":"#0"},"down":{"uv":[5,5.25,4.75,5],"texture":"#0"}}},{"from":[-7,0,-12],"to":[-5,6,-10],"rotation":{"angle":0,"axis":"y","origin":[0,0,26]},"faces":{"north":{"uv":[3.75,4.75,4,5.5],"texture":"#0"},"east":{"uv":[3.75,4.75,4,5.5],"texture":"#0"},"south":{"uv":[3.75,4.75,4,5.5],"texture":"#0"},"west":{"uv":[3.75,4.75,4,5.5],"texture":"#0"},"up":{"uv":[5,5.25,4.75,5],"texture":"#0"},"down":{"uv":[5,5.25,4.75,5],"texture":"#0"}}},{"from":[-7.5,0,-12.5],"to":[-4.5,2,-9.5],"rotation":{"angle":0,"axis":"y","origin":[16,0,26]},"faces":{"north":{"uv":[5.375,3,5,3.25],"texture":"#0"},"east":{"uv":[5.375,3,5,3.25],"texture":"#0"},"south":{"uv":[5.375,3,5,3.25],"texture":"#0"},"west":{"uv":[5.375,3.25,5,3.5],"texture":"#0"},"up":{"uv":[5,2.5,5.375,2.125],"texture":"#0"},"down":{"uv":[5,2.5,5.375,2.125],"texture":"#0"}}},{"from":[20,6,-13],"to":[24,8,-9],"rotation":{"angle":0,"axis":"y","origin":[0,0,26]},"faces":{"north":{"uv":[5.5,2.5,5,2.75],"texture":"#0"},"east":{"uv":[5.5,2.5,5,2.75],"texture":"#0"},"south":{"uv":[5,2.5,5.5,2.75],"texture":"#0"},"west":{"uv":[5.5,2.5,5,2.75],"texture":"#0"},"up":{"uv":[3.75,5.25,3.25,4.75],"texture":"#0"},"down":{"uv":[3.75,5.25,3.25,4.75],"texture":"#0"}}},{"from":[-6,0,26],"to":[-4,32,28],"rotation":{"angle":-22.5,"axis":"z","origin":[-5,0,28]},"faces":{"north":{"uv":[2.5,4.75,2.75,8.75],"texture":"#0"},"east":{"uv":[2.5,4.75,2.75,8.75],"texture":"#0"},"south":{"uv":[2.5,4.75,2.75,8.75],"texture":"#0"},"west":{"uv":[2.5,4.75,2.75,8.75],"texture":"#0"},"up":{"uv":[5,5,5.25,4.75],"texture":"#0"},"down":{"uv":[5,5,5.25,4.75],"texture":"#0"}}},{"from":[6,25,-13],"to":[10,32,-8],"rotation":{"angle":0,"axis":"y","origin":[16,0,-12]},"faces":{"north":{"uv":[5,2.125,4.5,3],"texture":"#0"},"east":{"uv":[5.125,1,4.5,1.875],"texture":"#0"},"south":{"uv":[5,2.125,4.5,3],"texture":"#0"},"west":{"uv":[5.125,1,4.5,1.875],"texture":"#0"},"up":{"uv":[4.5,3.625,5,3],"texture":"#0"},"down":{"uv":[4.5,3.625,5,3],"texture":"#0"}}},{"from":[-6,0,-12],"to":[-4,32,-10],"rotation":{"angle":-22.5,"axis":"z","origin":[-5,0,-10]},"faces":{"north":{"uv":[2.75,4.75,2.5,8.75],"texture":"#0"},"east":{"uv":[2.75,4.75,2.5,8.75],"texture":"#0"},"south":{"uv":[2.75,4.75,2.5,8.75],"texture":"#0"},"west":{"uv":[2.75,4.75,2.5,8.75],"texture":"#0"},"up":{"uv":[5,5,5.25,4.75],"texture":"#0"},"down":{"uv":[5,5,5.25,4.75],"texture":"#0"}}},{"from":[7,0,-11],"to":[9,25,-9],"rotation":{"angle":0,"axis":"y","origin":[16,0,-12]},"faces":{"north":{"uv":[3,4.75,2.75,7.875],"texture":"#0"},"east":{"uv":[3,4.75,2.75,7.875],"texture":"#0"},"south":{"uv":[3,4.75,2.75,7.875],"texture":"#0"},"west":{"uv":[3,4.75,2.75,7.875],"texture":"#0"},"up":{"uv":[5,5.25,5.25,5],"texture":"#0"},"down":{"uv":[5,5.25,5.25,5],"texture":"#0"}}},{"from":[20,0,-12],"to":[22,32,-10],"rotation":{"angle":22.5,"axis":"z","origin":[21,0,-10]},"faces":{"north":{"uv":[2.75,4.75,2.5,8.75],"texture":"#0"},"east":{"uv":[2.75,4.75,2.5,8.75],"texture":"#0"},"south":{"uv":[2.75,4.75,2.5,8.75],"texture":"#0"},"west":{"uv":[2.75,4.75,2.5,8.75],"texture":"#0"},"up":{"uv":[5.25,5,5,4.75],"texture":"#0"},"down":{"uv":[5.25,5,5,4.75],"texture":"#0"}}},{"from":[-8,6,-13],"to":[-4,8,-9],"rotation":{"angle":0,"axis":"y","origin":[16,0,-10]},"faces":{"north":{"uv":[5.5,2.5,5,2.75],"texture":"#0"},"east":{"uv":[5.5,2.5,5,2.75],"texture":"#0"},"south":{"uv":[5.5,2.5,5,2.75],"texture":"#0"},"west":{"uv":[5.5,2.5,5,2.75],"texture":"#0"},"up":{"uv":[3.25,4.75,3.75,5.25],"texture":"#0"},"down":{"uv":[3.25,4.75,3.75,5.25],"texture":"#0"}}},{"from":[21,0,-10],"to":[21,32,26],"rotation":{"angle":22.5,"axis":"z","origin":[21,0,24]},"faces":{"east":{"uv":[4.5,0,0,4],"texture":"#0"},"west":{"uv":[4.5,0,0,4],"texture":"#0"}}},{"from":[3,2,17],"to":[13,4,23],"faces":{"north":{"uv":[4.5,3.625,5.75,3.875],"texture":"#0"},"east":{"uv":[4.25,4.75,5,5],"texture":"#0"},"south":{"uv":[4.5,3.625,5.75,3.875],"texture":"#0"},"west":{"uv":[4.25,4.75,5,5],"texture":"#0"},"up":{"uv":[5.75,1,4.5,0.25],"texture":"#0"},"down":{"uv":[5.75,1,4.5,0.25],"texture":"#0"}}}],"gui_light":"front","display":{"thirdperson_righthand":{"rotation":[67.5,0,0],"translation":[0,2.75,1.25],"scale":[0.14367,0.14367,0.14367]},"thirdperson_lefthand":{"rotation":[67.5,0,0],"translation":[0,2.75,1.25],"scale":[0.14367,0.14367,0.14367]},"firstperson_righthand":{"translation":[0.13,3.2,1.13],"scale":[0.29805,0.29805,0.29805]},"firstperson_lefthand":{"translation":[0.13,3.2,1.13],"scale":[0.29805,0.29805,0.29805]},"ground":{"translation":[0,2,0],"scale":[0.2,0.2,0.2]},"gui":{"rotation":[30,225,0],"translation":[0,-1.25,0],"scale":[0.26906,0.26906,0.26906]},"head":{"translation":[0,-30.5,0],"scale":[0,0,0]},"fixed":{"rotation":[-90,0,0],"translation":[0,0,-18.25],"scale":[2.28711,2.28711,2.28711]}}}