{"texture_size":[128,128],"textures":{"0":"custom/furniture/office/office_01","particle":"custom/furniture/office/office_01"},"elements":[{"from":[2,8,2],"to":[14,10,14],"faces":{"north":{"uv":[14.5,12.375,16,12.625],"texture":"#0"},"east":{"uv":[14.5,12.125,16,12.375],"texture":"#0"},"south":{"uv":[14.5,12.375,16,12.625],"texture":"#0"},"west":{"uv":[14.5,12.125,16,12.375],"texture":"#0"},"up":{"uv":[16,14.125,14.5,12.625],"texture":"#0"},"down":{"uv":[16,14.125,14.5,12.625],"texture":"#0"}}},{"from":[2,7,2],"to":[14,8,14],"faces":{"north":{"uv":[14.5,12.5625,16,12.4375],"texture":"#0"},"east":{"uv":[14.5,12.3125,16,12.1875],"texture":"#0"},"south":{"uv":[14.5,12.5625,16,12.4375],"texture":"#0"},"west":{"uv":[14.5,12.3125,16,12.1875],"texture":"#0"},"up":{"uv":[16,14.125,14.5,12.625],"texture":"#0"},"down":{"uv":[16,14.125,14.5,12.625],"texture":"#0"}}},{"from":[2,11,12.5],"to":[14,21,14],"faces":{"north":{"uv":[14.5,10.875,16,12.125],"texture":"#0"},"east":{"uv":[12.6875,14.75,12.5,16],"texture":"#0"},"south":{"uv":[14.5,10.875,16,12.125],"texture":"#0"},"west":{"uv":[12.5,14.75,12.6875,16],"texture":"#0"},"up":{"uv":[16,10.8125,14.5,10.625],"texture":"#0"},"down":{"uv":[16,10.8125,14.5,10.625],"texture":"#0"}}},{"from":[4,10,12.5],"to":[12,11,14],"faces":{"north":{"uv":[13.5,11.8125,14.5,11.9375],"texture":"#0"},"east":{"uv":[14.25,11.8125,14.4375,11.9375],"texture":"#0"},"south":{"uv":[13.5,11.8125,14.5,11.9375],"texture":"#0"},"west":{"uv":[14.25,11.8125,14.4375,11.9375],"texture":"#0"}}},{"from":[12.5,0,4],"to":[14,6,5],"faces":{"north":{"uv":[14.3125,12.25,14.5,13],"texture":"#0"},"east":{"uv":[14.1875,12.25,14.3125,13],"texture":"#0"},"south":{"uv":[14.3125,12.25,14.5,13],"texture":"#0"},"west":{"uv":[14.1875,12.25,14.3125,13],"texture":"#0"},"up":{"uv":[13.5,13.625,13.6875,13.75],"texture":"#0"},"down":{"uv":[13.5,13.625,13.6875,13.75],"texture":"#0"}}},{"from":[12.5,0,5],"to":[14,1,13],"faces":{"north":{"uv":[13.5,13.625,13.6875,13.75],"texture":"#0"},"east":{"uv":[13.5,13,14.5,13.125],"texture":"#0"},"south":{"uv":[13.5,13.625,13.6875,13.75],"texture":"#0"},"west":{"uv":[13.5,13,14.5,13.125],"texture":"#0"},"up":{"uv":[13.25,12.3125,13.4375,13.3125],"texture":"#0"},"down":{"uv":[13.25,12.3125,13.4375,13.3125],"texture":"#0"}}},{"from":[12.5,6,4],"to":[14,7,12],"faces":{"north":{"uv":[13.5,13.75,13.6875,13.625],"texture":"#0"},"east":{"uv":[13.5,13.125,14.5,13],"texture":"#0"},"south":{"uv":[13.5,13.75,13.6875,13.625],"texture":"#0"},"west":{"uv":[13.5,13.125,14.5,13],"texture":"#0"},"up":{"uv":[13.25,12.3125,13.4375,13.3125],"texture":"#0"},"down":{"uv":[13.25,12.3125,13.4375,13.3125],"texture":"#0"}}},{"from":[2,6,4],"to":[3.5,7,12],"rotation":{"angle":0,"axis":"y","origin":[16,0,0]},"faces":{"north":{"uv":[13.6875,13.75,13.5,13.625],"texture":"#0"},"east":{"uv":[14.5,13.125,13.5,13],"texture":"#0"},"south":{"uv":[13.6875,13.75,13.5,13.625],"texture":"#0"},"west":{"uv":[14.5,13.125,13.5,13],"texture":"#0"},"up":{"uv":[13.4375,12.3125,13.25,13.3125],"texture":"#0"},"down":{"uv":[13.4375,12.3125,13.25,13.3125],"texture":"#0"}}},{"from":[2,0,4],"to":[3.5,6,5],"rotation":{"angle":0,"axis":"y","origin":[16,0,0]},"faces":{"north":{"uv":[14.5,12.25,14.3125,13],"texture":"#0"},"east":{"uv":[14.3125,12.25,14.1875,13],"texture":"#0"},"south":{"uv":[14.5,12.25,14.3125,13],"texture":"#0"},"west":{"uv":[14.3125,12.25,14.1875,13],"texture":"#0"},"up":{"uv":[13.6875,13.625,13.5,13.75],"texture":"#0"},"down":{"uv":[13.6875,13.625,13.5,13.75],"texture":"#0"}}},{"from":[2,0,5],"to":[3.5,1,13],"rotation":{"angle":0,"axis":"y","origin":[16,0,0]},"faces":{"north":{"uv":[13.6875,13.625,13.5,13.75],"texture":"#0"},"east":{"uv":[14.5,13,13.5,13.125],"texture":"#0"},"south":{"uv":[13.6875,13.625,13.5,13.75],"texture":"#0"},"west":{"uv":[14.5,13,13.5,13.125],"texture":"#0"},"up":{"uv":[13.4375,12.3125,13.25,13.3125],"texture":"#0"},"down":{"uv":[13.4375,12.3125,13.25,13.3125],"texture":"#0"}}},{"from":[3.5,0,11.5],"to":[12.5,1,13],"faces":{"north":{"uv":[13.375,11.9375,14.5,12.0625],"texture":"#0"},"south":{"uv":[13.375,11.9375,14.5,12.0625],"texture":"#0"},"up":{"uv":[13.375,12.0625,14.5,12.25],"texture":"#0"},"down":{"uv":[13.375,12.0625,14.5,12.25],"texture":"#0"}}},{"from":[3.5,6,10.5],"to":[12.5,7,12],"faces":{"north":{"uv":[13.375,11.9375,14.5,12.0625],"texture":"#0"},"south":{"uv":[13.375,11.9375,14.5,12.0625],"texture":"#0"},"up":{"uv":[13.375,12.0625,14.5,12.25],"texture":"#0"},"down":{"uv":[13.375,12.0625,14.5,12.25],"texture":"#0"}}},{"from":[0,13,4.5],"to":[2,14,13],"faces":{"north":{"uv":[13.5,13.5,13.75,13.625],"texture":"#0"},"east":{"uv":[13.4375,13.125,14.5,13.25],"texture":"#0"},"south":{"uv":[13.5,13.5,13.75,13.625],"texture":"#0"},"west":{"uv":[13.4375,13.125,14.5,13.25],"texture":"#0"},"up":{"uv":[13.25,13.3125,13.5,14.375],"texture":"#0"},"down":{"uv":[13.25,13.3125,13.5,14.375],"texture":"#0"}}},{"from":[1,7.5,7.5],"to":[2,13,8.5],"faces":{"north":{"uv":[13.125,13.6875,13.25,14.375],"texture":"#0"},"east":{"uv":[13.125,13.6875,13.25,14.375],"texture":"#0"},"south":{"uv":[13.125,13.6875,13.25,14.375],"texture":"#0"},"west":{"uv":[13.125,13.6875,13.25,14.375],"texture":"#0"},"up":{"uv":[13.125,13.5625,13.25,13.6875],"texture":"#0"},"down":{"uv":[13.125,13.5625,13.25,13.6875],"texture":"#0"}}},{"from":[2,7.5,7.5],"to":[7.5,8.5,8.5],"faces":{"north":{"uv":[13.125,13.6875,13.25,14.375],"rotation":270,"texture":"#0"},"east":{"uv":[13.125,13.5625,13.25,13.6875],"rotation":90,"texture":"#0"},"south":{"uv":[13.125,13.6875,13.25,14.375],"rotation":90,"texture":"#0"},"west":{"uv":[13.125,13.5625,13.25,13.6875],"rotation":90,"texture":"#0"},"up":{"uv":[13.125,13.6875,13.25,14.375],"rotation":90,"texture":"#0"},"down":{"uv":[13.125,13.6875,13.25,14.375],"rotation":90,"texture":"#0"}}},{"from":[14,13,4.5],"to":[16,14,13],"rotation":{"angle":0,"axis":"y","origin":[16,0,0]},"faces":{"north":{"uv":[13.75,13.5,13.5,13.625],"texture":"#0"},"east":{"uv":[14.5,13.125,13.4375,13.25],"texture":"#0"},"south":{"uv":[13.75,13.5,13.5,13.625],"texture":"#0"},"west":{"uv":[14.5,13.125,13.4375,13.25],"texture":"#0"},"up":{"uv":[13.5,13.3125,13.25,14.375],"texture":"#0"},"down":{"uv":[13.5,13.3125,13.25,14.375],"texture":"#0"}}},{"from":[14,7.5,7.5],"to":[15,13,8.5],"rotation":{"angle":0,"axis":"y","origin":[16,0,0]},"faces":{"north":{"uv":[13.25,13.6875,13.125,14.375],"texture":"#0"},"east":{"uv":[13.25,13.6875,13.125,14.375],"texture":"#0"},"south":{"uv":[13.25,13.6875,13.125,14.375],"texture":"#0"},"west":{"uv":[13.25,13.6875,13.125,14.375],"texture":"#0"},"up":{"uv":[13.25,13.5625,13.125,13.6875],"texture":"#0"},"down":{"uv":[13.25,13.5625,13.125,13.6875],"texture":"#0"}}},{"from":[8.5,7.5,7.5],"to":[14,8.5,8.5],"rotation":{"angle":0,"axis":"y","origin":[16,0,0]},"faces":{"north":{"uv":[13.125,14.375,13.25,13.6875],"rotation":270,"texture":"#0"},"east":{"uv":[13.125,13.6875,13.25,13.5625],"rotation":90,"texture":"#0"},"south":{"uv":[13.125,14.375,13.25,13.6875],"rotation":90,"texture":"#0"},"west":{"uv":[13.125,13.6875,13.25,13.5625],"rotation":90,"texture":"#0"},"up":{"uv":[13.125,14.375,13.25,13.6875],"rotation":90,"texture":"#0"},"down":{"uv":[13.125,14.375,13.25,13.6875],"rotation":90,"texture":"#0"}}}],"gui_light":"front","display":{"thirdperson_righthand":{"rotation":[67.5,0,0],"translation":[0,1.25,0],"scale":[0.33398,0.33398,0.33398]},"thirdperson_lefthand":{"rotation":[67.5,0,0],"translation":[0,1.25,0],"scale":[0.33398,0.33398,0.33398]},"firstperson_righthand":{"translation":[0.5,3,0.5],"scale":[0.48203,0.48203,0.48203]},"firstperson_lefthand":{"translation":[0.5,3,0.5],"scale":[0.48203,0.48203,0.48203]},"ground":{"translation":[0,5.25,0],"scale":[0.52266,0.52266,0.52266]},"gui":{"rotation":[30,225,0],"translation":[0,-1.5,0],"scale":[0.5918,0.5918,0.5918]},"head":{"rotation":[180,-180,0],"translation":[0,9.1,0.25],"scale":[1.6,1.6,1.6]},"fixed":{"rotation":[-90,0,0],"translation":[0,0,-16],"scale":[2,2,2]}}}