{"texture_size":[128,128],"textures":{"1":"custom/furniture/office/office_02","particle":"custom/furniture/office/office_01"},"elements":[{"from":[3,2,3],"to":[13,9,13],"faces":{"north":{"uv":[5.25,4.5,6.5,5.375],"texture":"#1"},"east":{"uv":[5.25,4.5,6.5,5.375],"texture":"#1"},"south":{"uv":[5.25,4.5,6.5,5.375],"texture":"#1"},"west":{"uv":[5.25,4.5,6.5,5.375],"texture":"#1"},"up":{"uv":[5.25,5.375,6.5,6.625],"texture":"#1"},"down":{"uv":[5.25,5.375,6.5,6.625],"texture":"#1"}}},{"from":[4,9,8],"to":[12,23,8],"rotation":{"angle":45,"axis":"y","origin":[8,13.5,8]},"faces":{"north":{"uv":[5.5625,9.25,4.5625,11],"texture":"#1"},"east":{"uv":[0,0,0,1.75],"texture":"#missing"},"south":{"uv":[4.5625,9.25,5.5625,11],"texture":"#1"},"west":{"uv":[0,0,0,1.75],"texture":"#missing"},"up":{"uv":[0,0,1,0],"rotation":180,"texture":"#missing"},"down":{"uv":[0,0,1,0],"rotation":180,"texture":"#missing"}}},{"from":[8,9,4],"to":[8,23,12],"rotation":{"angle":45,"axis":"y","origin":[8,13.5,8]},"faces":{"north":{"uv":[0,0,0,1.75],"texture":"#missing"},"east":{"uv":[5.5625,9.25,4.5625,11],"texture":"#1"},"south":{"uv":[0,0,0,1.75],"texture":"#missing"},"west":{"uv":[4.5625,9.25,5.5625,11],"texture":"#1"},"up":{"uv":[0,0,1,0],"rotation":270,"texture":"#missing"},"down":{"uv":[0,0,1,0],"rotation":90,"texture":"#missing"}}},{"from":[1,17,15],"to":[15,27,15],"rotation":{"angle":0,"axis":"y","origin":[0,0,16]},"faces":{"north":{"uv":[12,1.125,10.25,2.375],"texture":"#1"},"east":{"uv":[0,0,0,1.25],"texture":"#missing"},"south":{"uv":[10.25,1.125,12,2.375],"texture":"#1"},"west":{"uv":[0,0,0,1.25],"texture":"#missing"},"up":{"uv":[0,0,1.75,0],"texture":"#missing"},"down":{"uv":[0,0,1.75,0],"texture":"#missing"}}},{"from":[1,17,1],"to":[1,27,15],"rotation":{"angle":0,"axis":"y","origin":[0,0,16]},"faces":{"north":{"uv":[0,0,0,1.25],"texture":"#missing"},"east":{"uv":[12,1.125,10.25,2.375],"texture":"#1"},"south":{"uv":[0,0,0,1.25],"texture":"#missing"},"west":{"uv":[10.25,1.125,12,2.375],"texture":"#1"},"up":{"uv":[0,0,1.75,0],"rotation":90,"texture":"#missing"},"down":{"uv":[0,0,1.75,0],"rotation":270,"texture":"#missing"}}},{"from":[15,17,1],"to":[15,27,15],"rotation":{"angle":0,"axis":"y","origin":[16,0,16]},"faces":{"north":{"uv":[0,0,0,1.25],"texture":"#missing"},"east":{"uv":[10.25,1.125,12,2.375],"texture":"#1"},"south":{"uv":[0,0,0,1.25],"texture":"#missing"},"west":{"uv":[12,1.125,10.25,2.375],"texture":"#1"},"up":{"uv":[0,0,1.75,0],"rotation":90,"texture":"#missing"},"down":{"uv":[0,0,1.75,0],"rotation":270,"texture":"#missing"}}},{"from":[1,17,1],"to":[15,27,1],"faces":{"north":{"uv":[10.25,1.125,12,2.375],"texture":"#1"},"east":{"uv":[0,0,0,1.25],"texture":"#missing"},"south":{"uv":[12,1.125,10.25,2.375],"texture":"#1"},"west":{"uv":[0,0,0,1.25],"texture":"#missing"},"up":{"uv":[0,0,1.75,0],"texture":"#missing"},"down":{"uv":[0,0,1.75,0],"texture":"#missing"}}},{"from":[1,27,1],"to":[15,27,15],"rotation":{"angle":0,"axis":"y","origin":[0,0,16]},"faces":{"north":{"uv":[1.25,0,3,0],"texture":"#missing"},"east":{"uv":[0,0,1.75,0],"texture":"#missing"},"south":{"uv":[1.25,0,3,0],"texture":"#missing"},"west":{"uv":[0,0,1.75,0],"texture":"#missing"},"up":{"uv":[10.25,2.625,12,4.375],"texture":"#1"},"down":{"uv":[10.25,2.625,12,4.375],"texture":"#1"}}},{"from":[2,6,2],"to":[14,10,4],"faces":{"north":{"uv":[5.25,6.625,6.75,7.125],"texture":"#1"},"east":{"uv":[5.25,5.625,5,6.125],"texture":"#1"},"south":{"uv":[5.25,7.125,6.75,6.625],"texture":"#1"},"west":{"uv":[5,5.625,5.25,6.125],"texture":"#1"},"up":{"uv":[5.25,7.375,6.75,7.125],"texture":"#1"},"down":{"uv":[5.25,7.125,6.75,7.375],"texture":"#1"}}},{"from":[2,6,12],"to":[14,10,14],"rotation":{"angle":0,"axis":"y","origin":[0,0,16]},"faces":{"north":{"uv":[6.75,7.125,5.25,6.625],"texture":"#1"},"east":{"uv":[5,5.625,5.25,6.125],"texture":"#1"},"south":{"uv":[6.75,6.625,5.25,7.125],"texture":"#1"},"west":{"uv":[5.25,5.625,5,6.125],"texture":"#1"},"up":{"uv":[5.25,7.125,6.75,7.375],"texture":"#1"},"down":{"uv":[5.25,7.375,6.75,7.125],"texture":"#1"}}},{"from":[2,6,4],"to":[4,10,12],"faces":{"east":{"uv":[5.25,7.875,6.25,7.375],"texture":"#1"},"west":{"uv":[5.25,7.375,6.25,7.875],"texture":"#1"},"up":{"uv":[4.875,7.625,5.125,8.625],"texture":"#1"},"down":{"uv":[4.875,7.625,5.125,8.625],"texture":"#1"}}},{"from":[12,6,4],"to":[14,10,12],"rotation":{"angle":0,"axis":"y","origin":[16,0,0]},"faces":{"east":{"uv":[6.25,7.375,5.25,7.875],"texture":"#1"},"west":{"uv":[6.25,7.875,5.25,7.375],"texture":"#1"},"up":{"uv":[5.125,7.625,4.875,8.625],"texture":"#1"},"down":{"uv":[5.125,7.625,4.875,8.625],"texture":"#1"}}},{"from":[3.5,0,3.5],"to":[12.5,2,12.5],"faces":{"north":{"uv":[5.125,9,6.25,9.25],"texture":"#1"},"east":{"uv":[5.125,9,6.25,9.25],"texture":"#1"},"south":{"uv":[5.125,9,6.25,9.25],"texture":"#1"},"west":{"uv":[5.125,9,6.25,9.25],"texture":"#1"},"up":{"uv":[5.125,7.875,6.25,9],"texture":"#1"},"down":{"uv":[5.125,7.875,6.25,9],"texture":"#1"}}}],"gui_light":"front","display":{"thirdperson_righthand":{"rotation":[67.5,0,0],"translation":[0,1.75,0.5],"scale":[0.30469,0.30469,0.30469]},"thirdperson_lefthand":{"rotation":[67.5,0,0],"translation":[0,1.75,0.5],"scale":[0.30469,0.30469,0.30469]},"firstperson_righthand":{"translation":[1.5,3.5,0],"scale":[0.44102,0.44102,0.44102]},"firstperson_lefthand":{"translation":[1.5,3.5,0],"scale":[0.44102,0.44102,0.44102]},"ground":{"translation":[0,3,0],"scale":[0.3918,0.3918,0.3918]},"gui":{"rotation":[30,225,0],"translation":[0.75,-2.75,0],"scale":[0.48242,0.48242,0.48242]},"head":{"rotation":[0,-180,0],"translation":[0,-18.4,0.25],"scale":[1.6,1.6,1.6]},"fixed":{"rotation":[-90,0,0],"translation":[0,0,-16],"scale":[2,2,2]}}}