{"texture_size":[128, 128],"textures":{"0":"custom/furniture/juicebar/juicebar_texture_01","particle":"custom/furniture/juicebar/juicebar_texture_01"},"elements":[{"from":[-16, 2, 1],"to":[16, 13, 14],"faces":{"north":{"uv":[0, 1.5, 4, 2.875],"texture":"#0"},"east":{"uv":[4, 0, 5.625, 1.375],"texture":"#0"},"south":{"uv":[0, 0, 4, 1.375],"texture":"#0"},"west":{"uv":[5.625, 0, 4, 1.375],"texture":"#0"},"up":{"uv":[0, 1.1875, 4, 2.8125],"texture":"#0"},"down":{"uv":[0, 1.1875, 4, 2.8125],"texture":"#0"}}},{"from":[-16, 0, 2],"to":[16, 2, 13],"faces":{"north":{"uv":[0, 5.375, 4, 5.625],"texture":"#0"},"east":{"uv":[0, 5.375, 1.375, 5.625],"texture":"#0"},"south":{"uv":[0, 5.375, 4, 5.625],"texture":"#0"},"west":{"uv":[0, 5.375, 1.375, 5.625],"texture":"#0"},"up":{"uv":[0, 3.5, 4, 4.875],"texture":"#0"},"down":{"uv":[0, 3.5, 4, 4.875],"texture":"#0"}}},{"from":[16, 2, 1],"to":[32, 13, 14],"faces":{"north":{"uv":[0.5, 0, 2.5, 1.375],"texture":"#0"},"east":{"uv":[4, 0, 5.625, 1.375],"texture":"#0"},"south":{"uv":[0, 0, 2, 1.375],"texture":"#0"},"west":{"uv":[5.625, 0, 4, 1.375],"texture":"#0"},"up":{"uv":[0, 1.1875, 2, 2.8125],"texture":"#0"},"down":{"uv":[0, 1.1875, 2, 2.8125],"texture":"#0"}}},{"from":[16, 0, 2],"to":[32, 2, 13],"faces":{"north":{"uv":[0, 5.375, 2, 5.625],"texture":"#0"},"east":{"uv":[0, 5.375, 1.375, 5.625],"texture":"#0"},"south":{"uv":[0, 5.375, 2, 5.625],"texture":"#0"},"west":{"uv":[0, 5.375, 1.375, 5.625],"texture":"#0"},"up":{"uv":[0, 3.5, 2, 4.875],"texture":"#0"},"down":{"uv":[0, 3.5, 2, 4.875],"texture":"#0"}}},{"from":[-16, 13, 0],"to":[8, 16, 16],"faces":{"north":{"uv":[3, 5, 0, 5.375],"texture":"#0"},"east":{"uv":[0, 5, 2, 5.375],"texture":"#0"},"south":{"uv":[0, 5, 3, 5.375],"texture":"#0"},"west":{"uv":[0, 5, 2, 5.375],"texture":"#0"},"up":{"uv":[0, 3, 3, 5],"texture":"#0"},"down":{"uv":[0, 3, 3, 5],"texture":"#0"}}},{"from":[8, 13, 0],"to":[32, 16, 16],"rotation":{"angle":0,"axis":"y","origin":[16, 0, 0]},"faces":{"north":{"uv":[0, 5, 3, 5.375],"texture":"#0"},"east":{"uv":[2, 5, 0, 5.375],"texture":"#0"},"south":{"uv":[3, 5, 0, 5.375],"texture":"#0"},"west":{"uv":[2, 5, 0, 5.375],"texture":"#0"},"up":{"uv":[3, 3, 0, 5],"texture":"#0"},"down":{"uv":[3, 3, 0, 5],"texture":"#0"}}},{"from":[-14, 3, 14],"to":[10, 12, 15],"faces":{"north":{"uv":[0, 5.625, 3, 6.75],"texture":"#0"},"east":{"uv":[3, 5.625, 3.125, 6.75],"texture":"#0"},"south":{"uv":[0, 5.625, 3, 6.75],"texture":"#0"},"west":{"uv":[3.125, 5.625, 3, 6.75],"texture":"#0"},"up":{"uv":[0, 6.75, 3, 6.875],"texture":"#0"},"down":{"uv":[3, 6.875, 0, 6.75],"texture":"#0"}}},{"from":[-11, 3, 15.1],"to":[7, 12, 15.1],"faces":{"north":{"uv":[2.25, 6.9375, 0, 8.0625],"texture":"#0"},"east":{"uv":[3, 5.625, 3.125, 6.75],"texture":"#0"},"south":{"uv":[0, 6.9375, 2.25, 8.0625],"texture":"#0"},"west":{"uv":[3.125, 5.625, 3, 6.75],"texture":"#0"},"up":{"uv":[0, 6.75, 3, 6.875],"texture":"#0"},"down":{"uv":[3, 6.875, 0, 6.75],"texture":"#0"}}},{"from":[-11, 3, 15.3],"to":[7, 12, 15.3],"faces":{"north":{"uv":[2.25, 6.9375, 0, 8.0625],"texture":"#0"},"east":{"uv":[3, 5.625, 3.125, 6.75],"texture":"#0"},"south":{"uv":[0, 6.9375, 2.25, 8.0625],"texture":"#0"},"west":{"uv":[3.125, 5.625, 3, 6.75],"texture":"#0"},"up":{"uv":[0, 6.75, 3, 6.875],"texture":"#0"},"down":{"uv":[3, 6.875, 0, 6.75],"texture":"#0"}}},{"from":[-4, 16, 4],"to":[14, 17, 15],"rotation":{"angle":0,"axis":"y","origin":[0, -1, 0]},"faces":{"north":{"uv":[0, 9.4375, 2.25, 9.5625],"texture":"#0"},"east":{"uv":[0, 9.4375, 1.375, 9.5625],"texture":"#0"},"south":{"uv":[0, 9.4375, 2.25, 9.5625],"texture":"#0"},"west":{"uv":[0, 9.4375, 1.375, 9.5625],"texture":"#0"},"up":{"uv":[0, 8.0625, 2.25, 9.4375],"texture":"#0"},"down":{"uv":[0, 8.0625, 2.25, 9.4375],"texture":"#0"}}},{"from":[7, 16, 10],"to":[10, 22.5, 13],"rotation":{"angle":-22.5,"axis":"x","origin":[8.5, 17, 12]},"faces":{"north":{"uv":[7.5625, 0, 7.1875, 0.8125],"texture":"#0"},"east":{"uv":[7.5625, 0.375, 8.375, 0],"rotation":90,"texture":"#0"},"south":{"uv":[7.5625, 0, 7.1875, 0.8125],"texture":"#0"},"west":{"uv":[7.5625, 0, 8.375, 0.375],"rotation":90,"texture":"#0"},"up":{"uv":[7.1875, 0.8125, 7.5625, 0.4375],"texture":"#0"},"down":{"uv":[7.1875, 0.8125, 7.5625, 0.4375],"texture":"#0"}}},{"from":[-2.5, 16, 6],"to":[2.5, 19.5, 10],"rotation":{"angle":-22.5,"axis":"x","origin":[8.5, 17, 9]},"faces":{"north":{"uv":[8.25, 0.375, 7.625, 0.8125],"texture":"#0"},"east":{"uv":[7.8125, 0.8125, 8.25, 1.3125],"rotation":90,"texture":"#0"},"south":{"uv":[8.25, 0.375, 7.625, 0.8125],"texture":"#0"},"west":{"uv":[7.8125, 0.8125, 8.25, 1.3125],"rotation":90,"texture":"#0"},"up":{"uv":[7.1875, 1.3125, 7.8125, 0.8125],"texture":"#0"},"down":{"uv":[7.1875, 1.3125, 7.8125, 0.8125],"texture":"#0"}}},{"from":[3.5, 16, 6.5],"to":[13.5, 26, 8.5],"rotation":{"angle":22.5,"axis":"x","origin":[8.5, 17, 12]},"faces":{"north":{"uv":[6.9375, 0, 5.6875, 1.25],"texture":"#0"},"east":{"uv":[7.1875, 0, 6.9375, 1.25],"texture":"#0"},"south":{"uv":[5.3125, 1.5625, 4.0625, 2.8125],"texture":"#0"},"west":{"uv":[6.9375, 0, 7.1875, 1.25],"texture":"#0"},"up":{"uv":[5.6875, 1.5, 6.9375, 1.25],"texture":"#0"},"down":{"uv":[5.6875, 1.25, 6.9375, 1.5],"texture":"#0"}}},{"from":[14.5, 25.3, 8.5],"to":[31.5, 27.3, 10.5],"rotation":{"angle":-45,"axis":"x","origin":[23, 26.3, 9.5]},"faces":{"north":{"uv":[4, 2.875, 6.125, 3.125],"texture":"#0"},"east":{"uv":[6.9375, 1.25, 7.1875, 1.5],"texture":"#0"},"south":{"uv":[4, 2.875, 6.125, 3.125],"texture":"#0"},"west":{"uv":[6.9375, 1.25, 7.1875, 1.5],"texture":"#0"},"up":{"uv":[4, 3.125, 6.125, 2.875],"texture":"#0"},"down":{"uv":[4, 2.875, 6.125, 3.125],"texture":"#0"}}},{"from":[15, 15, 8.7],"to":[31, 26, 10.2],"rotation":{"angle":-22.5,"axis":"x","origin":[23, 27, 9.7]},"faces":{"north":{"uv":[5.3125, 1.5, 7.3125, 2.875],"texture":"#0"},"east":{"uv":[7.3125, 1.5, 7.5, 2.875],"texture":"#0"},"south":{"uv":[5.3125, 1.5, 7.3125, 2.875],"texture":"#0"},"west":{"uv":[7.5, 1.5, 7.3125, 2.875],"texture":"#0"},"up":{"uv":[5.3125, 2.6875, 7.3125, 2.875],"texture":"#0"},"down":{"uv":[5.3125, 2.6875, 7.3125, 2.875],"texture":"#0"}}},{"from":[15, 15, 8.8],"to":[31, 26, 10.3],"rotation":{"angle":22.5,"axis":"x","origin":[23, 27, 9.3]},"faces":{"north":{"uv":[5.3125, 1.5, 7.3125, 2.875],"texture":"#0"},"east":{"uv":[7.5, 1.5, 7.3125, 2.875],"texture":"#0"},"south":{"uv":[7.3125, 1.5, 5.3125, 2.875],"texture":"#0"},"west":{"uv":[7.3125, 1.5, 7.5, 2.875],"texture":"#0"},"up":{"uv":[5.3125, 2.875, 7.3125, 2.6875],"texture":"#0"},"down":{"uv":[5.3125, 2.875, 7.3125, 2.6875],"texture":"#0"}}}],"gui_light":"front","display":{"thirdperson_righthand":{"rotation":[67.5, 0, 0],"translation":[0, 1, -0.25],"scale":[0.1582, 0.1582, 0.1582]},"thirdperson_lefthand":{"rotation":[67.5, 0, 0],"translation":[0, 1, -0.25],"scale":[0.1582, 0.1582, 0.1582]},"firstperson_righthand":{"translation":[0.5, 1.75, 0],"scale":[0.21055, 0.21055, 0.21055]},"firstperson_lefthand":{"translation":[0.5, 1.75, 0],"scale":[0.21055, 0.21055, 0.21055]},"ground":{"translation":[0, 6, 0],"scale":[0.4, 0.4, 0.4]},"gui":{"rotation":[30, -135, 0],"translation":[0, -0.5, 0],"scale":[0.32813, 0.32813, 0.32813]},"head":{"rotation":[0, 180, 0],"translation":[0, -30.4, 0],"scale":[1.6, 1.6, 1.6]},"fixed":{"rotation":[-90, 0, 0],"translation":[0, 0, -16],"scale":[2, 2, 2]}}}