{"texture_size":[128, 128],"textures":{"0":"custom/furniture/juicebar/juicebar_texture_01","particle":"custom/furniture/juicebar/juicebar_texture_01"},"elements":[{"from":[3.5, 10.5, 3.5],"to":[12.5, 12.5, 12.5],"rotation":{"angle":0,"axis":"y","origin":[0, 0, 0.5]},"faces":{"north":{"uv":[6.125, 2.875, 7.25, 3.125],"texture":"#0"},"east":{"uv":[6.125, 2.875, 7.25, 3.125],"texture":"#0"},"south":{"uv":[6.125, 2.875, 7.25, 3.125],"texture":"#0"},"west":{"uv":[6.125, 2.875, 7.25, 3.125],"texture":"#0"},"up":{"uv":[6.8125, 3.375, 7.9375, 4.5],"texture":"#0"},"down":{"uv":[6.8125, 3.375, 7.9375, 4.5],"texture":"#0"}}},{"from":[11, 0, 11.5],"to":[12.5, 9.5, 13],"rotation":{"angle":45,"axis":"y","origin":[11.75, 5.25, 11.75]},"faces":{"north":{"uv":[9.6875, 0, 9.875, 1.1875],"texture":"#0"},"east":{"uv":[9.6875, 0, 9.875, 1.1875],"texture":"#0"},"south":{"uv":[9.6875, 0, 9.875, 1.1875],"texture":"#0"},"west":{"uv":[9.6875, 0, 9.875, 1.1875],"texture":"#0"},"up":{"uv":[9.6875, 1.1875, 9.875, 1.375],"texture":"#0"},"down":{"uv":[9.6875, 1.1875, 9.875, 1.375],"texture":"#0"}}},{"from":[3.5, 0, 11.5],"to":[5, 9.5, 13],"rotation":{"angle":-45,"axis":"y","origin":[4.25, 5.25, 11.75]},"faces":{"north":{"uv":[9.875, 0, 9.6875, 1.1875],"texture":"#0"},"east":{"uv":[9.875, 0, 9.6875, 1.1875],"texture":"#0"},"south":{"uv":[9.875, 0, 9.6875, 1.1875],"texture":"#0"},"west":{"uv":[9.875, 0, 9.6875, 1.1875],"texture":"#0"},"up":{"uv":[9.875, 1.1875, 9.6875, 1.375],"texture":"#0"},"down":{"uv":[9.875, 1.1875, 9.6875, 1.375],"texture":"#0"}}},{"from":[3.5, 0, 3],"to":[5, 9.5, 4.5],"rotation":{"angle":45,"axis":"y","origin":[4.25, 5.25, 4.25]},"faces":{"north":{"uv":[9.6875, 0, 9.875, 1.1875],"texture":"#0"},"east":{"uv":[9.6875, 0, 9.875, 1.1875],"texture":"#0"},"south":{"uv":[9.6875, 0, 9.875, 1.1875],"texture":"#0"},"west":{"uv":[9.6875, 0, 9.875, 1.1875],"texture":"#0"},"up":{"uv":[9.875, 1.375, 9.6875, 1.1875],"texture":"#0"},"down":{"uv":[9.875, 1.375, 9.6875, 1.1875],"texture":"#0"}}},{"from":[11, 0, 3],"to":[12.5, 9.5, 4.5],"rotation":{"angle":-45,"axis":"y","origin":[11.75, 5.25, 4.25]},"faces":{"north":{"uv":[9.875, 0, 9.6875, 1.1875],"texture":"#0"},"east":{"uv":[9.875, 0, 9.6875, 1.1875],"texture":"#0"},"south":{"uv":[9.875, 0, 9.6875, 1.1875],"texture":"#0"},"west":{"uv":[9.875, 0, 9.6875, 1.1875],"texture":"#0"},"up":{"uv":[9.6875, 1.375, 9.875, 1.1875],"texture":"#0"},"down":{"uv":[9.6875, 1.375, 9.875, 1.1875],"texture":"#0"}}},{"from":[3, 9.5, 3],"to":[13, 11, 13.1],"rotation":{"angle":0,"axis":"y","origin":[3, 2, 15]},"faces":{"north":{"uv":[9.5, 3.0625, 8.25, 3.25],"texture":"#0"},"east":{"uv":[9.5, 3.0625, 8.25, 3.25],"texture":"#0"},"south":{"uv":[9.5, 3.0625, 8.25, 3.25],"texture":"#0"},"west":{"uv":[9.5, 3.0625, 8.25, 3.25],"texture":"#0"},"up":{"uv":[9.5125, 1.8125, 8.25, 3.0625],"rotation":270,"texture":"#0"},"down":{"uv":[9.5125, 1.8125, 8.25, 3.0625],"rotation":270,"texture":"#0"}}},{"from":[4.5, 2.8, 2],"to":[11.5, 2.8, 4],"rotation":{"angle":0,"axis":"y","origin":[0, 0, 32]},"faces":{"north":{"uv":[0.0625, 0, 0.9375, 0],"texture":"#missing"},"east":{"uv":[0.0625, 0, 0.4375, 0],"texture":"#missing"},"south":{"uv":[0.0625, 0, 0.9375, 0],"texture":"#missing"},"west":{"uv":[0.0625, 0, 0.4375, 0],"texture":"#missing"},"up":{"uv":[8.0625, 3.375, 8.9375, 3.625],"rotation":180,"texture":"#0"},"down":{"uv":[8.0625, 3.625, 8.9375, 3.375],"rotation":180,"texture":"#0"}}},{"from":[4.5, 2.8, 12],"to":[11.5, 2.8, 14],"rotation":{"angle":0,"axis":"y","origin":[0, 0, -16]},"faces":{"north":{"uv":[0.9375, 0, 0.0625, 0],"texture":"#missing"},"east":{"uv":[0.4375, 0, 0.0625, 0],"texture":"#missing"},"south":{"uv":[0.9375, 0, 0.0625, 0],"texture":"#missing"},"west":{"uv":[0.4375, 0, 0.0625, 0],"texture":"#missing"},"up":{"uv":[8.0625, 3.625, 8.9375, 3.375],"rotation":180,"texture":"#0"},"down":{"uv":[8.0625, 3.375, 8.9375, 3.625],"rotation":180,"texture":"#0"}}},{"from":[2, 2.8, 4.5],"to":[4, 2.8, 11.5],"rotation":{"angle":0,"axis":"y","origin":[8, 2.8, 8]},"faces":{"north":{"uv":[0.4375, 0, 0.0625, 0],"texture":"#missing"},"east":{"uv":[0.9375, 0, 0.0625, 0],"texture":"#missing"},"south":{"uv":[0.4375, 0, 0.0625, 0],"texture":"#missing"},"west":{"uv":[0.9375, 0, 0.0625, 0],"texture":"#missing"},"up":{"uv":[8.0625, 3.625, 8.9375, 3.375],"rotation":270,"texture":"#0"},"down":{"uv":[8.0625, 3.375, 8.9375, 3.625],"rotation":90,"texture":"#0"}}},{"from":[12, 2.8, 4.5],"to":[14, 2.8, 11.5],"rotation":{"angle":0,"axis":"y","origin":[8, 2.8, 8]},"faces":{"north":{"uv":[0.0625, 0, 0.4375, 0],"texture":"#missing"},"east":{"uv":[0.0625, 0, 0.9375, 0],"texture":"#missing"},"south":{"uv":[0.0625, 0, 0.4375, 0],"texture":"#missing"},"west":{"uv":[0.0625, 0, 0.9375, 0],"texture":"#missing"},"up":{"uv":[8.0625, 3.375, 8.9375, 3.625],"rotation":270,"texture":"#0"},"down":{"uv":[8.0625, 3.625, 8.9375, 3.375],"rotation":90,"texture":"#0"}}},{"from":[4.5, 3, 12],"to":[11.5, 3, 14],"rotation":{"angle":0,"axis":"y","origin":[0, 0, -16]},"faces":{"north":{"uv":[0.9375, 0, 0.0625, 0],"texture":"#missing"},"east":{"uv":[0.4375, 0, 0.0625, 0],"texture":"#missing"},"south":{"uv":[0.9375, 0, 0.0625, 0],"texture":"#missing"},"west":{"uv":[0.4375, 0, 0.0625, 0],"texture":"#missing"},"up":{"uv":[8.0625, 3.625, 8.9375, 3.375],"rotation":180,"texture":"#0"},"down":{"uv":[8.0625, 3.375, 8.9375, 3.625],"rotation":180,"texture":"#0"}}},{"from":[4.5, 3, 2],"to":[11.5, 3, 4],"rotation":{"angle":0,"axis":"y","origin":[0, 0, 32]},"faces":{"north":{"uv":[0.0625, 0, 0.9375, 0],"texture":"#missing"},"east":{"uv":[0.0625, 0, 0.4375, 0],"texture":"#missing"},"south":{"uv":[0.0625, 0, 0.9375, 0],"texture":"#missing"},"west":{"uv":[0.0625, 0, 0.4375, 0],"texture":"#missing"},"up":{"uv":[8.0625, 3.375, 8.9375, 3.625],"rotation":180,"texture":"#0"},"down":{"uv":[8.0625, 3.625, 8.9375, 3.375],"rotation":180,"texture":"#0"}}},{"from":[2, 3, 4.5],"to":[4, 3, 11.5],"rotation":{"angle":0,"axis":"y","origin":[8, 2.8, 8]},"faces":{"north":{"uv":[0.4375, 0, 0.0625, 0],"texture":"#missing"},"east":{"uv":[0.9375, 0, 0.0625, 0],"texture":"#missing"},"south":{"uv":[0.4375, 0, 0.0625, 0],"texture":"#missing"},"west":{"uv":[0.9375, 0, 0.0625, 0],"texture":"#missing"},"up":{"uv":[8.0625, 3.625, 8.9375, 3.375],"rotation":270,"texture":"#0"},"down":{"uv":[8.0625, 3.375, 8.9375, 3.625],"rotation":90,"texture":"#0"}}},{"from":[12, 3, 4.5],"to":[14, 3, 11.5],"rotation":{"angle":0,"axis":"y","origin":[8, 2.8, 8]},"faces":{"north":{"uv":[0.0625, 0, 0.4375, 0],"texture":"#missing"},"east":{"uv":[0.0625, 0, 0.9375, 0],"texture":"#missing"},"south":{"uv":[0.0625, 0, 0.4375, 0],"texture":"#missing"},"west":{"uv":[0.0625, 0, 0.9375, 0],"texture":"#missing"},"up":{"uv":[8.0625, 3.375, 8.9375, 3.625],"rotation":270,"texture":"#0"},"down":{"uv":[8.0625, 3.625, 8.9375, 3.375],"rotation":90,"texture":"#0"}}}],"gui_light":"front","display":{"thirdperson_righthand":{"rotation":[67.5, 0, 0],"translation":[0, 2, 0.5],"scale":[0.32422, 0.32422, 0.32422]},"thirdperson_lefthand":{"rotation":[67.5, 0, 0],"translation":[0, 2, 0.5],"scale":[0.32422, 0.32422, 0.32422]},"firstperson_righthand":{"translation":[1.75, 2.75, 0],"scale":[0.36289, 0.36289, 0.36289]},"firstperson_lefthand":{"translation":[1.75, 2.75, 0],"scale":[0.36289, 0.36289, 0.36289]},"ground":{"translation":[0, 6, 0],"scale":[0.6, 0.6, 0.6]},"gui":{"rotation":[30, -135, 0],"translation":[0, 1.25, 0],"scale":[0.83789, 0.83789, 0.83789]},"head":{"rotation":[0, 180, 0],"translation":[0, -30.4, 0],"scale":[1.6, 1.6, 1.6]},"fixed":{"rotation":[-90, 0, 0],"translation":[0, 0, -16],"scale":[2, 2, 2]}}}