{"texture_size":[32, 32],"textures":{"0":"custom/furniture/juicebar/juicebar_texture_01","1":"custom/furniture/juicebar/juicebar_texture_animation_01","particle":"custom/furniture/juicebar/juicebar_texture_01"},"elements":[{"from":[-12, -3, 8],"to":[12, 10, 9],"rotation":{"angle":-22.5,"axis":"x","origin":[0, 0, 0]},"faces":{"north":{"uv":[9.25, 5.125, 12.25, 6.75],"texture":"#0"},"east":{"uv":[9.125, 5.125, 9.25, 6.75],"texture":"#0"},"south":{"uv":[9.25, 6.75, 12.25, 8.375],"texture":"#0"},"west":{"uv":[9.125, 5.125, 9.25, 6.75],"texture":"#0"},"up":{"uv":[9.25, 8.375, 12.25, 8.5],"texture":"#0"},"down":{"uv":[9.25, 8.375, 12.25, 8.5],"texture":"#0"}}},{"from":[-11, -2, 7.9],"to":[11, 9, 7.9],"rotation":{"angle":-22.5,"axis":"x","origin":[0, 0, 0]},"faces":{"north":{"uv":[0, 0, 11, 5.5],"texture":"#1"},"east":{"uv":[0, 0, 0, 5.5],"texture":"#1"},"south":{"uv":[11, 0, 0, 5.5],"texture":"#1"},"west":{"uv":[0, 0, 0, 5.5],"texture":"#1"},"up":{"uv":[11, 0, 0, 0],"texture":"#1"},"down":{"uv":[11, 0, 0, 0],"texture":"#1"}}},{"from":[-9, -3, 9],"to":[9, 7, 10],"rotation":{"angle":-22.5,"axis":"x","origin":[0, 0, 0]},"faces":{"north":{"uv":[10, 8.5, 12.25, 9.75],"texture":"#0"},"east":{"uv":[9.875, 8.5, 10, 9.75],"texture":"#0"},"south":{"uv":[10, 8.5, 12.25, 9.75],"texture":"#0"},"west":{"uv":[9.875, 8.5, 10, 9.75],"texture":"#0"},"up":{"uv":[10, 8.375, 12.25, 8.5],"texture":"#0"},"down":{"uv":[10, 8.375, 12.25, 8.5],"texture":"#0"}}},{"from":[-5, -3, 10],"to":[5, 3, 11],"rotation":{"angle":-22.5,"axis":"x","origin":[0, 0, 0]},"faces":{"north":{"uv":[7.875, 5.125, 9.125, 5.875],"texture":"#0"},"east":{"uv":[7.75, 5.125, 7.875, 5.875],"texture":"#0"},"south":{"uv":[7.875, 5.125, 9.125, 5.875],"texture":"#0"},"west":{"uv":[7.75, 5.125, 7.875, 5.875],"texture":"#0"},"up":{"uv":[7.875, 5.875, 9.125, 6],"texture":"#0"},"down":{"uv":[7.875, 5.875, 9.125, 6],"texture":"#0"}}},{"from":[-3, 5, 7],"to":[3, 10, 10],"rotation":{"angle":0,"axis":"y","origin":[8.5, 17, 12]},"faces":{"north":{"uv":[11.875, 3.25, 11.125, 3.875],"texture":"#0"},"east":{"uv":[10.0625, 4.9375, 10.6875, 4.5625],"rotation":90,"texture":"#0"},"south":{"uv":[11.875, 3.25, 11.125, 3.875],"texture":"#0"},"west":{"uv":[10.0625, 4.5625, 10.6875, 4.9375],"rotation":90,"texture":"#0"},"up":{"uv":[11.125, 4.25, 11.875, 3.875],"texture":"#0"},"down":{"uv":[11.125, 4.25, 11.875, 3.875],"texture":"#0"}}},{"from":[-2, 10, 8],"to":[2, 16, 9],"rotation":{"angle":0,"axis":"y","origin":[8.5, 13, 12]},"faces":{"north":{"uv":[11.875, 4.25, 11.375, 5],"texture":"#0"},"east":{"uv":[9.4375, 5, 10.1875, 5.125],"rotation":90,"texture":"#0"},"south":{"uv":[11.875, 4.25, 11.375, 5],"texture":"#0"},"west":{"uv":[9.4375, 5.125, 10.1875, 5],"rotation":90,"texture":"#0"},"up":{"uv":[9.5625, 4.875, 10.0625, 5],"texture":"#0"},"down":{"uv":[9.5625, 5, 10.0625, 4.875],"texture":"#0"}}}],"gui_light":"front","display":{"thirdperson_righthand":{"rotation":[67.5, 0, 0],"translation":[2.25, 0.5, 0],"scale":[0.27734, 0.27734, 0.27734]},"thirdperson_lefthand":{"rotation":[67.5, 0, 0],"translation":[-2.25, 0.5, 0],"scale":[0.27734, 0.27734, 0.27734]},"firstperson_righthand":{"translation":[5, 2.5, 0],"scale":[0.42148, 0.42148, 0.42148]},"firstperson_lefthand":{"translation":[-2, 2.5, 0],"scale":[0.42148, 0.42148, 0.42148]},"ground":{"translation":[4, 6, 0],"scale":[0.5, 0.5, 0.5]},"gui":{"rotation":[30, -135, 0],"translation":[-4.5, -1, 0],"scale":[0.68359, 0.68359, 0.68359]},"head":{"translation":[0, -30.4, 0],"scale":[1.6, 1.6, 1.6]},"fixed":{"rotation":[90, 180, 180],"translation":[16, 0, -16],"scale":[2, 2, 2]}}}