{"texture_size":[128, 128],"textures":{"0":"custom/furniture/juicebar/juicebar_texture_01","particle":"custom/furniture/juicebar/juicebar_texture_01"},"elements":[{"from":[4.5, 8, 4.5],"to":[11.5, 19, 4.5],"rotation":{"angle":0,"axis":"y","origin":[19.5, 15.75, -14]},"faces":{"north":{"uv":[6, 6.5625, 6.875, 7.9375],"texture":"#0"},"east":{"uv":[0, 0, 0, 1.375],"texture":"#0"},"south":{"uv":[6.875, 6.5625, 6, 7.9375],"texture":"#0"},"west":{"uv":[0, 0, 0, 1.375],"texture":"#0"},"up":{"uv":[0, 0, 0.875, 0],"rotation":180,"texture":"#0"},"down":{"uv":[0, 0, 0.875, 0],"rotation":180,"texture":"#0"}}},{"from":[4.5, 8, 11.5],"to":[11.5, 19, 11.5],"rotation":{"angle":0,"axis":"y","origin":[19.5, 15.75, 30]},"faces":{"north":{"uv":[6.875, 6.5625, 6, 7.9375],"texture":"#0"},"east":{"uv":[0, 0, 0, 1.375],"texture":"#0"},"south":{"uv":[6, 6.5625, 6.875, 7.9375],"texture":"#0"},"west":{"uv":[0, 0, 0, 1.375],"texture":"#0"},"up":{"uv":[0, 0, 0.875, 0],"rotation":180,"texture":"#0"},"down":{"uv":[0, 0, 0.875, 0],"rotation":180,"texture":"#0"}}},{"from":[4.5, 8, 4.5],"to":[4.5, 19, 11.5],"rotation":{"angle":0,"axis":"y","origin":[8, 13.5, 8]},"faces":{"north":{"uv":[0, 0, 0, 1.375],"texture":"#0"},"east":{"uv":[6.875, 6.5625, 6, 7.9375],"texture":"#0"},"south":{"uv":[0, 0, 0, 1.375],"texture":"#0"},"west":{"uv":[6, 6.5625, 6.875, 7.9375],"texture":"#0"},"up":{"uv":[0, 0, 0.875, 0],"rotation":270,"texture":"#0"},"down":{"uv":[0, 0, 0.875, 0],"rotation":90,"texture":"#0"}}},{"from":[1.5, 10, 8],"to":[4.5, 18, 8],"rotation":{"angle":0,"axis":"y","origin":[8, 13.5, 8]},"faces":{"north":{"uv":[7.125, 8.6875, 7.5, 9.6875],"texture":"#0"},"east":{"uv":[6.875, 6.5625, 6, 7.9375],"texture":"#0"},"south":{"uv":[7.5, 8.6875, 7.125, 9.6875],"texture":"#0"},"west":{"uv":[6, 6.5625, 6.875, 7.9375],"texture":"#0"},"up":{"uv":[0, 0, 0.875, 0],"rotation":270,"texture":"#0"},"down":{"uv":[0, 0, 0.875, 0],"rotation":90,"texture":"#0"}}},{"from":[11.5, 8, 4.5],"to":[11.5, 19, 11.5],"rotation":{"angle":0,"axis":"y","origin":[8, 13.5, 8]},"faces":{"north":{"uv":[0, 0, 0, 1.375],"texture":"#0"},"east":{"uv":[6, 6.5625, 6.875, 7.9375],"texture":"#0"},"south":{"uv":[0, 0, 0, 1.375],"texture":"#0"},"west":{"uv":[6.875, 6.5625, 6, 7.9375],"texture":"#0"},"up":{"uv":[0, 0, 0.875, 0],"rotation":270,"texture":"#0"},"down":{"uv":[0, 0, 0.875, 0],"rotation":90,"texture":"#0"}}},{"from":[3.5, 1, 3.5],"to":[12.5, 3, 12.5],"rotation":{"angle":0,"axis":"y","origin":[0, 0, -1]},"faces":{"north":{"uv":[6, 9.0625, 7.125, 9.3125],"texture":"#0"},"east":{"uv":[6, 9.0625, 7.125, 9.3125],"texture":"#0"},"south":{"uv":[6, 9.0625, 7.125, 9.3125],"texture":"#0"},"west":{"uv":[6, 9.0625, 7.125, 9.3125],"texture":"#0"},"up":{"uv":[6, 7.9375, 7.125, 9.0625],"texture":"#0"},"down":{"uv":[6, 7.9375, 7.125, 9.0625],"texture":"#0"}}},{"from":[4, 3, 4],"to":[12, 8, 12],"rotation":{"angle":0,"axis":"y","origin":[0, 0, -1]},"faces":{"north":{"uv":[5, 7.5, 6, 8.125],"texture":"#0"},"east":{"uv":[5, 8.125, 6, 8.75],"texture":"#0"},"south":{"uv":[5, 8.125, 6, 8.75],"texture":"#0"},"west":{"uv":[5, 8.125, 6, 8.75],"texture":"#0"},"up":{"uv":[5, 6.5, 6, 7.5],"texture":"#0"},"down":{"uv":[5, 6.5, 6, 7.5],"texture":"#0"}}},{"from":[4, 19, 4],"to":[12, 21, 12],"rotation":{"angle":0,"axis":"y","origin":[0, 0, -1]},"faces":{"north":{"uv":[4, 8.375, 5, 8.625],"texture":"#0"},"east":{"uv":[4, 8.375, 5, 8.625],"texture":"#0"},"south":{"uv":[4, 8.375, 5, 8.625],"texture":"#0"},"west":{"uv":[4, 8.375, 5, 8.625],"texture":"#0"},"up":{"uv":[4, 7.375, 5, 8.375],"texture":"#0"},"down":{"uv":[4, 7.375, 5, 8.375],"texture":"#0"}}},{"from":[5, 21, 5],"to":[11, 22.5, 11],"rotation":{"angle":0,"axis":"y","origin":[0, 0, -1]},"faces":{"north":{"uv":[3.25, 7.6875, 4, 7.875],"texture":"#0"},"east":{"uv":[3.25, 7.6875, 4, 7.875],"texture":"#0"},"south":{"uv":[3.25, 7.6875, 4, 7.875],"texture":"#0"},"west":{"uv":[3.25, 7.6875, 4, 7.875],"texture":"#0"},"up":{"uv":[3.25, 6.9375, 4, 7.6875],"texture":"#0"},"down":{"uv":[3.25, 6.9375, 4, 7.6875],"texture":"#0"}}},{"from":[5.75, 7, 5.75],"to":[10.25, 9.5, 10.25],"rotation":{"angle":0,"axis":"y","origin":[0, 0, -1]},"faces":{"north":{"uv":[4.4375, 7.0625, 5, 7.375],"texture":"#0"},"east":{"uv":[4.4375, 7.0625, 5, 7.375],"texture":"#0"},"south":{"uv":[4.4375, 7.0625, 5, 7.375],"texture":"#0"},"west":{"uv":[4.4375, 7.0625, 5, 7.375],"texture":"#0"},"up":{"uv":[4.4375, 6.5, 5, 7.0625],"texture":"#0"},"down":{"uv":[4.4375, 6.5, 5, 7.0625],"texture":"#0"}}},{"from":[7, 4, 3],"to":[9, 6, 4],"rotation":{"angle":0,"axis":"y","origin":[0, 0, -1]},"faces":{"north":{"uv":[4.25, 6.5, 4.5, 6.75],"texture":"#0"},"east":{"uv":[4.3125, 6.875, 4.4375, 7.125],"texture":"#0"},"south":{"uv":[4.25, 6.5, 4.5, 6.75],"texture":"#0"},"west":{"uv":[4.3125, 6.875, 4.4375, 7.125],"texture":"#0"},"up":{"uv":[4.25, 6.75, 4.5, 6.875],"texture":"#0"},"down":{"uv":[4.25, 6.75, 4.5, 6.875],"texture":"#0"}}},{"from":[4, 0, 4],"to":[12, 1, 12],"rotation":{"angle":0,"axis":"y","origin":[13, -0.5, 1.9]},"faces":{"north":{"uv":[9.3125, 3.125, 8.3125, 3.25],"texture":"#0"},"east":{"uv":[9.3125, 3.125, 8.3125, 3.25],"texture":"#0"},"south":{"uv":[9.3125, 3.125, 8.3125, 3.25],"texture":"#0"},"west":{"uv":[9.3125, 3.125, 8.3125, 3.25],"texture":"#0"},"up":{"uv":[4.125, 5.6875, 3.125, 6.6875],"texture":"#0"},"down":{"uv":[4.125, 5.75, 3.125, 6.75],"texture":"#0"}}}],"gui_light":"front","display":{"thirdperson_righthand":{"rotation":[67.5, 0, 0],"translation":[0, 1.5, 0.5],"scale":[0.33789, 0.33789, 0.33789]},"thirdperson_lefthand":{"rotation":[67.5, 0, 0],"translation":[0, 1.5, 0.5],"scale":[0.33789, 0.33789, 0.33789]},"firstperson_righthand":{"translation":[2.25, 3, 0],"scale":[0.38867, 0.38867, 0.38867]},"firstperson_lefthand":{"translation":[2.25, 3, 0],"scale":[0.38867, 0.38867, 0.38867]},"ground":{"translation":[0, 6, 0],"scale":[0.5, 0.5, 0.5]},"gui":{"rotation":[30, -135, 0],"translation":[-0.25, -1.5, 0],"scale":[0.60156, 0.60156, 0.60156]},"head":{"rotation":[0, 180, 0],"translation":[0, -30.4, 0],"scale":[1.6, 1.6, 1.6]},"fixed":{"rotation":[-90, 0, 0],"translation":[0, 0, -16],"scale":[2, 2, 2]}}}