{"texture_size":[128, 128],"textures":{"0":"custom/furniture/juicebar/juicebar_texture_01","particle":"custom/furniture/juicebar/juicebar_texture_01"},"elements":[{"from":[-16, 2, 1],"to":[16, 13, 14],"faces":{"north":{"uv":[0, 1.5, 4, 2.875],"texture":"#0"},"east":{"uv":[4, 0, 5.625, 1.375],"texture":"#0"},"south":{"uv":[0, 0, 4, 1.375],"texture":"#0"},"west":{"uv":[5.625, 0, 4, 1.375],"texture":"#0"},"up":{"uv":[0, 1.1875, 4, 2.8125],"texture":"#0"},"down":{"uv":[0, 1.1875, 4, 2.8125],"texture":"#0"}}},{"from":[-16, 0, 2],"to":[16, 2, 13],"faces":{"north":{"uv":[0, 5.375, 4, 5.625],"texture":"#0"},"east":{"uv":[0, 5.375, 1.375, 5.625],"texture":"#0"},"south":{"uv":[0, 5.375, 4, 5.625],"texture":"#0"},"west":{"uv":[0, 5.375, 1.375, 5.625],"texture":"#0"},"up":{"uv":[0, 3.5, 4, 4.875],"texture":"#0"},"down":{"uv":[0, 3.5, 4, 4.875],"texture":"#0"}}},{"from":[-16, 13, 0],"to":[16, 16, 16],"faces":{"north":{"uv":[4, 5, 0, 5.375],"texture":"#0"},"east":{"uv":[0, 5, 2, 5.375],"texture":"#0"},"south":{"uv":[0, 5, 4, 5.375],"texture":"#0"},"west":{"uv":[0, 5, 2, 5.375],"texture":"#0"},"up":{"uv":[0, 3, 4, 5],"texture":"#0"},"down":{"uv":[0, 3, 4, 5],"texture":"#0"}}}],"gui_light":"front","display":{"thirdperson_righthand":{"rotation":[67.5, 0, 0],"translation":[1.5, 1.25, 0],"scale":[0.19336, 0.19336, 0.19336]},"thirdperson_lefthand":{"rotation":[67.5, 0, 0],"translation":[-1.5, 1.25, 0],"scale":[0.19336, 0.19336, 0.19336]},"firstperson_righthand":{"translation":[2.25, 2.25, 0],"scale":[0.28086, 0.28086, 0.28086]},"firstperson_lefthand":{"translation":[-1.25, 2.25, 0],"scale":[0.28086, 0.28086, 0.28086]},"ground":{"translation":[3, 6, 0],"scale":[0.4, 0.4, 0.4]},"gui":{"rotation":[30, -135, 0],"translation":[-2.5, -1.75, 0],"scale":[0.43555, 0.43555, 0.43555]},"head":{"rotation":[0, 180, 0],"translation":[0, -30.4, 0],"scale":[1.6, 1.6, 1.6]},"fixed":{"rotation":[-90, 0, 0],"translation":[0, 0, -16],"scale":[2, 2, 2]}}}