{"texture_size":[128, 128],"textures":{"0":"custom/furniture/juicebar/juicebar_texture_01","particle":"custom/furniture/juicebar/juicebar_texture_01"},"elements":[{"from":[-16, 5, 2],"to":[16, 10, 16],"rotation":{"angle":0,"axis":"y","origin":[0, 0, 15.5]},"faces":{"north":{"uv":[7.625, 10.625, 3.625, 11.25],"texture":"#0"},"east":{"uv":[5.375, 10, 3.625, 10.625],"texture":"#0"},"south":{"uv":[9.375, 10, 5.375, 10.625],"texture":"#0"},"west":{"uv":[3.625, 10, 5.375, 10.625],"texture":"#0"},"up":{"uv":[3.625, 13, 7.625, 11.25],"texture":"#0"},"down":{"uv":[3.625, 13, 7.625, 11.25],"texture":"#0"}}},{"from":[-16, 10, 11],"to":[16, 22, 15],"rotation":{"angle":0,"axis":"y","origin":[0, 16, 14]},"faces":{"north":{"uv":[12, 10.375, 16, 11.875],"texture":"#0"},"east":{"uv":[4.5, 8.6875, 6, 9.1875],"rotation":90,"texture":"#0"},"south":{"uv":[12, 11.875, 16, 10.375],"texture":"#0"},"west":{"uv":[4.5, 8.6875, 6, 9.1875],"rotation":90,"texture":"#0"},"up":{"uv":[12, 11.875, 16, 12.375],"texture":"#0"},"down":{"uv":[12, 12.375, 16, 11.875],"texture":"#0"}}},{"from":[-16, 10, 15],"to":[16, 21, 16],"rotation":{"angle":0,"axis":"y","origin":[0, 16, 14]},"faces":{"north":{"uv":[8.1875, 3.375, 4.1875, 4.75],"texture":"#0"},"east":{"uv":[2.625, 8.5625, 4, 8.6875],"rotation":90,"texture":"#0"},"south":{"uv":[7.625, 11.75, 11.625, 13.125],"texture":"#0"},"west":{"uv":[2.625, 8.5625, 4, 8.6875],"rotation":90,"texture":"#0"},"up":{"uv":[7.625, 11.75, 11.625, 11.625],"texture":"#0"},"down":{"uv":[7.625, 11.75, 11.625, 11.625],"texture":"#0"}}},{"from":[-16, 0, 4],"to":[16, 5, 16],"rotation":{"angle":0,"axis":"y","origin":[3, 2, 2]},"faces":{"north":{"uv":[5.375, 10, 9.375, 10.625],"texture":"#0"},"east":{"uv":[4, 7.9375, 2.5, 8.5625],"texture":"#0"},"south":{"uv":[5.375, 10, 9.375, 10.625],"texture":"#0"},"west":{"uv":[4, 7.9375, 2.5, 8.5625],"texture":"#0"},"up":{"uv":[11.625, 13.25, 7.625, 11.75],"texture":"#0"},"down":{"uv":[11.625, 13.25, 7.625, 11.75],"texture":"#0"}}}],"gui_light":"front","display":{"thirdperson_righthand":{"rotation":[67.5, 0, 0],"translation":[1.5, 1.5, -0.25],"scale":[0.18359, 0.18359, 0.18359]},"thirdperson_lefthand":{"rotation":[67.5, 0, 0],"translation":[-1.5, 1.5, -0.25],"scale":[0.18359, 0.18359, 0.18359]},"firstperson_righthand":{"translation":[3, 2.75, 0],"scale":[0.24375, 0.24375, 0.24375]},"firstperson_lefthand":{"translation":[-0.5, 2.75, 0],"scale":[0.24375, 0.24375, 0.24375]},"ground":{"translation":[3.25, 6, 0],"scale":[0.4, 0.4, 0.4]},"gui":{"rotation":[30, -135, 0],"translation":[-2, -2.5, 0],"scale":[0.43945, 0.43945, 0.43945]},"head":{"rotation":[0, 180, 0],"translation":[0, -30.4, 0],"scale":[1.6, 1.6, 1.6]},"fixed":{"rotation":[-90, 0, 0],"translation":[0, 0, -16],"scale":[2, 2, 2]}}}