{"texture_size":[128,128],"textures":{"0":"custom/furniture/juicebar/juicebar_texture_01","particle":"custom/furniture/juicebar/juicebar_texture_01"},"elements":[{"from":[5,14.5,5],"to":[11,16,11],"faces":{"north":{"uv":[12,1.75,12.75,1.9375],"texture":"#0"},"east":{"uv":[12.6875,1.75,13.4375,1.9375],"texture":"#0"},"south":{"uv":[12,1.75,12.75,1.9375],"texture":"#0"},"west":{"uv":[12.6875,1.75,13.4375,1.9375],"texture":"#0"},"up":{"uv":[7.5,1.3125,8.25,2.0625],"texture":"#0"},"down":{"uv":[7.5,1.3125,8.25,2.0625],"texture":"#0"}}},{"from":[0,16,0],"to":[16,16,16],"faces":{"north":{"uv":[12,1.75,14,1.75],"texture":"#0"},"east":{"uv":[12.6875,1.75,14.6875,1.75],"texture":"#0"},"south":{"uv":[12,1.75,14,1.75],"texture":"#0"},"west":{"uv":[12.6875,1.75,14.6875,1.75],"texture":"#0"},"up":{"uv":[9.875,0,11.875,2],"texture":"#0"},"down":{"uv":[11.875,0,9.875,2],"texture":"#0"}}},{"from":[0,15.7,0],"to":[16,15.7,16],"faces":{"north":{"uv":[12,1.75,14,1.75],"texture":"#0"},"east":{"uv":[12.6875,1.75,14.6875,1.75],"texture":"#0"},"south":{"uv":[12,1.75,14,1.75],"texture":"#0"},"west":{"uv":[12.6875,1.75,14.6875,1.75],"texture":"#0"},"up":{"uv":[9.875,0,11.875,2],"texture":"#0"},"down":{"uv":[11.875,0,9.875,2],"texture":"#0"}}},{"from":[7.2,0,7.2],"to":[8.7,14.5,8.7],"rotation":{"angle":0,"axis":"y","origin":[7,7,8]},"faces":{"north":{"uv":[4,3.25,4.1875,5.0625],"texture":"#0"},"east":{"uv":[4.1875,3.25,4,5.0625],"texture":"#0"},"south":{"uv":[4,3.25,4.1875,5.0625],"texture":"#0"},"west":{"uv":[4.1875,3.25,4,5.0625],"texture":"#0"},"up":{"uv":[4,5.1875,4.1875,5],"rotation":90,"texture":"#0"},"down":{"uv":[4,5.125,4.1875,4.9375],"rotation":270,"texture":"#0"}}},{"from":[4,0,4],"to":[12,1,12],"rotation":{"angle":0,"axis":"y","origin":[7,7,8]},"faces":{"north":{"uv":[3.125,6.8125,4.125,6.9375],"texture":"#0"},"east":{"uv":[3.125,6.8125,4.125,6.9375],"texture":"#0"},"south":{"uv":[3.125,6.8125,4.125,6.9375],"texture":"#0"},"west":{"uv":[3.125,6.8125,4.125,6.9375],"texture":"#0"},"up":{"uv":[3.125,6.8125,4.125,5.8125],"rotation":90,"texture":"#0"},"down":{"uv":[3.125,6.8125,4.125,5.8125],"rotation":90,"texture":"#0"}}}],"gui_light":"front","display":{"thirdperson_righthand":{"rotation":[67.5,0,0],"translation":[0,0.5,1],"scale":[0.22656,0.22656,0.22656]},"thirdperson_lefthand":{"rotation":[67.5,0,0],"translation":[0,0.5,1],"scale":[0.22656,0.22656,0.22656]},"firstperson_righthand":{"translation":[2.75,2.5,0],"scale":[0.34141,0.34141,0.34141]},"firstperson_lefthand":{"translation":[2.75,2.5,0],"scale":[0.34141,0.34141,0.34141]},"ground":{"translation":[0,6,0],"scale":[0.45,0.45,0.45]},"gui":{"rotation":[30,135,0],"translation":[0,-1,0],"scale":[0.6543,0.6543,0.6543]},"head":{"rotation":[0,180,0],"translation":[0,-30.4,0],"scale":[1.6,1.6,1.6]},"fixed":{"rotation":[-90,0,0],"translation":[0,0,-16],"scale":[2,2,2]}}}