{"texture_size":[32,32],"textures":{"0":"custom/hats/guzzler_hat"},"elements":[{"from":[3.5,0.5,4],"to":[12.5,4.5,13],"faces":{"north":{"uv":[4.5,0,9,2],"texture":"#0"},"east":{"uv":[4.5,2,9,4],"texture":"#0"},"south":{"uv":[4.5,4,9,6],"texture":"#0"},"west":{"uv":[4.5,6,9,8],"texture":"#0"},"up":{"uv":[4.5,4.5,0,0],"texture":"#0"},"down":{"uv":[4.5,4.5,0,9],"texture":"#0"}}},{"from":[3.5,0.5,2],"to":[12.5,1.5,4],"faces":{"north":{"uv":[9,10,13.5,10.5],"texture":"#0"},"east":{"uv":[10.5,3.5,11.5,4],"texture":"#0"},"south":{"uv":[10.5,0,15,0.5],"texture":"#0"},"west":{"uv":[10.5,4,11.5,4.5],"texture":"#0"},"up":{"uv":[9,9,4.5,8],"texture":"#0"},"down":{"uv":[4.5,9,0,10],"texture":"#0"}}},{"from":[0,2,7.5],"to":[1,3,9.5],"faces":{"north":{"uv":[4.5,11.5,5,12],"texture":"#0"},"east":{"uv":[10.5,4.5,11.5,5],"texture":"#0"},"south":{"uv":[11.5,4.5,12,5],"texture":"#0"},"west":{"uv":[10.5,5,11.5,5.5],"texture":"#0"},"up":{"uv":[11,6.5,10.5,5.5],"texture":"#0"},"down":{"uv":[11,6.5,10.5,7.5],"texture":"#0"}}},{"from":[1,2,6.5],"to":[3,3,7.5],"faces":{"north":{"uv":[9.5,10.5,10.5,11],"texture":"#0"},"east":{"uv":[5.5,11.5,6,12],"texture":"#0"},"south":{"uv":[10.5,9.5,11.5,10],"texture":"#0"},"west":{"uv":[6,11.5,6.5,12],"texture":"#0"},"up":{"uv":[11.5,11,10.5,10.5],"texture":"#0"},"down":{"uv":[12,5.5,11,6],"texture":"#0"}}},{"from":[13,2,6.5],"to":[15,3,7.5],"faces":{"north":{"uv":[11,6,12,6.5],"texture":"#0"},"east":{"uv":[6.5,11.5,7,12],"texture":"#0"},"south":{"uv":[11,6.5,12,7],"texture":"#0"},"west":{"uv":[7,11.5,7.5,12],"texture":"#0"},"up":{"uv":[12,7.5,11,7],"texture":"#0"},"down":{"uv":[12,8.5,11,9],"texture":"#0"}}},{"from":[1,2,9.5],"to":[3,3,10.5],"faces":{"north":{"uv":[2.5,11.5,3.5,12],"texture":"#0"},"east":{"uv":[8,11.5,8.5,12],"texture":"#0"},"south":{"uv":[3.5,11.5,4.5,12],"texture":"#0"},"west":{"uv":[11.5,8,12,8.5],"texture":"#0"},"up":{"uv":[12.5,4,11.5,3.5],"texture":"#0"},"down":{"uv":[12.5,4,11.5,4.5],"texture":"#0"}}},{"from":[13,2,9.5],"to":[15,3,10.5],"faces":{"north":{"uv":[11,9,12,9.5],"texture":"#0"},"east":{"uv":[7.5,11.5,8,12],"texture":"#0"},"south":{"uv":[9.5,11,10.5,11.5],"texture":"#0"},"west":{"uv":[11.5,7.5,12,8],"texture":"#0"},"up":{"uv":[11.5,11.5,10.5,11],"texture":"#0"},"down":{"uv":[2.5,11.5,1.5,12],"texture":"#0"}}},{"from":[15,2,7.5],"to":[16,3,9.5],"faces":{"north":{"uv":[5,11.5,5.5,12],"texture":"#0"},"east":{"uv":[10.5,7.5,11.5,8],"texture":"#0"},"south":{"uv":[11.5,5,12,5.5],"texture":"#0"},"west":{"uv":[10.5,8,11.5,8.5],"texture":"#0"},"up":{"uv":[11,9.5,10.5,8.5],"texture":"#0"},"down":{"uv":[9.5,10.5,9,11.5],"texture":"#0"}}},{"from":[0.5,0,7],"to":[3.5,5,10],"faces":{"north":{"uv":[9,0,10.5,2.5],"texture":"#0"},"east":{"uv":[9,2.5,10.5,5],"texture":"#0"},"south":{"uv":[4.5,9,6,11.5],"texture":"#0"},"west":{"uv":[9,5,10.5,7.5],"texture":"#0"},"up":{"uv":[3,11.5,1.5,10],"texture":"#0"},"down":{"uv":[4.5,10,3,11.5],"texture":"#0"}}},{"from":[12.5,0,7],"to":[15.5,5,10],"faces":{"north":{"uv":[6,9,7.5,11.5],"texture":"#0"},"east":{"uv":[7.5,9,9,11.5],"texture":"#0"},"south":{"uv":[9,7.5,10.5,10],"texture":"#0"},"west":{"uv":[0,10,1.5,12.5],"texture":"#0"},"up":{"uv":[12,2,10.5,0.5],"texture":"#0"},"down":{"uv":[12,2,10.5,3.5],"texture":"#0"}}}],"gui_light":"front","display":{"thirdperson_righthand":{"translation":[0,5.5,0],"scale":[0.75,0.75,0.75]},"thirdperson_lefthand":{"translation":[0,5.5,0],"scale":[0.75,0.75,0.75]},"firstperson_righthand":{"translation":[0,2,0],"scale":[0.5,0.5,0.5]},"firstperson_lefthand":{"translation":[0,2,0],"scale":[0.5,0.5,0.5]},"ground":{"translation":[0,2.75,0],"scale":[0.75,0.75,0.75]},"gui":{"rotation":[25,-150,0],"translation":[0.25,4.25,0]},"head":{"rotation":[8,0,0],"translation":[0,16.5,0.75],"scale":[1.75,1.75,1.75]},"fixed":{"translation":[0,4.75,-4]}}}