{"texture_size":[64,64],"textures":{"0":"custom/hats/knight_helmet"},"elements":[{"from":[3,6.5,3],"to":[13,10,13],"faces":{"north":{"uv":[0,5,2.5,6],"texture":"#0"},"east":{"uv":[5,3.75,7.5,4.75],"texture":"#0"},"south":{"uv":[5,4.75,7.5,5.75],"texture":"#0"},"west":{"uv":[2.5,5.25,5,6.25],"texture":"#0"},"up":{"uv":[2.5,2.5,0,0],"texture":"#0"},"down":{"uv":[2.5,2.5,0,5],"texture":"#0"}}},{"from":[7,5.5,2],"to":[9,7,4],"faces":{"north":{"uv":[8,3.25,8.5,3.75],"texture":"#0"},"east":{"uv":[5.5,8,6,8.5],"texture":"#0"},"south":{"uv":[8,5.75,8.5,6.25],"texture":"#0"},"west":{"uv":[6,8,6.5,8.5],"texture":"#0"},"up":{"uv":[8.5,6.75,8,6.25],"texture":"#0"},"down":{"uv":[7,8,6.5,8.5],"texture":"#0"}}},{"from":[4,8.5,4],"to":[12,12,12],"faces":{"north":{"uv":[2,6.25,4,7.25],"texture":"#0"},"east":{"uv":[7,0,9,1],"texture":"#0"},"south":{"uv":[7,1,9,2],"texture":"#0"},"west":{"uv":[7,2,9,3],"texture":"#0"},"up":{"uv":[4.5,2,2.5,0],"texture":"#0"},"down":{"uv":[4.5,2,2.5,4],"texture":"#0"}}},{"from":[12.01,2.11,3.01],"to":[12.99,6.59,12.99],"rotation":{"angle":0,"axis":"y","origin":[16,0,0]},"faces":{"north":{"uv":[4,7.75,4.25,9],"texture":"#0"},"east":{"uv":[2.5,4,5,5.25],"texture":"#0"},"south":{"uv":[4.25,7.75,4.5,9],"texture":"#0"},"west":{"uv":[4.5,0,7,1.25],"texture":"#0"},"up":{"uv":[2.25,9.75,2,7.25],"texture":"#0"},"down":{"uv":[2.5,7.25,2.25,9.75],"texture":"#0"}}},{"from":[12,0.6,3],"to":[13,3.1,7],"rotation":{"angle":0,"axis":"y","origin":[16,0.5,0]},"faces":{"north":{"uv":[0,8.5,0.25,9.25],"texture":"#0"},"east":{"uv":[7,3,8,3.75],"texture":"#0"},"south":{"uv":[0.25,8.5,0.5,9.25],"texture":"#0"},"west":{"uv":[7,6.75,8,7.5],"texture":"#0"},"up":{"uv":[8.25,7.75,8,6.75],"texture":"#0"},"down":{"uv":[7.25,8,7,9],"texture":"#0"}}},{"from":[3,0.6,3],"to":[4,3.1,7],"rotation":{"angle":0,"axis":"y","origin":[0,0.5,0]},"faces":{"north":{"uv":[0.5,8.5,0.75,9.25],"texture":"#0"},"east":{"uv":[0,7.25,1,8],"texture":"#0"},"south":{"uv":[0.75,8.5,1,9.25],"texture":"#0"},"west":{"uv":[1,7.25,2,8],"texture":"#0"},"up":{"uv":[7.5,9,7.25,8],"texture":"#0"},"down":{"uv":[7.75,8,7.5,9],"texture":"#0"}}},{"from":[9.46992,0.61,4.5973],"to":[13.46992,4.61,5.5973],"rotation":{"angle":-22.5,"axis":"y","origin":[17.21992,-0.49,2.5973]},"faces":{"north":{"uv":[4,6.25,5,7.25],"texture":"#0"},"east":{"uv":[7.75,8,8,9],"texture":"#0"},"south":{"uv":[5,7,6,8],"texture":"#0"},"west":{"uv":[8,7.75,8.25,8.75],"texture":"#0"},"up":{"uv":[1,8.5,0,8.25],"texture":"#0"},"down":{"uv":[2,8.25,1,8.5],"texture":"#0"}}},{"from":[9.46992,-0.39,4.5973],"to":[12.46992,0.61,5.5973],"rotation":{"angle":-22.5,"axis":"y","origin":[17.21992,-0.49,2.5973]},"faces":{"north":{"uv":[1,8.5,1.75,8.75],"texture":"#0"},"east":{"uv":[6.25,8.5,6.5,8.75],"texture":"#0"},"south":{"uv":[8.5,3.25,9.25,3.5],"texture":"#0"},"west":{"uv":[8.5,6.25,8.75,6.5],"texture":"#0"},"up":{"uv":[9.25,3.75,8.5,3.5],"texture":"#0"},"down":{"uv":[9.25,3.75,8.5,4],"texture":"#0"}}},{"from":[3.53008,-0.39,4.5973],"to":[6.53008,0.61,5.5973],"rotation":{"angle":22.5,"axis":"y","origin":[-1.21992,-0.49,2.5973]},"faces":{"north":{"uv":[8.5,4,9.25,4.25],"texture":"#0"},"east":{"uv":[6.5,8.5,6.75,8.75],"texture":"#0"},"south":{"uv":[8.5,4.25,9.25,4.5],"texture":"#0"},"west":{"uv":[8.5,6.5,8.75,6.75],"texture":"#0"},"up":{"uv":[9.25,4.75,8.5,4.5],"texture":"#0"},"down":{"uv":[9.25,4.75,8.5,5],"texture":"#0"}}},{"from":[2.53008,0.61,4.5973],"to":[6.53008,4.61,5.5973],"rotation":{"angle":22.5,"axis":"y","origin":[-1.21992,-0.49,2.5973]},"faces":{"north":{"uv":[7,5.75,8,6.75],"texture":"#0"},"east":{"uv":[3,8.25,3.25,9.25],"texture":"#0"},"south":{"uv":[6,7,7,8],"texture":"#0"},"west":{"uv":[3.25,8.25,3.5,9.25],"texture":"#0"},"up":{"uv":[9.25,7,8.25,6.75],"texture":"#0"},"down":{"uv":[9.25,7,8.25,7.25],"texture":"#0"}}},{"from":[9,6.5,2],"to":[13.25,8,4],"rotation":{"angle":0,"axis":"y","origin":[16,-0.6,0]},"faces":{"north":{"uv":[3,7.25,4,7.75],"texture":"#0"},"east":{"uv":[3.5,8.25,4,8.75],"texture":"#0"},"south":{"uv":[4,7.25,5,7.75],"texture":"#0"},"west":{"uv":[8.25,7.25,8.75,7.75],"texture":"#0"},"up":{"uv":[8.5,4.25,7.5,3.75],"texture":"#0"},"down":{"uv":[8.5,4.25,7.5,4.75],"texture":"#0"}}},{"from":[12,8,2],"to":[13.25,9,4],"rotation":{"angle":0,"axis":"y","origin":[16,-1.1,0]},"faces":{"north":{"uv":[6.75,8.5,7,8.75],"texture":"#0"},"east":{"uv":[4.5,3.75,5,4],"texture":"#0"},"south":{"uv":[1,8.75,1.25,9],"texture":"#0"},"west":{"uv":[2,6,2.5,6.25],"texture":"#0"},"up":{"uv":[2,9,1.75,8.5],"texture":"#0"},"down":{"uv":[8.75,5,8.5,5.5],"texture":"#0"}}},{"from":[2.75,8,2],"to":[4,9,4],"rotation":{"angle":0,"axis":"y","origin":[0,-1.1,0]},"faces":{"north":{"uv":[1.25,8.75,1.5,9],"texture":"#0"},"east":{"uv":[5.5,8.5,6,8.75],"texture":"#0"},"south":{"uv":[1.5,8.75,1.75,9],"texture":"#0"},"west":{"uv":[8.5,5.5,9,5.75],"texture":"#0"},"up":{"uv":[8.75,6.25,8.5,5.75],"texture":"#0"},"down":{"uv":[6.25,8.5,6,9],"texture":"#0"}}},{"from":[2.75,6.5,2],"to":[7,8,4],"rotation":{"angle":0,"axis":"y","origin":[0,-0.6,0]},"faces":{"north":{"uv":[7.5,4.75,8.5,5.25],"texture":"#0"},"east":{"uv":[8.25,7.75,8.75,8.25],"texture":"#0"},"south":{"uv":[7.5,5.25,8.5,5.75],"texture":"#0"},"west":{"uv":[8.25,8.25,8.75,8.75],"texture":"#0"},"up":{"uv":[8,8,7,7.5],"texture":"#0"},"down":{"uv":[4,7.75,3,8.25],"texture":"#0"}}},{"from":[4,2.1,12],"to":[12,6.6,13],"rotation":{"angle":0,"axis":"y","origin":[16,0,0]},"faces":{"north":{"uv":[5,5.75,7,7],"texture":"#0"},"east":{"uv":[4.5,7.75,4.75,9],"texture":"#0"},"south":{"uv":[0,6,2,7.25],"texture":"#0"},"west":{"uv":[4.75,7.75,5,9],"texture":"#0"},"up":{"uv":[2,8.25,0,8],"texture":"#0"},"down":{"uv":[10,3,8,3.25],"texture":"#0"}}},{"from":[3.01,2.11,3.01],"to":[3.99,6.59,12.99],"faces":{"north":{"uv":[5,8,5.25,9.25],"texture":"#0"},"east":{"uv":[4.5,1.25,7,2.5],"texture":"#0"},"south":{"uv":[5.25,8,5.5,9.25],"texture":"#0"},"west":{"uv":[4.5,2.5,7,3.75],"texture":"#0"},"up":{"uv":[2.75,9.75,2.5,7.25],"texture":"#0"},"down":{"uv":[3,7.25,2.75,9.75],"texture":"#0"}}}],"gui_light":"front","display":{"thirdperson_righthand":{"rotation":[75,45,0],"translation":[0,2.5,0],"scale":[0.375,0.375,0.375]},"thirdperson_lefthand":{"rotation":[75,45,0],"translation":[0,2.5,0],"scale":[0.375,0.375,0.375]},"firstperson_righthand":{"scale":[0.5,0.5,0.5]},"firstperson_lefthand":{"scale":[0.5,0.5,0.5]},"ground":{"translation":[0,3,0],"scale":[0.5,0.5,0.5]},"gui":{"rotation":[25,-150,0],"translation":[0,2,0],"scale":[0.8,0.8,0.8]},"head":{"translation":[0,4.5,0.25],"scale":[1.55,1.55,1.55]}},"groups":[{"name":"head","origin":[8,8,8],"color":0,"children":[{"name":"hat_18","origin":[8,8,8],"color":0,"children":[0,1,2,3,4,5,6,7,8,9,10,11,12,13,14,15]}]}]}