{"texture_size":[64,64],"textures":{"0":"custom/hats/nightvision_goggles"},"elements":[{"from":[3,6,1],"to":[13,7,2],"faces":{"north":{"uv":[5.75,5.5,8.25,5.75],"texture":"#0"},"east":{"uv":[0.5,7,0.75,7.25],"texture":"#0"},"south":{"uv":[5.75,5.75,8.25,6],"texture":"#0"},"west":{"uv":[0.75,7,1,7.25],"texture":"#0"},"up":{"uv":[8.25,6.25,5.75,6],"texture":"#0"}}},{"from":[3,1,1],"to":[13,2,2],"faces":{"north":{"uv":[0,6.25,2.5,6.5],"texture":"#0"},"east":{"uv":[1,7,1.25,7.25],"texture":"#0"},"south":{"uv":[5.75,6.25,8.25,6.5],"texture":"#0"},"west":{"uv":[1.25,7,1.5,7.25],"texture":"#0"},"down":{"uv":[2.5,6.5,0,6.75],"texture":"#0"}}},{"from":[2,2,1],"to":[14,6,2],"faces":{"north":{"uv":[0,4,3,5],"texture":"#0"},"south":{"uv":[4.5,0,7.5,1],"texture":"#0"},"up":{"uv":[8.75,4.75,5.75,4.5],"texture":"#0"},"down":{"uv":[8.75,4.75,5.75,5],"texture":"#0"}}},{"from":[3,2.5,0],"to":[7,6.5,1],"faces":{"north":{"uv":[2,5,3,6],"texture":"#0"},"east":{"uv":[2.75,6,3,7],"texture":"#0"},"west":{"uv":[6.5,3,6.75,4],"texture":"#0"},"up":{"uv":[4.5,6.75,3.5,6.5],"texture":"#0"},"down":{"uv":[6.75,6.5,5.75,6.75],"texture":"#0"}}},{"from":[9,2.5,0],"to":[13,6.5,1],"faces":{"north":{"uv":[5.5,3,6.5,4],"texture":"#0"},"east":{"uv":[0,6.75,0.25,7.75],"texture":"#0"},"west":{"uv":[0.25,6.75,0.5,7.75],"texture":"#0"},"up":{"uv":[1.5,7,0.5,6.75],"texture":"#0"},"down":{"uv":[2.5,6.75,1.5,7],"texture":"#0"}}},{"from":[14,2,1],"to":[15,6,15],"faces":{"north":{"uv":[6.75,3,7,4],"texture":"#0"},"east":{"uv":[0,0,3.5,1],"texture":"#0"},"south":{"uv":[3.5,6.75,3.75,7.75],"texture":"#0"},"west":{"uv":[0,1,3.5,2],"texture":"#0"},"up":{"uv":[3.25,7.5,3,4],"texture":"#0"},"down":{"uv":[3.5,4,3.25,7.5],"texture":"#0"}}},{"from":[1,2,1],"to":[2,6,15],"faces":{"north":{"uv":[3.75,6.75,4,7.75],"texture":"#0"},"east":{"uv":[0,2,3.5,3],"texture":"#0"},"south":{"uv":[4,6.75,4.25,7.75],"texture":"#0"},"west":{"uv":[0,3,3.5,4],"texture":"#0"},"up":{"uv":[5.75,7.5,5.5,4],"texture":"#0"},"down":{"uv":[4.75,5.5,4.5,9],"texture":"#0"}}},{"from":[2,2,14],"to":[14,6,15],"faces":{"north":{"uv":[4.5,1,7.5,2],"texture":"#0"},"south":{"uv":[4.5,2,7.5,3],"texture":"#0"},"up":{"uv":[8.75,5.25,5.75,5],"texture":"#0"},"down":{"uv":[8.75,5.25,5.75,5.5],"texture":"#0"}}},{"from":[6,7,1],"to":[10,12,2],"faces":{"north":{"uv":[4.5,3,5.5,4.25],"texture":"#0"},"east":{"uv":[4.75,5.5,5,6.75],"texture":"#0"},"south":{"uv":[4.5,4.25,5.5,5.5],"texture":"#0"},"west":{"uv":[5,5.5,5.25,6.75],"texture":"#0"},"up":{"uv":[6.75,7,5.75,6.75],"texture":"#0"}}},{"from":[7,6,0],"to":[9,8,1],"faces":{"north":{"uv":[4.75,6.75,5.25,7.25],"texture":"#0"},"east":{"uv":[4.25,6.75,4.5,7.25],"texture":"#0"},"west":{"uv":[5.25,6.75,5.5,7.25],"texture":"#0"},"up":{"uv":[2.5,6.25,2,6],"texture":"#0"},"down":{"uv":[7.25,6.75,6.75,7],"texture":"#0"}}},{"from":[6,6,14],"to":[10,11,15],"faces":{"north":{"uv":[0,5,1,6.25],"texture":"#0"},"east":{"uv":[5.25,5.5,5.5,6.75],"texture":"#0"},"south":{"uv":[1,5,2,6.25],"texture":"#0"},"west":{"uv":[2.5,6,2.75,7.25],"texture":"#0"}}},{"from":[6,11,2],"to":[10,12,15],"faces":{"east":{"uv":[5.75,4,9,4.25],"texture":"#0"},"south":{"uv":[6.75,6.5,7.75,6.75],"texture":"#0"},"west":{"uv":[5.75,4.25,9,4.5],"texture":"#0"},"up":{"uv":[4.5,3.25,3.5,0],"texture":"#0"},"down":{"uv":[4.5,3.25,3.5,6.5],"texture":"#0"}}}],"display":{"thirdperson_righthand":{"rotation":[-90,-180,-180],"translation":[0,-1.75,-2],"scale":[0.5,0.5,0.5]},"thirdperson_lefthand":{"rotation":[-90,-180,-180],"translation":[0,-1.75,-2],"scale":[0.5,0.5,0.5]},"firstperson_righthand":{"scale":[0.75,0.75,0.75]},"firstperson_lefthand":{"scale":[0.75,0.75,0.75]},"gui":{"rotation":[25,-150,0],"translation":[0,2,0],"scale":[0.7,0.7,0.7]},"head":{"translation":[0,3.5,0],"scale":[1.15,1.15,1.15]},"fixed":{"translation":[0,2,0]}}}