{"texture_size":[64,64],"textures":{"0":"custom/hats/sombrero"},"elements":[{"from":[1,0,1],"to":[15,1,15],"faces":{"north":{"uv":[5,2.5,8.5,2.75],"texture":"#0"},"east":{"uv":[5,2.75,8.5,3],"texture":"#0"},"south":{"uv":[5,3,8.5,3.25],"texture":"#0"},"west":{"uv":[5,3.25,8.5,3.5],"texture":"#0"},"up":{"uv":[3.5,3.5,0,0],"texture":"#0"},"down":{"uv":[3.5,3.5,0,7],"texture":"#0"}}},{"from":[5,1,5],"to":[11,6,11],"faces":{"north":{"uv":[3.5,3,5,4.25],"texture":"#0"},"east":{"uv":[3.5,4.25,5,5.5],"texture":"#0"},"south":{"uv":[5,0,6.5,1.25],"texture":"#0"},"west":{"uv":[5,1.25,6.5,2.5],"texture":"#0"},"up":{"uv":[5,1.5,3.5,0],"texture":"#0"},"down":{"uv":[5,1.5,3.5,3],"texture":"#0"}}},{"from":[0,1,1],"to":[1,2,15],"faces":{"north":{"uv":[6.5,1,6.75,1.25],"texture":"#0"},"east":{"uv":[3.5,5.5,7,5.75],"texture":"#0"},"south":{"uv":[6.5,1.25,6.75,1.5],"texture":"#0"},"west":{"uv":[3.5,5.75,7,6],"texture":"#0"},"up":{"uv":[3.75,9.5,3.5,6],"texture":"#0"},"down":{"uv":[4,6,3.75,9.5],"texture":"#0"}}},{"from":[15,1,1],"to":[16,2,15],"faces":{"north":{"uv":[6.5,1.5,6.75,1.75],"texture":"#0"},"east":{"uv":[4,6,7.5,6.25],"texture":"#0"},"south":{"uv":[6.5,1.75,6.75,2],"texture":"#0"},"west":{"uv":[4,6.25,7.5,6.5],"texture":"#0"},"up":{"uv":[4.25,10,4,6.5],"texture":"#0"},"down":{"uv":[4.5,6.5,4.25,10],"texture":"#0"}}},{"from":[1,1,0],"to":[15,2,1],"faces":{"north":{"uv":[5,3.5,8.5,3.75],"texture":"#0"},"east":{"uv":[6.5,0,6.75,0.25],"texture":"#0"},"south":{"uv":[5,3.75,8.5,4],"texture":"#0"},"west":{"uv":[6.5,0.25,6.75,0.5],"texture":"#0"},"up":{"uv":[8.5,4.25,5,4],"texture":"#0"},"down":{"uv":[8.5,4.25,5,4.5],"texture":"#0"}}},{"from":[1,1,15],"to":[15,2,16],"faces":{"north":{"uv":[5,4.5,8.5,4.75],"texture":"#0"},"east":{"uv":[6.5,0.5,6.75,0.75],"texture":"#0"},"south":{"uv":[5,4.75,8.5,5],"texture":"#0"},"west":{"uv":[6.5,0.75,6.75,1],"texture":"#0"},"up":{"uv":[8.5,5.25,5,5],"texture":"#0"},"down":{"uv":[8.5,5.25,5,5.5],"texture":"#0"}}}],"gui_light":"front","display":{"thirdperson_righthand":{"translation":[0,3.75,0],"scale":[0.5,0.5,0.5]},"thirdperson_lefthand":{"translation":[0,3.75,0],"scale":[0.5,0.5,0.5]},"firstperson_righthand":{"translation":[0,3,0],"scale":[0.5,0.5,0.5]},"firstperson_lefthand":{"translation":[0,5,0],"scale":[0.5,0.5,0.5]},"ground":{"translation":[0,3,0],"scale":[0.75,0.75,0.75]},"gui":{"rotation":[25,-150,0],"translation":[0,3.5,0],"scale":[0.7,0.7,0.7]},"head":{"rotation":[5,0,0],"translation":[0,20.25,1.25],"scale":[1.75,1.75,1.75]},"fixed":{"translation":[0,5.75,-8]}}}