{"textures":{"0":"custom/hats/sunhat"},"elements":[{"from":[4,-0.025,4],"to":[12,0.25,12],"faces":{"north":{"uv":[0,2,8,3],"texture":"#0"},"east":{"uv":[0,3,8,4],"texture":"#0"},"south":{"uv":[0,1,8,2],"texture":"#0"},"west":{"uv":[0,0,8,1],"texture":"#0"},"up":{"uv":[8,8,0,0],"texture":"#0"},"down":{"uv":[16,0,8,8],"texture":"#0"}}},{"from":[5,0,3.5],"to":[11,0.225,5.5],"faces":{"north":{"uv":[0,0,6,0.225],"texture":"#0"},"east":{"uv":[0,0,2,0.225],"texture":"#0"},"south":{"uv":[0,0,6,0.225],"texture":"#0"},"west":{"uv":[0,0,2,0.225],"texture":"#0"},"up":{"uv":[0,0,6,2],"texture":"#0"},"down":{"uv":[0,0,6,2],"texture":"#0"}}},{"from":[3.5,0,5],"to":[5.5,0.225,11],"faces":{"north":{"uv":[0,0,2,0.225],"texture":"#0"},"east":{"uv":[0,0,6,0.225],"texture":"#0"},"south":{"uv":[0,0,2,0.225],"texture":"#0"},"west":{"uv":[0,0,6,0.225],"texture":"#0"},"up":{"uv":[0,0,6,2],"rotation":90,"texture":"#0"},"down":{"uv":[0,0,6,2],"rotation":270,"texture":"#0"}}},{"from":[10.5,0,5],"to":[12.5,0.225,11],"faces":{"north":{"uv":[0,0,2,0.225],"texture":"#0"},"east":{"uv":[0,0,6,0.225],"texture":"#0"},"south":{"uv":[0,0,2,0.225],"texture":"#0"},"west":{"uv":[0,0,6,0.225],"texture":"#0"},"up":{"uv":[0,0,6,2],"rotation":90,"texture":"#0"},"down":{"uv":[0,0,6,2],"rotation":270,"texture":"#0"}}},{"from":[5,0,10.5],"to":[11,0.225,12.5],"faces":{"north":{"uv":[0,0,6,0.225],"texture":"#0"},"east":{"uv":[0,0,2,0.225],"texture":"#0"},"south":{"uv":[0,0,6,0.225],"texture":"#0"},"west":{"uv":[0,0,2,0.225],"texture":"#0"},"up":{"uv":[0,0,6,2],"texture":"#0"},"down":{"uv":[0,0,6,2],"texture":"#0"}}},{"from":[6,0,6],"to":[10,2,10],"faces":{"north":{"uv":[0,7,4,9],"texture":"#0"},"east":{"uv":[0,7,4,9],"texture":"#0"},"south":{"uv":[0,7,4,9],"texture":"#0"},"west":{"uv":[0,7,4,9],"texture":"#0"},"up":{"uv":[7,7,8,8],"texture":"#0"},"down":{"uv":[7,7,8,8],"texture":"#0"}}},{"from":[9.25,0.025,6.5],"to":[10.275,2,9.5],"faces":{"north":{"uv":[1,7,2,9],"texture":"#0"},"east":{"uv":[0,7,3,9],"texture":"#0"},"south":{"uv":[0,7,1,9],"texture":"#0"},"west":{"uv":[0,7,3,9],"texture":"#0"},"up":{"uv":[0,7,3,8],"texture":"#0"},"down":{"uv":[0,7,3,8],"texture":"#0"}}},{"from":[5.725,0.025,6.5],"to":[6.75,2,9.5],"faces":{"north":{"uv":[1,7,2,9],"texture":"#0"},"east":{"uv":[0,7,3,9],"texture":"#0"},"south":{"uv":[0,7,1,9],"texture":"#0"},"west":{"uv":[0,7,3,9],"texture":"#0"},"up":{"uv":[0,7,3,8],"texture":"#0"},"down":{"uv":[0,7,3,8],"texture":"#0"}}},{"from":[6.5,0.025,9.25],"to":[9.5,2,10.275],"faces":{"north":{"uv":[0,7,3,9],"texture":"#0"},"east":{"uv":[1,7,2,9],"texture":"#0"},"south":{"uv":[1,7,4,9],"texture":"#0"},"west":{"uv":[0,7,1,9],"texture":"#0"},"up":{"uv":[0,7,3,8],"rotation":270,"texture":"#0"},"down":{"uv":[0,7,3,8],"rotation":90,"texture":"#0"}}},{"from":[6.5,0.05,5.7],"to":[9.5,2,6.75],"faces":{"north":{"uv":[1,7,4,9],"texture":"#0"},"east":{"uv":[0,7,1,9],"texture":"#0"},"south":{"uv":[0,7,3,9],"texture":"#0"},"west":{"uv":[1,7,2,9],"texture":"#0"},"up":{"uv":[0,7,3,8],"rotation":270,"texture":"#0"},"down":{"uv":[0,7,3,8],"rotation":90,"texture":"#0"}}},{"from":[5.75,1.5,6.75],"to":[10.25,2.25,9.25],"faces":{"north":{"uv":[0,0,4.5,0.75],"texture":"#0"},"east":{"uv":[0,0,2.5,0.75],"texture":"#0"},"south":{"uv":[0,0,4.5,0.75],"texture":"#0"},"west":{"uv":[0,0,2.5,0.75],"texture":"#0"},"up":{"uv":[0,0,4.5,2.5],"texture":"#0"},"down":{"uv":[0,0,4.5,2.5],"texture":"#0"}}},{"from":[6.75,1.5,5.75],"to":[9.25,2.25,10.25],"faces":{"north":{"uv":[0,0,2.5,0.75],"texture":"#0"},"east":{"uv":[0,0,4.5,0.75],"texture":"#0"},"south":{"uv":[0,0,2.5,0.75],"texture":"#0"},"west":{"uv":[0,0,4.5,0.75],"texture":"#0"},"up":{"uv":[0,0,4.5,2.5],"rotation":270,"texture":"#0"},"down":{"uv":[0,0,4.5,2.5],"rotation":90,"texture":"#0"}}},{"from":[6.5,2,6.5],"to":[9.5,2.5,9.5],"faces":{"north":{"uv":[0,0,3,0.5],"texture":"#0"},"east":{"uv":[0,0,3,0.5],"texture":"#0"},"south":{"uv":[0,0,3,0.5],"texture":"#0"},"west":{"uv":[0,0,3,0.5],"texture":"#0"},"up":{"uv":[0,0,3,3],"texture":"#0"},"down":{"uv":[0,0,3,3],"texture":"#0"}}},{"from":[4.376,0.25,9.06011],"to":[5.376,0.5,12.11011],"rotation":{"angle":-22.5,"axis":"y","origin":[4.376,0.5,14.26011]},"faces":{"north":{"uv":[2,8,3,8.25],"texture":"#0"},"east":{"uv":[1,8,3.25,8.25],"texture":"#0"},"south":{"uv":[2,8,3,8.25],"texture":"#0"},"west":{"uv":[2,8,3.25,8.25],"texture":"#0"},"up":{"uv":[1,8,2.25,9],"rotation":90,"texture":"#0"},"down":{"uv":[0,8,2.25,9],"rotation":270,"texture":"#0"}}},{"from":[3.44964,0.25,9.24404],"to":[6.34964,0.5,10.24404],"rotation":{"angle":22.5,"axis":"y","origin":[4.97464,0.375,9.81904]},"faces":{"north":{"uv":[0,8,2.25,8.25],"texture":"#0"},"east":{"uv":[0,8,1,8.25],"texture":"#0"},"south":{"uv":[0,8,2.25,8.25],"texture":"#0"},"west":{"uv":[0,8,1,8.25],"texture":"#0"},"up":{"uv":[1,8,2.25,9],"rotation":180,"texture":"#0"},"down":{"uv":[0,8,2.25,9],"rotation":180,"texture":"#0"}}},{"from":[5.675,0.225,9.55],"to":[6.425,1.225,10.3],"faces":{"north":{"uv":[0,0,0.75,0.85],"texture":"#0"},"east":{"uv":[1,8,1.75,8.85],"texture":"#0"},"south":{"uv":[1,8,1.75,8.85],"texture":"#0"},"west":{"uv":[1,8,1.75,8.85],"texture":"#0"},"up":{"uv":[1,8,1.75,8.75],"texture":"#0"},"down":{"uv":[1,8,1.75,8.75],"texture":"#0"}}},{"from":[6.075,0.4125,9.9875],"to":[7.475,1.6375,10.5375],"rotation":{"angle":-22.5,"axis":"y","origin":[6.5,1.0625,10.375]},"faces":{"north":{"uv":[1,8,2.4,9],"rotation":180,"texture":"#0"},"east":{"uv":[2,8,3,8.55],"rotation":270,"texture":"#0"},"south":{"uv":[1,8,2.4,9],"texture":"#0"},"west":{"uv":[2,8,3,8.55],"rotation":90,"texture":"#0"},"up":{"uv":[0,8,1.4,8.55],"rotation":180,"texture":"#0"},"down":{"uv":[2,8,3.4,8.55],"texture":"#0"}}},{"from":[5.5,0.4125,8.82837],"to":[6.075,1.6625,10.22837],"rotation":{"angle":22.5,"axis":"y","origin":[4.88635,0.925,9.82837]},"faces":{"north":{"uv":[2,8,3,8.575],"rotation":90,"texture":"#0"},"east":{"uv":[0,8,1.4,9],"rotation":180,"texture":"#0"},"south":{"uv":[3,8,4,8.575],"rotation":270,"texture":"#0"},"west":{"uv":[0,8,1.4,9],"texture":"#0"},"up":{"uv":[0,8,1.4,8.575],"rotation":270,"texture":"#0"},"down":{"uv":[0,8,1.4,8.575],"rotation":270,"texture":"#0"}}}],"gui_light":"front","display":{"thirdperson_righthand":{"rotation":[-35,0,0],"translation":[0,5.5,-4.25]},"thirdperson_lefthand":{"rotation":[-35,0,0],"translation":[0,5.5,-4.25]},"firstperson_righthand":{"translation":[0,9,0]},"firstperson_lefthand":{"translation":[0,9,0]},"ground":{"translation":[0,6.5,0],"scale":[1.25,1.25,1.25]},"gui":{"rotation":[25,150,0],"translation":[0,8.25,0],"scale":[1.2,1.2,1.2]},"head":{"rotation":[7,0,0],"translation":[0,32,3.5],"scale":[3.7,3.7,3.7]},"fixed":{"rotation":[0,-90,0],"translation":[0,10.25,-0.75],"scale":[1.5,1.5,1.5]}}}