{"textures":{"0":"modelengine:entity/rabbit_infected","particle":"#0"},"elements":[{"from":[14.13503,7.7670703,7.0],"to":[16.135029,10.76707,9.0],"faces":{"east":{"uv":[8.25,13.75,8.75,14.5],"tintindex":0,"rotation":0,"texture":"#0"},"south":{"uv":[8.25,13.75,8.75,14.5],"tintindex":0,"rotation":0,"texture":"#0"},"north":{"uv":[8.25,13.75,8.75,14.5],"tintindex":0,"rotation":0,"texture":"#0"},"west":{"uv":[8.75,13.75,8.25,14.5],"tintindex":0,"rotation":0,"texture":"#0"},"up":{"uv":[8.75,13.75,8.25,13.25],"tintindex":0,"rotation":0,"texture":"#0"},"down":{"uv":[9.25,13.25,8.75,13.75],"tintindex":0,"rotation":0,"texture":"#0"}},"rotation":{"origin":[15.13503,10.26707,8.0],"angle":-22.5,"axis":"z"}}],"display":{"head":{"rotation":[0.0,0.0,0.0]},"firstperson_righthand":{"rotation":[0.0,0.0,0.0]},"thirdperson_lefthand":{"rotation":[0.0,-0.0,-0.0]},"firstperson_lefthand":{"rotation":[0.0,-0.0,-0.0]},"fixed":{"rotation":[0.0,0.0,0.0]},"ground":{"rotation":[0.0,0.0,0.0]},"thirdperson_righthand":{"rotation":[0.0,0.0,0.0]},"gui":{"rotation":[-150.0,-45.0,180.0]}}}