{"textures":{"0":"modelengine:entity/nm_elephant_baby_texture","particle":"#0"},"elements":[{"from":[-1.0,-7.7192087,-6.488168],"to":[17.0,14.280792,9.511831],"faces":{"east":{"uv":[4.5,0.0,6.5,2.75],"tintindex":0,"rotation":0,"texture":"#0"},"south":{"uv":[2.25,0.0,4.5,2.75],"tintindex":0,"rotation":0,"texture":"#0"},"north":{"uv":[0.0,0.0,2.25,2.75],"tintindex":0,"rotation":0,"texture":"#0"},"west":{"uv":[4.0,4.75,6.0,7.5],"tintindex":0,"rotation":0,"texture":"#0"},"up":{"uv":[2.25,9.75,0.0,7.75],"tintindex":0,"rotation":0,"texture":"#0"},"down":{"uv":[8.25,7.75,6.0,9.75],"tintindex":0,"rotation":0,"texture":"#0"}}}],"display":{"head":{"rotation":[0.0,0.0,0.0]},"firstperson_righthand":{"rotation":[0.0,0.0,0.0]},"thirdperson_lefthand":{"rotation":[0.0,-0.0,-0.0]},"firstperson_lefthand":{"rotation":[0.0,-0.0,-0.0]},"fixed":{"rotation":[0.0,0.0,0.0]},"ground":{"rotation":[0.0,0.0,0.0]},"thirdperson_righthand":{"rotation":[0.0,0.0,0.0]},"gui":{"rotation":[-150.0,-45.0,180.0]}}}