{"textures":{"0":"modelengine:entity/nm_elephant_baby_texture","particle":"#0"},"elements":[{"from":[0.0,-0.063072205,-4.28829],"to":[16.0,15.936928,19.71171],"faces":{"east":{"uv":[0.0,2.75,3.0,4.75],"tintindex":0,"rotation":0,"texture":"#0"},"south":{"uv":[8.0,4.5,10.0,6.5],"tintindex":0,"rotation":0,"texture":"#0"},"north":{"uv":[8.0,2.5,10.0,4.5],"tintindex":0,"rotation":0,"texture":"#0"},"west":{"uv":[3.0,2.75,6.0,4.75],"tintindex":0,"rotation":0,"texture":"#0"},"up":{"uv":[2.0,7.75,0.0,4.75],"tintindex":0,"rotation":0,"texture":"#0"},"down":{"uv":[4.0,4.75,2.0,7.75],"tintindex":0,"rotation":0,"texture":"#0"}}}],"display":{"head":{"rotation":[0.0,0.0,0.0]},"firstperson_righthand":{"rotation":[0.0,0.0,0.0]},"thirdperson_lefthand":{"rotation":[0.0,-0.0,-0.0]},"firstperson_lefthand":{"rotation":[0.0,-0.0,-0.0]},"fixed":{"rotation":[0.0,0.0,0.0]},"ground":{"rotation":[0.0,0.0,0.0]},"thirdperson_righthand":{"rotation":[0.0,0.0,0.0]},"gui":{"rotation":[-150.0,-45.0,180.0]}}}