{"textures":{"0":"modelengine:entity/nm_elephant_baby_texture","particle":"#0"},"elements":[{"from":[5.1626143,2.8819618,7.481388],"to":[21.162613,22.881962,9.481388],"faces":{"east":{"uv":[5.25,10.0,5.5,12.5],"tintindex":0,"rotation":0,"texture":"#0"},"south":{"uv":[6.0,5.25,8.0,7.75],"tintindex":0,"rotation":0,"texture":"#0"},"north":{"uv":[6.0,2.75,8.0,5.25],"tintindex":0,"rotation":0,"texture":"#0"},"west":{"uv":[5.5,10.0,5.75,12.5],"tintindex":0,"rotation":0,"texture":"#0"},"up":{"uv":[12.75,5.0,10.75,4.75],"tintindex":0,"rotation":0,"texture":"#0"},"down":{"uv":[12.75,5.0,10.75,5.25],"tintindex":0,"rotation":0,"texture":"#0"}}}],"display":{"head":{"rotation":[0.0,0.0,0.0]},"firstperson_righthand":{"rotation":[0.0,0.0,0.0]},"thirdperson_lefthand":{"rotation":[0.0,-0.0,-0.0]},"firstperson_lefthand":{"rotation":[0.0,-0.0,-0.0]},"fixed":{"rotation":[0.0,0.0,0.0]},"ground":{"rotation":[0.0,0.0,0.0]},"thirdperson_righthand":{"rotation":[0.0,0.0,0.0]},"gui":{"rotation":[-150.0,-45.0,180.0]}}}