{"textures":{"0":"modelengine:entity/nm_elephant_baby_texture","particle":"#0"},"elements":[{"from":[4.0,2.3914542,9.751154],"to":[12.0,10.391454,17.751154],"faces":{"east":{"uv":[9.75,9.25,10.75,10.25],"tintindex":0,"rotation":0,"texture":"#0"},"south":{"uv":[10.0,0.0,11.0,1.0],"tintindex":0,"rotation":0,"texture":"#0"},"north":{"uv":[9.75,8.25,10.75,9.25],"tintindex":0,"rotation":0,"texture":"#0"},"west":{"uv":[10.0,1.0,11.0,2.0],"tintindex":0,"rotation":0,"texture":"#0"},"up":{"uv":[11.0,3.0,10.0,2.0],"tintindex":0,"rotation":0,"texture":"#0"},"down":{"uv":[11.0,3.0,10.0,4.0],"tintindex":0,"rotation":0,"texture":"#0"}},"rotation":{"origin":[8.0,4.2392135,14.985786],"angle":-22.5,"axis":"x"}}],"display":{"head":{"rotation":[0.0,0.0,0.0]},"firstperson_righthand":{"rotation":[0.0,0.0,0.0]},"thirdperson_lefthand":{"rotation":[0.0,-0.0,-0.0]},"firstperson_lefthand":{"rotation":[0.0,-0.0,-0.0]},"fixed":{"rotation":[0.0,0.0,0.0]},"ground":{"rotation":[0.0,0.0,0.0]},"thirdperson_righthand":{"rotation":[0.0,0.0,0.0]},"gui":{"rotation":[-150.0,-45.0,180.0]}}}