{"textures":{"0":"modelengine:entity/rabbit_infected","particle":"#0"},"elements":[{"from":[4.25,5.19864,6.9622197],"to":[6.25,8.19864,11.962219],"faces":{"east":{"uv":[12.25,4.75,11.0,5.5],"tintindex":0,"rotation":0,"texture":"#0"},"south":{"uv":[12.75,4.75,12.25,5.5],"tintindex":0,"rotation":0,"texture":"#0"},"north":{"uv":[11.0,4.75,10.5,5.5],"tintindex":0,"rotation":0,"texture":"#0"},"west":{"uv":[10.5,4.75,9.25,5.5],"tintindex":0,"rotation":0,"texture":"#0"},"up":{"uv":[10.5,4.75,11.0,3.5],"tintindex":0,"rotation":0,"texture":"#0"},"down":{"uv":[11.0,3.5,11.5,4.75],"tintindex":0,"rotation":0,"texture":"#0"}}},{"from":[9.75,5.19869,6.96631],"to":[11.75,8.198689,11.96631],"faces":{"east":{"uv":[9.25,4.75,10.5,5.5],"tintindex":0,"rotation":0,"texture":"#0"},"south":{"uv":[12.25,4.75,12.75,5.5],"tintindex":0,"rotation":0,"texture":"#0"},"north":{"uv":[10.5,4.75,11.0,5.5],"tintindex":0,"rotation":0,"texture":"#0"},"west":{"uv":[11.0,4.75,12.25,5.5],"tintindex":0,"rotation":0,"texture":"#0"},"up":{"uv":[11.0,4.75,10.5,3.5],"tintindex":0,"rotation":0,"texture":"#0"},"down":{"uv":[11.5,3.5,11.0,4.75],"tintindex":0,"rotation":0,"texture":"#0"}}},{"from":[5.0,5.2923098,5.46631],"to":[11.0,11.29231,11.46631],"faces":{"east":{"uv":[1.5,1.5,0.0,3.0],"tintindex":0,"rotation":0,"texture":"#0"},"south":{"uv":[3.0,1.5,4.5,3.0],"tintindex":0,"rotation":0,"texture":"#0"},"north":{"uv":[1.5,1.5,3.0,3.0],"tintindex":0,"rotation":0,"texture":"#0"},"west":{"uv":[0.0,1.5,1.5,3.0],"tintindex":0,"rotation":0,"texture":"#0"},"up":{"uv":[3.0,1.5,1.5,0.0],"tintindex":0,"rotation":0,"texture":"#0"},"down":{"uv":[4.5,0.0,3.0,1.5],"tintindex":0,"rotation":0,"texture":"#0"}}},{"from":[6.88503,10.947209,7.29174],"to":[8.88503,13.947209,9.291739],"faces":{"east":{"uv":[8.25,13.75,8.75,14.5],"tintindex":0,"rotation":0,"texture":"#0"},"south":{"uv":[8.25,13.75,8.75,14.5],"tintindex":0,"rotation":0,"texture":"#0"},"north":{"uv":[8.25,13.75,8.75,14.5],"tintindex":0,"rotation":0,"texture":"#0"},"west":{"uv":[8.75,13.75,8.25,14.5],"tintindex":0,"rotation":0,"texture":"#0"},"up":{"uv":[8.75,13.75,8.25,13.25],"tintindex":0,"rotation":0,"texture":"#0"},"down":{"uv":[9.25,13.25,8.75,13.75],"tintindex":0,"rotation":0,"texture":"#0"}},"rotation":{"origin":[8.13503,12.447209,8.29174],"angle":22.5,"axis":"z"}}],"display":{"head":{"rotation":[0.0,0.0,0.0]},"firstperson_righthand":{"rotation":[0.0,0.0,0.0]},"thirdperson_lefthand":{"rotation":[0.0,-0.0,-0.0]},"firstperson_lefthand":{"rotation":[0.0,-0.0,-0.0]},"fixed":{"rotation":[0.0,0.0,0.0]},"ground":{"rotation":[0.0,0.0,0.0]},"thirdperson_righthand":{"rotation":[0.0,0.0,0.0]},"gui":{"rotation":[-150.0,-45.0,180.0]}}}