{"textures":{"0":"modelengine:entity/rabbit_infected","particle":"#0"},"elements":[{"from":[6.65,6.65,6.9],"to":[9.35,10.35,8.6],"faces":{"east":{"uv":[5.75,10.75,5.25,11.75],"tintindex":0,"rotation":0,"texture":"#0"},"south":{"uv":[6.5,10.75,5.75,11.75],"tintindex":0,"rotation":0,"texture":"#0"},"north":{"uv":[5.25,10.75,4.5,11.75],"tintindex":0,"rotation":0,"texture":"#0"},"west":{"uv":[4.5,10.75,4.0,11.75],"tintindex":0,"rotation":0,"texture":"#0"},"up":{"uv":[4.5,10.75,5.25,10.25],"tintindex":0,"rotation":0,"texture":"#0"},"down":{"uv":[5.25,10.25,6.0,10.75],"tintindex":0,"rotation":0,"texture":"#0"}}}],"display":{"head":{"rotation":[0.0,0.0,0.0]},"firstperson_righthand":{"rotation":[0.0,0.0,0.0]},"thirdperson_lefthand":{"rotation":[0.0,-0.0,-0.0]},"firstperson_lefthand":{"rotation":[0.0,-0.0,-0.0]},"fixed":{"rotation":[0.0,0.0,0.0]},"ground":{"rotation":[0.0,0.0,0.0]},"thirdperson_righthand":{"rotation":[0.0,0.0,0.0]},"gui":{"rotation":[-150.0,-45.0,180.0]}}}