{"textures":{"0":"modelengine:entity/rabbit_infected","particle":"#0"},"elements":[{"from":[4.0,5.0,-1.0],"to":[12.0,12.0,9.0],"faces":{"east":{"uv":[0.25,5.75,2.75,7.5],"tintindex":0,"rotation":0,"texture":"#0"},"south":{"uv":[4.75,5.75,6.75,7.5],"tintindex":0,"rotation":0,"texture":"#0"},"north":{"uv":[2.75,5.75,4.75,7.5],"tintindex":0,"rotation":0,"texture":"#0"},"west":{"uv":[2.75,5.75,0.25,7.5],"tintindex":0,"rotation":0,"texture":"#0"},"up":{"uv":[4.75,5.75,2.75,3.25],"tintindex":0,"rotation":0,"texture":"#0"},"down":{"uv":[6.75,3.25,4.75,5.75],"tintindex":0,"rotation":0,"texture":"#0"}}}],"display":{"head":{"rotation":[0.0,0.0,0.0]},"firstperson_righthand":{"rotation":[0.0,0.0,0.0]},"thirdperson_lefthand":{"rotation":[0.0,-0.0,-0.0]},"firstperson_lefthand":{"rotation":[0.0,-0.0,-0.0]},"fixed":{"rotation":[0.0,0.0,0.0]},"ground":{"rotation":[0.0,0.0,0.0]},"thirdperson_righthand":{"rotation":[0.0,0.0,0.0]},"gui":{"rotation":[-150.0,-45.0,180.0]}}}