{"texture_size":[128, 128],"textures":{"2":"custom/furniture/forest/foresttexture_1","particle":"custom/furniture/forest/foresttexture_1"},"elements":[{"from":[-15, 5, 3],"to":[31, 15, 29],"faces":{"east":{"uv":[5.75, 5, 9, 6.25],"texture":"#2"},"west":{"uv":[5.75, 5, 9, 6.25],"texture":"#2"},"up":{"uv":[5.75, 2.75, 0, 0],"texture":"#2"}}},{"from":[-16, 9, 0],"to":[32, 15, 3],"faces":{"north":{"uv":[5.75, 0, 11.75, 0.875],"texture":"#2"},"east":{"uv":[4, 6.625, 4.375, 7.375],"texture":"#2"},"south":{"uv":[5.75, 0, 11.75, 0.875],"texture":"#2"},"west":{"uv":[4, 6.625, 4.375, 7.375],"texture":"#2"},"up":{"uv":[11.75, 2.125, 5.75, 1.75],"texture":"#2"},"down":{"uv":[11.75, 2.125, 5.75, 1.75],"texture":"#2"}}},{"from":[-16, 6, 2],"to":[32, 9, 5],"faces":{"north":{"uv":[5.75, 2.125, 11.75, 2.5],"texture":"#2"},"east":{"uv":[0.5, 6.625, 0.875, 7],"texture":"#2"},"south":{"uv":[5.75, 2.125, 11.75, 2.5],"texture":"#2"},"west":{"uv":[0.5, 6.625, 0.875, 7],"texture":"#2"},"up":{"uv":[12, 2.875, 6, 2.5],"texture":"#2"},"down":{"uv":[12, 2.875, 6, 2.5],"texture":"#2"}}},{"from":[-16, 4, 4],"to":[32, 6, 7],"faces":{"north":{"uv":[6, 3.75, 12, 4],"texture":"#2"},"east":{"uv":[0.875, 6.625, 1.25, 6.875],"texture":"#2"},"south":{"uv":[6, 3.75, 12, 4],"texture":"#2"},"west":{"uv":[0.875, 6.625, 1.25, 6.875],"texture":"#2"},"up":{"uv":[12, 3.25, 6, 2.875],"texture":"#2"},"down":{"uv":[12, 3.25, 6, 2.875],"texture":"#2"}}},{"from":[-16, 3, 7],"to":[32, 5, 25],"faces":{"north":{"uv":[6, 4, 12, 4.25],"texture":"#2"},"east":{"uv":[0.5, 6.375, 2.75, 6.625],"texture":"#2"},"south":{"uv":[6, 4, 12, 4.25],"texture":"#2"},"west":{"uv":[0.5, 6.375, 2.75, 6.625],"texture":"#2"},"up":{"uv":[6, 5, 0, 2.75],"texture":"#2"},"down":{"uv":[6, 2.75, 0, 5],"texture":"#2"}}},{"from":[-11, 0, 1],"to":[-7, 7, 4],"rotation":{"angle":22.5,"axis":"x","origin":[-11, 0, 1]},"faces":{"north":{"uv":[3.5, 6.5, 4, 7.375],"texture":"#2"},"east":{"uv":[4.375, 6.5, 4.75, 7.375],"texture":"#2"},"south":{"uv":[3.5, 6.5, 4, 7.375],"texture":"#2"},"west":{"uv":[4.375, 6.5, 4.75, 7.375],"texture":"#2"},"up":{"uv":[6.875, 6.875, 6.375, 6.5],"texture":"#2"},"down":{"uv":[6.875, 6.875, 6.375, 6.5],"texture":"#2"}}},{"from":[-12, 4, 0],"to":[-6, 7, 5],"rotation":{"angle":22.5,"axis":"x","origin":[-11, 0, 1]},"faces":{"north":{"uv":[4.75, 6.5, 5.5, 6.875],"texture":"#2"},"east":{"uv":[5.5, 6.5, 6.125, 6.875],"texture":"#2"},"south":{"uv":[4.75, 6.5, 5.5, 6.875],"texture":"#2"},"west":{"uv":[5.5, 6.5, 6.125, 6.875],"texture":"#2"},"up":{"uv":[3.5, 7.125, 2.75, 6.5],"texture":"#2"},"down":{"uv":[3.5, 7.125, 2.75, 6.5],"texture":"#2"}}},{"from":[-16, 9, 29],"to":[32, 15, 32],"rotation":{"angle":0,"axis":"y","origin":[0, 0, 32]},"faces":{"north":{"uv":[11.75, 0, 5.75, 0.875],"texture":"#2"},"east":{"uv":[4.375, 6.625, 4, 7.375],"texture":"#2"},"south":{"uv":[11.75, 0, 5.75, 0.875],"texture":"#2"},"west":{"uv":[4.375, 6.625, 4, 7.375],"texture":"#2"},"up":{"uv":[11.75, 1.75, 5.75, 2.125],"texture":"#2"},"down":{"uv":[11.75, 1.75, 5.75, 2.125],"texture":"#2"}}},{"from":[-16, 6, 27],"to":[32, 9, 30],"rotation":{"angle":0,"axis":"y","origin":[0, 0, 32]},"faces":{"north":{"uv":[11.75, 2.125, 5.75, 2.5],"texture":"#2"},"east":{"uv":[0.875, 6.625, 0.5, 7],"texture":"#2"},"south":{"uv":[11.75, 2.125, 5.75, 2.5],"texture":"#2"},"west":{"uv":[0.875, 6.625, 0.5, 7],"texture":"#2"},"up":{"uv":[12, 2.5, 6, 2.875],"texture":"#2"},"down":{"uv":[12, 2.5, 6, 2.875],"texture":"#2"}}},{"from":[-16, 4, 25],"to":[32, 6, 28],"rotation":{"angle":0,"axis":"y","origin":[0, 0, 32]},"faces":{"north":{"uv":[12, 3.75, 6, 4],"texture":"#2"},"east":{"uv":[1.25, 6.625, 0.875, 6.875],"texture":"#2"},"south":{"uv":[12, 3.75, 6, 4],"texture":"#2"},"west":{"uv":[1.25, 6.625, 0.875, 6.875],"texture":"#2"},"up":{"uv":[12, 2.875, 6, 3.25],"texture":"#2"},"down":{"uv":[12, 2.875, 6, 3.25],"texture":"#2"}}},{"from":[-11, 0, 28],"to":[-7, 7, 31],"rotation":{"angle":-22.5,"axis":"x","origin":[-11, 0, 31]},"faces":{"north":{"uv":[4, 6.5, 3.5, 7.375],"texture":"#2"},"east":{"uv":[4.75, 6.5, 4.375, 7.375],"texture":"#2"},"south":{"uv":[4, 6.5, 3.5, 7.375],"texture":"#2"},"west":{"uv":[4.75, 6.5, 4.375, 7.375],"texture":"#2"},"up":{"uv":[6.875, 6.5, 6.375, 6.875],"texture":"#2"},"down":{"uv":[6.875, 6.5, 6.375, 6.875],"texture":"#2"}}},{"from":[-12, 4, 27],"to":[-6, 7, 32],"rotation":{"angle":-22.5,"axis":"x","origin":[-11, 0, 31]},"faces":{"north":{"uv":[5.5, 6.5, 4.75, 6.875],"texture":"#2"},"east":{"uv":[6.125, 6.5, 5.5, 6.875],"texture":"#2"},"south":{"uv":[5.5, 6.5, 4.75, 6.875],"texture":"#2"},"west":{"uv":[6.125, 6.5, 5.5, 6.875],"texture":"#2"},"up":{"uv":[3.5, 6.5, 2.75, 7.125],"texture":"#2"},"down":{"uv":[3.5, 6.5, 2.75, 7.125],"texture":"#2"}}},{"from":[23, 0, 1],"to":[27, 7, 4],"rotation":{"angle":22.5,"axis":"x","origin":[23, 0, 1]},"faces":{"north":{"uv":[3.5, 6.5, 4, 7.375],"texture":"#2"},"east":{"uv":[4.375, 6.5, 4.75, 7.375],"texture":"#2"},"south":{"uv":[3.5, 6.5, 4, 7.375],"texture":"#2"},"west":{"uv":[4.375, 6.5, 4.75, 7.375],"texture":"#2"},"up":{"uv":[6.875, 6.875, 6.375, 6.5],"texture":"#2"},"down":{"uv":[6.875, 6.875, 6.375, 6.5],"texture":"#2"}}},{"from":[22, 4, 0],"to":[28, 7, 5],"rotation":{"angle":22.5,"axis":"x","origin":[23, 0, 1]},"faces":{"north":{"uv":[4.75, 6.5, 5.5, 6.875],"texture":"#2"},"east":{"uv":[5.5, 6.5, 6.125, 6.875],"texture":"#2"},"south":{"uv":[4.75, 6.5, 5.5, 6.875],"texture":"#2"},"west":{"uv":[5.5, 6.5, 6.125, 6.875],"texture":"#2"},"up":{"uv":[3.5, 7.125, 2.75, 6.5],"texture":"#2"},"down":{"uv":[3.5, 7.125, 2.75, 6.5],"texture":"#2"}}},{"from":[23, 0, 28],"to":[27, 7, 31],"rotation":{"angle":-22.5,"axis":"x","origin":[23, 0, 31]},"faces":{"north":{"uv":[4, 6.5, 3.5, 7.375],"texture":"#2"},"east":{"uv":[4.75, 6.5, 4.375, 7.375],"texture":"#2"},"south":{"uv":[4, 6.5, 3.5, 7.375],"texture":"#2"},"west":{"uv":[4.75, 6.5, 4.375, 7.375],"texture":"#2"},"up":{"uv":[6.875, 6.5, 6.375, 6.875],"texture":"#2"},"down":{"uv":[6.875, 6.5, 6.375, 6.875],"texture":"#2"}}},{"from":[22, 4, 27],"to":[28, 7, 32],"rotation":{"angle":-22.5,"axis":"x","origin":[23, 0, 31]},"faces":{"north":{"uv":[5.5, 6.5, 4.75, 6.875],"texture":"#2"},"east":{"uv":[6.125, 6.5, 5.5, 6.875],"texture":"#2"},"south":{"uv":[5.5, 6.5, 4.75, 6.875],"texture":"#2"},"west":{"uv":[6.125, 6.5, 5.5, 6.875],"texture":"#2"},"up":{"uv":[3.5, 6.5, 2.75, 7.125],"texture":"#2"},"down":{"uv":[3.5, 6.5, 2.75, 7.125],"texture":"#2"}}},{"from":[-10, 1, 5],"to":[-8, 3, 27],"rotation":{"angle":0,"axis":"y","origin":[1, 0, 0]},"faces":{"north":{"uv":[5.75, 2.5, 6, 2.75],"texture":"#2"},"east":{"uv":[6, 4.5, 8.75, 4.75],"texture":"#2"},"south":{"uv":[1.25, 6.625, 1.5, 6.875],"texture":"#2"},"west":{"uv":[6, 4.75, 8.75, 5],"texture":"#2"},"up":{"uv":[0.25, 9.125, 0, 6.375],"texture":"#2"},"down":{"uv":[0.5, 6.375, 0.25, 9.125],"texture":"#2"}}},{"from":[24, 1, 5],"to":[26, 3, 27],"faces":{"north":{"uv":[5.75, 2.5, 6, 2.75],"texture":"#2"},"east":{"uv":[6, 4.5, 8.75, 4.75],"texture":"#2"},"south":{"uv":[1.25, 6.625, 1.5, 6.875],"texture":"#2"},"west":{"uv":[6, 4.75, 8.75, 5],"texture":"#2"},"up":{"uv":[0.25, 9.125, 0, 6.375],"texture":"#2"},"down":{"uv":[0.5, 6.375, 0.25, 9.125],"texture":"#2"}}},{"from":[-8, 1, 14],"to":[24, 3, 18],"rotation":{"angle":0,"axis":"y","origin":[1, 0, 0]},"faces":{"north":{"uv":[8.75, 4.5, 12.75, 4.75],"texture":"#2"},"east":{"uv":[1.5, 6.625, 2, 6.75],"texture":"#2"},"south":{"uv":[8.75, 4.5, 12.75, 4.75],"texture":"#2"},"west":{"uv":[1.5, 6.625, 2, 6.875],"texture":"#2"},"up":{"uv":[10, 3.75, 6, 3.25],"texture":"#2"},"down":{"uv":[10, 3.75, 6, 3.25],"texture":"#2"}}},{"from":[-5, 10, -2],"to":[-3, 12, 2],"rotation":{"angle":22.5,"axis":"x","origin":[0, 12, 2]},"faces":{"north":{"uv":[0.5, 7.0625, 0.75, 7.3125],"rotation":180,"texture":"#2"},"east":{"uv":[0.5, 7.375, 1, 7.625],"rotation":180,"texture":"#2"},"south":{"uv":[0.5, 7.0625, 0.75, 7.3125],"rotation":180,"texture":"#2"},"west":{"uv":[1, 7.375, 0.5, 7.625],"rotation":180,"texture":"#2"},"up":{"uv":[0.9375, 6.375, 1.1875, 6.875],"rotation":180,"texture":"#2"},"down":{"uv":[0.9375, 6.375, 1.1875, 6.875],"rotation":180,"texture":"#2"}}},{"from":[-4, 12.30448, -3.46927],"to":[-4, 16.30448, 0.53073],"rotation":{"angle":-22.5,"axis":"x","origin":[-3, 12, -2]},"faces":{"north":{"uv":[0, 0, 0, 0],"rotation":180,"texture":"#2"},"east":{"uv":[0.5, 7.625, 1, 8.125],"rotation":270,"texture":"#2"},"south":{"uv":[0, 0, 0, 0],"rotation":180,"texture":"#2"},"west":{"uv":[0.5, 7.625, 1, 8.125],"rotation":270,"texture":"#2"},"up":{"uv":[0, 0, 0, 0],"rotation":180,"texture":"#2"},"down":{"uv":[0, 0, 0, 0],"rotation":180,"texture":"#2"}}},{"from":[10, 6, 27.23044],"to":[12, 8, 31.23044],"rotation":{"angle":-22.5,"axis":"x","origin":[15, 6, 31.23044]},"faces":{"north":{"uv":[0.5, 7.3125, 0.75, 7.0625],"rotation":180,"texture":"#2"},"east":{"uv":[0.5, 7.625, 1, 7.375],"rotation":180,"texture":"#2"},"south":{"uv":[0.5, 7.3125, 0.75, 7.0625],"rotation":180,"texture":"#2"},"west":{"uv":[0.5, 7.625, 1, 7.375],"rotation":180,"texture":"#2"},"up":{"uv":[0.5, 7.625, 1, 7.375],"rotation":180,"texture":"#2"},"down":{"uv":[0.5, 7.625, 1, 7.375],"rotation":180,"texture":"#2"}}},{"from":[11, 6, 27.23044],"to":[11, 10, 31.23044],"rotation":{"angle":45,"axis":"x","origin":[15, 6, 31.23044]},"faces":{"north":{"uv":[0.5, 7.625, 1, 7.375],"texture":"#2"},"east":{"uv":[1, 7.625, 1.5, 8.125],"rotation":90,"texture":"#2"},"south":{"uv":[0.5, 7.625, 1, 7.375],"rotation":180,"texture":"#2"},"west":{"uv":[1, 8.125, 1.5, 7.625],"rotation":90,"texture":"#2"},"up":{"uv":[0.5, 7.3125, 0.75, 7.0625],"rotation":180,"texture":"#2"},"down":{"uv":[0.5, 7.3125, 0.75, 7.0625],"texture":"#2"}}},{"from":[-11, 0.5, 13],"to":[-7, 3, 19],"rotation":{"angle":0,"axis":"y","origin":[0, 0, 8]},"faces":{"north":{"uv":[1.25, 7.1875, 1.75, 7.5],"texture":"#2"},"east":{"uv":[1.25, 6.875, 2, 7.1875],"texture":"#2"},"south":{"uv":[1.25, 7.1875, 1.75, 7.5],"texture":"#2"},"west":{"uv":[1.25, 6.875, 2, 7.1875],"texture":"#2"},"up":{"uv":[2, 6.625, 2.5, 7.375],"texture":"#2"},"down":{"uv":[2, 6.625, 2.5, 7.375],"texture":"#2"}}},{"from":[23, 0.5, 13],"to":[27, 3, 19],"rotation":{"angle":0,"axis":"y","origin":[0, 0, 8]},"faces":{"north":{"uv":[1.25, 7.1875, 1.75, 7.5],"texture":"#2"},"east":{"uv":[1.25, 6.875, 2, 7.1875],"texture":"#2"},"south":{"uv":[1.25, 7.1875, 1.75, 7.5],"texture":"#2"},"west":{"uv":[1.25, 6.875, 2, 7.1875],"texture":"#2"},"up":{"uv":[2, 6.625, 2.5, 7.375],"texture":"#2"},"down":{"uv":[2, 6.625, 2.5, 7.375],"texture":"#2"}}},{"from":[-15.1, 7.1, 6],"to":[31.1, 15.1, 26],"rotation":{"angle":0,"axis":"y","origin":[0, 0, 8]},"faces":{"north":{"uv":[0, 0, 0, 0],"texture":"#2"},"east":{"uv":[13.5, 12.5, 16, 13.5],"texture":"#2"},"south":{"uv":[0, 0, 0, 0],"texture":"#2"},"west":{"uv":[13.5, 12.5, 16, 13.5],"texture":"#2"},"up":{"uv":[10.225, 13.5, 16, 16],"texture":"#2"},"down":{"uv":[0, 0, 0, 0],"texture":"#2"}}}],"gui_light":"front","display":{"thirdperson_righthand":{"rotation":[67.5, 0, 0],"translation":[0, 3, 0.5],"scale":[0.14844, 0.14844, 0.14844]},"thirdperson_lefthand":{"rotation":[67.5, 0, 0],"translation":[0, 3, 0.5],"scale":[0.14844, 0.14844, 0.14844]},"firstperson_righthand":{"translation":[1.13, 2.45, -0.62],"scale":[0.22, 0.22, 0.22]},"firstperson_lefthand":{"translation":[1.13, 2.45, -0.62],"scale":[0.22, 0.22, 0.22]},"ground":{"translation":[0, 0.5, -1.75],"scale":[0.29, 0.29, 0.29]},"gui":{"rotation":[30, 225, 0],"translation":[1.5, -1.25, 0],"scale":[0.25078, 0.25078, 0.25078]},"head":{"translation":[0, -30.5, 0],"scale":[0, 0, 0]},"fixed":{"rotation":[-90, 0, 0],"translation":[-32, 0, -18],"scale":[2, 2, 2]}}}