{"texture_size":[32,32],"textures":{"0":"custom/hats/hockey_mask"},"elements":[{"from":[-0.5,4,8],"to":[1.5,14,10],"faces":{"north":{"uv":[0.016,8.016,0.984,12.984],"texture":"#0"},"east":{"uv":[7.516,8.016,7.984,12.984],"texture":"#0"},"south":{"uv":[8.016,0.016,8.984,4.984],"texture":"#0"},"west":{"uv":[9.016,0.016,9.484,4.984],"texture":"#0"},"up":{"uv":[6.484,10.484,5.516,10.016],"texture":"#0"},"down":{"uv":[11.484,0.016,10.516,0.484],"texture":"#0"}}},{"from":[14.5,4,8],"to":[16.5,14,10],"faces":{"north":{"uv":[1.016,8.016,1.984,12.984],"texture":"#0"},"east":{"uv":[8.516,9.016,8.984,13.984],"texture":"#0"},"south":{"uv":[2.016,8.016,2.984,12.984],"texture":"#0"},"west":{"uv":[9.016,9.016,9.484,13.984],"texture":"#0"},"up":{"uv":[11.484,0.984,10.516,0.516],"texture":"#0"},"down":{"uv":[11.484,1.016,10.516,1.484],"texture":"#0"}}},{"from":[5.5,0,7],"to":[10.5,16,9],"faces":{"north":{"uv":[0,0.016,2.468,7.984],"texture":"#0"},"east":{"uv":[8.016,5.016,8.484,12.984],"texture":"#0"},"south":{"uv":[2.516,0.016,3.984,7.984],"texture":"#0"},"west":{"uv":[7.016,8.016,7.484,15.984],"texture":"#0"},"up":{"uv":[4.984,10.484,3.016,10.016],"texture":"#0"},"down":{"uv":[11.984,3.016,10.016,3.484],"texture":"#0"}}},{"from":[1.5,0,7],"to":[5.5,8,9],"faces":{"north":{"uv":[4.016,0.016,5.984,3.984],"texture":"#0"},"south":{"uv":[4.016,4.016,5.984,7.984],"texture":"#0"},"west":{"uv":[9.516,0.016,9.984,3.984],"texture":"#0"},"up":{"uv":[11.484,4.484,9.516,4.016],"texture":"#0"},"down":{"uv":[11.484,4.516,9.516,4.984],"texture":"#0"}}},{"from":[1.5,12,7],"to":[5.5,16,9],"faces":{"north":{"uv":[3.016,8.016,4.984,9.984],"texture":"#0"},"south":{"uv":[5.016,8.016,6.984,9.984],"texture":"#0"},"west":{"uv":[10.016,0.016,10.484,1.984],"texture":"#0"},"up":{"uv":[11.984,2.484,10.016,2.016],"texture":"#0"},"down":{"uv":[11.984,2.516,10.016,2.984],"texture":"#0"}}},{"from":[10.5,0,7],"to":[14.5,8,9],"faces":{"north":{"uv":[6.016,0.016,7.984,3.984],"texture":"#0"},"east":{"uv":[9.516,9.016,9.984,12.984],"texture":"#0"},"south":{"uv":[6.016,4.016,7.984,7.984],"texture":"#0"},"up":{"uv":[11.984,9.984,10.016,9.516],"texture":"#0"},"down":{"uv":[11.984,10.016,10.016,10.484],"texture":"#0"}}},{"from":[10.5,12,7],"to":[14.5,16,9],"faces":{"north":{"uv":[8.516,5.016,10.484,6.984],"texture":"#0"},"east":{"uv":[5.016,10.016,5.484,11.984],"texture":"#0"},"south":{"uv":[8.516,7.016,10.484,8.984],"texture":"#0"},"up":{"uv":[11.984,3.984,10.016,3.516],"texture":"#0"},"down":{"uv":[11.984,9.016,10.016,9.484],"texture":"#0"}}},{"from":[1.5,8,8],"to":[14.5,12,8],"faces":{"north":{"uv":[10,13.5,16,15.5],"texture":"#0"},"east":{"uv":[0,0,0,2],"texture":"#0"},"south":{"uv":[0,13.5,6,15.5],"texture":"#0"},"west":{"uv":[0,0,0,2],"texture":"#0"},"up":{"uv":[0,0,6,0],"texture":"#0"},"down":{"uv":[0,0,6,0],"texture":"#0"}}},{"from":[-2,8,9],"to":[0,10,13],"faces":{"north":{"uv":[14.5,14,15.5,15],"texture":"#0"},"east":{"uv":[14.5,14,15.5,15],"texture":"#0"},"south":{"uv":[14.5,14,15.5,15],"texture":"#0"},"west":{"uv":[14.5,14,15.5,15],"texture":"#0"},"up":{"uv":[14.5,14,15.5,15],"texture":"#0"},"down":{"uv":[14.5,14,15.5,15],"texture":"#0"}}},{"from":[16,8,9],"to":[18,10,13],"faces":{"north":{"uv":[14.5,14,15.5,15],"texture":"#0"},"east":{"uv":[14.5,14,15.5,15],"texture":"#0"},"south":{"uv":[14.5,14,15.5,15],"texture":"#0"},"west":{"uv":[14.5,14,15.5,15],"texture":"#0"},"up":{"uv":[14.5,14,15.5,15],"texture":"#0"},"down":{"uv":[14.5,14,15.5,15],"texture":"#0"}}},{"from":[7,15.5,8],"to":[9,17.5,12],"faces":{"north":{"uv":[14.5,14,15.5,15],"texture":"#0"},"east":{"uv":[14.5,14,15.5,15],"texture":"#0"},"south":{"uv":[14.5,14,15.5,15],"texture":"#0"},"west":{"uv":[14.5,14,15.5,15],"texture":"#0"},"up":{"uv":[14.5,14,15.5,15],"texture":"#0"},"down":{"uv":[14.5,14,15.5,15],"texture":"#0"}}}],"gui_light":"front","display":{"thirdperson_righthand":{"translation":[0,-1.5,-1],"scale":[0.3,0.4,0.4]},"thirdperson_lefthand":{"translation":[0,-1.5,-1],"scale":[0.3,0.4,0.4]},"firstperson_righthand":{"scale":[0.4,0.5,0.5]},"firstperson_lefthand":{"scale":[0.4,0.5,0.5]},"ground":{"translation":[0,1,0],"scale":[0.4,0.5,0.5]},"gui":{"rotation":[25,-150,0],"translation":[1,-0.5,0],"scale":[0.6,0.75,0.75]},"head":{"translation":[0,-0.25,-8.5],"scale":[0.75,0.9,1]},"fixed":{"translation":[0,-0.75,-0.75],"scale":[0.8,1,1]}}}