{"texture_size":[32,32],"textures":{"0":"custom/hats/santa_hat"},"elements":[{"from":[3,0,3],"to":[13,3,13],"rotation":{"angle":0,"axis":"y","origin":[1,-2,15]},"faces":{"north":{"uv":[0,10.5,5,12],"texture":"#0"},"east":{"uv":[5,10.5,0,12],"texture":"#0"},"south":{"uv":[5,10.5,0,12],"texture":"#0"},"west":{"uv":[0,10.5,5,12],"texture":"#0"},"up":{"uv":[5,0,0,5],"texture":"#0"},"down":{"uv":[5,10,0,5],"texture":"#0"}}},{"from":[4,3,4],"to":[12,6,12],"rotation":{"angle":0,"axis":"x","origin":[1,-2,15]},"faces":{"north":{"uv":[9.5,4.5,5.5,6],"texture":"#0"},"east":{"uv":[9.5,4.5,5.5,6],"texture":"#0"},"south":{"uv":[9.5,4.5,5.5,6],"texture":"#0"},"west":{"uv":[9.5,4.5,5.5,6],"texture":"#0"},"up":{"uv":[9.5,0,5.5,4],"texture":"#0"},"down":{"uv":[9.5,4,5.5,0],"texture":"#0"}}},{"from":[4.5,1.7,3],"to":[11.5,4.7,10],"rotation":{"angle":22.5,"axis":"x","origin":[1,-2,15]},"faces":{"north":{"uv":[5.5,10.5,9,12],"texture":"#0"},"east":{"uv":[5.5,10.5,9,12],"texture":"#0"},"south":{"uv":[5.5,10.5,9,12],"texture":"#0"},"west":{"uv":[5.5,10.5,9,12],"texture":"#0"},"up":{"uv":[5.5,6.5,9,10],"texture":"#0"},"down":{"uv":[5.5,6.5,9,10],"texture":"#0"}}},{"from":[5.5,-0.1,2.5],"to":[10.5,2.9,7.5],"rotation":{"angle":45,"axis":"x","origin":[1,-2,15]},"faces":{"north":{"uv":[10,3,12.5,4.5],"texture":"#0"},"east":{"uv":[10,3,12.5,4.5],"texture":"#0"},"south":{"uv":[10,3,12.5,4.5],"texture":"#0"},"west":{"uv":[10,3,12.5,4.5],"texture":"#0"},"up":{"uv":[10,0,12.5,2.5],"texture":"#0"},"down":{"uv":[10,0,12.5,2.5],"texture":"#0"}}},{"from":[6.5,4.5,11.9],"to":[9.5,7.5,14.9],"rotation":{"angle":0,"axis":"x","origin":[1,-2,15]},"faces":{"north":{"uv":[0,0,0,0],"texture":"#0"},"east":{"uv":[10,6.5,11.5,8],"texture":"#0"},"south":{"uv":[10,6.5,11.5,8],"texture":"#0"},"west":{"uv":[10,6.5,11.5,8],"texture":"#0"},"up":{"uv":[10,6.5,11.5,8],"texture":"#0"},"down":{"uv":[10,6.5,11.5,8],"texture":"#0"}}}],"gui_light":"front","display":{"thirdperson_righthand":{"rotation":[34,0,0],"scale":[0.75,0.75,0.75]},"thirdperson_lefthand":{"rotation":[34,0,0],"scale":[0.75,0.75,0.75]},"firstperson_righthand":{"translation":[1.25,3.25,0],"scale":[0.75,0.75,0.75]},"firstperson_lefthand":{"translation":[1.25,3.25,0],"scale":[0.75,0.75,0.75]},"ground":{"scale":[0.8,0.8,0.8]},"gui":{"rotation":[25,-150,0],"translation":[0,3.25,0]},"head":{"rotation":[9,0,0],"translation":[0,16.25,1.5],"scale":[1.6,1.6,1.6]},"fixed":{"translation":[0,4,0]}}}