{"texture_size":[64,64],"textures":{"0":"custom/hats/viking_helmet"},"elements":[{"from":[3,6.5,3],"to":[13,10,13],"faces":{"north":{"uv":[0,5,2.5,6],"texture":"#0"},"east":{"uv":[5,3.75,7.5,4.75],"texture":"#0"},"south":{"uv":[5,4.75,7.5,5.75],"texture":"#0"},"west":{"uv":[2.5,5.25,5,6.25],"texture":"#0"},"up":{"uv":[2.5,2.5,0,0],"texture":"#0"},"down":{"uv":[2.5,2.5,0,5],"texture":"#0"}}},{"from":[7,4.5,2],"to":[9,8,4],"faces":{"north":{"uv":[7,5.75,7.5,6.75],"texture":"#0"},"east":{"uv":[7,9,7.5,10],"texture":"#0"},"south":{"uv":[1.5,9.5,2,10.5],"texture":"#0"},"west":{"uv":[4,9.5,4.5,10.5],"texture":"#0"},"up":{"uv":[4.5,6.75,4,6.25],"texture":"#0"},"down":{"uv":[5,6.25,4.5,6.75],"texture":"#0"}}},{"from":[4,8.5,4],"to":[12,12,12],"faces":{"north":{"uv":[5,5.75,7,6.75],"texture":"#0"},"east":{"uv":[0,6,2,7],"texture":"#0"},"south":{"uv":[2,6.25,4,7.25],"texture":"#0"},"west":{"uv":[4,6.75,6,7.75],"texture":"#0"},"up":{"uv":[4.5,2,2.5,0],"texture":"#0"},"down":{"uv":[4.5,2,2.5,4],"texture":"#0"}}},{"from":[11.01,2.11,3.01],"to":[12.99,6.59,12.99],"rotation":{"angle":0,"axis":"y","origin":[16,0,0]},"faces":{"north":{"uv":[0.75,8.25,1.25,9.5],"texture":"#0"},"east":{"uv":[2.5,4,5,5.25],"texture":"#0"},"south":{"uv":[8.25,1,8.75,2.25],"texture":"#0"},"west":{"uv":[4.5,0,7,1.25],"texture":"#0"},"up":{"uv":[7.5,2.5,7,0],"texture":"#0"},"down":{"uv":[2,7,1.5,9.5],"texture":"#0"}}},{"from":[5.01,2.11,12.01],"to":[10.99,6.59,12.99],"rotation":{"angle":0,"axis":"y","origin":[16,0,0]},"faces":{"north":{"uv":[6,6.75,7.5,8],"texture":"#0"},"east":{"uv":[1.25,8.25,1.5,9.5],"texture":"#0"},"south":{"uv":[0,7,1.5,8.25],"texture":"#0"},"west":{"uv":[8,9.5,8.25,10.75],"texture":"#0"},"up":{"uv":[10.75,4.75,9.25,4.5],"texture":"#0"},"down":{"uv":[11,4.75,9.5,5],"texture":"#0"}}},{"from":[3.01,2.11,3.01],"to":[4.99,6.59,12.99],"faces":{"north":{"uv":[8.25,3.5,8.75,4.75],"texture":"#0"},"east":{"uv":[4.5,1.25,7,2.5],"texture":"#0"},"south":{"uv":[8.25,4.75,8.75,6],"texture":"#0"},"west":{"uv":[4.5,2.5,7,3.75],"texture":"#0"},"up":{"uv":[2.5,9.75,2,7.25],"texture":"#0"},"down":{"uv":[3,7.25,2.5,9.75],"texture":"#0"}}},{"from":[11,-0.34564,-3.23503],"to":[13.25,4.65436,-0.73503],"rotation":{"angle":22.5,"axis":"x","origin":[16,-12.34564,3.26497]},"faces":{"north":{"uv":[8.25,6,8.75,7.25],"texture":"#0"},"east":{"uv":[7,2.5,7.75,3.75],"texture":"#0"},"south":{"uv":[8.25,7.25,8.75,8.5],"texture":"#0"},"west":{"uv":[3,7.25,3.75,8.5],"texture":"#0"},"up":{"uv":[5,10.25,4.5,9.5],"texture":"#0"},"down":{"uv":[5.5,9.5,5,10.25],"texture":"#0"}}},{"from":[2.75,-0.34564,-3.23503],"to":[5,4.65436,-0.73503],"rotation":{"angle":22.5,"axis":"x","origin":[0,-12.34564,3.26497]},"faces":{"north":{"uv":[8.5,2.25,9,3.5],"texture":"#0"},"east":{"uv":[7.5,0,8.25,1.25],"texture":"#0"},"south":{"uv":[3,8.5,3.5,9.75],"texture":"#0"},"west":{"uv":[7.5,1.25,8.25,2.5],"texture":"#0"},"up":{"uv":[10,5.75,9.5,5],"texture":"#0"},"down":{"uv":[10,5.75,9.5,6.5],"texture":"#0"}}},{"from":[9.51,-2.33564,-3.22503],"to":[11.49,2.64436,-0.74503],"rotation":{"angle":22.5,"axis":"x","origin":[16,-12.34564,3.26497]},"faces":{"north":{"uv":[8.25,8.5,8.75,9.75],"texture":"#0"},"east":{"uv":[7.5,3.75,8.25,5],"texture":"#0"},"south":{"uv":[8.75,1,9.25,2.25],"texture":"#0"},"west":{"uv":[7.5,5,8.25,6.25],"texture":"#0"},"up":{"uv":[10,7.25,9.5,6.5],"texture":"#0"},"down":{"uv":[10,7.25,9.5,8],"texture":"#0"}}},{"from":[4.51,-2.33564,-3.22503],"to":[6.49,2.64436,-0.74503],"rotation":{"angle":22.5,"axis":"x","origin":[0,-12.34564,3.26497]},"faces":{"north":{"uv":[3.5,8.75,4,10],"texture":"#0"},"east":{"uv":[7.5,6.25,8.25,7.5],"texture":"#0"},"south":{"uv":[8.75,3.5,9.25,4.75],"texture":"#0"},"west":{"uv":[7.5,7.5,8.25,8.75],"texture":"#0"},"up":{"uv":[8,10.25,7.5,9.5],"texture":"#0"},"down":{"uv":[10,8,9.5,8.75],"texture":"#0"}}},{"from":[11.8,8.8,5.8],"to":[14.2,12.2,9.2],"rotation":{"angle":22.5,"axis":"z","origin":[13,9,8]},"faces":{"north":{"uv":[9.5,8.75,10,9.5],"texture":"#0"},"east":{"uv":[4,8.75,4.75,9.5],"texture":"#0"},"south":{"uv":[9.5,9.5,10,10.25],"texture":"#0"},"west":{"uv":[4.75,8.75,5.5,9.5],"texture":"#0"},"up":{"uv":[10.25,0.75,9.75,0],"texture":"#0"},"down":{"uv":[2.5,9.75,2,10.5],"texture":"#0"}}},{"from":[1.8,8.8,5.8],"to":[4.2,12.2,9.2],"rotation":{"angle":-22.5,"axis":"z","origin":[3,9,8]},"faces":{"north":{"uv":[9.75,2.25,10.25,3],"texture":"#0"},"east":{"uv":[8.75,4.75,9.5,5.5],"texture":"#0"},"south":{"uv":[2.5,9.75,3,10.5],"texture":"#0"},"west":{"uv":[8.75,5.5,9.5,6.25],"texture":"#0"},"up":{"uv":[3.5,10.5,3,9.75],"texture":"#0"},"down":{"uv":[6,9.75,5.5,10.5],"texture":"#0"}}},{"from":[14.32453,8.49663,6],"to":[17.32453,11.49663,9],"rotation":{"angle":45,"axis":"z","origin":[13.12453,8.49663,8]},"faces":{"north":{"uv":[8.75,6.25,9.5,7],"texture":"#0"},"east":{"uv":[8.75,7,9.5,7.75],"texture":"#0"},"south":{"uv":[7.5,8.75,8.25,9.5],"texture":"#0"},"west":{"uv":[8.75,7.75,9.5,8.5],"texture":"#0"},"up":{"uv":[9.5,9.25,8.75,8.5],"texture":"#0"},"down":{"uv":[9.75,0,9,0.75],"texture":"#0"}}},{"from":[-1.32453,8.49663,6],"to":[1.67547,11.49663,9],"rotation":{"angle":-45,"axis":"z","origin":[2.87547,8.49663,8]},"faces":{"north":{"uv":[9,2.25,9.75,3],"texture":"#0"},"east":{"uv":[5.5,9,6.25,9.75],"texture":"#0"},"south":{"uv":[6.25,9,7,9.75],"texture":"#0"},"west":{"uv":[0,9.25,0.75,10],"texture":"#0"},"up":{"uv":[10,1.5,9.25,0.75],"texture":"#0"},"down":{"uv":[10,1.5,9.25,2.25],"texture":"#0"}}},{"from":[13.33964,12.48855,6.4],"to":[15.53964,15.68855,8.6],"rotation":{"angle":-22.5,"axis":"z","origin":[11.93964,11.88855,5]},"faces":{"north":{"uv":[7.75,2.5,8.5,3.5],"texture":"#0"},"east":{"uv":[3.75,7.75,4.5,8.75],"texture":"#0"},"south":{"uv":[4.5,7.75,5.25,8.75],"texture":"#0"},"west":{"uv":[5.25,7.75,6,8.75],"texture":"#0"},"up":{"uv":[10,3.75,9.25,3],"texture":"#0"},"down":{"uv":[10,3.75,9.25,4.5],"texture":"#0"}}},{"from":[0.46036,12.48855,6.4],"to":[2.66036,15.68855,8.6],"rotation":{"angle":22.5,"axis":"z","origin":[4.06036,11.88855,5]},"faces":{"north":{"uv":[6,8,6.75,9],"texture":"#0"},"east":{"uv":[6.75,8,7.5,9],"texture":"#0"},"south":{"uv":[0,8.25,0.75,9.25],"texture":"#0"},"west":{"uv":[8.25,0,9,1],"texture":"#0"},"up":{"uv":[9.5,10,8.75,9.25],"texture":"#0"},"down":{"uv":[1.5,9.5,0.75,10.25],"texture":"#0"}}}],"gui_light":"front","display":{"thirdperson_righthand":{"rotation":[75,45,0],"translation":[0,2.5,0],"scale":[0.375,0.375,0.375]},"thirdperson_lefthand":{"rotation":[75,45,0],"translation":[0,2.5,0],"scale":[0.375,0.375,0.375]},"firstperson_righthand":{"rotation":[0,115,0],"translation":[0.75,5,0],"scale":[0.4,0.4,0.4]},"firstperson_lefthand":{"rotation":[0,115,0],"translation":[0.75,5,0],"scale":[0.4,0.4,0.4]},"ground":{"translation":[0,3,0],"scale":[0.5,0.5,0.5]},"gui":{"rotation":[25,-150,0],"translation":[0,0.75,0],"scale":[0.77,0.77,0.77]},"head":{"translation":[0,4,0.25],"scale":[1.55,1.55,1.55]}}}