{"texture_size":[32,32],"textures":{"0":"custom/hats/wolf_helmet"},"elements":[{"from":[5,6,6],"to":[11,6,12],"rotation":{"angle":0,"axis":"y","origin":[13,13,14]},"faces":{"north":{"uv":[0,0,3,0],"texture":"#0"},"east":{"uv":[0,0,3,0],"texture":"#0"},"south":{"uv":[0,0,3,0],"texture":"#0"},"west":{"uv":[0,0,3,0],"texture":"#0"},"up":{"uv":[6,3,3,0],"texture":"#0"},"down":{"uv":[3,4,0,7],"texture":"#0"}}},{"from":[5.5,8,9.2],"to":[7,8,10.2],"rotation":{"angle":0,"axis":"y","origin":[13.5,15,13.2]},"faces":{"north":{"uv":[0,0,1,0],"texture":"#0"},"east":{"uv":[0,0,0.5,0],"texture":"#0"},"south":{"uv":[0,0,1,0],"texture":"#0"},"west":{"uv":[0,0,0.5,0],"texture":"#0"},"up":{"uv":[9,7.5,8,7],"texture":"#0"},"down":{"uv":[10,3,9,3.5],"texture":"#0"}}},{"from":[6,3.001,12],"to":[10,6.001,12],"rotation":{"angle":0,"axis":"y","origin":[17,12.001,5]},"faces":{"north":{"uv":[6,6,8,7.5],"texture":"#0"},"east":{"uv":[0,0,0,1.5],"texture":"#0"},"south":{"uv":[6,0,8,1.5],"texture":"#0"},"west":{"uv":[0,0,0,1.5],"texture":"#0"},"up":{"uv":[2,0,0,0],"texture":"#0"},"down":{"uv":[2,0,0,0],"texture":"#0"}}},{"from":[9,8.001,9.2],"to":[10.5,8.001,10.2],"rotation":{"angle":0,"axis":"y","origin":[17,15.001,13.2]},"faces":{"north":{"uv":[0,0,1,0],"texture":"#0"},"east":{"uv":[0,0,0.5,0],"texture":"#0"},"south":{"uv":[0,0,1,0],"texture":"#0"},"west":{"uv":[0,0,0.5,0],"texture":"#0"},"up":{"uv":[10,4,9,3.5],"texture":"#0"},"down":{"uv":[10,4,9,4.5],"texture":"#0"}}},{"from":[5,0.001,12],"to":[6,6.001,12],"rotation":{"angle":0,"axis":"y","origin":[16,13.001,5]},"faces":{"north":{"uv":[4,7,4.5,10],"texture":"#0"},"east":{"uv":[0,0,0,3],"texture":"#0"},"south":{"uv":[4.5,7,5,10],"texture":"#0"},"west":{"uv":[0,0,0,3],"texture":"#0"},"up":{"uv":[0.5,0,0,0],"texture":"#0"},"down":{"uv":[0.5,0,0,0],"texture":"#0"}}},{"from":[10,0.001,12],"to":[11,6.001,12],"rotation":{"angle":0,"axis":"y","origin":[21,13.001,5]},"faces":{"north":{"uv":[5,7,5.5,10],"texture":"#0"},"east":{"uv":[0,0,0,3],"texture":"#0"},"south":{"uv":[5.5,7,6,10],"texture":"#0"},"west":{"uv":[0,0,0,3],"texture":"#0"},"up":{"uv":[0.5,0,0,0],"texture":"#0"},"down":{"uv":[0.5,0,0,0],"texture":"#0"}}},{"from":[5,-1.999,6],"to":[11,6.001,6],"rotation":{"angle":0,"axis":"y","origin":[17,13.001,-1]},"faces":{"north":{"uv":[0,0,3,4],"texture":"#0"},"east":{"uv":[0,0,0,4],"texture":"#0"},"south":{"uv":[3,3,6,7],"texture":"#0"},"west":{"uv":[0,0,0,4],"texture":"#0"},"up":{"uv":[3,0,0,0],"texture":"#0"},"down":{"uv":[3,0,0,0],"texture":"#0"}}},{"from":[5.5,6.001,9],"to":[7,8.001,9.2],"rotation":{"angle":0,"axis":"y","origin":[17,15.001,2]},"faces":{"north":{"uv":[8,2,9,3],"texture":"#0"},"east":{"uv":[9,4.5,9.5,5.5],"texture":"#0"},"south":{"uv":[8,3,9,4],"texture":"#0"},"west":{"uv":[9,5.5,9.5,6.5],"texture":"#0"},"up":{"uv":[10,7,9,6.5],"texture":"#0"},"down":{"uv":[10,7,9,7.5],"texture":"#0"}}},{"from":[9,6.001,9],"to":[10.5,8.001,9.2],"rotation":{"angle":0,"axis":"y","origin":[21,15.001,2]},"faces":{"north":{"uv":[8,4,9,5],"texture":"#0"},"east":{"uv":[9,7.5,9.5,8.5],"texture":"#0"},"south":{"uv":[8,5,9,6],"texture":"#0"},"west":{"uv":[6,9.5,6.5,10.5],"texture":"#0"},"up":{"uv":[10,9,9,8.5],"texture":"#0"},"down":{"uv":[7.5,9.5,6.5,10],"texture":"#0"}}},{"from":[11,2,6],"to":[11,6,10],"rotation":{"angle":0,"axis":"y","origin":[18,13,18]},"faces":{"north":{"uv":[0,0,0,1.5],"texture":"#0"},"east":{"uv":[6,1.5,8,3],"texture":"#0"},"south":{"uv":[0,0,0,1.5],"texture":"#0"},"west":{"uv":[6,3,8,4.5],"texture":"#0"},"up":{"uv":[0,2,0,0],"texture":"#0"},"down":{"uv":[0,0,0,2],"texture":"#0"}}},{"from":[5,2,6],"to":[5,6,10],"rotation":{"angle":0,"axis":"y","origin":[12,13,18]},"faces":{"north":{"uv":[0,0,0,1.5],"texture":"#0"},"east":{"uv":[6,4.5,8,6],"texture":"#0"},"south":{"uv":[0,0,0,1.5],"texture":"#0"},"west":{"uv":[0,7,2,8.5],"texture":"#0"},"up":{"uv":[0,2,0,0],"texture":"#0"},"down":{"uv":[0,0,0,2],"texture":"#0"}}},{"from":[11,-1,11],"to":[11,6,12],"rotation":{"angle":0,"axis":"y","origin":[18,13,18]},"faces":{"north":{"uv":[0,0,0,3.5],"texture":"#0"},"east":{"uv":[2,7,2.5,10.5],"texture":"#0"},"south":{"uv":[0,0,0,3.5],"texture":"#0"},"west":{"uv":[2.5,7,3,10.5],"texture":"#0"},"up":{"uv":[0,0.5,0,0],"texture":"#0"},"down":{"uv":[0,0,0,0.5],"texture":"#0"}}},{"from":[5,-1,11],"to":[5,6,12],"rotation":{"angle":0,"axis":"y","origin":[12,13,18]},"faces":{"north":{"uv":[0,0,0,3.5],"texture":"#0"},"east":{"uv":[3,7,3.5,10.5],"texture":"#0"},"south":{"uv":[0,0,0,3.5],"texture":"#0"},"west":{"uv":[3.5,7,4,10.5],"texture":"#0"},"up":{"uv":[0,0.5,0,0],"texture":"#0"},"down":{"uv":[0,0,0,0.5],"texture":"#0"}}},{"from":[11,2,10],"to":[11,6,11],"rotation":{"angle":0,"axis":"y","origin":[18,13,17]},"faces":{"north":{"uv":[0,0,0,2],"texture":"#0"},"east":{"uv":[0,8.5,0.5,10.5],"texture":"#0"},"south":{"uv":[0,0,0,2],"texture":"#0"},"west":{"uv":[0.5,8.5,1,10.5],"texture":"#0"},"up":{"uv":[0,0.5,0,0],"texture":"#0"},"down":{"uv":[0,0,0,0.5],"texture":"#0"}}},{"from":[5,2,10],"to":[5,6,11],"rotation":{"angle":0,"axis":"y","origin":[12,13,17]},"faces":{"north":{"uv":[0,0,0,2],"texture":"#0"},"east":{"uv":[1,8.5,1.5,10.5],"texture":"#0"},"south":{"uv":[0,0,0,2],"texture":"#0"},"west":{"uv":[1.5,8.5,2,10.5],"texture":"#0"},"up":{"uv":[0,0.5,0,0],"texture":"#0"},"down":{"uv":[0,0,0,0.5],"texture":"#0"}}},{"from":[11,0.5,7],"to":[11,2,8.5],"rotation":{"angle":0,"axis":"y","origin":[18,11.5,14]},"faces":{"north":{"uv":[0,0,0,1],"texture":"#0"},"east":{"uv":[8,6,9,7],"texture":"#0"},"south":{"uv":[0,0,0,1],"texture":"#0"},"west":{"uv":[6,8.5,7,9.5],"texture":"#0"},"up":{"uv":[0,1,0,0],"texture":"#0"},"down":{"uv":[0,0,0,1],"texture":"#0"}}},{"from":[5,0.5,7],"to":[5,2,8.5],"rotation":{"angle":0,"axis":"y","origin":[12,11.5,14]},"faces":{"north":{"uv":[0,0,0,1],"texture":"#0"},"east":{"uv":[7,8.5,8,9.5],"texture":"#0"},"south":{"uv":[0,0,0,1],"texture":"#0"},"west":{"uv":[8,8.5,9,9.5],"texture":"#0"},"up":{"uv":[0,1,0,0],"texture":"#0"},"down":{"uv":[0,0,0,1],"texture":"#0"}}},{"from":[6.5,2.501,11.999],"to":[9.5,4.501,13.999],"rotation":{"angle":0,"axis":"y","origin":[15,10.501,19.999]},"faces":{"north":{"uv":[6,7.5,7.5,8.5],"texture":"#0"},"east":{"uv":[9,9,10,10],"texture":"#0"},"south":{"uv":[7.5,7.5,9,8.5],"texture":"#0"},"west":{"uv":[9,2,10,3],"texture":"#0"},"up":{"uv":[9.5,1,8,0],"texture":"#0"},"down":{"uv":[9.5,1,8,2],"texture":"#0"}}}],"gui_light":"front","display":{"gui":{"rotation":[25,30,0],"translation":[-0.5,6.5,0],"scale":[1.3,1.3,1.3]},"head":{"rotation":[-174.5,0,-180],"translation":[0,14,4],"scale":[2.65,2.65,2.65]},"fixed":{"rotation":[0,-180,0],"translation":[0,8.75,3],"scale":[2,2,2]}}}