{"textures":{"0":"modelengine:entity/nm_raccoon_texture","particle":"#0"},"elements":[{"from":[5.0,5.5,3.5],"to":[11.0,10.5,12.5],"faces":{"east":{"uv":[4.5,5.0,0.0,7.5],"tintindex":0,"rotation":0,"texture":"#0"},"south":{"uv":[10.0,6.5,13.0,9.0],"tintindex":0,"rotation":0,"texture":"#0"},"north":{"uv":[9.0,3.5,12.0,6.0],"tintindex":0,"rotation":0,"texture":"#0"},"west":{"uv":[0.0,5.0,4.5,7.5],"tintindex":0,"rotation":0,"texture":"#0"},"up":{"uv":[3.0,4.5,0.0,0.0],"tintindex":0,"rotation":0,"texture":"#0"},"down":{"uv":[6.5,0.0,3.5,4.5],"tintindex":0,"rotation":0,"texture":"#0"}}}],"display":{"head":{"rotation":[0.0,0.0,0.0]},"firstperson_righthand":{"rotation":[0.0,0.0,0.0]},"thirdperson_lefthand":{"rotation":[0.0,-0.0,-0.0]},"firstperson_lefthand":{"rotation":[0.0,-0.0,-0.0]},"fixed":{"rotation":[0.0,0.0,0.0]},"ground":{"rotation":[0.0,0.0,0.0]},"thirdperson_righthand":{"rotation":[0.0,0.0,0.0]},"gui":{"rotation":[-150.0,-45.0,180.0]}}}