{"textures":{"0":"modelengine:entity/nm_raccoon_texture","particle":"#0"},"elements":[{"from":[7.0,8.0,7.5],"to":[9.0,10.0,8.5],"faces":{"east":{"uv":[4.5,10.5,4.0,11.5],"tintindex":0,"rotation":0,"texture":"#0"},"south":{"uv":[2.5,14.5,1.5,15.5],"tintindex":0,"rotation":0,"texture":"#0"},"north":{"uv":[8.0,3.5,7.0,4.5],"tintindex":0,"rotation":0,"texture":"#0"},"west":{"uv":[9.5,6.5,9.0,7.5],"tintindex":0,"rotation":0,"texture":"#0"},"up":{"uv":[13.5,3.0,14.5,2.5],"tintindex":0,"rotation":0,"texture":"#0"},"down":{"uv":[14.0,11.0,15.0,11.5],"tintindex":0,"rotation":0,"texture":"#0"}}}],"display":{"head":{"rotation":[0.0,0.0,0.0]},"firstperson_righthand":{"rotation":[0.0,0.0,0.0]},"thirdperson_lefthand":{"rotation":[0.0,-0.0,-0.0]},"firstperson_lefthand":{"rotation":[0.0,-0.0,-0.0]},"fixed":{"rotation":[0.0,0.0,0.0]},"ground":{"rotation":[0.0,0.0,0.0]},"thirdperson_righthand":{"rotation":[0.0,0.0,0.0]},"gui":{"rotation":[-150.0,-45.0,180.0]}}}