{"textures":{"0":"modelengine:entity/texture","particle":"#0"},"elements":[{"from":[15.0,9.0,-6.0],"to":[18.0,11.0,-1.0],"faces":{"east":{"uv":[0.125,10.5,2.625,11.5],"tintindex":0,"rotation":0,"texture":"#0"},"south":{"uv":[0.625,10.25,2.125,11.25],"tintindex":0,"rotation":0,"texture":"#0"},"north":{"uv":[1.0,10.5,2.5,11.5],"tintindex":0,"rotation":0,"texture":"#0"},"west":{"uv":[0.375,10.375,2.875,11.375],"tintindex":0,"rotation":0,"texture":"#0"},"up":{"uv":[0.0,0.0,1.5,2.5],"tintindex":0,"rotation":0,"texture":"#0"},"down":{"uv":[0.0,0.0,1.5,2.5],"tintindex":0,"rotation":0,"texture":"#0"}}},{"from":[6.0,9.0,15.0],"to":[9.0,11.0,20.0],"faces":{"east":{"uv":[0.125,10.5,2.625,11.5],"tintindex":0,"rotation":0,"texture":"#0"},"south":{"uv":[0.625,10.25,2.125,11.25],"tintindex":0,"rotation":0,"texture":"#0"},"north":{"uv":[1.0,10.5,2.5,11.5],"tintindex":0,"rotation":0,"texture":"#0"},"west":{"uv":[0.375,10.375,2.875,11.375],"tintindex":0,"rotation":0,"texture":"#0"},"up":{"uv":[0.0,0.0,1.5,2.5],"tintindex":0,"rotation":0,"texture":"#0"},"down":{"uv":[0.0,0.0,1.5,2.5],"tintindex":0,"rotation":0,"texture":"#0"}}},{"from":[-1.0,9.0,-7.0],"to":[2.0,11.0,-2.0],"faces":{"east":{"uv":[0.125,10.5,2.625,11.5],"tintindex":0,"rotation":0,"texture":"#0"},"south":{"uv":[0.625,10.25,2.125,11.25],"tintindex":0,"rotation":0,"texture":"#0"},"north":{"uv":[1.0,10.5,2.5,11.5],"tintindex":0,"rotation":0,"texture":"#0"},"west":{"uv":[0.375,10.375,2.875,11.375],"tintindex":0,"rotation":0,"texture":"#0"},"up":{"uv":[0.0,0.0,1.5,2.5],"tintindex":0,"rotation":0,"texture":"#0"},"down":{"uv":[0.0,0.0,1.5,2.5],"tintindex":0,"rotation":0,"texture":"#0"}}}],"display":{"head":{"rotation":[0.0,0.0,0.0]},"firstperson_righthand":{"rotation":[0.0,0.0,0.0]},"thirdperson_lefthand":{"rotation":[0.0,-0.0,-0.0]},"firstperson_lefthand":{"rotation":[0.0,-0.0,-0.0]},"fixed":{"rotation":[0.0,0.0,0.0]},"ground":{"rotation":[0.0,0.0,0.0]},"thirdperson_righthand":{"rotation":[0.0,0.0,0.0]},"gui":{"rotation":[-150.0,-45.0,180.0]}}}