{"textures":{"0":"modelengine:entity/nm_raccoon_texture","particle":"#0"},"elements":[{"from":[6.0,6.0,8.0],"to":[10.0,10.0,17.0],"faces":{"east":{"uv":[4.5,8.0,0.0,10.0],"tintindex":0,"rotation":0,"texture":"#0"},"south":{"uv":[12.5,3.5,14.5,5.5],"tintindex":0,"rotation":0,"texture":"#0"},"north":{"uv":[10.0,12.0,12.0,14.0],"tintindex":0,"rotation":0,"texture":"#0"},"west":{"uv":[0.0,8.0,4.5,10.0],"tintindex":0,"rotation":0,"texture":"#0"},"up":{"uv":[7.0,13.0,5.0,8.5],"tintindex":0,"rotation":0,"texture":"#0"},"down":{"uv":[9.5,8.5,7.5,13.0],"tintindex":0,"rotation":0,"texture":"#0"}}}],"display":{"head":{"rotation":[0.0,0.0,0.0]},"firstperson_righthand":{"rotation":[0.0,0.0,0.0]},"thirdperson_lefthand":{"rotation":[0.0,-0.0,-0.0]},"firstperson_lefthand":{"rotation":[0.0,-0.0,-0.0]},"fixed":{"rotation":[0.0,0.0,0.0]},"ground":{"rotation":[0.0,0.0,0.0]},"thirdperson_righthand":{"rotation":[0.0,0.0,0.0]},"gui":{"rotation":[-150.0,-45.0,180.0]}}}