{"texture_size":[128, 128],"textures":{"0":"custom/furniture/juicebar/juicebar_texture_01","particle":"custom/furniture/juicebar/juicebar_texture_01"},"elements":[{"from":[-15, 1, 0],"to":[15, 3, 16],"faces":{"north":{"uv":[12.25, 4, 16, 4.25],"texture":"#0"},"east":{"uv":[10.25, 2, 12.25, 2.25],"texture":"#0"},"south":{"uv":[12.25, 4, 16, 4.25],"texture":"#0"},"west":{"uv":[10.25, 2, 12.25, 2.25],"texture":"#0"},"up":{"uv":[12.25, 2, 16, 4],"texture":"#0"},"down":{"uv":[12.25, 2, 16, 4],"texture":"#0"}}},{"from":[-15, 3, 7],"to":[15, 11, 16],"faces":{"north":{"uv":[12.25, 4.25, 16, 5.25],"texture":"#0"},"east":{"uv":[11.125, 2.25, 12.25, 3.25],"texture":"#0"},"south":{"uv":[12.25, 5.25, 16, 6.25],"texture":"#0"},"west":{"uv":[12.25, 2.25, 11.125, 3.25],"texture":"#0"},"up":{"uv":[12.25, 2.3125, 16, 3.4375],"texture":"#0"},"down":{"uv":[12.25, 2.3125, 16, 3.4375],"texture":"#0"}}},{"from":[-15, 11, 5],"to":[15, 22, 16],"faces":{"north":{"uv":[12.25, 6.25, 16, 7.625],"texture":"#0"},"east":{"uv":[9.75, 2.25, 11.125, 3.625],"texture":"#0"},"south":{"uv":[12.25, 7.625, 16, 9],"texture":"#0"},"west":{"uv":[11.125, 2.25, 9.75, 3.625],"texture":"#0"},"up":{"uv":[12.25, 9, 16, 10.375],"texture":"#0"},"down":{"uv":[12.25, 9, 16, 10.375],"texture":"#0"}}},{"from":[-15, 22, 15],"to":[15, 25, 16],"faces":{"north":{"uv":[4.1875, 4.5, 7.9375, 4.875],"texture":"#0"},"east":{"uv":[7.375, 2.875, 7.5, 3.25],"texture":"#0"},"south":{"uv":[4.1875, 4.5, 7.9375, 4.875],"texture":"#0"},"west":{"uv":[7.375, 2.875, 7.5, 3.25],"texture":"#0"},"up":{"uv":[4.1875, 4.875, 7.9375, 5],"texture":"#0"},"down":{"uv":[4.1875, 4.875, 7.9375, 5],"texture":"#0"}}},{"from":[15, 22, 6],"to":[15, 24, 15],"rotation":{"angle":0,"axis":"y","origin":[0, 23.5, 13]},"faces":{"north":{"uv":[7.375, 2.875, 7.375, 3.125],"texture":"#0"},"east":{"uv":[9.4375, 3.6875, 10.5625, 3.9375],"texture":"#0"},"south":{"uv":[7.375, 2.875, 7.375, 3.125],"texture":"#0"},"west":{"uv":[10.5625, 3.6875, 9.4375, 3.9375],"texture":"#0"},"up":{"uv":[4.1875, 4.875, 5.3125, 4.875],"rotation":270,"texture":"#0"},"down":{"uv":[4.1875, 4.875, 5.3125, 4.875],"rotation":90,"texture":"#0"}}},{"from":[-15, 22, 6],"to":[-15, 24, 15],"rotation":{"angle":0,"axis":"y","origin":[0, 23.5, 13]},"faces":{"north":{"uv":[7.375, 2.875, 7.375, 3.125],"texture":"#0"},"east":{"uv":[9.4375, 3.6875, 10.5625, 3.9375],"texture":"#0"},"south":{"uv":[7.375, 2.875, 7.375, 3.125],"texture":"#0"},"west":{"uv":[10.5625, 3.6875, 9.4375, 3.9375],"texture":"#0"},"up":{"uv":[4.1875, 4.875, 5.3125, 4.875],"rotation":270,"texture":"#0"},"down":{"uv":[4.1875, 4.875, 5.3125, 4.875],"rotation":90,"texture":"#0"}}},{"from":[0, 22, 6],"to":[0, 24, 15],"rotation":{"angle":0,"axis":"y","origin":[0, 23.5, 13]},"faces":{"north":{"uv":[7.375, 2.875, 7.375, 3.125],"texture":"#0"},"east":{"uv":[9.4375, 3.6875, 10.5625, 3.9375],"texture":"#0"},"south":{"uv":[7.375, 2.875, 7.375, 3.125],"texture":"#0"},"west":{"uv":[10.5625, 3.6875, 9.4375, 3.9375],"texture":"#0"},"up":{"uv":[4.1875, 4.875, 5.3125, 4.875],"rotation":270,"texture":"#0"},"down":{"uv":[4.1875, 4.875, 5.3125, 4.875],"rotation":90,"texture":"#0"}}},{"from":[-7.2, 22, 6],"to":[-7.2, 24, 15],"rotation":{"angle":0,"axis":"y","origin":[0, 23.5, 13]},"faces":{"north":{"uv":[7.375, 2.875, 7.375, 3.125],"texture":"#0"},"east":{"uv":[9.4375, 3.6875, 10.5625, 3.9375],"texture":"#0"},"south":{"uv":[7.375, 2.875, 7.375, 3.125],"texture":"#0"},"west":{"uv":[10.5625, 3.6875, 9.4375, 3.9375],"texture":"#0"},"up":{"uv":[4.1875, 4.875, 5.3125, 4.875],"rotation":270,"texture":"#0"},"down":{"uv":[4.1875, 4.875, 5.3125, 4.875],"rotation":90,"texture":"#0"}}},{"from":[7.3, 22, 6],"to":[7.3, 24, 15],"rotation":{"angle":0,"axis":"y","origin":[0, 23.5, 13]},"faces":{"north":{"uv":[7.375, 2.875, 7.375, 3.125],"texture":"#0"},"east":{"uv":[9.4375, 3.6875, 10.5625, 3.9375],"texture":"#0"},"south":{"uv":[7.375, 2.875, 7.375, 3.125],"texture":"#0"},"west":{"uv":[10.5625, 3.6875, 9.4375, 3.9375],"texture":"#0"},"up":{"uv":[4.1875, 4.875, 5.3125, 4.875],"rotation":270,"texture":"#0"},"down":{"uv":[4.1875, 4.875, 5.3125, 4.875],"rotation":90,"texture":"#0"}}},{"from":[12, 0, 1],"to":[15, 1, 4],"faces":{"north":{"uv":[9.1875, 1.0625, 9.5625, 1.1875],"texture":"#0"},"east":{"uv":[9.1875, 1.0625, 9.5625, 1.1875],"texture":"#0"},"south":{"uv":[9.1875, 1.0625, 9.5625, 1.1875],"texture":"#0"},"west":{"uv":[9.1875, 1.0625, 9.5625, 1.1875],"texture":"#0"},"up":{"uv":[9.1875, 0.6875, 9.5625, 1.0625],"texture":"#0"},"down":{"uv":[9.1875, 0.6875, 9.5625, 1.0625],"texture":"#0"}}},{"from":[12, 0, 12],"to":[15, 1, 15],"faces":{"north":{"uv":[9.1875, 1.0625, 9.5625, 1.1875],"texture":"#0"},"east":{"uv":[9.1875, 1.0625, 9.5625, 1.1875],"texture":"#0"},"south":{"uv":[9.1875, 1.0625, 9.5625, 1.1875],"texture":"#0"},"west":{"uv":[9.1875, 1.0625, 9.5625, 1.1875],"texture":"#0"},"up":{"uv":[9.1875, 0.6875, 9.5625, 1.0625],"texture":"#0"},"down":{"uv":[9.1875, 0.6875, 9.5625, 1.0625],"texture":"#0"}}},{"from":[-15, 0, 12],"to":[-12, 1, 15],"faces":{"north":{"uv":[9.1875, 1.0625, 9.5625, 1.1875],"texture":"#0"},"east":{"uv":[9.1875, 1.0625, 9.5625, 1.1875],"texture":"#0"},"south":{"uv":[9.1875, 1.0625, 9.5625, 1.1875],"texture":"#0"},"west":{"uv":[9.1875, 1.0625, 9.5625, 1.1875],"texture":"#0"},"up":{"uv":[9.1875, 0.6875, 9.5625, 1.0625],"texture":"#0"},"down":{"uv":[9.1875, 0.6875, 9.5625, 1.0625],"texture":"#0"}}},{"from":[-15, 0, 1],"to":[-12, 1, 4],"faces":{"north":{"uv":[9.1875, 1.0625, 9.5625, 1.1875],"texture":"#0"},"east":{"uv":[9.1875, 1.0625, 9.5625, 1.1875],"texture":"#0"},"south":{"uv":[9.1875, 1.0625, 9.5625, 1.1875],"texture":"#0"},"west":{"uv":[9.1875, 1.0625, 9.5625, 1.1875],"texture":"#0"},"up":{"uv":[9.1875, 0.6875, 9.5625, 1.0625],"texture":"#0"},"down":{"uv":[9.1875, 0.6875, 9.5625, 1.0625],"texture":"#0"}}},{"from":[-14, 3, 1],"to":[14, 3.5, 7],"faces":{"north":{"uv":[4.1875, 5.75, 7.6875, 5.8125],"texture":"#0"},"east":{"uv":[7.3125, 3.3125, 8.0625, 3.375],"texture":"#0"},"south":{"uv":[4.1875, 5.75, 7.6875, 5.8125],"texture":"#0"},"west":{"uv":[8.0625, 3.3125, 7.3125, 3.375],"texture":"#0"},"up":{"uv":[4.1875, 5, 7.6875, 5.75],"texture":"#0"},"down":{"uv":[4.1875, 5, 7.6875, 5.75],"texture":"#0"}}},{"from":[10, 12, 2.5],"to":[12, 14, 5],"faces":{"north":{"uv":[7.75, 2.0625, 8, 2.3125],"texture":"#0"},"east":{"uv":[7.5, 2.0625, 7.75, 2.3125],"texture":"#0"},"south":{"uv":[7.5, 2.0625, 7.75, 2.3125],"texture":"#0"},"west":{"uv":[7.75, 2.0625, 7.5, 2.3125],"texture":"#0"},"up":{"uv":[7.5, 2.3125, 7.75, 2.625],"texture":"#0"},"down":{"uv":[7.5, 2.3125, 7.75, 2.625],"texture":"#0"}}},{"from":[10.25, 10.5, 3],"to":[11.75, 12, 4.5],"faces":{"north":{"uv":[7.5, 2.625, 7.6875, 2.8125],"texture":"#0"},"east":{"uv":[7.5, 2.625, 7.6875, 2.8125],"texture":"#0"},"south":{"uv":[7.5, 2.625, 7.6875, 2.8125],"texture":"#0"},"west":{"uv":[7.5, 2.625, 7.6875, 2.8125],"texture":"#0"},"up":{"uv":[7.5, 2.8125, 7.6875, 3],"texture":"#0"},"down":{"uv":[7.5, 2.8125, 7.6875, 3],"texture":"#0"}}},{"from":[2.5, 12, 2.5],"to":[4.5, 14, 5],"faces":{"north":{"uv":[7.75, 2.0625, 8, 2.3125],"texture":"#0"},"east":{"uv":[7.5, 2.0625, 7.75, 2.3125],"texture":"#0"},"south":{"uv":[7.5, 2.0625, 7.75, 2.3125],"texture":"#0"},"west":{"uv":[7.75, 2.0625, 7.5, 2.3125],"texture":"#0"},"up":{"uv":[7.5, 2.3125, 7.75, 2.625],"texture":"#0"},"down":{"uv":[7.5, 2.3125, 7.75, 2.625],"texture":"#0"}}},{"from":[2.75, 10.5, 3],"to":[4.25, 12, 4.5],"faces":{"north":{"uv":[7.5, 2.625, 7.6875, 2.8125],"texture":"#0"},"east":{"uv":[7.5, 2.625, 7.6875, 2.8125],"texture":"#0"},"south":{"uv":[7.5, 2.625, 7.6875, 2.8125],"texture":"#0"},"west":{"uv":[7.5, 2.625, 7.6875, 2.8125],"texture":"#0"},"up":{"uv":[7.5, 2.8125, 7.6875, 3],"texture":"#0"},"down":{"uv":[7.5, 2.8125, 7.6875, 3],"texture":"#0"}}},{"from":[-12, 12, 2.5],"to":[-10, 14, 5],"faces":{"north":{"uv":[7.75, 2.0625, 8, 2.3125],"texture":"#0"},"east":{"uv":[7.5, 2.0625, 7.75, 2.3125],"texture":"#0"},"south":{"uv":[7.5, 2.0625, 7.75, 2.3125],"texture":"#0"},"west":{"uv":[7.75, 2.0625, 7.5, 2.3125],"texture":"#0"},"up":{"uv":[7.5, 2.3125, 7.75, 2.625],"texture":"#0"},"down":{"uv":[7.5, 2.3125, 7.75, 2.625],"texture":"#0"}}},{"from":[-11.75, 10.5, 3],"to":[-10.25, 12, 4.5],"faces":{"north":{"uv":[7.5, 2.625, 7.6875, 2.8125],"texture":"#0"},"east":{"uv":[7.5, 2.625, 7.6875, 2.8125],"texture":"#0"},"south":{"uv":[7.5, 2.625, 7.6875, 2.8125],"texture":"#0"},"west":{"uv":[7.5, 2.625, 7.6875, 2.8125],"texture":"#0"},"up":{"uv":[7.5, 2.8125, 7.6875, 3],"texture":"#0"},"down":{"uv":[7.5, 2.8125, 7.6875, 3],"texture":"#0"}}},{"from":[-4.5, 12, 2.5],"to":[-2.5, 14, 5],"faces":{"north":{"uv":[7.75, 2.0625, 8, 2.3125],"texture":"#0"},"east":{"uv":[7.5, 2.0625, 7.75, 2.3125],"texture":"#0"},"south":{"uv":[7.5, 2.0625, 7.75, 2.3125],"texture":"#0"},"west":{"uv":[7.75, 2.0625, 7.5, 2.3125],"texture":"#0"},"up":{"uv":[7.5, 2.3125, 7.75, 2.625],"texture":"#0"},"down":{"uv":[7.5, 2.3125, 7.75, 2.625],"texture":"#0"}}},{"from":[-4.25, 10.5, 3],"to":[-2.75, 12, 4.5],"faces":{"north":{"uv":[7.5, 2.625, 7.6875, 2.8125],"texture":"#0"},"east":{"uv":[7.5, 2.625, 7.6875, 2.8125],"texture":"#0"},"south":{"uv":[7.5, 2.625, 7.6875, 2.8125],"texture":"#0"},"west":{"uv":[7.5, 2.625, 7.6875, 2.8125],"texture":"#0"},"up":{"uv":[7.5, 2.8125, 7.6875, 3],"texture":"#0"},"down":{"uv":[7.5, 2.8125, 7.6875, 3],"texture":"#0"}}},{"from":[-0.5, 14, 1.9],"to":[3.5, 14, 3.9],"rotation":{"angle":-22.5,"axis":"y","origin":[1.5, 14, 3.5]},"faces":{"north":{"uv":[0, 0, 0.5, 0],"texture":"#0"},"east":{"uv":[0, 0, 0.25, 0],"texture":"#0"},"south":{"uv":[0, 0, 0.5, 0],"texture":"#0"},"west":{"uv":[0, 0, 0.25, 0],"texture":"#0"},"up":{"uv":[7.75, 2.3125, 8.25, 2.5625],"texture":"#0"},"down":{"uv":[7.75, 2.5625, 8.25, 2.3125],"texture":"#0"}}},{"from":[7, 14, 1.9],"to":[11, 14, 3.9],"rotation":{"angle":-22.5,"axis":"y","origin":[9, 14, 3.5]},"faces":{"north":{"uv":[0, 0, 0.5, 0],"texture":"#0"},"east":{"uv":[0, 0, 0.25, 0],"texture":"#0"},"south":{"uv":[0, 0, 0.5, 0],"texture":"#0"},"west":{"uv":[0, 0, 0.25, 0],"texture":"#0"},"up":{"uv":[7.75, 2.3125, 8.25, 2.5625],"texture":"#0"},"down":{"uv":[7.75, 2.5625, 8.25, 2.3125],"texture":"#0"}}},{"from":[-7.5, 14, 1.9],"to":[-3.5, 14, 3.9],"rotation":{"angle":-22.5,"axis":"y","origin":[-5.5, 14, 3.5]},"faces":{"north":{"uv":[0, 0, 0.5, 0],"texture":"#0"},"east":{"uv":[0, 0, 0.25, 0],"texture":"#0"},"south":{"uv":[0, 0, 0.5, 0],"texture":"#0"},"west":{"uv":[0, 0, 0.25, 0],"texture":"#0"},"up":{"uv":[7.75, 2.3125, 8.25, 2.5625],"texture":"#0"},"down":{"uv":[7.75, 2.5625, 8.25, 2.3125],"texture":"#0"}}},{"from":[-15, 14, 1.9],"to":[-11, 14, 3.9],"rotation":{"angle":-22.5,"axis":"y","origin":[-13, 14, 3.5]},"faces":{"north":{"uv":[0, 0, 0.5, 0],"texture":"#0"},"east":{"uv":[0, 0, 0.25, 0],"texture":"#0"},"south":{"uv":[0, 0, 0.5, 0],"texture":"#0"},"west":{"uv":[0, 0, 0.25, 0],"texture":"#0"},"up":{"uv":[7.75, 2.3125, 8.25, 2.5625],"texture":"#0"},"down":{"uv":[7.75, 2.5625, 8.25, 2.3125],"texture":"#0"}}},{"from":[8.5, 20.4, 4.9],"to":[13.5, 25.4, 4.9],"faces":{"north":{"uv":[8, 3.6875, 8.625, 4.3125],"texture":"#0"},"east":{"uv":[0, 0, 0, 0.625],"texture":"#missing"},"south":{"uv":[8.625, 3.6875, 8, 4.3125],"texture":"#0"},"west":{"uv":[0, 0, 0, 0.625],"texture":"#missing"},"up":{"uv":[0, 0, 0.625, 0],"texture":"#0"},"down":{"uv":[0, 0, 0.625, 0],"texture":"#missing"}}},{"from":[8.5, 20.4, 4.7],"to":[13.5, 25.4, 4.7],"faces":{"north":{"uv":[8, 3.6875, 8.625, 4.3125],"texture":"#0"},"east":{"uv":[0, 0, 0, 0.625],"texture":"#missing"},"south":{"uv":[8.625, 3.6875, 8, 4.3125],"texture":"#0"},"west":{"uv":[0, 0, 0, 0.625],"texture":"#missing"},"up":{"uv":[0, 0, 0.625, 0],"texture":"#0"},"down":{"uv":[0, 0, 0.625, 0],"texture":"#missing"}}},{"from":[-6.5, 20.4, 4.7],"to":[-1.5, 25.4, 4.7],"faces":{"north":{"uv":[8, 4.4375, 8.625, 5.0625],"texture":"#0"},"east":{"uv":[0, 0, 0, 0.625],"texture":"#missing"},"south":{"uv":[8.625, 4.4375, 8, 5.0625],"texture":"#0"},"west":{"uv":[0, 0, 0, 0.625],"texture":"#missing"},"up":{"uv":[0, 0, 0.625, 0],"texture":"#0"},"down":{"uv":[0, 0, 0.625, 0],"texture":"#missing"}}},{"from":[-13.5, 20.4, 4.7],"to":[-8.5, 25.4, 4.7],"faces":{"north":{"uv":[9.3125, 4.4375, 8.6875, 5.0625],"texture":"#0"},"east":{"uv":[0, 0, 0, 0.625],"texture":"#missing"},"south":{"uv":[8.6875, 4.4375, 9.3125, 5.0625],"texture":"#0"},"west":{"uv":[0, 0, 0, 0.625],"texture":"#missing"},"up":{"uv":[0, 0, 0.625, 0],"texture":"#0"},"down":{"uv":[0, 0, 0.625, 0],"texture":"#missing"}}},{"from":[-13.5, 20.4, 4.5],"to":[-8.5, 25.4, 4.5],"faces":{"north":{"uv":[9.3125, 4.4375, 8.6875, 5.0625],"texture":"#0"},"east":{"uv":[0, 0, 0, 0.625],"texture":"#missing"},"south":{"uv":[8.6875, 4.4375, 9.3125, 5.0625],"texture":"#0"},"west":{"uv":[0, 0, 0, 0.625],"texture":"#missing"},"up":{"uv":[0, 0, 0.625, 0],"texture":"#0"},"down":{"uv":[0, 0, 0.625, 0],"texture":"#missing"}}},{"from":[-6.5, 20.4, 4.5],"to":[-1.5, 25.4, 4.5],"faces":{"north":{"uv":[8, 4.4375, 8.625, 5.0625],"texture":"#0"},"east":{"uv":[0, 0, 0, 0.625],"texture":"#missing"},"south":{"uv":[8.625, 4.4375, 8, 5.0625],"texture":"#0"},"west":{"uv":[0, 0, 0, 0.625],"texture":"#missing"},"up":{"uv":[0, 0, 0.625, 0],"texture":"#0"},"down":{"uv":[0, 0, 0.625, 0],"texture":"#missing"}}},{"from":[1, 20.1, 4.7],"to":[6, 26.1, 4.7],"faces":{"north":{"uv":[8.6875, 3.625, 9.3125, 4.375],"texture":"#0"},"east":{"uv":[0, 0, 0, 0.625],"texture":"#missing"},"south":{"uv":[9.3125, 3.625, 8.6875, 4.375],"texture":"#0"},"west":{"uv":[0, 0, 0, 0.625],"texture":"#missing"},"up":{"uv":[0, 0, 0.625, 0],"texture":"#0"},"down":{"uv":[0, 0, 0.625, 0],"texture":"#missing"}}},{"from":[1, 20.1, 4.5],"to":[6, 26.1, 4.5],"faces":{"north":{"uv":[8.6875, 3.625, 9.3125, 4.375],"texture":"#0"},"east":{"uv":[0, 0, 0, 0.625],"texture":"#missing"},"south":{"uv":[9.3125, 3.625, 8.6875, 4.375],"texture":"#0"},"west":{"uv":[0, 0, 0, 0.625],"texture":"#missing"},"up":{"uv":[0, 0, 0.625, 0],"texture":"#0"},"down":{"uv":[0, 0, 0.625, 0],"texture":"#missing"}}}],"gui_light":"front","display":{"thirdperson_righthand":{"rotation":[67.5, 0, 0],"translation":[1.75, 1.25, -1],"scale":[0.18945, 0.18945, 0.18945]},"thirdperson_lefthand":{"rotation":[67.5, 0, 0],"translation":[-1.5, 1.25, -1],"scale":[0.18945, 0.18945, 0.18945]},"firstperson_righthand":{"translation":[2.5, 2.25, 0],"scale":[0.23984, 0.23984, 0.23984]},"firstperson_lefthand":{"translation":[-0.5, 2.25, 0],"scale":[0.23984, 0.23984, 0.23984]},"ground":{"translation":[3.25, 6, 0],"scale":[0.4, 0.4, 0.4]},"gui":{"rotation":[30, -135, 0],"translation":[-2.25, -3, 0],"scale":[0.4043, 0.4043, 0.4043]},"head":{"rotation":[0, 180, 0],"translation":[0, -30.4, 0],"scale":[1.6, 1.6, 1.6]},"fixed":{"rotation":[-90, 0, 0],"translation":[0, 0, -16],"scale":[2, 2, 2]}}}