{"texture_size":[128,128],"textures":{"0":"custom/furniture/juicebar/juicebar_texture_01","particle":"custom/furniture/juicebar/juicebar_texture_01"},"elements":[{"from":[8,0,2],"to":[12,7,2],"rotation":{"angle":0,"axis":"y","origin":[10.10676,5.13203,5]},"faces":{"north":{"uv":[7.625,10.75,8.125,11.625],"texture":"#0"},"east":{"uv":[10.9375,11,10.9375,11.875],"texture":"#0"},"south":{"uv":[8.125,10.75,7.625,11.625],"texture":"#0"},"west":{"uv":[10.9375,11,10.9375,11.875],"texture":"#0"},"up":{"uv":[10.9375,11,11.4375,11],"texture":"#0"},"down":{"uv":[10.9375,11,11.4375,11],"texture":"#0"}}},{"from":[8,0,6],"to":[12,7,6],"rotation":{"angle":0,"axis":"y","origin":[10.10676,5.13203,5]},"faces":{"north":{"uv":[7.625,10.75,8.125,11.625],"texture":"#0"},"east":{"uv":[10.9375,11,10.9375,11.875],"texture":"#0"},"south":{"uv":[8.125,10.75,7.625,11.625],"texture":"#0"},"west":{"uv":[10.9375,11,10.9375,11.875],"texture":"#0"},"up":{"uv":[10.9375,11,11.4375,11],"texture":"#0"},"down":{"uv":[10.9375,11,11.4375,11],"texture":"#0"}}},{"from":[8,0,2],"to":[8,7,6],"rotation":{"angle":0,"axis":"y","origin":[10.10676,5.13203,5]},"faces":{"north":{"uv":[10.9375,11,10.9375,11.875],"texture":"#0"},"east":{"uv":[7.625,10.75,8.125,11.625],"texture":"#0"},"south":{"uv":[10.9375,11,10.9375,11.875],"texture":"#0"},"west":{"uv":[7.625,10.75,8.125,11.625],"texture":"#0"},"up":{"uv":[10.9375,11,11.4375,11],"rotation":90,"texture":"#0"},"down":{"uv":[10.9375,11,11.4375,11],"rotation":270,"texture":"#0"}}},{"from":[12,0,2],"to":[12,7,6],"rotation":{"angle":0,"axis":"y","origin":[10.10676,5.13203,5]},"faces":{"north":{"uv":[10.9375,11,10.9375,11.875],"texture":"#0"},"east":{"uv":[7.625,10.75,8.125,11.625],"texture":"#0"},"south":{"uv":[10.9375,11,10.9375,11.875],"texture":"#0"},"west":{"uv":[7.625,10.75,8.125,11.625],"texture":"#0"},"up":{"uv":[10.9375,11,11.4375,11],"rotation":90,"texture":"#0"},"down":{"uv":[10.9375,11,11.4375,11],"rotation":270,"texture":"#0"}}},{"from":[8.1,0,2.1],"to":[11.9,4,5.9],"rotation":{"angle":0,"axis":"y","origin":[10.10676,5.13203,5]},"faces":{"north":{"uv":[8.125,11.125,8.6,11.625],"texture":"#0"},"east":{"uv":[8.125,11.125,8.6,11.625],"texture":"#0"},"south":{"uv":[8.125,11.125,8.6,11.625],"texture":"#0"},"west":{"uv":[8.125,11.125,8.6,11.625],"texture":"#0"},"up":{"uv":[8.625,11.125,9.1,11.6],"texture":"#0"},"down":{"uv":[8.625,11.125,9.1,11.6],"texture":"#0"}}},{"from":[7,0,6],"to":[7,7,10],"rotation":{"angle":0,"axis":"y","origin":[10.10676,5.13203,5]},"faces":{"north":{"uv":[10.9375,11,10.9375,11.875],"texture":"#0"},"east":{"uv":[7.625,10.75,8.125,11.625],"texture":"#0"},"south":{"uv":[10.9375,11,10.9375,11.875],"texture":"#0"},"west":{"uv":[7.625,10.75,8.125,11.625],"texture":"#0"},"up":{"uv":[10.9375,11,11.4375,11],"rotation":90,"texture":"#0"},"down":{"uv":[10.9375,11,11.4375,11],"rotation":270,"texture":"#0"}}},{"from":[3,0,6],"to":[7,7,6],"rotation":{"angle":0,"axis":"y","origin":[10.10676,5.13203,5]},"faces":{"north":{"uv":[7.625,10.75,8.125,11.625],"texture":"#0"},"east":{"uv":[10.9375,11,10.9375,11.875],"texture":"#0"},"south":{"uv":[8.125,10.75,7.625,11.625],"texture":"#0"},"west":{"uv":[10.9375,11,10.9375,11.875],"texture":"#0"},"up":{"uv":[10.9375,11,11.4375,11],"texture":"#0"},"down":{"uv":[10.9375,11,11.4375,11],"texture":"#0"}}},{"from":[3.36569,5.50498,5.8],"to":[5.86569,8.00498,5.8],"rotation":{"angle":22.5,"axis":"z","origin":[4.2227,5.1106,9]},"faces":{"north":{"uv":[8.6875,3.625,9.3125,4.375],"texture":"#0"},"east":{"uv":[0,0,0,0.625],"texture":"#missing"},"south":{"uv":[9.3125,3.625,8.6875,4.375],"texture":"#0"},"west":{"uv":[0,0,0,0.625],"texture":"#missing"},"up":{"uv":[0,0,0.625,0],"texture":"#0"},"down":{"uv":[0,0,0.625,0],"texture":"#missing"}}},{"from":[3,0,10],"to":[7,7,10],"rotation":{"angle":0,"axis":"y","origin":[10.10676,5.13203,5]},"faces":{"north":{"uv":[7.625,10.75,8.125,11.625],"texture":"#0"},"east":{"uv":[10.9375,11,10.9375,11.875],"texture":"#0"},"south":{"uv":[8.125,10.75,7.625,11.625],"texture":"#0"},"west":{"uv":[10.9375,11,10.9375,11.875],"texture":"#0"},"up":{"uv":[10.9375,11,11.4375,11],"texture":"#0"},"down":{"uv":[10.9375,11,11.4375,11],"texture":"#0"}}},{"from":[3,0,6],"to":[3,7,10],"rotation":{"angle":0,"axis":"y","origin":[10.10676,5.13203,5]},"faces":{"north":{"uv":[10.9375,11,10.9375,11.875],"texture":"#0"},"east":{"uv":[7.625,10.75,8.125,11.625],"texture":"#0"},"south":{"uv":[10.9375,11,10.9375,11.875],"texture":"#0"},"west":{"uv":[7.625,10.75,8.125,11.625],"texture":"#0"},"up":{"uv":[10.9375,11,11.4375,11],"rotation":90,"texture":"#0"},"down":{"uv":[10.9375,11,11.4375,11],"rotation":270,"texture":"#0"}}},{"from":[3.1,0,6.1],"to":[6.9,5,9.9],"rotation":{"angle":0,"axis":"y","origin":[10.10676,5.13203,5]},"faces":{"north":{"uv":[9.125,11,9.625,11.625],"texture":"#0"},"east":{"uv":[9.125,11,9.625,11.625],"texture":"#0"},"south":{"uv":[9.125,11,9.625,11.625],"texture":"#0"},"west":{"uv":[9.125,11,9.625,11.625],"texture":"#0"},"up":{"uv":[9.625,11.125,10.125,11.625],"texture":"#0"},"down":{"uv":[9.625,11.125,10.125,11.625],"texture":"#0"}}},{"from":[13,0,9],"to":[13,7,13],"rotation":{"angle":0,"axis":"y","origin":[10.10676,5.13203,5]},"faces":{"north":{"uv":[10.9375,11,10.9375,11.875],"texture":"#0"},"east":{"uv":[7.625,10.75,8.125,11.625],"texture":"#0"},"south":{"uv":[10.9375,11,10.9375,11.875],"texture":"#0"},"west":{"uv":[7.625,10.75,8.125,11.625],"texture":"#0"},"up":{"uv":[10.9375,11,11.4375,11],"rotation":90,"texture":"#0"},"down":{"uv":[10.9375,11,11.4375,11],"rotation":270,"texture":"#0"}}},{"from":[9,0,9],"to":[13,7,9],"rotation":{"angle":0,"axis":"y","origin":[10.10676,5.13203,5]},"faces":{"north":{"uv":[7.625,10.75,8.125,11.625],"texture":"#0"},"east":{"uv":[10.9375,11,10.9375,11.875],"texture":"#0"},"south":{"uv":[8.125,10.75,7.625,11.625],"texture":"#0"},"west":{"uv":[10.9375,11,10.9375,11.875],"texture":"#0"},"up":{"uv":[10.9375,11,11.4375,11],"texture":"#0"},"down":{"uv":[10.9375,11,11.4375,11],"texture":"#0"}}},{"from":[9,0,13],"to":[13,7,13],"rotation":{"angle":0,"axis":"y","origin":[10.10676,5.13203,5]},"faces":{"north":{"uv":[7.625,10.75,8.125,11.625],"texture":"#0"},"east":{"uv":[10.9375,11,10.9375,11.875],"texture":"#0"},"south":{"uv":[8.125,10.75,7.625,11.625],"texture":"#0"},"west":{"uv":[10.9375,11,10.9375,11.875],"texture":"#0"},"up":{"uv":[10.9375,11,11.4375,11],"texture":"#0"},"down":{"uv":[10.9375,11,11.4375,11],"texture":"#0"}}},{"from":[9,0,9],"to":[9,7,13],"rotation":{"angle":0,"axis":"y","origin":[10.10676,5.13203,5]},"faces":{"north":{"uv":[10.9375,11,10.9375,11.875],"texture":"#0"},"east":{"uv":[7.625,10.75,8.125,11.625],"texture":"#0"},"south":{"uv":[10.9375,11,10.9375,11.875],"texture":"#0"},"west":{"uv":[7.625,10.75,8.125,11.625],"texture":"#0"},"up":{"uv":[10.9375,11,11.4375,11],"rotation":90,"texture":"#0"},"down":{"uv":[10.9375,11,11.4375,11],"rotation":270,"texture":"#0"}}},{"from":[9.1,0,9.1],"to":[12.9,5,12.9],"rotation":{"angle":0,"axis":"y","origin":[10.10676,5.13203,5]},"faces":{"north":{"uv":[10.125,11,10.625,11.625],"texture":"#0"},"east":{"uv":[10.125,11,10.625,11.625],"texture":"#0"},"south":{"uv":[10.125,11,10.625,11.625],"texture":"#0"},"west":{"uv":[10.125,11,10.625,11.625],"texture":"#0"},"up":{"uv":[10.625,11.125,11.125,11.625],"texture":"#0"},"down":{"uv":[10.625,11.125,11.125,11.625],"texture":"#0"}}},{"from":[8.5,8,2.5],"to":[11.5,9.5,5.5],"faces":{"north":{"uv":[8.5,9.625,8.875,9.8125],"texture":"#0"},"east":{"uv":[8.5,9.625,8.875,9.8125],"texture":"#0"},"south":{"uv":[8.5,9.625,8.875,9.8125],"texture":"#0"},"west":{"uv":[8.5,9.625,8.875,9.8125],"texture":"#0"},"up":{"uv":[8.875,9.625,9.25,10],"texture":"#0"},"down":{"uv":[8.875,9.625,9.25,10],"texture":"#0"}}},{"from":[10.44591,5.76993,1.9],"to":[12.44591,7.76993,1.9],"rotation":{"angle":0,"axis":"y","origin":[10.10676,5.13203,5]},"faces":{"north":{"uv":[8,3.6875,8.625,4.3125],"texture":"#0"},"east":{"uv":[0,0,0,0.625],"texture":"#missing"},"south":{"uv":[8.625,3.6875,8,4.3125],"texture":"#0"},"west":{"uv":[0,0,0,0.625],"texture":"#missing"},"up":{"uv":[0,0,0.625,0],"texture":"#0"},"down":{"uv":[0,0,0.625,0],"texture":"#missing"}}},{"from":[10.14062,5.20413,5.7],"to":[12.64062,7.70413,5.7],"rotation":{"angle":-22.5,"axis":"y","origin":[4.10778,4.88971,11]},"faces":{"north":{"uv":[9.3125,4.4375,8.6875,5.0625],"texture":"#0"},"east":{"uv":[0,0,0,0.625],"texture":"#missing"},"south":{"uv":[8.6875,4.4375,9.3125,5.0625],"texture":"#0"},"west":{"uv":[0,0,0,0.625],"texture":"#missing"},"up":{"uv":[0,0,0.625,0],"texture":"#0"},"down":{"uv":[0,0,0.625,0],"texture":"#missing"}}},{"from":[8,7,2],"to":[12,7,6],"faces":{"north":{"uv":[6.5,9.1875,7,9.1875],"texture":"#0"},"east":{"uv":[6.5,9.1875,7,9.1875],"texture":"#0"},"south":{"uv":[6.5,9.1875,7,9.1875],"texture":"#0"},"west":{"uv":[6.5,9.1875,7,9.1875],"texture":"#0"},"up":{"uv":[6.625,9.3125,7.125,9.8125],"texture":"#0"},"down":{"uv":[6.625,9.3125,7.125,9.8125],"texture":"#0"}}},{"from":[8.5,7,3],"to":[11.5,8,3],"faces":{"north":{"uv":[6.25,9.3125,6.625,9.4375],"texture":"#0"},"east":{"uv":[6.5,9.1875,6.5,9.3125],"texture":"#0"},"south":{"uv":[6.25,9.3125,6.625,9.4375],"texture":"#0"},"west":{"uv":[6.5,9.1875,6.5,9.3125],"texture":"#0"},"up":{"uv":[6.625,9.3125,6.875,9.3125],"texture":"#0"},"down":{"uv":[6.625,9.3125,6.875,9.3125],"texture":"#0"}}},{"from":[8.5,7,5],"to":[11.5,8,5],"faces":{"north":{"uv":[6.25,9.3125,6.625,9.4375],"texture":"#0"},"east":{"uv":[6.5,9.1875,6.5,9.3125],"texture":"#0"},"south":{"uv":[6.25,9.3125,6.625,9.4375],"texture":"#0"},"west":{"uv":[6.5,9.1875,6.5,9.3125],"texture":"#0"},"up":{"uv":[6.625,9.3125,6.875,9.3125],"texture":"#0"},"down":{"uv":[6.625,9.3125,6.875,9.3125],"texture":"#0"}}},{"from":[9,7,2.5],"to":[9,8,5.5],"faces":{"north":{"uv":[6.5,9.1875,6.5,9.3125],"texture":"#0"},"east":{"uv":[6.25,9.3125,6.625,9.4375],"texture":"#0"},"south":{"uv":[6.5,9.1875,6.5,9.3125],"texture":"#0"},"west":{"uv":[6.25,9.3125,6.625,9.4375],"texture":"#0"},"up":{"uv":[6.625,9.3125,6.875,9.3125],"rotation":90,"texture":"#0"},"down":{"uv":[6.625,9.3125,6.875,9.3125],"rotation":270,"texture":"#0"}}},{"from":[11,7,2.5],"to":[11,8,5.5],"faces":{"north":{"uv":[6.5,9.1875,6.5,9.3125],"texture":"#0"},"east":{"uv":[6.25,9.3125,6.625,9.4375],"texture":"#0"},"south":{"uv":[6.5,9.1875,6.5,9.3125],"texture":"#0"},"west":{"uv":[6.25,9.3125,6.625,9.4375],"texture":"#0"},"up":{"uv":[6.625,9.3125,6.875,9.3125],"rotation":90,"texture":"#0"},"down":{"uv":[6.625,9.3125,6.875,9.3125],"rotation":270,"texture":"#0"}}},{"from":[3.5,8,6.5],"to":[6.5,9.5,9.5],"faces":{"north":{"uv":[8.5,9.625,8.875,9.8125],"texture":"#0"},"east":{"uv":[8.5,9.625,8.875,9.8125],"texture":"#0"},"south":{"uv":[8.5,9.625,8.875,9.8125],"texture":"#0"},"west":{"uv":[8.5,9.625,8.875,9.8125],"texture":"#0"},"up":{"uv":[8.875,9.625,9.25,10],"texture":"#0"},"down":{"uv":[8.875,9.625,9.25,10],"texture":"#0"}}},{"from":[3,7,6],"to":[7,7,10],"faces":{"north":{"uv":[6.5,9.1875,7,9.1875],"texture":"#0"},"east":{"uv":[6.5,9.1875,7,9.1875],"texture":"#0"},"south":{"uv":[6.5,9.1875,7,9.1875],"texture":"#0"},"west":{"uv":[6.5,9.1875,7,9.1875],"texture":"#0"},"up":{"uv":[6.625,9.3125,7.125,9.8125],"texture":"#0"},"down":{"uv":[6.625,9.3125,7.125,9.8125],"texture":"#0"}}},{"from":[3.5,7,7],"to":[6.5,8,7],"faces":{"north":{"uv":[6.25,9.3125,6.625,9.4375],"texture":"#0"},"east":{"uv":[6.5,9.1875,6.5,9.3125],"texture":"#0"},"south":{"uv":[6.25,9.3125,6.625,9.4375],"texture":"#0"},"west":{"uv":[6.5,9.1875,6.5,9.3125],"texture":"#0"},"up":{"uv":[6.625,9.3125,6.875,9.3125],"texture":"#0"},"down":{"uv":[6.625,9.3125,6.875,9.3125],"texture":"#0"}}},{"from":[3.5,7,9],"to":[6.5,8,9],"faces":{"north":{"uv":[6.25,9.3125,6.625,9.4375],"texture":"#0"},"east":{"uv":[6.5,9.1875,6.5,9.3125],"texture":"#0"},"south":{"uv":[6.25,9.3125,6.625,9.4375],"texture":"#0"},"west":{"uv":[6.5,9.1875,6.5,9.3125],"texture":"#0"},"up":{"uv":[6.625,9.3125,6.875,9.3125],"texture":"#0"},"down":{"uv":[6.625,9.3125,6.875,9.3125],"texture":"#0"}}},{"from":[6,7,6.5],"to":[6,8,9.5],"faces":{"north":{"uv":[6.5,9.1875,6.5,9.3125],"texture":"#0"},"east":{"uv":[6.25,9.3125,6.625,9.4375],"texture":"#0"},"south":{"uv":[6.5,9.1875,6.5,9.3125],"texture":"#0"},"west":{"uv":[6.25,9.3125,6.625,9.4375],"texture":"#0"},"up":{"uv":[6.625,9.3125,6.875,9.3125],"rotation":90,"texture":"#0"},"down":{"uv":[6.625,9.3125,6.875,9.3125],"rotation":270,"texture":"#0"}}},{"from":[4,7,6.5],"to":[4,8,9.5],"faces":{"north":{"uv":[6.5,9.1875,6.5,9.3125],"texture":"#0"},"east":{"uv":[6.25,9.3125,6.625,9.4375],"texture":"#0"},"south":{"uv":[6.5,9.1875,6.5,9.3125],"texture":"#0"},"west":{"uv":[6.25,9.3125,6.625,9.4375],"texture":"#0"},"up":{"uv":[6.625,9.3125,6.875,9.3125],"rotation":90,"texture":"#0"},"down":{"uv":[6.625,9.3125,6.875,9.3125],"rotation":270,"texture":"#0"}}},{"from":[9.5,8,9.5],"to":[12.5,9.5,12.5],"faces":{"north":{"uv":[8.5,9.625,8.875,9.8125],"texture":"#0"},"east":{"uv":[8.5,9.625,8.875,9.8125],"texture":"#0"},"south":{"uv":[8.5,9.625,8.875,9.8125],"texture":"#0"},"west":{"uv":[8.5,9.625,8.875,9.8125],"texture":"#0"},"up":{"uv":[8.875,9.625,9.25,10],"texture":"#0"},"down":{"uv":[8.875,9.625,9.25,10],"texture":"#0"}}},{"from":[9,7,9],"to":[13,7,13],"faces":{"north":{"uv":[6.5,9.1875,7,9.1875],"texture":"#0"},"east":{"uv":[6.5,9.1875,7,9.1875],"texture":"#0"},"south":{"uv":[6.5,9.1875,7,9.1875],"texture":"#0"},"west":{"uv":[6.5,9.1875,7,9.1875],"texture":"#0"},"up":{"uv":[6.625,9.3125,7.125,9.8125],"texture":"#0"},"down":{"uv":[6.625,9.3125,7.125,9.8125],"texture":"#0"}}},{"from":[9.5,7,10],"to":[12.5,8,10],"faces":{"north":{"uv":[6.25,9.3125,6.625,9.4375],"texture":"#0"},"east":{"uv":[6.5,9.1875,6.5,9.3125],"texture":"#0"},"south":{"uv":[6.25,9.3125,6.625,9.4375],"texture":"#0"},"west":{"uv":[6.5,9.1875,6.5,9.3125],"texture":"#0"},"up":{"uv":[6.625,9.3125,6.875,9.3125],"texture":"#0"},"down":{"uv":[6.625,9.3125,6.875,9.3125],"texture":"#0"}}},{"from":[9.5,7,12],"to":[12.5,8,12],"faces":{"north":{"uv":[6.25,9.3125,6.625,9.4375],"texture":"#0"},"east":{"uv":[6.5,9.1875,6.5,9.3125],"texture":"#0"},"south":{"uv":[6.25,9.3125,6.625,9.4375],"texture":"#0"},"west":{"uv":[6.5,9.1875,6.5,9.3125],"texture":"#0"},"up":{"uv":[6.625,9.3125,6.875,9.3125],"texture":"#0"},"down":{"uv":[6.625,9.3125,6.875,9.3125],"texture":"#0"}}},{"from":[12,7,9.5],"to":[12,8,12.5],"faces":{"north":{"uv":[6.5,9.1875,6.5,9.3125],"texture":"#0"},"east":{"uv":[6.25,9.3125,6.625,9.4375],"texture":"#0"},"south":{"uv":[6.5,9.1875,6.5,9.3125],"texture":"#0"},"west":{"uv":[6.25,9.3125,6.625,9.4375],"texture":"#0"},"up":{"uv":[6.625,9.3125,6.875,9.3125],"rotation":90,"texture":"#0"},"down":{"uv":[6.625,9.3125,6.875,9.3125],"rotation":270,"texture":"#0"}}},{"from":[10,7,9.5],"to":[10,8,12.5],"faces":{"north":{"uv":[6.5,9.1875,6.5,9.3125],"texture":"#0"},"east":{"uv":[6.25,9.3125,6.625,9.4375],"texture":"#0"},"south":{"uv":[6.5,9.1875,6.5,9.3125],"texture":"#0"},"west":{"uv":[6.25,9.3125,6.625,9.4375],"texture":"#0"},"up":{"uv":[6.625,9.3125,6.875,9.3125],"rotation":90,"texture":"#0"},"down":{"uv":[6.625,9.3125,6.875,9.3125],"rotation":270,"texture":"#0"}}}],"gui_light":"front","display":{"thirdperson_righthand":{"rotation":[67.5,0,0],"translation":[0,2.5,1],"scale":[0.38086,0.38086,0.38086]},"thirdperson_lefthand":{"rotation":[67.5,0,0],"translation":[0,2.5,1],"scale":[0.38086,0.38086,0.38086]},"firstperson_righthand":{"translation":[1.25,4.25,0],"scale":[0.4707,0.4707,0.4707]},"firstperson_lefthand":{"rotation":[0,180,0],"translation":[1.25,4.25,0],"scale":[0.4707,0.4707,0.4707]},"ground":{"translation":[0,6,0],"scale":[0.7,0.7,0.7]},"gui":{"rotation":[30,135,0],"translation":[1,2.25,0],"scale":[0.95898,0.95898,0.95898]},"head":{"rotation":[0,180,0],"translation":[0,-30.4,0],"scale":[1.6,1.6,1.6]},"fixed":{"rotation":[-90,0,0],"translation":[0,0,-16],"scale":[2,2,2]}},"groups":[{"name":"group","origin":[0,0,3],"color":0,"children":[0,1,2,3,4,5,6,7,8,9,10,11,12,13,14,15]},{"name":"group","origin":[-4,0,9],"color":0,"children":[]},{"name":"group","origin":[-4,0,9],"color":0,"children":[]},{"name":"group","origin":[20,0,0],"color":0,"children":[]},16,17,18,19,20,21,22,23,24,25,26,27,28,29,30,31,32,33,34,35]}