{"texture_size":[128, 128],"textures":{"0":"custom/furniture/juicebar/juicebar_texture_01","1":"custom/furniture/juicebar/juicebar_texture_02","particle":"custom/furniture/juicebar/juicebar_texture_01"},"elements":[{"from":[14, 1.5, 8],"to":[16, 12, 15],"rotation":{"angle":0,"axis":"y","origin":[0, -2, 0]},"faces":{"north":{"uv":[8, 0, 8.25, 1.3125],"texture":"#1"},"east":{"uv":[7.125, 0, 8, 1.3125],"texture":"#1"},"south":{"uv":[8, 0, 8.25, 1.3125],"texture":"#1"},"west":{"uv":[7.125, 0, 8, 1.3125],"texture":"#1"},"up":{"uv":[7.125, 1.3125, 7.375, 2.1875],"texture":"#1"},"down":{"uv":[7.125, 1.3125, 7.375, 2.1875],"texture":"#1"}}},{"from":[6, 1.5, 8],"to":[8, 12, 15],"rotation":{"angle":0,"axis":"y","origin":[0, -2, 0]},"faces":{"north":{"uv":[8, 0, 8.25, 1.3125],"texture":"#1"},"east":{"uv":[7.125, 0, 8, 1.3125],"texture":"#1"},"south":{"uv":[8, 0, 8.25, 1.3125],"texture":"#1"},"west":{"uv":[7.125, 0, 8, 1.3125],"texture":"#1"},"up":{"uv":[7.125, 1.3125, 7.375, 2.1875],"texture":"#1"},"down":{"uv":[7.125, 1.3125, 7.375, 2.1875],"texture":"#1"}}},{"from":[-3, 1.5, 8],"to":[-1, 12, 15],"rotation":{"angle":0,"axis":"y","origin":[0, -2, 0]},"faces":{"north":{"uv":[8, 0, 8.25, 1.3125],"texture":"#1"},"east":{"uv":[7.125, 0, 8, 1.3125],"texture":"#1"},"south":{"uv":[8, 0, 8.25, 1.3125],"texture":"#1"},"west":{"uv":[7.125, 0, 8, 1.3125],"texture":"#1"},"up":{"uv":[7.125, 1.3125, 7.375, 2.1875],"texture":"#1"},"down":{"uv":[7.125, 1.3125, 7.375, 2.1875],"texture":"#1"}}},{"from":[-16, 1.5, 8],"to":[-14, 12, 15],"rotation":{"angle":0,"axis":"y","origin":[0, -2, 0]},"faces":{"north":{"uv":[8, 0, 8.25, 1.3125],"texture":"#1"},"east":{"uv":[7.125, 0, 8, 1.3125],"texture":"#1"},"south":{"uv":[8, 0, 8.25, 1.3125],"texture":"#1"},"west":{"uv":[7.125, 0, 8, 1.3125],"texture":"#1"},"up":{"uv":[7.125, 1.3125, 7.375, 2.1875],"texture":"#1"},"down":{"uv":[7.125, 1.3125, 7.375, 2.1875],"texture":"#1"}}},{"from":[-16, 0, 7],"to":[16, 1.5, 15],"rotation":{"angle":0,"axis":"y","origin":[0, -2, 0]},"faces":{"north":{"uv":[12, 1, 16, 1.1875],"texture":"#1"},"east":{"uv":[12, 1, 13, 1.1875],"texture":"#1"},"south":{"uv":[12, 1, 16, 1.1875],"texture":"#1"},"west":{"uv":[12, 1, 13, 1.1875],"texture":"#1"},"up":{"uv":[12, 0, 16, 1],"texture":"#1"},"down":{"uv":[12, 0, 16, 1],"texture":"#1"}}},{"from":[-16, 10, 15],"to":[16, 13, 16],"rotation":{"angle":0,"axis":"y","origin":[0, -2, 0]},"faces":{"north":{"uv":[12, 2.5, 16, 2.875],"texture":"#1"},"east":{"uv":[11.875, 2.5, 12, 2.875],"texture":"#1"},"south":{"uv":[12, 2.5, 16, 2.875],"texture":"#1"},"west":{"uv":[12, 2.5, 11.875, 2.875],"texture":"#1"},"up":{"uv":[12, 2.875, 16, 3],"texture":"#1"},"down":{"uv":[12, 2.875, 16, 3],"texture":"#1"}}},{"from":[3, 1.5, 10],"to":[3, 8.5, 14],"rotation":{"angle":0,"axis":"y","origin":[10.10676, 5.13203, 5]},"faces":{"north":{"uv":[10.9375, 11, 10.9375, 11.875],"texture":"#0"},"east":{"uv":[7.625, 10.75, 8.125, 11.625],"texture":"#0"},"south":{"uv":[10.9375, 11, 10.9375, 11.875],"texture":"#0"},"west":{"uv":[7.625, 10.75, 8.125, 11.625],"texture":"#0"},"up":{"uv":[10.9375, 11, 11.4375, 11],"rotation":90,"texture":"#0"},"down":{"uv":[10.9375, 11, 11.4375, 11],"rotation":270,"texture":"#0"}}},{"from":[-1, 1.5, 10],"to":[3, 8.5, 10],"rotation":{"angle":0,"axis":"y","origin":[10.10676, 5.13203, 5]},"faces":{"north":{"uv":[7.625, 10.75, 8.125, 11.625],"texture":"#0"},"east":{"uv":[10.9375, 11, 10.9375, 11.875],"texture":"#0"},"south":{"uv":[8.125, 10.75, 7.625, 11.625],"texture":"#0"},"west":{"uv":[10.9375, 11, 10.9375, 11.875],"texture":"#0"},"up":{"uv":[10.9375, 11, 11.4375, 11],"texture":"#0"},"down":{"uv":[10.9375, 11, 11.4375, 11],"texture":"#0"}}},{"from":[-1, 1.5, 14],"to":[3, 8.5, 14],"rotation":{"angle":0,"axis":"y","origin":[10.10676, 5.13203, 5]},"faces":{"north":{"uv":[7.625, 10.75, 8.125, 11.625],"texture":"#0"},"east":{"uv":[10.9375, 11, 10.9375, 11.875],"texture":"#0"},"south":{"uv":[8.125, 10.75, 7.625, 11.625],"texture":"#0"},"west":{"uv":[10.9375, 11, 10.9375, 11.875],"texture":"#0"},"up":{"uv":[10.9375, 11, 11.4375, 11],"texture":"#0"},"down":{"uv":[10.9375, 11, 11.4375, 11],"texture":"#0"}}},{"from":[-1, 1.5, 10],"to":[-1, 8.5, 14],"rotation":{"angle":0,"axis":"y","origin":[10.10676, 5.13203, 5]},"faces":{"north":{"uv":[10.9375, 11, 10.9375, 11.875],"texture":"#0"},"east":{"uv":[7.625, 10.75, 8.125, 11.625],"texture":"#0"},"south":{"uv":[10.9375, 11, 10.9375, 11.875],"texture":"#0"},"west":{"uv":[7.625, 10.75, 8.125, 11.625],"texture":"#0"},"up":{"uv":[10.9375, 11, 11.4375, 11],"rotation":90,"texture":"#0"},"down":{"uv":[10.9375, 11, 11.4375, 11],"rotation":270,"texture":"#0"}}},{"from":[-0.9, 1.5, 10.1],"to":[2.9, 6.5, 13.9],"rotation":{"angle":0,"axis":"y","origin":[10.10676, 5.13203, 5]},"faces":{"north":{"uv":[10.125, 11, 10.625, 11.625],"texture":"#0"},"east":{"uv":[10.125, 11, 10.625, 11.625],"texture":"#0"},"south":{"uv":[10.125, 11, 10.625, 11.625],"texture":"#0"},"west":{"uv":[10.125, 11, 10.625, 11.625],"texture":"#0"},"up":{"uv":[10.625, 11.125, 11.125, 11.625],"texture":"#0"},"down":{"uv":[10.625, 11.125, 11.125, 11.625],"texture":"#0"}}},{"from":[-0.5, 9.5, 10.5],"to":[2.5, 11, 13.5],"faces":{"north":{"uv":[8.5, 9.625, 8.875, 9.8125],"texture":"#0"},"east":{"uv":[8.5, 9.625, 8.875, 9.8125],"texture":"#0"},"south":{"uv":[8.5, 9.625, 8.875, 9.8125],"texture":"#0"},"west":{"uv":[8.5, 9.625, 8.875, 9.8125],"texture":"#0"},"up":{"uv":[8.875, 9.625, 9.25, 10],"texture":"#0"},"down":{"uv":[8.875, 9.625, 9.25, 10],"texture":"#0"}}},{"from":[-1, 8.5, 10],"to":[3, 8.5, 14],"faces":{"north":{"uv":[6.5, 9.1875, 7, 9.1875],"texture":"#0"},"east":{"uv":[6.5, 9.1875, 7, 9.1875],"texture":"#0"},"south":{"uv":[6.5, 9.1875, 7, 9.1875],"texture":"#0"},"west":{"uv":[6.5, 9.1875, 7, 9.1875],"texture":"#0"},"up":{"uv":[6.625, 9.3125, 7.125, 9.8125],"texture":"#0"},"down":{"uv":[6.625, 9.3125, 7.125, 9.8125],"texture":"#0"}}},{"from":[-0.5, 8.5, 11],"to":[2.5, 9.5, 11],"faces":{"north":{"uv":[6.25, 9.3125, 6.625, 9.4375],"texture":"#0"},"east":{"uv":[6.5, 9.1875, 6.5, 9.3125],"texture":"#0"},"south":{"uv":[6.25, 9.3125, 6.625, 9.4375],"texture":"#0"},"west":{"uv":[6.5, 9.1875, 6.5, 9.3125],"texture":"#0"},"up":{"uv":[6.625, 9.3125, 6.875, 9.3125],"texture":"#0"},"down":{"uv":[6.625, 9.3125, 6.875, 9.3125],"texture":"#0"}}},{"from":[-0.5, 8.5, 13],"to":[2.5, 9.5, 13],"faces":{"north":{"uv":[6.25, 9.3125, 6.625, 9.4375],"texture":"#0"},"east":{"uv":[6.5, 9.1875, 6.5, 9.3125],"texture":"#0"},"south":{"uv":[6.25, 9.3125, 6.625, 9.4375],"texture":"#0"},"west":{"uv":[6.5, 9.1875, 6.5, 9.3125],"texture":"#0"},"up":{"uv":[6.625, 9.3125, 6.875, 9.3125],"texture":"#0"},"down":{"uv":[6.625, 9.3125, 6.875, 9.3125],"texture":"#0"}}},{"from":[2, 8.5, 10.5],"to":[2, 9.5, 13.5],"faces":{"north":{"uv":[6.5, 9.1875, 6.5, 9.3125],"texture":"#0"},"east":{"uv":[6.25, 9.3125, 6.625, 9.4375],"texture":"#0"},"south":{"uv":[6.5, 9.1875, 6.5, 9.3125],"texture":"#0"},"west":{"uv":[6.25, 9.3125, 6.625, 9.4375],"texture":"#0"},"up":{"uv":[6.625, 9.3125, 6.875, 9.3125],"rotation":90,"texture":"#0"},"down":{"uv":[6.625, 9.3125, 6.875, 9.3125],"rotation":270,"texture":"#0"}}},{"from":[0, 8.5, 10.5],"to":[0, 9.5, 13.5],"faces":{"north":{"uv":[6.5, 9.1875, 6.5, 9.3125],"texture":"#0"},"east":{"uv":[6.25, 9.3125, 6.625, 9.4375],"texture":"#0"},"south":{"uv":[6.5, 9.1875, 6.5, 9.3125],"texture":"#0"},"west":{"uv":[6.25, 9.3125, 6.625, 9.4375],"texture":"#0"},"up":{"uv":[6.625, 9.3125, 6.875, 9.3125],"rotation":90,"texture":"#0"},"down":{"uv":[6.625, 9.3125, 6.875, 9.3125],"rotation":270,"texture":"#0"}}},{"from":[-6.5, 9.6, 10.5],"to":[-3.5, 11.1, 13.5],"faces":{"north":{"uv":[8.5, 9.625, 8.875, 9.8125],"texture":"#0"},"east":{"uv":[8.5, 9.625, 8.875, 9.8125],"texture":"#0"},"south":{"uv":[8.5, 9.625, 8.875, 9.8125],"texture":"#0"},"west":{"uv":[8.5, 9.625, 8.875, 9.8125],"texture":"#0"},"up":{"uv":[8.875, 9.625, 9.25, 10],"texture":"#0"},"down":{"uv":[8.875, 9.625, 9.25, 10],"texture":"#0"}}},{"from":[-6, 8.6, 10.5],"to":[-6, 9.6, 13.5],"faces":{"north":{"uv":[6.5, 9.1875, 6.5, 9.3125],"texture":"#0"},"east":{"uv":[6.25, 9.3125, 6.625, 9.4375],"texture":"#0"},"south":{"uv":[6.5, 9.1875, 6.5, 9.3125],"texture":"#0"},"west":{"uv":[6.25, 9.3125, 6.625, 9.4375],"texture":"#0"},"up":{"uv":[6.625, 9.3125, 6.875, 9.3125],"rotation":90,"texture":"#0"},"down":{"uv":[6.625, 9.3125, 6.875, 9.3125],"rotation":270,"texture":"#0"}}},{"from":[-6.5, 8.6, 11],"to":[-3.5, 9.6, 11],"faces":{"north":{"uv":[6.25, 9.3125, 6.625, 9.4375],"texture":"#0"},"east":{"uv":[6.5, 9.1875, 6.5, 9.3125],"texture":"#0"},"south":{"uv":[6.25, 9.3125, 6.625, 9.4375],"texture":"#0"},"west":{"uv":[6.5, 9.1875, 6.5, 9.3125],"texture":"#0"},"up":{"uv":[6.625, 9.3125, 6.875, 9.3125],"texture":"#0"},"down":{"uv":[6.625, 9.3125, 6.875, 9.3125],"texture":"#0"}}},{"from":[-4, 8.6, 10.5],"to":[-4, 9.6, 13.5],"faces":{"north":{"uv":[6.5, 9.1875, 6.5, 9.3125],"texture":"#0"},"east":{"uv":[6.25, 9.3125, 6.625, 9.4375],"texture":"#0"},"south":{"uv":[6.5, 9.1875, 6.5, 9.3125],"texture":"#0"},"west":{"uv":[6.25, 9.3125, 6.625, 9.4375],"texture":"#0"},"up":{"uv":[6.625, 9.3125, 6.875, 9.3125],"rotation":90,"texture":"#0"},"down":{"uv":[6.625, 9.3125, 6.875, 9.3125],"rotation":270,"texture":"#0"}}},{"from":[-6.5, 8.6, 13],"to":[-3.5, 9.6, 13],"faces":{"north":{"uv":[6.25, 9.3125, 6.625, 9.4375],"texture":"#0"},"east":{"uv":[6.5, 9.1875, 6.5, 9.3125],"texture":"#0"},"south":{"uv":[6.25, 9.3125, 6.625, 9.4375],"texture":"#0"},"west":{"uv":[6.5, 9.1875, 6.5, 9.3125],"texture":"#0"},"up":{"uv":[6.625, 9.3125, 6.875, 9.3125],"texture":"#0"},"down":{"uv":[6.625, 9.3125, 6.875, 9.3125],"texture":"#0"}}},{"from":[-7, 1.6, 10],"to":[-3, 8.6, 10],"rotation":{"angle":0,"axis":"y","origin":[10.10676, 5.13203, 5]},"faces":{"north":{"uv":[7.625, 10.75, 8.125, 11.625],"texture":"#0"},"east":{"uv":[10.9375, 11, 10.9375, 11.875],"texture":"#0"},"south":{"uv":[8.125, 10.75, 7.625, 11.625],"texture":"#0"},"west":{"uv":[10.9375, 11, 10.9375, 11.875],"texture":"#0"},"up":{"uv":[10.9375, 11, 11.4375, 11],"texture":"#0"},"down":{"uv":[10.9375, 11, 11.4375, 11],"texture":"#0"}}},{"from":[-7, 1.6, 10],"to":[-7, 8.6, 14],"rotation":{"angle":0,"axis":"y","origin":[10.10676, 5.13203, 5]},"faces":{"north":{"uv":[10.9375, 11, 10.9375, 11.875],"texture":"#0"},"east":{"uv":[7.625, 10.75, 8.125, 11.625],"texture":"#0"},"south":{"uv":[10.9375, 11, 10.9375, 11.875],"texture":"#0"},"west":{"uv":[7.625, 10.75, 8.125, 11.625],"texture":"#0"},"up":{"uv":[10.9375, 11, 11.4375, 11],"rotation":90,"texture":"#0"},"down":{"uv":[10.9375, 11, 11.4375, 11],"rotation":270,"texture":"#0"}}},{"from":[-3, 1.6, 10],"to":[-3, 8.6, 14],"rotation":{"angle":0,"axis":"y","origin":[10.10676, 5.13203, 5]},"faces":{"north":{"uv":[10.9375, 11, 10.9375, 11.875],"texture":"#0"},"east":{"uv":[7.625, 10.75, 8.125, 11.625],"texture":"#0"},"south":{"uv":[10.9375, 11, 10.9375, 11.875],"texture":"#0"},"west":{"uv":[7.625, 10.75, 8.125, 11.625],"texture":"#0"},"up":{"uv":[10.9375, 11, 11.4375, 11],"rotation":90,"texture":"#0"},"down":{"uv":[10.9375, 11, 11.4375, 11],"rotation":270,"texture":"#0"}}},{"from":[-7, 1.6, 14],"to":[-3, 8.6, 14],"rotation":{"angle":0,"axis":"y","origin":[10.10676, 5.13203, 5]},"faces":{"north":{"uv":[7.625, 10.75, 8.125, 11.625],"texture":"#0"},"east":{"uv":[10.9375, 11, 10.9375, 11.875],"texture":"#0"},"south":{"uv":[8.125, 10.75, 7.625, 11.625],"texture":"#0"},"west":{"uv":[10.9375, 11, 10.9375, 11.875],"texture":"#0"},"up":{"uv":[10.9375, 11, 11.4375, 11],"texture":"#0"},"down":{"uv":[10.9375, 11, 11.4375, 11],"texture":"#0"}}},{"from":[-6.9, 1.6, 10.1],"to":[-3.1, 6.6, 13.9],"rotation":{"angle":0,"axis":"y","origin":[10.10676, 5.13203, 5]},"faces":{"north":{"uv":[9.125, 11, 9.625, 11.625],"texture":"#0"},"east":{"uv":[9.125, 11, 9.625, 11.625],"texture":"#0"},"south":{"uv":[9.125, 11, 9.625, 11.625],"texture":"#0"},"west":{"uv":[9.125, 11, 9.625, 11.625],"texture":"#0"},"up":{"uv":[9.625, 11.125, 10.125, 11.625],"texture":"#0"},"down":{"uv":[9.625, 11.125, 10.125, 11.625],"texture":"#0"}}},{"from":[-7, 8.6, 10],"to":[-3, 8.6, 14],"faces":{"north":{"uv":[6.5, 9.1875, 7, 9.1875],"texture":"#0"},"east":{"uv":[6.5, 9.1875, 7, 9.1875],"texture":"#0"},"south":{"uv":[6.5, 9.1875, 7, 9.1875],"texture":"#0"},"west":{"uv":[6.5, 9.1875, 7, 9.1875],"texture":"#0"},"up":{"uv":[6.625, 9.3125, 7.125, 9.8125],"texture":"#0"},"down":{"uv":[6.625, 9.3125, 7.125, 9.8125],"texture":"#0"}}},{"from":[-11.5, 9.5, 9.5],"to":[-8.5, 11, 12.5],"faces":{"north":{"uv":[8.5, 9.625, 8.875, 9.8125],"texture":"#0"},"east":{"uv":[8.5, 9.625, 8.875, 9.8125],"texture":"#0"},"south":{"uv":[8.5, 9.625, 8.875, 9.8125],"texture":"#0"},"west":{"uv":[8.5, 9.625, 8.875, 9.8125],"texture":"#0"},"up":{"uv":[8.875, 9.625, 9.25, 10],"texture":"#0"},"down":{"uv":[8.875, 9.625, 9.25, 10],"texture":"#0"}}},{"from":[-11.5, 8.5, 10],"to":[-8.5, 9.5, 10],"faces":{"north":{"uv":[6.25, 9.3125, 6.625, 9.4375],"texture":"#0"},"east":{"uv":[6.5, 9.1875, 6.5, 9.3125],"texture":"#0"},"south":{"uv":[6.25, 9.3125, 6.625, 9.4375],"texture":"#0"},"west":{"uv":[6.5, 9.1875, 6.5, 9.3125],"texture":"#0"},"up":{"uv":[6.625, 9.3125, 6.875, 9.3125],"texture":"#0"},"down":{"uv":[6.625, 9.3125, 6.875, 9.3125],"texture":"#0"}}},{"from":[-9, 8.5, 9.5],"to":[-9, 9.5, 12.5],"faces":{"north":{"uv":[6.5, 9.1875, 6.5, 9.3125],"texture":"#0"},"east":{"uv":[6.25, 9.3125, 6.625, 9.4375],"texture":"#0"},"south":{"uv":[6.5, 9.1875, 6.5, 9.3125],"texture":"#0"},"west":{"uv":[6.25, 9.3125, 6.625, 9.4375],"texture":"#0"},"up":{"uv":[6.625, 9.3125, 6.875, 9.3125],"rotation":90,"texture":"#0"},"down":{"uv":[6.625, 9.3125, 6.875, 9.3125],"rotation":270,"texture":"#0"}}},{"from":[-11.5, 8.5, 12],"to":[-8.5, 9.5, 12],"faces":{"north":{"uv":[6.25, 9.3125, 6.625, 9.4375],"texture":"#0"},"east":{"uv":[6.5, 9.1875, 6.5, 9.3125],"texture":"#0"},"south":{"uv":[6.25, 9.3125, 6.625, 9.4375],"texture":"#0"},"west":{"uv":[6.5, 9.1875, 6.5, 9.3125],"texture":"#0"},"up":{"uv":[6.625, 9.3125, 6.875, 9.3125],"texture":"#0"},"down":{"uv":[6.625, 9.3125, 6.875, 9.3125],"texture":"#0"}}},{"from":[-11, 8.5, 9.5],"to":[-11, 9.5, 12.5],"faces":{"north":{"uv":[6.5, 9.1875, 6.5, 9.3125],"texture":"#0"},"east":{"uv":[6.25, 9.3125, 6.625, 9.4375],"texture":"#0"},"south":{"uv":[6.5, 9.1875, 6.5, 9.3125],"texture":"#0"},"west":{"uv":[6.25, 9.3125, 6.625, 9.4375],"texture":"#0"},"up":{"uv":[6.625, 9.3125, 6.875, 9.3125],"rotation":90,"texture":"#0"},"down":{"uv":[6.625, 9.3125, 6.875, 9.3125],"rotation":270,"texture":"#0"}}},{"from":[-12, 1.5, 9],"to":[-8, 8.5, 9],"rotation":{"angle":0,"axis":"y","origin":[10.10676, 5.13203, 5]},"faces":{"north":{"uv":[7.625, 10.75, 8.125, 11.625],"texture":"#0"},"east":{"uv":[10.9375, 11, 10.9375, 11.875],"texture":"#0"},"south":{"uv":[8.125, 10.75, 7.625, 11.625],"texture":"#0"},"west":{"uv":[10.9375, 11, 10.9375, 11.875],"texture":"#0"},"up":{"uv":[10.9375, 11, 11.4375, 11],"texture":"#0"},"down":{"uv":[10.9375, 11, 11.4375, 11],"texture":"#0"}}},{"from":[-12, 1.5, 9],"to":[-12, 8.5, 13],"rotation":{"angle":0,"axis":"y","origin":[10.10676, 5.13203, 5]},"faces":{"north":{"uv":[10.9375, 11, 10.9375, 11.875],"texture":"#0"},"east":{"uv":[7.625, 10.75, 8.125, 11.625],"texture":"#0"},"south":{"uv":[10.9375, 11, 10.9375, 11.875],"texture":"#0"},"west":{"uv":[7.625, 10.75, 8.125, 11.625],"texture":"#0"},"up":{"uv":[10.9375, 11, 11.4375, 11],"rotation":90,"texture":"#0"},"down":{"uv":[10.9375, 11, 11.4375, 11],"rotation":270,"texture":"#0"}}},{"from":[-12, 8.5, 9],"to":[-8, 8.5, 13],"faces":{"north":{"uv":[6.5, 9.1875, 7, 9.1875],"texture":"#0"},"east":{"uv":[6.5, 9.1875, 7, 9.1875],"texture":"#0"},"south":{"uv":[6.5, 9.1875, 7, 9.1875],"texture":"#0"},"west":{"uv":[6.5, 9.1875, 7, 9.1875],"texture":"#0"},"up":{"uv":[6.625, 9.3125, 7.125, 9.8125],"texture":"#0"},"down":{"uv":[6.625, 9.3125, 7.125, 9.8125],"texture":"#0"}}},{"from":[-8, 1.5, 9],"to":[-8, 8.5, 13],"rotation":{"angle":0,"axis":"y","origin":[10.10676, 5.13203, 5]},"faces":{"north":{"uv":[10.9375, 11, 10.9375, 11.875],"texture":"#0"},"east":{"uv":[7.625, 10.75, 8.125, 11.625],"texture":"#0"},"south":{"uv":[10.9375, 11, 10.9375, 11.875],"texture":"#0"},"west":{"uv":[7.625, 10.75, 8.125, 11.625],"texture":"#0"},"up":{"uv":[10.9375, 11, 11.4375, 11],"rotation":90,"texture":"#0"},"down":{"uv":[10.9375, 11, 11.4375, 11],"rotation":270,"texture":"#0"}}},{"from":[2, 3.0251, 12.88903],"to":[4, 3.0251, 14.88903],"rotation":{"angle":22.5,"axis":"y","origin":[0, 4.25517, 7.79724]},"faces":{"north":{"uv":[7.625, 6.25, 7.875, 6.5],"texture":"#0"},"east":{"uv":[7.5, 6.8125, 7.875, 7.0625],"texture":"#0"},"south":{"uv":[7.625, 6.25, 7.875, 6.5],"texture":"#0"},"west":{"uv":[7.5, 6.8125, 7.875, 7.0625],"texture":"#0"},"up":{"uv":[7.25, 6.6875, 7.5, 6.9375],"texture":"#0"},"down":{"uv":[7.25, 6.9375, 7.5, 6.6875],"texture":"#0"}}},{"from":[2.25, 2.2751, 7.88903],"to":[3.75, 3.7751, 9.88903],"rotation":{"angle":22.5,"axis":"y","origin":[0, 4.25517, 7.79724]},"faces":{"north":{"uv":[7.25, 6.5, 7.4375, 6.6875],"texture":"#0"},"east":{"uv":[7.4375, 6.5, 7.6875, 6.6875],"texture":"#0"},"south":{"uv":[7.25, 6.5, 7.4375, 6.6875],"texture":"#0"},"west":{"uv":[7.4375, 6.5, 7.6875, 6.6875],"texture":"#0"},"up":{"uv":[7.6875, 6.5, 7.875, 6.75],"texture":"#0"},"down":{"uv":[7.6875, 6.5, 7.875, 6.75],"texture":"#0"}}},{"from":[2, 2.0251, 9.88903],"to":[4, 4.0251, 12.88903],"rotation":{"angle":22.5,"axis":"y","origin":[0, 4.25517, 7.79724]},"faces":{"north":{"uv":[7.625, 6.25, 7.875, 6.5],"texture":"#0"},"east":{"uv":[7.5, 6.8125, 7.875, 7.0625],"texture":"#0"},"south":{"uv":[7.625, 6.25, 7.875, 6.5],"texture":"#0"},"west":{"uv":[7.5, 6.8125, 7.875, 7.0625],"texture":"#0"},"up":{"uv":[7.625, 5.875, 7.875, 6.25],"texture":"#0"},"down":{"uv":[7.625, 5.875, 7.875, 6.25],"texture":"#0"}}},{"from":[4, 3.0251, 9.88903],"to":[6, 5.0251, 12.88903],"rotation":{"angle":-22.5,"axis":"x","origin":[0, 4.25517, 7.79724]},"faces":{"north":{"uv":[7.625, 6.25, 7.875, 6.5],"texture":"#0"},"east":{"uv":[7.5, 6.8125, 7.875, 7.0625],"texture":"#0"},"south":{"uv":[7.625, 6.25, 7.875, 6.5],"texture":"#0"},"west":{"uv":[7.5, 6.8125, 7.875, 7.0625],"texture":"#0"},"up":{"uv":[7.625, 5.875, 7.875, 6.25],"texture":"#0"},"down":{"uv":[7.625, 5.875, 7.875, 6.25],"texture":"#0"}}},{"from":[4.25, 3.2751, 7.88903],"to":[5.75, 4.7751, 9.88903],"rotation":{"angle":-22.5,"axis":"x","origin":[0, 4.25517, 7.79724]},"faces":{"north":{"uv":[7.25, 6.5, 7.4375, 6.6875],"texture":"#0"},"east":{"uv":[7.4375, 6.5, 7.6875, 6.6875],"texture":"#0"},"south":{"uv":[7.25, 6.5, 7.4375, 6.6875],"texture":"#0"},"west":{"uv":[7.4375, 6.5, 7.6875, 6.6875],"texture":"#0"},"up":{"uv":[7.6875, 6.5, 7.875, 6.75],"texture":"#0"},"down":{"uv":[7.6875, 6.5, 7.875, 6.75],"texture":"#0"}}},{"from":[4, 4.0251, 12.88903],"to":[6, 4.0251, 14.88903],"rotation":{"angle":-22.5,"axis":"x","origin":[0, 4.25517, 7.79724]},"faces":{"north":{"uv":[7.625, 6.25, 7.875, 6.5],"texture":"#0"},"east":{"uv":[7.5, 6.8125, 7.875, 7.0625],"texture":"#0"},"south":{"uv":[7.625, 6.25, 7.875, 6.5],"texture":"#0"},"west":{"uv":[7.5, 6.8125, 7.875, 7.0625],"texture":"#0"},"up":{"uv":[7.25, 6.6875, 7.5, 6.9375],"texture":"#0"},"down":{"uv":[7.25, 6.9375, 7.5, 6.6875],"texture":"#0"}}},{"from":[-12, 1.5, 13],"to":[-8, 8.5, 13],"rotation":{"angle":0,"axis":"y","origin":[10.10676, 5.13203, 5]},"faces":{"north":{"uv":[7.625, 10.75, 8.125, 11.625],"texture":"#0"},"east":{"uv":[10.9375, 11, 10.9375, 11.875],"texture":"#0"},"south":{"uv":[8.125, 10.75, 7.625, 11.625],"texture":"#0"},"west":{"uv":[10.9375, 11, 10.9375, 11.875],"texture":"#0"},"up":{"uv":[10.9375, 11, 11.4375, 11],"texture":"#0"},"down":{"uv":[10.9375, 11, 11.4375, 11],"texture":"#0"}}},{"from":[-11.9, 1.5, 9.1],"to":[-8.1, 7.5, 12.9],"rotation":{"angle":0,"axis":"y","origin":[10.10676, 5.13203, 5]},"faces":{"north":{"uv":[8.125, 11, 8.6, 11.75],"texture":"#0"},"east":{"uv":[8.125, 11, 8.6, 11.75],"texture":"#0"},"south":{"uv":[8.125, 11, 8.6, 11.75],"texture":"#0"},"west":{"uv":[8.125, 11, 8.6, 11.75],"texture":"#0"},"up":{"uv":[8.625, 11.125, 9.1, 11.6],"texture":"#0"},"down":{"uv":[8.625, 11.125, 9.1, 11.6],"texture":"#0"}}},{"from":[-16, 0, 15],"to":[16, 3, 16],"rotation":{"angle":0,"axis":"y","origin":[0, -2, 0]},"faces":{"north":{"uv":[12, 2.5, 16, 2.875],"texture":"#1"},"east":{"uv":[11.875, 2.5, 12, 2.875],"texture":"#1"},"south":{"uv":[12, 2.5, 16, 2.875],"texture":"#1"},"west":{"uv":[12, 2.5, 11.875, 2.875],"texture":"#1"},"up":{"uv":[12, 2.875, 16, 3],"texture":"#1"},"down":{"uv":[12, 2.875, 16, 3],"texture":"#1"}}},{"from":[-16, 11, 5],"to":[16, 15, 6],"rotation":{"angle":0,"axis":"y","origin":[0, -2, 0]},"faces":{"north":{"uv":[12, 3.5, 16, 4],"texture":"#1"},"east":{"uv":[11.875, 3.5, 12, 4],"texture":"#1"},"south":{"uv":[12, 3.5, 16, 4],"texture":"#1"},"west":{"uv":[12, 3.5, 11.875, 4],"texture":"#1"},"up":{"uv":[12, 4, 16, 4.125],"texture":"#1"},"down":{"uv":[12, 4, 16, 4.125],"texture":"#1"}}},{"from":[-16, 5, 15],"to":[16, 8, 16],"rotation":{"angle":0,"axis":"y","origin":[0, -2, 0]},"faces":{"north":{"uv":[12, 3, 16, 3.375],"texture":"#1"},"east":{"uv":[11.875, 3, 12, 3.375],"texture":"#1"},"south":{"uv":[12, 3, 16, 3.375],"texture":"#1"},"west":{"uv":[12, 3, 11.875, 3.375],"texture":"#1"},"up":{"uv":[12, 3.375, 16, 3.5],"texture":"#1"},"down":{"uv":[12, 3.375, 16, 3.5],"texture":"#1"}}},{"from":[-16, 12, 6],"to":[16, 13, 15],"rotation":{"angle":0,"axis":"y","origin":[0, -2, 0]},"faces":{"north":{"uv":[12, 2.375, 16, 2.5],"texture":"#1"},"east":{"uv":[12, 2.375, 13.125, 2.5],"texture":"#1"},"south":{"uv":[12, 2.375, 16, 2.5],"texture":"#1"},"west":{"uv":[12, 2.375, 13.125, 2.5],"texture":"#1"},"up":{"uv":[12, 1.25, 16, 2.375],"texture":"#1"},"down":{"uv":[12, 1.25, 16, 2.375],"texture":"#1"}}},{"from":[11.5, 12.4, 4.8],"to":[16.5, 17.4, 4.8],"rotation":{"angle":-22.5,"axis":"z","origin":[9, 14.9, 4.7]},"faces":{"north":{"uv":[8, 3.6875, 8.625, 4.3125],"texture":"#0"},"east":{"uv":[0, 0, 0, 0.625],"texture":"#missing"},"south":{"uv":[8.625, 3.6875, 8, 4.3125],"texture":"#0"},"west":{"uv":[0, 0, 0, 0.625],"texture":"#missing"},"up":{"uv":[0, 0, 0.625, 0],"texture":"#0"},"down":{"uv":[0, 0, 0.625, 0],"texture":"#missing"}}},{"from":[-5.5, 16.4, 4.8],"to":[-0.5, 21.4, 4.8],"rotation":{"angle":22.5,"axis":"z","origin":[10, 14.9, 4.7]},"faces":{"north":{"uv":[8, 3.6875, 8.625, 4.3125],"texture":"#0"},"east":{"uv":[0, 0, 0, 0.625],"texture":"#missing"},"south":{"uv":[8.625, 3.6875, 8, 4.3125],"texture":"#0"},"west":{"uv":[0, 0, 0, 0.625],"texture":"#missing"},"up":{"uv":[0, 0, 0.625, 0],"texture":"#0"},"down":{"uv":[0, 0, 0.625, 0],"texture":"#missing"}}},{"from":[11, 1.5, 10],"to":[14, 4.5, 13],"rotation":{"angle":0,"axis":"y","origin":[-4, 21.5, 9.85]},"faces":{"north":{"uv":[8.875, 7.5, 9.25, 7.875],"texture":"#0"},"east":{"uv":[8.875, 7.5, 9.25, 7.875],"texture":"#0"},"south":{"uv":[8.875, 7.5, 9.25, 7.875],"texture":"#0"},"west":{"uv":[8.875, 7.5, 9.25, 7.875],"texture":"#0"},"up":{"uv":[8.875, 7.875, 9.25, 8.25],"texture":"#0"},"down":{"uv":[8.875, 7.875, 9.25, 8.25],"texture":"#0"}}},{"from":[7.7, 4.5, 10.5],"to":[9.7, 6.5, 10.5],"rotation":{"angle":0,"axis":"y","origin":[-4, 21.5, 9.85]},"faces":{"north":{"uv":[8.625, 7.5, 8.875, 7.75],"texture":"#0"},"east":{"uv":[8.875, 7.5, 9.25, 7.875],"texture":"#0"},"south":{"uv":[8.875, 7.5, 8.625, 7.75],"texture":"#0"},"west":{"uv":[8.875, 7.5, 9.25, 7.875],"texture":"#0"},"up":{"uv":[8.875, 7.875, 9.125, 7.875],"texture":"#0"},"down":{"uv":[8.875, 7.875, 9.25, 8.25],"texture":"#0"}}},{"from":[8, 1.5, 9],"to":[11, 4.5, 12],"rotation":{"angle":0,"axis":"y","origin":[-4, 21.5, 9.85]},"faces":{"north":{"uv":[8.875, 7.5, 9.25, 7.875],"texture":"#0"},"east":{"uv":[8.875, 7.5, 9.25, 7.875],"texture":"#0"},"south":{"uv":[8.875, 7.5, 9.25, 7.875],"texture":"#0"},"west":{"uv":[8.875, 7.5, 9.25, 7.875],"texture":"#0"},"up":{"uv":[8.875, 7.875, 9.25, 8.25],"texture":"#0"},"down":{"uv":[8.875, 7.875, 9.25, 8.25],"texture":"#0"}}},{"from":[10, 4.5, 11],"to":[13, 7.5, 14],"rotation":{"angle":0,"axis":"y","origin":[-4, 21.5, 9.85]},"faces":{"north":{"uv":[8.875, 7.5, 9.25, 7.875],"texture":"#0"},"east":{"uv":[8.875, 7.5, 9.25, 7.875],"texture":"#0"},"south":{"uv":[8.875, 7.5, 9.25, 7.875],"texture":"#0"},"west":{"uv":[8.875, 7.5, 9.25, 7.875],"texture":"#0"},"up":{"uv":[8.875, 7.875, 9.25, 8.25],"texture":"#0"},"down":{"uv":[8.875, 7.875, 9.25, 8.25],"texture":"#0"}}},{"from":[11, 7.5, 12.5],"to":[13, 9.5, 12.5],"rotation":{"angle":0,"axis":"y","origin":[-4, 21.5, 9.85]},"faces":{"north":{"uv":[8.875, 7.5, 8.625, 7.75],"texture":"#0"},"east":{"uv":[8.875, 7.5, 9.25, 7.875],"texture":"#0"},"south":{"uv":[8.625, 7.5, 8.875, 7.75],"texture":"#0"},"west":{"uv":[8.875, 7.5, 9.25, 7.875],"texture":"#0"},"up":{"uv":[8.875, 7.875, 9.125, 7.875],"texture":"#0"},"down":{"uv":[8.875, 7.875, 9.25, 8.25],"texture":"#0"}}},{"from":[-5.5, 9.76744, 4.78985],"to":[-1.5, 14.76744, 4.78985],"rotation":{"angle":-22.5,"axis":"z","origin":[1, 1.16744, 5.18985]},"faces":{"north":{"uv":[7.875, 9.0625, 8.375, 9.6875],"texture":"#0"},"east":{"uv":[0, 0, 0, 0.625],"texture":"#missing"},"south":{"uv":[8.375, 9.0625, 7.875, 9.6875],"texture":"#0"},"west":{"uv":[0, 0, 0, 0.625],"texture":"#missing"},"up":{"uv":[0, 0, 0.625, 0],"texture":"#0"},"down":{"uv":[0, 0, 0.625, 0],"texture":"#missing"}}},{"from":[-9.5, 14.76744, 4.78985],"to":[-5.5, 19.76744, 4.78985],"rotation":{"angle":22.5,"axis":"z","origin":[0, 1.16744, 5.18985]},"faces":{"north":{"uv":[7.875, 9.0625, 8.375, 9.6875],"texture":"#0"},"east":{"uv":[0, 0, 0, 0.625],"texture":"#missing"},"south":{"uv":[8.375, 9.0625, 7.875, 9.6875],"texture":"#0"},"west":{"uv":[0, 0, 0, 0.625],"texture":"#missing"},"up":{"uv":[0, 0, 0.625, 0],"texture":"#0"},"down":{"uv":[0, 0, 0.625, 0],"texture":"#missing"}}},{"from":[-5.63431, 10.50498, 9.9],"to":[-3.13431, 13.00498, 9.9],"rotation":{"angle":22.5,"axis":"z","origin":[4.2227, 5.1106, 9]},"faces":{"north":{"uv":[8.6875, 3.625, 9.3125, 4.375],"texture":"#0"},"east":{"uv":[0, 0, 0, 0.625],"texture":"#missing"},"south":{"uv":[9.3125, 3.625, 8.6875, 4.375],"texture":"#0"},"west":{"uv":[0, 0, 0, 0.625],"texture":"#missing"},"up":{"uv":[0, 0, 0.625, 0],"texture":"#0"},"down":{"uv":[0, 0, 0.625, 0],"texture":"#missing"}}},{"from":[-12.55409, 6.36993, 8.9],"to":[-10.55409, 8.36993, 8.9],"rotation":{"angle":45,"axis":"z","origin":[-11.55409, 7.76993, 8.9]},"faces":{"north":{"uv":[8, 3.6875, 8.625, 4.3125],"texture":"#0"},"east":{"uv":[0, 0, 0, 0.625],"texture":"#missing"},"south":{"uv":[8.625, 3.6875, 8, 4.3125],"texture":"#0"},"west":{"uv":[0, 0, 0, 0.625],"texture":"#missing"},"up":{"uv":[0, 0, 0.625, 0],"texture":"#0"},"down":{"uv":[0, 0, 0.625, 0],"texture":"#missing"}}},{"from":[-9.55409, 3.76993, 8.9],"to":[-7.55409, 5.76993, 8.9],"rotation":{"angle":-22.5,"axis":"z","origin":[-9.55409, 4.76993, 8.9]},"faces":{"north":{"uv":[8, 3.6875, 8.625, 4.3125],"texture":"#0"},"east":{"uv":[0, 0, 0, 0.625],"texture":"#missing"},"south":{"uv":[8.625, 3.6875, 8, 4.3125],"texture":"#0"},"west":{"uv":[0, 0, 0, 0.625],"texture":"#missing"},"up":{"uv":[0, 0, 0.625, 0],"texture":"#0"},"down":{"uv":[0, 0, 0.625, 0],"texture":"#missing"}}},{"from":[1.14062, 6.20413, 9.7],"to":[3.64062, 8.70413, 9.7],"rotation":{"angle":0,"axis":"y","origin":[4.10778, 4.88971, 11]},"faces":{"north":{"uv":[9.3125, 4.4375, 8.6875, 5.0625],"texture":"#0"},"east":{"uv":[0, 0, 0, 0.625],"texture":"#missing"},"south":{"uv":[8.6875, 4.4375, 9.3125, 5.0625],"texture":"#0"},"west":{"uv":[0, 0, 0, 0.625],"texture":"#missing"},"up":{"uv":[0, 0, 0.625, 0],"texture":"#0"},"down":{"uv":[0, 0, 0.625, 0],"texture":"#missing"}}}],"gui_light":"front","display":{"thirdperson_righthand":{"rotation":[67.5, 0, 0],"translation":[1.75, 1.75, 0],"scale":[0.19531, 0.19531, 0.19531]},"thirdperson_lefthand":{"rotation":[67.5, 0, 0],"translation":[-1.5, 1.75, 0],"scale":[0.19531, 0.19531, 0.19531]},"firstperson_righthand":{"translation":[2.5, 3, 0],"scale":[0.26133, 0.26133, 0.26133]},"firstperson_lefthand":{"translation":[-1.25, 3, 0],"scale":[0.26133, 0.26133, 0.26133]},"ground":{"translation":[3.25, 6, -0.75],"scale":[0.4, 0.4, 0.4]},"gui":{"rotation":[30, -135, 0],"translation":[-1.75, -1.5, 0],"scale":[0.47852, 0.47852, 0.47852]},"head":{"rotation":[0, 180, 0],"translation":[0, -30.4, 0],"scale":[1.6, 1.6, 1.6]},"fixed":{"rotation":[-90, 0, 0],"translation":[0, 0, -16],"scale":[2, 2, 2]}},"groups":[0,1,2,3,4,5,6,7,8,9,10,11,12,13,14,15,16,{"name":"group","origin":[10.10676, 5.13203, 5],"color":0,"children":[]},{"name":"group","origin":[0, 0, 0],"color":0,"children":[17, 18, 19, 20, 21, 22, 23, 24, 25, 26, 27]},{"name":"group","origin":[10.10676, 5.13203, 5],"color":0,"children":[28, 29, 30, 31, 32, 33, 34, 35, 36, 37, 38, 39, 40, 41, 42, 43, 44]},{"name":"group","origin":[10.10676, 5.13203, 5],"color":0,"children":[]},45,46,47,48,49,50,51,52,53,54,55,56,57,58,59,60,61]}