{"texture_size":[32, 32],"textures":{"0":"custom/furniture/playground/sand_castle","particle":"custom/furniture/playground/sand_castle"},"elements":[{"from":[10.5, 0, 10],"to":[15.5, 12, 15],"faces":{"north":{"uv":[2.5, 0, 5, 6],"texture":"#0"},"east":{"uv":[0, 0, 2.5, 6],"texture":"#0"},"south":{"uv":[7.5, 0, 10, 6],"texture":"#0"},"west":{"uv":[5, 0, 7.5, 6],"texture":"#0"},"up":{"uv":[11.5, 12, 9, 9.5],"texture":"#0"},"down":{"uv":[11.5, 12, 9, 14.5],"texture":"#0"}}},{"from":[14.5, 12, 10],"to":[15.5, 13, 11],"faces":{"north":{"uv":[12, 9.5, 12.5, 10],"texture":"#0"},"east":{"uv":[11.5, 9.5, 12, 10],"texture":"#0"},"south":{"uv":[13, 9.5, 13.5, 10],"texture":"#0"},"west":{"uv":[12.5, 9.5, 13, 10],"texture":"#0"},"up":{"uv":[14, 10, 13.5, 9.5],"texture":"#0"},"down":{"uv":[14.5, 9.5, 14, 10],"texture":"#0"}}},{"from":[12.5, 12, 10],"to":[13.5, 13, 11],"faces":{"north":{"uv":[12, 10, 12.5, 10.5],"texture":"#0"},"east":{"uv":[11.5, 10, 12, 10.5],"texture":"#0"},"south":{"uv":[13, 10, 13.5, 10.5],"texture":"#0"},"west":{"uv":[12.5, 10, 13, 10.5],"texture":"#0"},"up":{"uv":[14, 10.5, 13.5, 10],"texture":"#0"},"down":{"uv":[14.5, 10, 14, 10.5],"texture":"#0"}}},{"from":[12.5, 12, 14],"to":[13.5, 13, 15],"faces":{"north":{"uv":[12, 10.5, 12.5, 11],"texture":"#0"},"east":{"uv":[11.5, 10.5, 12, 11],"texture":"#0"},"south":{"uv":[13, 10.5, 13.5, 11],"texture":"#0"},"west":{"uv":[12.5, 10.5, 13, 11],"texture":"#0"},"up":{"uv":[14, 11, 13.5, 10.5],"texture":"#0"},"down":{"uv":[14.5, 10.5, 14, 11],"texture":"#0"}}},{"from":[10.5, 12, 10],"to":[11.5, 13, 11],"faces":{"north":{"uv":[12, 11, 12.5, 11.5],"texture":"#0"},"east":{"uv":[11.5, 11, 12, 11.5],"texture":"#0"},"south":{"uv":[13, 11, 13.5, 11.5],"texture":"#0"},"west":{"uv":[12.5, 11, 13, 11.5],"texture":"#0"},"up":{"uv":[14, 11.5, 13.5, 11],"texture":"#0"},"down":{"uv":[14.5, 11, 14, 11.5],"texture":"#0"}}},{"from":[10.5, 12, 14],"to":[11.5, 13, 15],"faces":{"north":{"uv":[12, 11.5, 12.5, 12],"texture":"#0"},"east":{"uv":[11.5, 11.5, 12, 12],"texture":"#0"},"south":{"uv":[13, 11.5, 13.5, 12],"texture":"#0"},"west":{"uv":[12.5, 11.5, 13, 12],"texture":"#0"},"up":{"uv":[14, 12, 13.5, 11.5],"texture":"#0"},"down":{"uv":[14.5, 11.5, 14, 12],"texture":"#0"}}},{"from":[14.5, 12, 14],"to":[15.5, 13, 15],"faces":{"north":{"uv":[12, 12, 12.5, 12.5],"texture":"#0"},"east":{"uv":[11.5, 12, 12, 12.5],"texture":"#0"},"south":{"uv":[13, 12, 13.5, 12.5],"texture":"#0"},"west":{"uv":[12.5, 12, 13, 12.5],"texture":"#0"},"up":{"uv":[14, 12.5, 13.5, 12],"texture":"#0"},"down":{"uv":[14.5, 12, 14, 12.5],"texture":"#0"}}},{"from":[14.5, 12, 12],"to":[15.5, 13, 13],"faces":{"north":{"uv":[12, 12.5, 12.5, 13],"texture":"#0"},"east":{"uv":[11.5, 12.5, 12, 13],"texture":"#0"},"south":{"uv":[13, 12.5, 13.5, 13],"texture":"#0"},"west":{"uv":[12.5, 12.5, 13, 13],"texture":"#0"},"up":{"uv":[14, 13, 13.5, 12.5],"texture":"#0"},"down":{"uv":[14.5, 12.5, 14, 13],"texture":"#0"}}},{"from":[10.5, 12, 12],"to":[11.5, 13, 13],"faces":{"north":{"uv":[12, 13, 12.5, 13.5],"texture":"#0"},"east":{"uv":[11.5, 13, 12, 13.5],"texture":"#0"},"south":{"uv":[13, 13, 13.5, 13.5],"texture":"#0"},"west":{"uv":[12.5, 13, 13, 13.5],"texture":"#0"},"up":{"uv":[14, 13.5, 13.5, 13],"texture":"#0"},"down":{"uv":[14.5, 13, 14, 13.5],"texture":"#0"}}},{"from":[0.5, 0, 10],"to":[5.5, 12, 15],"rotation":{"angle":0,"axis":"y","origin":[16, 0, 0]},"faces":{"north":{"uv":[5, 0, 2.5, 6],"texture":"#0"},"east":{"uv":[7.5, 0, 5, 6],"texture":"#0"},"south":{"uv":[10, 0, 7.5, 6],"texture":"#0"},"west":{"uv":[2.5, 0, 0, 6],"texture":"#0"},"up":{"uv":[9, 12, 11.5, 9.5],"texture":"#0"},"down":{"uv":[9, 12, 11.5, 14.5],"texture":"#0"}}},{"from":[0.5, 12, 12],"to":[1.5, 13, 13],"faces":{"north":{"uv":[12, 13, 12.5, 13.5],"texture":"#0"},"east":{"uv":[11.5, 13, 12, 13.5],"texture":"#0"},"south":{"uv":[13, 13, 13.5, 13.5],"texture":"#0"},"west":{"uv":[12.5, 13, 13, 13.5],"texture":"#0"},"up":{"uv":[14, 13.5, 13.5, 13],"texture":"#0"},"down":{"uv":[14.5, 13, 14, 13.5],"texture":"#0"}}},{"from":[4.5, 12, 12],"to":[5.5, 13, 13],"faces":{"north":{"uv":[12, 12.5, 12.5, 13],"texture":"#0"},"east":{"uv":[11.5, 12.5, 12, 13],"texture":"#0"},"south":{"uv":[13, 12.5, 13.5, 13],"texture":"#0"},"west":{"uv":[12.5, 12.5, 13, 13],"texture":"#0"},"up":{"uv":[14, 13, 13.5, 12.5],"texture":"#0"},"down":{"uv":[14.5, 12.5, 14, 13],"texture":"#0"}}},{"from":[4.5, 12, 14],"to":[5.5, 13, 15],"faces":{"north":{"uv":[12, 12, 12.5, 12.5],"texture":"#0"},"east":{"uv":[11.5, 12, 12, 12.5],"texture":"#0"},"south":{"uv":[13, 12, 13.5, 12.5],"texture":"#0"},"west":{"uv":[12.5, 12, 13, 12.5],"texture":"#0"},"up":{"uv":[14, 12.5, 13.5, 12],"texture":"#0"},"down":{"uv":[14.5, 12, 14, 12.5],"texture":"#0"}}},{"from":[0.5, 12, 14],"to":[1.5, 13, 15],"faces":{"north":{"uv":[12, 11.5, 12.5, 12],"texture":"#0"},"east":{"uv":[11.5, 11.5, 12, 12],"texture":"#0"},"south":{"uv":[13, 11.5, 13.5, 12],"texture":"#0"},"west":{"uv":[12.5, 11.5, 13, 12],"texture":"#0"},"up":{"uv":[14, 12, 13.5, 11.5],"texture":"#0"},"down":{"uv":[14.5, 11.5, 14, 12],"texture":"#0"}}},{"from":[0.5, 12, 10],"to":[1.5, 13, 11],"faces":{"north":{"uv":[12, 11, 12.5, 11.5],"texture":"#0"},"east":{"uv":[11.5, 11, 12, 11.5],"texture":"#0"},"south":{"uv":[13, 11, 13.5, 11.5],"texture":"#0"},"west":{"uv":[12.5, 11, 13, 11.5],"texture":"#0"},"up":{"uv":[14, 11.5, 13.5, 11],"texture":"#0"},"down":{"uv":[14.5, 11, 14, 11.5],"texture":"#0"}}},{"from":[2.5, 12, 14],"to":[3.5, 13, 15],"faces":{"north":{"uv":[12, 10.5, 12.5, 11],"texture":"#0"},"east":{"uv":[11.5, 10.5, 12, 11],"texture":"#0"},"south":{"uv":[13, 10.5, 13.5, 11],"texture":"#0"},"west":{"uv":[12.5, 10.5, 13, 11],"texture":"#0"},"up":{"uv":[14, 11, 13.5, 10.5],"texture":"#0"},"down":{"uv":[14.5, 10.5, 14, 11],"texture":"#0"}}},{"from":[2.5, 12, 10],"to":[3.5, 13, 11],"faces":{"north":{"uv":[12, 10, 12.5, 10.5],"texture":"#0"},"east":{"uv":[11.5, 10, 12, 10.5],"texture":"#0"},"south":{"uv":[13, 10, 13.5, 10.5],"texture":"#0"},"west":{"uv":[12.5, 10, 13, 10.5],"texture":"#0"},"up":{"uv":[14, 10.5, 13.5, 10],"texture":"#0"},"down":{"uv":[14.5, 10, 14, 10.5],"texture":"#0"}}},{"from":[4.5, 12, 10],"to":[5.5, 13, 11],"faces":{"north":{"uv":[12, 9.5, 12.5, 10],"texture":"#0"},"east":{"uv":[11.5, 9.5, 12, 10],"texture":"#0"},"south":{"uv":[13, 9.5, 13.5, 10],"texture":"#0"},"west":{"uv":[12.5, 9.5, 13, 10],"texture":"#0"},"up":{"uv":[14, 10, 13.5, 9.5],"texture":"#0"},"down":{"uv":[14.5, 9.5, 14, 10],"texture":"#0"}}},{"from":[10, 0, 1],"to":[15, 7, 5],"faces":{"north":{"uv":[6, 6, 8.5, 9.5],"texture":"#0"},"east":{"uv":[4, 6, 6, 9.5],"texture":"#0"},"south":{"uv":[10.5, 6, 13, 9.5],"texture":"#0"},"west":{"uv":[8.5, 6, 10.5, 9.5],"texture":"#0"},"up":{"uv":[9, 11.5, 6.5, 9.5],"texture":"#0"},"down":{"uv":[9, 11.5, 6.5, 13.5],"texture":"#0"}}},{"from":[10, 7, 1],"to":[11, 8, 2],"faces":{"north":{"uv":[12, 11, 12.5, 11.5],"texture":"#0"},"east":{"uv":[11.5, 11, 12, 11.5],"texture":"#0"},"south":{"uv":[13, 11, 13.5, 11.5],"texture":"#0"},"west":{"uv":[12.5, 11, 13, 11.5],"texture":"#0"},"up":{"uv":[14, 11.5, 13.5, 11],"texture":"#0"},"down":{"uv":[14.5, 11, 14, 11.5],"texture":"#0"}}},{"from":[10, 7, 2.5],"to":[11, 8, 3.5],"faces":{"north":{"uv":[12, 13, 12.5, 13.5],"texture":"#0"},"east":{"uv":[11.5, 13, 12, 13.5],"texture":"#0"},"south":{"uv":[13, 13, 13.5, 13.5],"texture":"#0"},"west":{"uv":[12.5, 13, 13, 13.5],"texture":"#0"},"up":{"uv":[14, 13.5, 13.5, 13],"texture":"#0"},"down":{"uv":[14.5, 13, 14, 13.5],"texture":"#0"}}},{"from":[10, 7, 4],"to":[11, 8, 5],"faces":{"north":{"uv":[12, 11.5, 12.5, 12],"texture":"#0"},"east":{"uv":[11.5, 11.5, 12, 12],"texture":"#0"},"south":{"uv":[13, 11.5, 13.5, 12],"texture":"#0"},"west":{"uv":[12.5, 11.5, 13, 12],"texture":"#0"},"up":{"uv":[14, 12, 13.5, 11.5],"texture":"#0"},"down":{"uv":[14.5, 11.5, 14, 12],"texture":"#0"}}},{"from":[12, 7, 4],"to":[13, 8, 5],"faces":{"north":{"uv":[12, 10.5, 12.5, 11],"texture":"#0"},"east":{"uv":[11.5, 10.5, 12, 11],"texture":"#0"},"south":{"uv":[13, 10.5, 13.5, 11],"texture":"#0"},"west":{"uv":[12.5, 10.5, 13, 11],"texture":"#0"},"up":{"uv":[14, 11, 13.5, 10.5],"texture":"#0"},"down":{"uv":[14.5, 10.5, 14, 11],"texture":"#0"}}},{"from":[14, 7, 4],"to":[15, 8, 5],"faces":{"north":{"uv":[12, 12, 12.5, 12.5],"texture":"#0"},"east":{"uv":[11.5, 12, 12, 12.5],"texture":"#0"},"south":{"uv":[13, 12, 13.5, 12.5],"texture":"#0"},"west":{"uv":[12.5, 12, 13, 12.5],"texture":"#0"},"up":{"uv":[14, 12.5, 13.5, 12],"texture":"#0"},"down":{"uv":[14.5, 12, 14, 12.5],"texture":"#0"}}},{"from":[14, 7, 2.5],"to":[15, 8, 3.5],"faces":{"north":{"uv":[12, 12.5, 12.5, 13],"texture":"#0"},"east":{"uv":[11.5, 12.5, 12, 13],"texture":"#0"},"south":{"uv":[13, 12.5, 13.5, 13],"texture":"#0"},"west":{"uv":[12.5, 12.5, 13, 13],"texture":"#0"},"up":{"uv":[14, 13, 13.5, 12.5],"texture":"#0"},"down":{"uv":[14.5, 12.5, 14, 13],"texture":"#0"}}},{"from":[12, 7, 1],"to":[13, 8, 2],"faces":{"north":{"uv":[12, 10, 12.5, 10.5],"texture":"#0"},"east":{"uv":[11.5, 10, 12, 10.5],"texture":"#0"},"south":{"uv":[13, 10, 13.5, 10.5],"texture":"#0"},"west":{"uv":[12.5, 10, 13, 10.5],"texture":"#0"},"up":{"uv":[14, 10.5, 13.5, 10],"texture":"#0"},"down":{"uv":[14.5, 10, 14, 10.5],"texture":"#0"}}},{"from":[14, 7, 1],"to":[15, 8, 2],"faces":{"north":{"uv":[12, 9.5, 12.5, 10],"texture":"#0"},"east":{"uv":[11.5, 9.5, 12, 10],"texture":"#0"},"south":{"uv":[13, 9.5, 13.5, 10],"texture":"#0"},"west":{"uv":[12.5, 9.5, 13, 10],"texture":"#0"},"up":{"uv":[14, 10, 13.5, 9.5],"texture":"#0"},"down":{"uv":[14.5, 9.5, 14, 10],"texture":"#0"}}},{"from":[1, 0, 1],"to":[6, 7, 5],"rotation":{"angle":0,"axis":"y","origin":[16, 0, 0]},"faces":{"north":{"uv":[8.5, 6, 6, 9.5],"texture":"#0"},"east":{"uv":[10.5, 6, 8.5, 9.5],"texture":"#0"},"south":{"uv":[13, 6, 10.5, 9.5],"texture":"#0"},"west":{"uv":[6, 6, 4, 9.5],"texture":"#0"},"up":{"uv":[6.5, 11.5, 9, 9.5],"texture":"#0"},"down":{"uv":[6.5, 11.5, 9, 13.5],"texture":"#0"}}},{"from":[5, 7, 1],"to":[6, 8, 2],"faces":{"north":{"uv":[12, 9.5, 12.5, 10],"texture":"#0"},"east":{"uv":[11.5, 9.5, 12, 10],"texture":"#0"},"south":{"uv":[13, 9.5, 13.5, 10],"texture":"#0"},"west":{"uv":[12.5, 9.5, 13, 10],"texture":"#0"},"up":{"uv":[14, 10, 13.5, 9.5],"texture":"#0"},"down":{"uv":[14.5, 9.5, 14, 10],"texture":"#0"}}},{"from":[1, 7, 1],"to":[2, 8, 2],"faces":{"north":{"uv":[12, 11, 12.5, 11.5],"texture":"#0"},"east":{"uv":[11.5, 11, 12, 11.5],"texture":"#0"},"south":{"uv":[13, 11, 13.5, 11.5],"texture":"#0"},"west":{"uv":[12.5, 11, 13, 11.5],"texture":"#0"},"up":{"uv":[14, 11.5, 13.5, 11],"texture":"#0"},"down":{"uv":[14.5, 11, 14, 11.5],"texture":"#0"}}},{"from":[1, 7, 2.5],"to":[2, 8, 3.5],"faces":{"north":{"uv":[12, 13, 12.5, 13.5],"texture":"#0"},"east":{"uv":[11.5, 13, 12, 13.5],"texture":"#0"},"south":{"uv":[13, 13, 13.5, 13.5],"texture":"#0"},"west":{"uv":[12.5, 13, 13, 13.5],"texture":"#0"},"up":{"uv":[14, 13.5, 13.5, 13],"texture":"#0"},"down":{"uv":[14.5, 13, 14, 13.5],"texture":"#0"}}},{"from":[1, 7, 4],"to":[2, 8, 5],"faces":{"north":{"uv":[12, 11.5, 12.5, 12],"texture":"#0"},"east":{"uv":[11.5, 11.5, 12, 12],"texture":"#0"},"south":{"uv":[13, 11.5, 13.5, 12],"texture":"#0"},"west":{"uv":[12.5, 11.5, 13, 12],"texture":"#0"},"up":{"uv":[14, 12, 13.5, 11.5],"texture":"#0"},"down":{"uv":[14.5, 11.5, 14, 12],"texture":"#0"}}},{"from":[3, 7, 4],"to":[4, 8, 5],"faces":{"north":{"uv":[12, 10.5, 12.5, 11],"texture":"#0"},"east":{"uv":[11.5, 10.5, 12, 11],"texture":"#0"},"south":{"uv":[13, 10.5, 13.5, 11],"texture":"#0"},"west":{"uv":[12.5, 10.5, 13, 11],"texture":"#0"},"up":{"uv":[14, 11, 13.5, 10.5],"texture":"#0"},"down":{"uv":[14.5, 10.5, 14, 11],"texture":"#0"}}},{"from":[5, 7, 4],"to":[6, 8, 5],"faces":{"north":{"uv":[12, 12, 12.5, 12.5],"texture":"#0"},"east":{"uv":[11.5, 12, 12, 12.5],"texture":"#0"},"south":{"uv":[13, 12, 13.5, 12.5],"texture":"#0"},"west":{"uv":[12.5, 12, 13, 12.5],"texture":"#0"},"up":{"uv":[14, 12.5, 13.5, 12],"texture":"#0"},"down":{"uv":[14.5, 12, 14, 12.5],"texture":"#0"}}},{"from":[5, 7, 2.5],"to":[6, 8, 3.5],"faces":{"north":{"uv":[12, 12.5, 12.5, 13],"texture":"#0"},"east":{"uv":[11.5, 12.5, 12, 13],"texture":"#0"},"south":{"uv":[13, 12.5, 13.5, 13],"texture":"#0"},"west":{"uv":[12.5, 12.5, 13, 13],"texture":"#0"},"up":{"uv":[14, 13, 13.5, 12.5],"texture":"#0"},"down":{"uv":[14.5, 12.5, 14, 13],"texture":"#0"}}},{"from":[3, 7, 1],"to":[4, 8, 2],"faces":{"north":{"uv":[12, 10, 12.5, 10.5],"texture":"#0"},"east":{"uv":[11.5, 10, 12, 10.5],"texture":"#0"},"south":{"uv":[13, 10, 13.5, 10.5],"texture":"#0"},"west":{"uv":[12.5, 10, 13, 10.5],"texture":"#0"},"up":{"uv":[14, 10.5, 13.5, 10],"texture":"#0"},"down":{"uv":[14.5, 10, 14, 10.5],"texture":"#0"}}},{"from":[4, 0, 6],"to":[12, 1, 10],"faces":{"up":{"uv":[14, 2.25, 10, 0],"texture":"#0"},"down":{"uv":[14, 2.25, 10, 4.5],"texture":"#0"}}},{"from":[4, 0, 3],"to":[12, 5, 6],"faces":{"north":{"uv":[0, 6, 4, 8.5],"texture":"#0"},"south":{"uv":[0, 8.5, 4, 11],"texture":"#0"},"up":{"uv":[14, 6, 10, 4.5],"texture":"#0"},"down":{"uv":[13, 14.5, 9, 16],"texture":"#0"}}},{"from":[12, 0, 5],"to":[15, 5, 10],"faces":{"east":{"uv":[0, 11, 2.5, 13.5],"texture":"#0"},"west":{"uv":[0, 13.5, 2.5, 16],"texture":"#0"},"up":{"uv":[4, 13.5, 2.5, 11],"texture":"#0"},"down":{"uv":[4, 13.5, 2.5, 16],"texture":"#0"}}},{"from":[1, 0, 5],"to":[4, 5, 10],"rotation":{"angle":0,"axis":"y","origin":[16, 0, 0]},"faces":{"east":{"uv":[2.5, 13.5, 0, 16],"texture":"#0"},"west":{"uv":[2.5, 11, 0, 13.5],"texture":"#0"},"up":{"uv":[2.5, 13.5, 4, 11],"texture":"#0"},"down":{"uv":[2.5, 13.5, 4, 16],"texture":"#0"}}},{"from":[5.5, 0, 10],"to":[10.5, 5, 13],"faces":{"north":{"uv":[4, 9.5, 6.5, 12],"texture":"#0"},"south":{"uv":[4, 12, 6.5, 14.5],"texture":"#0"},"up":{"uv":[9, 16, 6.5, 14.5],"texture":"#0"},"down":{"uv":[6.5, 14.5, 4, 16],"texture":"#0"}}}],"gui_light":"front","display":{"thirdperson_righthand":{"rotation":[67.5, 0, 0],"translation":[0, 2, 0],"scale":[0.26172, 0.26172, 0.26172]},"thirdperson_lefthand":{"rotation":[67.5, 0, 0],"translation":[0, 2, 0],"scale":[0.26172, 0.26172, 0.26172]},"firstperson_righthand":{"translation":[1.75, 3.5, 0],"scale":[0.31211, 0.31211, 0.31211]},"firstperson_lefthand":{"translation":[1.75, 3.5, 0],"scale":[0.31211, 0.31211, 0.31211]},"ground":{"translation":[0, 6, 0],"scale":[0.5, 0.5, 0.5]},"gui":{"rotation":[30, -135, 0],"translation":[0.25, 0.75, 0],"scale":[0.68516, 0.68516, 0.68516]},"head":{"rotation":[0, 180, 0],"translation":[0, -30.4, 0],"scale":[1.6, 1.6, 1.6]},"fixed":{"rotation":[-90, 0, 0],"translation":[0, 0, -16],"scale":[2, 2, 2]}},"groups":[{"name":"inv_group","origin":[8, 8, 8],"color":0,"children":[{"name":"b1","origin":[0, 0, 0],"color":0,"children":[0, 1, 2, 3, 4, 5, 6, 7, 8]},{"name":"b2","origin":[0, 0, 0],"color":0,"children":[9, 10, 11, 12, 13, 14, 15, 16, 17]},{"name":"f1","origin":[0, 0, 0],"color":0,"children":[18, 19, 20, 21, 22, 23, 24, 25, 26]},{"name":"f2","origin":[0, 0, 0],"color":0,"children":[27, 28, 29, 30, 31, 32, 33, 34, 35]},36,37,38,39,40]}]}