{"texture_size":[64,64],"textures":{"2":"custom/items/weekly_trophy_3","particle":"custom/items/weekly_trophy_3"},"elements":[{"from":[4,0,5],"to":[12,1,11],"faces":{"north":{"uv":[6,4.75,8,5],"texture":"#2"},"east":{"uv":[6.5,2.75,8,3],"texture":"#2"},"south":{"uv":[6,5,8,5.25],"texture":"#2"},"west":{"uv":[6.5,3,8,3.25],"texture":"#2"},"up":{"uv":[2,1.5,0,0],"texture":"#2"},"down":{"uv":[2,1.5,0,3],"texture":"#2"}}},{"from":[5,0,4],"to":[11,1,12],"faces":{"north":{"uv":[6.5,3.25,8,3.5],"texture":"#2"},"east":{"uv":[6,5.25,8,5.5],"texture":"#2"},"south":{"uv":[6.5,3.5,8,3.75],"texture":"#2"},"west":{"uv":[6,5.5,8,5.75],"texture":"#2"},"up":{"uv":[3.5,2,2,0],"texture":"#2"},"down":{"uv":[3.5,2,2,4],"texture":"#2"}}},{"from":[5,1,5],"to":[11,2,11],"faces":{"north":{"uv":[6.5,3.75,8,4],"texture":"#2"},"east":{"uv":[6.5,4,8,4.25],"texture":"#2"},"south":{"uv":[6.75,1,8.25,1.25],"texture":"#2"},"west":{"uv":[6.75,1.25,8.25,1.5],"texture":"#2"},"up":{"uv":[5,3,3.5,1.5],"texture":"#2"},"down":{"uv":[5,3,3.5,4.5],"texture":"#2"}}},{"from":[5,8,5],"to":[11,10,11],"faces":{"north":{"uv":[5,3.75,6.5,4.25],"texture":"#2"},"east":{"uv":[4,5.75,5.5,6.25],"texture":"#2"},"south":{"uv":[5.5,5.75,7,6.25],"texture":"#2"},"west":{"uv":[6,4.25,7.5,4.75],"texture":"#2"},"up":{"uv":[1.5,4.5,0,3],"texture":"#2"},"down":{"uv":[5,0,3.5,1.5],"texture":"#2"}}},{"from":[6,6,6],"to":[10,8,10],"faces":{"north":{"uv":[5,6.25,6,6.75],"texture":"#2"},"east":{"uv":[6,6.25,7,6.75],"texture":"#2"},"south":{"uv":[6.5,0,7.5,0.5],"texture":"#2"},"west":{"uv":[6.5,0.5,7.5,1],"texture":"#2"},"up":{"uv":[1,6.75,0,5.75],"texture":"#2"},"down":{"uv":[4,5.75,3,6.75],"texture":"#2"}}},{"from":[7,2,7],"to":[9,6,9],"faces":{"north":{"uv":[1.5,3,2,4],"texture":"#2"},"east":{"uv":[1,5.75,1.5,6.75],"texture":"#2"},"south":{"uv":[4,6.25,4.5,7.25],"texture":"#2"},"west":{"uv":[4.5,6.25,5,7.25],"texture":"#2"},"up":{"uv":[3.5,4.5,3,4],"texture":"#2"},"down":{"uv":[6.25,6.75,5.75,7.25],"texture":"#2"}}},{"from":[5,10,4],"to":[11,15,6],"faces":{"north":{"uv":[1.5,4,3,5.25],"texture":"#2"},"east":{"uv":[1.25,6.75,1.5,8],"texture":"#2"},"south":{"uv":[0,4.5,1.5,5.75],"texture":"#2"},"west":{"uv":[3,6.75,3.25,8],"texture":"#2"},"up":{"uv":[8.25,1.75,6.75,1.5],"texture":"#2"},"down":{"uv":[8.25,1.75,6.75,2],"texture":"#2"}}},{"from":[5,10,10],"to":[11,15,12],"faces":{"north":{"uv":[3,4.5,4.5,5.75],"texture":"#2"},"east":{"uv":[3.25,6.75,3.5,8],"texture":"#2"},"south":{"uv":[4.5,4.5,6,5.75],"texture":"#2"},"west":{"uv":[3.5,6.75,3.75,8],"texture":"#2"},"up":{"uv":[8.25,2.25,6.75,2],"texture":"#2"},"down":{"uv":[8.25,2.25,6.75,2.5],"texture":"#2"}}},{"from":[4,10,5],"to":[6,15,11],"faces":{"north":{"uv":[3.75,6.75,4,8],"texture":"#2"},"east":{"uv":[5,0,6.5,1.25],"texture":"#2"},"south":{"uv":[5,6.75,5.25,8],"texture":"#2"},"west":{"uv":[5,1.25,6.5,2.5],"texture":"#2"},"up":{"uv":[0.5,8.25,0.25,6.75],"texture":"#2"},"down":{"uv":[0.75,6.75,0.5,8.25],"texture":"#2"}}},{"from":[10,10,5],"to":[12,15,11],"faces":{"north":{"uv":[5.25,6.75,5.5,8],"texture":"#2"},"east":{"uv":[5,2.5,6.5,3.75],"texture":"#2"},"south":{"uv":[5.5,6.75,5.75,8],"texture":"#2"},"west":{"uv":[1.5,5.25,3,6.5],"texture":"#2"},"up":{"uv":[1,8.25,0.75,6.75],"texture":"#2"},"down":{"uv":[1.25,6.75,1,8.25],"texture":"#2"}}},{"from":[7.5,4,13],"to":[8.5,11,14],"rotation":{"angle":45,"axis":"x","origin":[8,10,14.5]},"faces":{"north":{"uv":[2.25,6.5,2.5,8.25],"texture":"#2"},"east":{"uv":[2.5,6.5,2.75,8.25],"texture":"#2"},"south":{"uv":[2.75,6.5,3,8.25],"texture":"#2"},"west":{"uv":[0,6.75,0.25,8.5],"texture":"#2"},"up":{"uv":[7.75,0.75,7.5,0.5],"texture":"#2"},"down":{"uv":[7.75,0.75,7.5,1],"texture":"#2"}}},{"from":[7.5,11,14],"to":[8.5,13,15],"rotation":{"angle":0,"axis":"y","origin":[0,0,16]},"faces":{"north":{"uv":[4,7.25,4.25,7.75],"texture":"#2"},"east":{"uv":[4.25,7.25,4.5,7.75],"texture":"#2"},"south":{"uv":[4.5,7.25,4.75,7.75],"texture":"#2"},"west":{"uv":[4.75,7.25,5,7.75],"texture":"#2"},"up":{"uv":[7.75,4.5,7.5,4.25],"texture":"#2"},"down":{"uv":[7.75,4.5,7.5,4.75],"texture":"#2"}}},{"from":[7.5,13,13.5],"to":[8.5,13.5,14.5],"rotation":{"angle":0,"axis":"y","origin":[0,0,16]},"faces":{"north":{"uv":[7.5,5.75,7.75,6],"texture":"#2"},"east":{"uv":[6,7.5,6.25,7.75],"texture":"#2"},"south":{"uv":[7.5,6,7.75,6.25],"texture":"#2"},"west":{"uv":[6.25,7.5,6.5,7.75],"texture":"#2"},"up":{"uv":[7.75,6.5,7.5,6.25],"texture":"#2"},"down":{"uv":[6.75,7.5,6.5,7.75],"texture":"#2"}}},{"from":[7.5,13,12],"to":[8.5,14,14],"rotation":{"angle":0,"axis":"y","origin":[0,0,16]},"faces":{"north":{"uv":[7.5,6.5,7.75,6.75],"texture":"#2"},"east":{"uv":[6.75,2.5,7.25,2.75],"texture":"#2"},"south":{"uv":[6.75,7.5,7,7.75],"texture":"#2"},"west":{"uv":[7.25,2.5,7.75,2.75],"texture":"#2"},"up":{"uv":[6,7.75,5.75,7.25],"texture":"#2"},"down":{"uv":[7.5,5.75,7.25,6.25],"texture":"#2"}}},{"from":[7.5,4,2],"to":[8.5,11,3],"rotation":{"angle":-45,"axis":"x","origin":[8,10,1.5]},"faces":{"north":{"uv":[6.5,1,6.75,2.75],"texture":"#2"},"east":{"uv":[1.5,6.5,1.75,8.25],"texture":"#2"},"south":{"uv":[1.75,6.5,2,8.25],"texture":"#2"},"west":{"uv":[2,6.5,2.25,8.25],"texture":"#2"},"up":{"uv":[7.5,6.75,7.25,6.5],"texture":"#2"},"down":{"uv":[7,7.25,6.75,7.5],"texture":"#2"}}},{"from":[7.5,11,1],"to":[8.5,13,2],"faces":{"north":{"uv":[6.75,6.75,7,7.25],"texture":"#2"},"east":{"uv":[7,5.75,7.25,6.25],"texture":"#2"},"south":{"uv":[7,6.25,7.25,6.75],"texture":"#2"},"west":{"uv":[7,6.75,7.25,7.25],"texture":"#2"},"up":{"uv":[7.5,6.5,7.25,6.25],"texture":"#2"},"down":{"uv":[6.75,7.25,6.5,7.5],"texture":"#2"}}},{"from":[7.5,13,1.5],"to":[8.5,13.5,2.5],"faces":{"north":{"uv":[7.25,6.75,7.5,7],"texture":"#2"},"east":{"uv":[7,7.25,7.25,7.5],"texture":"#2"},"south":{"uv":[7.25,7,7.5,7.25],"texture":"#2"},"west":{"uv":[7.25,7.25,7.5,7.5],"texture":"#2"},"up":{"uv":[7.75,0.25,7.5,0],"texture":"#2"},"down":{"uv":[7.75,0.25,7.5,0.5],"texture":"#2"}}},{"from":[7.5,13,2],"to":[8.5,14,4],"faces":{"north":{"uv":[6,7.25,6.25,7.5],"texture":"#2"},"east":{"uv":[5,4.25,5.5,4.5],"texture":"#2"},"south":{"uv":[6.25,7.25,6.5,7.5],"texture":"#2"},"west":{"uv":[5.5,4.25,6,4.5],"texture":"#2"},"up":{"uv":[6.5,7.25,6.25,6.75],"texture":"#2"},"down":{"uv":[6.75,6.75,6.5,7.25],"texture":"#2"}}}],"gui_light":"front","display":{"thirdperson_righthand":{"translation":[0,5.5,0],"scale":[0.75,0.75,0.75]},"thirdperson_lefthand":{"translation":[0,5.5,0],"scale":[0.75,0.75,0.75]},"firstperson_righthand":{"scale":[0.75,0.75,0.75]},"firstperson_lefthand":{"scale":[0.75,0.75,0.75]},"ground":{"translation":[0,4.25,0]},"gui":{"rotation":[0,90,0],"translation":[0,0.5,0]},"head":{"translation":[0,14,0]},"fixed":{"rotation":[-90,90,0],"translation":[0,0,-10.75],"scale":[1.4,1.4,1.4]}},"groups":[0,1,2,3,4,5,6,7,8,9,{"name":"group","origin":[0,0,0],"color":0,"children":[10,11,12,13]},{"name":"group","origin":[0,0,0],"color":0,"children":[14,15,16,17]}]}