{"textures":{"0":"modelengine:entity/nm_penguin_baby_texture","particle":"#0"},"elements":[{"from":[7.0,8.5,1.5],"to":[9.0,10.5,3.5],"faces":{"east":{"uv":[11.5,8.5,12.5,9.5],"tintindex":0,"rotation":0,"texture":"#0"},"south":{"uv":[12.0,0.0,13.0,1.0],"tintindex":0,"rotation":0,"texture":"#0"},"north":{"uv":[9.5,5.5,10.5,6.5],"tintindex":0,"rotation":0,"texture":"#0"},"west":{"uv":[12.0,1.5,13.0,2.5],"tintindex":0,"rotation":0,"texture":"#0"},"up":{"uv":[13.0,4.0,12.0,3.0],"tintindex":0,"rotation":0,"texture":"#0"},"down":{"uv":[6.5,12.0,5.5,13.0],"tintindex":0,"rotation":0,"texture":"#0"}}},{"from":[6.0,7.5,3.5],"to":[10.0,11.5,8.5],"faces":{"east":{"uv":[6.0,7.0,8.5,9.0],"tintindex":0,"rotation":0,"texture":"#0"},"south":{"uv":[5.5,9.5,7.5,11.5],"tintindex":0,"rotation":0,"texture":"#0"},"north":{"uv":[9.5,3.0,11.5,5.0],"tintindex":0,"rotation":0,"texture":"#0"},"west":{"uv":[0.0,8.0,2.5,10.0],"tintindex":0,"rotation":0,"texture":"#0"},"up":{"uv":[5.0,10.5,3.0,8.0],"tintindex":0,"rotation":0,"texture":"#0"},"down":{"uv":[11.0,7.0,9.0,9.5],"tintindex":0,"rotation":0,"texture":"#0"}}}],"display":{"head":{"rotation":[0.0,0.0,0.0]},"firstperson_righthand":{"rotation":[0.0,0.0,0.0]},"thirdperson_lefthand":{"rotation":[0.0,-0.0,-0.0]},"firstperson_lefthand":{"rotation":[0.0,-0.0,-0.0]},"fixed":{"rotation":[0.0,0.0,0.0]},"ground":{"rotation":[0.0,0.0,0.0]},"thirdperson_righthand":{"rotation":[0.0,0.0,0.0]},"gui":{"rotation":[-150.0,-45.0,180.0]}}}