{"textures":{"0":"modelengine:entity/nm_penguin_baby_texture","particle":"#0"},"elements":[{"from":[7.5,7.0,5.5],"to":[9.5,8.0,9.5],"faces":{"east":{"uv":[7.0,3.0,9.0,3.5],"tintindex":0,"rotation":0,"texture":"#0"},"south":{"uv":[0.0,13.0,1.0,13.5],"tintindex":0,"rotation":0,"texture":"#0"},"north":{"uv":[12.5,7.5,13.5,8.0],"tintindex":0,"rotation":0,"texture":"#0"},"west":{"uv":[12.0,4.5,14.0,5.0],"tintindex":0,"rotation":0,"texture":"#0"},"up":{"uv":[1.0,12.5,0.0,10.5],"tintindex":0,"rotation":0,"texture":"#0"},"down":{"uv":[11.5,0.0,10.5,2.0],"tintindex":0,"rotation":0,"texture":"#0"}}}],"display":{"head":{"rotation":[0.0,0.0,0.0]},"firstperson_righthand":{"rotation":[0.0,0.0,0.0]},"thirdperson_lefthand":{"rotation":[0.0,-0.0,-0.0]},"firstperson_lefthand":{"rotation":[0.0,-0.0,-0.0]},"fixed":{"rotation":[0.0,0.0,0.0]},"ground":{"rotation":[0.0,0.0,0.0]},"thirdperson_righthand":{"rotation":[0.0,0.0,0.0]},"gui":{"rotation":[-150.0,-45.0,180.0]}}}