{"textures":{"0":"modelengine:entity/nm_raccoon_texture","particle":"#0"},"elements":[{"from":[7.0,4.0,7.0],"to":[9.0,8.0,9.0],"faces":{"east":{"uv":[15.0,13.5,14.0,15.5],"tintindex":0,"rotation":0,"texture":"#0"},"south":{"uv":[15.0,8.5,14.0,10.5],"tintindex":0,"rotation":0,"texture":"#0"},"north":{"uv":[9.0,13.5,8.0,15.5],"tintindex":0,"rotation":0,"texture":"#0"},"west":{"uv":[13.5,13.5,12.5,15.5],"tintindex":0,"rotation":0,"texture":"#0"},"up":{"uv":[15.0,1.0,16.0,0.0],"tintindex":0,"rotation":0,"texture":"#0"},"down":{"uv":[15.0,1.5,16.0,2.5],"tintindex":0,"rotation":0,"texture":"#0"}}}],"display":{"head":{"rotation":[0.0,0.0,0.0]},"firstperson_righthand":{"rotation":[0.0,0.0,0.0]},"thirdperson_lefthand":{"rotation":[0.0,-0.0,-0.0]},"firstperson_lefthand":{"rotation":[0.0,-0.0,-0.0]},"fixed":{"rotation":[0.0,0.0,0.0]},"ground":{"rotation":[0.0,0.0,0.0]},"thirdperson_righthand":{"rotation":[0.0,0.0,0.0]},"gui":{"rotation":[-150.0,-45.0,180.0]}}}