{"texture_size":[128,128],"textures":{"1":"custom/furniture/blacksmith/table"},"elements":[{"from":[-16,11,0],"to":[16,16,16],"faces":{"north":{"uv":[9.9375,15.375,13.9375,16],"texture":"#1"},"east":{"uv":[11.9375,14.6875,13.9375,15.3125],"texture":"#1"},"south":{"uv":[9.9375,15.375,13.9375,16],"texture":"#1"},"west":{"uv":[11.9375,14.6875,13.9375,15.3125],"texture":"#1"},"up":{"uv":[14,12,16,16],"rotation":90,"texture":"#1"},"down":{"uv":[14,12,16,16],"rotation":90,"texture":"#1"}}},{"from":[-15,9,1],"to":[15,11,15],"faces":{"north":{"uv":[10.4375,11.5625,14.1875,11.8125],"texture":"#1"},"east":{"uv":[12.4375,11.25,14.1875,11.5],"texture":"#1"},"south":{"uv":[10.4375,11.5625,14.1875,11.8125],"texture":"#1"},"west":{"uv":[12.4375,11.25,14.1875,11.5],"texture":"#1"},"up":{"uv":[14.25,8.0625,16,11.8125],"rotation":90,"texture":"#1"},"down":{"uv":[14.25,8.0625,16,11.8125],"rotation":90,"texture":"#1"}}},{"from":[8,7,3],"to":[13,9,13],"faces":{"north":{"uv":[13.3125,14.0625,13.9375,14.3125],"texture":"#1"},"east":{"uv":[12.6875,14.375,13.9375,14.625],"texture":"#1"},"south":{"uv":[13.3125,14.0625,13.9375,14.3125],"texture":"#1"},"west":{"uv":[12.6875,14.375,13.9375,14.625],"texture":"#1"},"up":{"uv":[12.6875,13.375,13.9375,14],"rotation":90,"texture":"#1"},"down":{"uv":[12.6875,12.6875,13.9375,13.3125],"rotation":90,"texture":"#1"}}},{"from":[-13,7,3],"to":[-8,9,13],"faces":{"north":{"uv":[13.3125,14.0625,13.9375,14.3125],"texture":"#1"},"east":{"uv":[12.6875,14.375,13.9375,14.625],"texture":"#1"},"south":{"uv":[13.3125,14.0625,13.9375,14.3125],"texture":"#1"},"west":{"uv":[12.6875,14.375,13.9375,14.625],"texture":"#1"},"up":{"uv":[12.6875,13.375,13.9375,14],"rotation":90,"texture":"#1"},"down":{"uv":[12.6875,12.6875,13.9375,13.3125],"rotation":90,"texture":"#1"}}},{"from":[8,0,3],"to":[13,3,13],"faces":{"north":{"uv":[12,12.9375,12.625,13.3125],"texture":"#1"},"east":{"uv":[12.6875,12.25,13.9375,12.625],"texture":"#1"},"south":{"uv":[12,12.9375,12.625,13.3125],"texture":"#1"},"west":{"uv":[12.6875,12.25,13.9375,12.625],"texture":"#1"},"up":{"uv":[12.6875,12.6875,13.9375,13.3125],"rotation":90,"texture":"#1"},"down":{"uv":[12.6875,12.6875,13.9375,13.3125],"rotation":90,"texture":"#1"}}},{"from":[9,3,4],"to":[12,7,12],"faces":{"north":{"uv":[9.5,15.375,9.875,15.875],"texture":"#1"},"east":{"uv":[10.8125,14.75,11.8125,15.25],"texture":"#1"},"south":{"uv":[9.5,15.375,9.875,15.875],"texture":"#1"},"west":{"uv":[10.8125,14.75,11.8125,15.25],"texture":"#1"},"up":{"uv":[9.75,14.875,10.75,15.25],"rotation":90,"texture":"#1"},"down":{"uv":[9.75,14.875,10.75,15.25],"rotation":90,"texture":"#1"}}},{"from":[-12,3,4],"to":[-9,7,12],"faces":{"north":{"uv":[9.5,15.375,9.875,15.875],"texture":"#1"},"east":{"uv":[10.8125,14.75,11.8125,15.25],"texture":"#1"},"south":{"uv":[9.5,15.375,9.875,15.875],"texture":"#1"},"west":{"uv":[10.8125,14.75,11.8125,15.25],"texture":"#1"},"up":{"uv":[9.75,14.875,10.75,15.25],"rotation":90,"texture":"#1"},"down":{"uv":[9.75,14.875,10.75,15.25],"rotation":90,"texture":"#1"}}},{"from":[-13,0,3],"to":[-8,3,13],"faces":{"north":{"uv":[12,12.9375,12.625,13.3125],"texture":"#1"},"east":{"uv":[12.6875,12.25,13.9375,12.625],"texture":"#1"},"south":{"uv":[12,12.9375,12.625,13.3125],"texture":"#1"},"west":{"uv":[12.6875,12.25,13.9375,12.625],"texture":"#1"},"up":{"uv":[12.6875,12.6875,13.9375,13.3125],"rotation":90,"texture":"#1"},"down":{"uv":[12.6875,12.6875,13.9375,13.3125],"rotation":90,"texture":"#1"}}},{"from":[-9,5,7],"to":[9,7,9],"faces":{"north":{"uv":[2.4375,13.25,4.6875,13.5],"texture":"#1"},"south":{"uv":[2.4375,13.25,4.6875,13.5],"texture":"#1"},"up":{"uv":[2.125,11.25,2.375,13.5],"rotation":90,"texture":"#1"},"down":{"uv":[2.125,11.25,2.375,13.5],"rotation":90,"texture":"#1"}}},{"from":[-8,16.1,-0.1],"to":[8,16.1,16.1],"faces":{"north":{"uv":[0,0,0,0],"texture":"#1"},"east":{"uv":[0,0,0,0],"texture":"#1"},"south":{"uv":[0,0,0,0],"texture":"#1"},"west":{"uv":[0,0,0,0],"texture":"#1"},"up":{"uv":[0,10.375,2,12.4],"texture":"#1"},"down":{"uv":[0,10.375,2,12.4],"texture":"#1"}}},{"from":[-8,8,-0.1],"to":[8,16.1,-0.1],"faces":{"north":{"uv":[0,13.5125,2,12.5],"texture":"#1"},"east":{"uv":[0,0,0,0],"texture":"#1"},"south":{"uv":[0,13.5125,2,12.5],"texture":"#1"},"west":{"uv":[0,0,0,0],"texture":"#1"},"up":{"uv":[0,0,0,0],"texture":"#1"},"down":{"uv":[0,0,0,0],"texture":"#1"}}},{"from":[-8,8,16.1],"to":[8,16.1,16.1],"rotation":{"angle":0,"axis":"y","origin":[0,0,16]},"faces":{"north":{"uv":[2,13.5125,0,12.5],"texture":"#1"},"east":{"uv":[0,0,0,0],"texture":"#1"},"south":{"uv":[2,13.5125,0,12.5],"texture":"#1"},"west":{"uv":[0,0,0,0],"texture":"#1"},"up":{"uv":[0,0,0,0],"texture":"#1"},"down":{"uv":[0,0,0,0],"texture":"#1"}}}],"gui_light":"front","display":{"thirdperson_righthand":{"rotation":[67.5,0,0],"translation":[1.5,1,1.25],"scale":[0.18,0.18,0.18]},"thirdperson_lefthand":{"rotation":[67.5,0,0],"translation":[-1.5,1,1.25],"scale":[0.18,0.18,0.18]},"firstperson_righthand":{"rotation":[-180,88.25,-180],"translation":[0,2,0],"scale":[0.3,0.3,0.3]},"firstperson_lefthand":{"rotation":[-180,88.25,-180],"translation":[0,2,3.25],"scale":[0.3,0.3,0.3]},"ground":{"translation":[1.75,6,0],"scale":[0.35,0.35,0.35]},"gui":{"rotation":[30,225,0],"translation":[-2,-2,0],"scale":[0.36391,0.36391,0.36391]},"head":{"translation":[0,-30.5,0],"scale":[0,0,0]},"fixed":{"rotation":[-90,180,0],"translation":[-32,0,-16],"scale":[2,2,2]}}}