{"texture_size":[128, 128],"textures":{"0":"custom/furniture/juicebar/juicebar_texture_01","particle":"custom/furniture/juicebar/juicebar_texture_01"},"elements":[{"from":[3, 8, 9.5],"to":[13, 10, 12.5],"rotation":{"angle":0,"axis":"y","origin":[0, 0, 15.5]},"faces":{"north":{"uv":[9.5, 1.5625, 8.25, 1.8125],"texture":"#0"},"east":{"uv":[9.1875, 0.6875, 8.8125, 0.9375],"texture":"#0"},"south":{"uv":[9.5, 1.5625, 8.25, 1.8125],"texture":"#0"},"west":{"uv":[8.8125, 0.6875, 9.1875, 0.9375],"texture":"#0"},"up":{"uv":[8.25, 1.5625, 9.5, 1.1875],"texture":"#0"},"down":{"uv":[8.25, 1.5625, 9.5, 1.1875],"texture":"#0"}}},{"from":[2.5, 8, 2.5],"to":[13.5, 10, 9.5],"rotation":{"angle":0,"axis":"y","origin":[0, 0, 15.5]},"faces":{"north":{"uv":[6.8125, 4.25, 5.4375, 4.5],"texture":"#0"},"east":{"uv":[9.6875, 0.4375, 8.8125, 0.6875],"texture":"#0"},"south":{"uv":[6.8125, 4.25, 5.4375, 4.5],"texture":"#0"},"west":{"uv":[8.8125, 0.4375, 9.6875, 0.6875],"texture":"#0"},"up":{"uv":[5.4375, 4.25, 6.8125, 3.375],"texture":"#0"},"down":{"uv":[5.4375, 4.25, 6.8125, 3.375],"texture":"#0"}}},{"from":[3, 12, 6.5],"to":[13, 19, 8.5],"rotation":{"angle":22.5,"axis":"x","origin":[0, 0, 15.5]},"faces":{"north":{"uv":[5.4375, 3.375, 4.1875, 4.25],"texture":"#0"},"east":{"uv":[8.8125, 0.4375, 9.6875, 0.1875],"rotation":90,"texture":"#0"},"south":{"uv":[4.1875, 3.375, 5.4375, 4.25],"texture":"#0"},"west":{"uv":[8.8125, 0.1875, 9.6875, 0.4375],"rotation":90,"texture":"#0"},"up":{"uv":[4.1875, 4.5, 5.4375, 4.25],"texture":"#0"},"down":{"uv":[4.1875, 4.5, 5.4375, 4.25],"texture":"#0"}}},{"from":[12.5, -0.3, 1.2],"to":[14, 9.2, 2.7],"rotation":{"angle":22.5,"axis":"x","origin":[13, 2, 2]},"faces":{"north":{"uv":[8.5625, 0, 8.375, 1.1875],"texture":"#0"},"east":{"uv":[8.375, 0, 8.5625, 1.1875],"texture":"#0"},"south":{"uv":[8.5625, 0, 8.375, 1.1875],"texture":"#0"},"west":{"uv":[8.375, 0, 8.5625, 1.1875],"texture":"#0"},"up":{"uv":[8.375, 1.375, 8.5625, 1.1875],"texture":"#0"},"down":{"uv":[8.375, 1.375, 8.5625, 1.1875],"texture":"#0"}}},{"from":[12.5, -0.3, 12.3],"to":[14, 9.2, 13.8],"rotation":{"angle":-22.5,"axis":"x","origin":[13, 2, 13]},"faces":{"north":{"uv":[8.375, 0, 8.5625, 1.1875],"texture":"#0"},"east":{"uv":[8.5625, 0, 8.375, 1.1875],"texture":"#0"},"south":{"uv":[8.375, 0, 8.5625, 1.1875],"texture":"#0"},"west":{"uv":[8.5625, 0, 8.375, 1.1875],"texture":"#0"},"up":{"uv":[8.375, 1.1875, 8.5625, 1.375],"texture":"#0"},"down":{"uv":[8.375, 1.1875, 8.5625, 1.375],"texture":"#0"}}},{"from":[12.5, 7.5, 4],"to":[14.1, 9, 11],"rotation":{"angle":0,"axis":"y","origin":[13, 2, 1]},"faces":{"north":{"uv":[8.7625, 0, 8.5625, 0.1875],"texture":"#0"},"east":{"uv":[9.4375, 0, 8.5625, 0.1875],"texture":"#0"},"south":{"uv":[8.7625, 0, 8.5625, 0.1875],"texture":"#0"},"west":{"uv":[9.4375, 0, 8.5625, 0.1875],"texture":"#0"},"up":{"uv":[8.5625, 1.0625, 8.7625, 0.1875],"texture":"#0"},"down":{"uv":[8.5625, 1.0625, 8.7625, 0.1875],"texture":"#0"}}},{"from":[2, -0.3, 1.2],"to":[3.5, 9.2, 2.7],"rotation":{"angle":22.5,"axis":"x","origin":[3, 2, 2]},"faces":{"north":{"uv":[8.375, 0, 8.5625, 1.1875],"texture":"#0"},"east":{"uv":[8.5625, 0, 8.375, 1.1875],"texture":"#0"},"south":{"uv":[8.375, 0, 8.5625, 1.1875],"texture":"#0"},"west":{"uv":[8.5625, 0, 8.375, 1.1875],"texture":"#0"},"up":{"uv":[8.5625, 1.375, 8.375, 1.1875],"texture":"#0"},"down":{"uv":[8.5625, 1.375, 8.375, 1.1875],"texture":"#0"}}},{"from":[1.9, 7.5, 4],"to":[3.5, 9, 11],"rotation":{"angle":0,"axis":"y","origin":[3, 2, 1]},"faces":{"north":{"uv":[8.5625, 0, 8.7625, 0.1875],"texture":"#0"},"east":{"uv":[8.5625, 0, 9.4375, 0.1875],"texture":"#0"},"south":{"uv":[8.5625, 0, 8.7625, 0.1875],"texture":"#0"},"west":{"uv":[8.5625, 0, 9.4375, 0.1875],"texture":"#0"},"up":{"uv":[8.7625, 1.0625, 8.5625, 0.1875],"texture":"#0"},"down":{"uv":[8.7625, 1.0625, 8.5625, 0.1875],"texture":"#0"}}},{"from":[2, -0.3, 12.3],"to":[3.5, 9.2, 13.8],"rotation":{"angle":-22.5,"axis":"x","origin":[3, 2, 13]},"faces":{"north":{"uv":[8.5625, 0, 8.375, 1.1875],"texture":"#0"},"east":{"uv":[8.375, 0, 8.5625, 1.1875],"texture":"#0"},"south":{"uv":[8.5625, 0, 8.375, 1.1875],"texture":"#0"},"west":{"uv":[8.375, 0, 8.5625, 1.1875],"texture":"#0"},"up":{"uv":[8.5625, 1.1875, 8.375, 1.375],"texture":"#0"},"down":{"uv":[8.5625, 1.1875, 8.375, 1.375],"texture":"#0"}}},{"from":[11, 12.7, 7.7],"to":[12.5, 21.2, 9.2],"rotation":{"angle":22.5,"axis":"x","origin":[13, 2, 1.5]},"faces":{"north":{"uv":[4, 3.1875, 4.1875, 4.25],"texture":"#0"},"east":{"uv":[4.1875, 3.1875, 4, 4.25],"texture":"#0"},"south":{"uv":[4, 3.1875, 4.1875, 4.25],"texture":"#0"},"west":{"uv":[4.1875, 3.1875, 4, 4.25],"texture":"#0"},"up":{"uv":[4.1875, 5.125, 4, 4.9375],"texture":"#0"},"down":{"uv":[4.1875, 5.125, 4, 4.9375],"texture":"#0"}}},{"from":[3.5, 12.7, 7.7],"to":[5, 21.2, 9.2],"rotation":{"angle":22.5,"axis":"x","origin":[13, 2, 1.5]},"faces":{"north":{"uv":[4, 3.125, 4.1875, 4.9375],"texture":"#0"},"east":{"uv":[4.1875, 3.125, 4, 4.9375],"texture":"#0"},"south":{"uv":[4, 3.125, 4.1875, 4.9375],"texture":"#0"},"west":{"uv":[4.1875, 3.125, 4, 4.9375],"texture":"#0"},"up":{"uv":[4.1875, 5.125, 4, 4.9375],"texture":"#0"},"down":{"uv":[4.1875, 5.125, 4, 4.9375],"texture":"#0"}}}],"gui_light":"front","display":{"thirdperson_righthand":{"rotation":[67.5, 0, 0],"translation":[0, 2, 0.5],"scale":[0.32422, 0.32422, 0.32422]},"thirdperson_lefthand":{"rotation":[67.5, 0, 0],"translation":[0, 2, 0.5],"scale":[0.32422, 0.32422, 0.32422]},"firstperson_righthand":{"translation":[1.5, 2.75, 0],"scale":[0.36289, 0.36289, 0.36289]},"firstperson_lefthand":{"translation":[1.5, 2.75, 0],"scale":[0.36289, 0.36289, 0.36289]},"ground":{"translation":[0, 6, 0],"scale":[0.5, 0.5, 0.5]},"gui":{"rotation":[30, -135, 0],"translation":[0.25, -1, 0],"scale":[0.56055, 0.56055, 0.56055]},"head":{"rotation":[0, 180, 0],"translation":[0, -30.4, 0],"scale":[1.6, 1.6, 1.6]},"fixed":{"rotation":[-90, 0, 0],"translation":[0, 0, -16],"scale":[2, 2, 2]}}}