{"texture_size":[128, 128],"textures":{"0":"custom/furniture/juicebar/juicebar_texture_01","particle":"custom/furniture/juicebar/juicebar_texture_01"},"elements":[{"from":[5.5, 0.03729, 3.70699],"to":[15.5, 0.03729, 11.70699],"rotation":{"angle":0,"axis":"y","origin":[0, 4.25517, 7.79724]},"faces":{"north":{"uv":[7.875, 6, 9.125, 6],"texture":"#0"},"east":{"uv":[7.875, 6, 8.875, 6],"texture":"#0"},"south":{"uv":[7.875, 6, 9.125, 6],"texture":"#0"},"west":{"uv":[7.875, 6, 8.875, 6],"texture":"#0"},"up":{"uv":[7.875, 6, 9.125, 7],"texture":"#0"},"down":{"uv":[7.875, 6, 9.125, 7],"texture":"#0"}}},{"from":[5.5, 0.13729, 3.70699],"to":[15.5, 4.13729, 3.70699],"rotation":{"angle":0,"axis":"y","origin":[0, 4.25517, 7.79724]},"faces":{"north":{"uv":[7.875, 7, 9.125, 7.5],"texture":"#0"},"east":{"uv":[8, 7, 8, 7.5],"texture":"#0"},"south":{"uv":[9.125, 7, 7.875, 7.5],"texture":"#0"},"west":{"uv":[8, 7, 8, 7.5],"texture":"#0"},"up":{"uv":[8, 7, 9.25, 7],"texture":"#0"},"down":{"uv":[8, 7, 9.25, 7],"texture":"#0"}}},{"from":[5.5, 0.13729, 3.70699],"to":[5.5, 4.13729, 11.70699],"rotation":{"angle":0,"axis":"y","origin":[0, 4.25517, 7.79724]},"faces":{"north":{"uv":[8, 7, 8, 7.5],"texture":"#0"},"east":{"uv":[8, 7, 9, 7.5],"texture":"#0"},"south":{"uv":[8, 7, 8, 7.5],"texture":"#0"},"west":{"uv":[9, 7, 8, 7.5],"texture":"#0"},"up":{"uv":[8, 7, 9, 7],"rotation":90,"texture":"#0"},"down":{"uv":[8, 7, 9, 7],"rotation":270,"texture":"#0"}}},{"from":[15.5, 0.13729, 3.70699],"to":[15.5, 4.13729, 11.70699],"rotation":{"angle":0,"axis":"y","origin":[0, 4.25517, 7.79724]},"faces":{"north":{"uv":[8, 7, 8, 7.5],"texture":"#0"},"east":{"uv":[8, 7, 9, 7.5],"texture":"#0"},"south":{"uv":[8, 7, 8, 7.5],"texture":"#0"},"west":{"uv":[9, 7, 8, 7.5],"texture":"#0"},"up":{"uv":[8, 7, 9, 7],"rotation":90,"texture":"#0"},"down":{"uv":[8, 7, 9, 7],"rotation":270,"texture":"#0"}}},{"from":[5.5, 0.13729, 11.70699],"to":[15.5, 4.13729, 11.70699],"rotation":{"angle":0,"axis":"y","origin":[0, 4.25517, 7.79724]},"faces":{"north":{"uv":[7.875, 7, 9.125, 7.5],"texture":"#0"},"east":{"uv":[8, 7, 8, 7.5],"texture":"#0"},"south":{"uv":[9.125, 7, 7.875, 7.5],"texture":"#0"},"west":{"uv":[8, 7, 8, 7.5],"texture":"#0"},"up":{"uv":[8, 7, 9.25, 7],"texture":"#0"},"down":{"uv":[8, 7, 9.25, 7],"texture":"#0"}}},{"from":[8, 0.76744, 3.58985],"to":[13, 5.76744, 3.58985],"rotation":{"angle":0,"axis":"y","origin":[10.5, 4.16744, 3.18985]},"faces":{"north":{"uv":[7.25, 8, 7.875, 8.625],"texture":"#0"},"east":{"uv":[0, 0, 0, 0.625],"texture":"#missing"},"south":{"uv":[7.25, 8, 7.875, 8.625],"texture":"#0"},"west":{"uv":[0, 0, 0, 0.625],"texture":"#missing"},"up":{"uv":[0, 0, 0.625, 0],"texture":"#0"},"down":{"uv":[0, 0, 0.625, 0],"texture":"#missing"}}},{"from":[8, 0.76744, 3.38985],"to":[13, 5.76744, 3.38985],"rotation":{"angle":0,"axis":"y","origin":[10.5, 4.16744, 3.18985]},"faces":{"north":{"uv":[7.25, 8, 7.875, 8.625],"texture":"#0"},"east":{"uv":[0, 0, 0, 0.625],"texture":"#missing"},"south":{"uv":[7.25, 8, 7.875, 8.625],"texture":"#0"},"west":{"uv":[0, 0, 0, 0.625],"texture":"#missing"},"up":{"uv":[0, 0, 0.625, 0],"texture":"#0"},"down":{"uv":[0, 0, 0.625, 0],"texture":"#missing"}}},{"from":[-2.5, 0.76744, 3.38985],"to":[1.5, 5.76744, 3.38985],"rotation":{"angle":0,"axis":"y","origin":[0, 4.16744, 3.18985]},"faces":{"north":{"uv":[7.875, 9.0625, 8.375, 9.6875],"texture":"#0"},"east":{"uv":[0, 0, 0, 0.625],"texture":"#missing"},"south":{"uv":[8.375, 9.0625, 7.875, 9.6875],"texture":"#0"},"west":{"uv":[0, 0, 0, 0.625],"texture":"#missing"},"up":{"uv":[0, 0, 0.625, 0],"texture":"#0"},"down":{"uv":[0, 0, 0.625, 0],"texture":"#missing"}}},{"from":[-2.5, 0.76744, 3.58985],"to":[1.5, 5.76744, 3.58985],"rotation":{"angle":0,"axis":"y","origin":[0, 4.16744, 3.18985]},"faces":{"north":{"uv":[7.875, 9.0625, 8.375, 9.6875],"texture":"#0"},"east":{"uv":[0, 0, 0, 0.625],"texture":"#missing"},"south":{"uv":[8.375, 9.0625, 7.875, 9.6875],"texture":"#0"},"west":{"uv":[0, 0, 0, 0.625],"texture":"#missing"},"up":{"uv":[0, 0, 0.625, 0],"texture":"#0"},"down":{"uv":[0, 0, 0.625, 0],"texture":"#missing"}}},{"from":[9, 3.13729, 6.70699],"to":[12, 6.13729, 9.70699],"rotation":{"angle":0,"axis":"y","origin":[0, 4.25517, 7.79724]},"faces":{"north":{"uv":[7.5, 7.125, 7.875, 7.5],"texture":"#0"},"east":{"uv":[7.5, 7.125, 7.875, 7.5],"texture":"#0"},"south":{"uv":[7.5, 7.125, 7.875, 7.5],"texture":"#0"},"west":{"uv":[7.5, 7.125, 7.875, 7.5],"texture":"#0"},"up":{"uv":[7.5, 7.5, 7.875, 7.875],"texture":"#0"},"down":{"uv":[7.5, 7.5, 7.875, 7.875],"texture":"#0"}}},{"from":[12, 0.13729, 4.20699],"to":[15, 3.13729, 7.20699],"rotation":{"angle":0,"axis":"y","origin":[0, 4.25517, 7.79724]},"faces":{"north":{"uv":[7.5, 7.125, 7.875, 7.5],"texture":"#0"},"east":{"uv":[7.5, 7.125, 7.875, 7.5],"texture":"#0"},"south":{"uv":[7.5, 7.125, 7.875, 7.5],"texture":"#0"},"west":{"uv":[7.5, 7.125, 7.875, 7.5],"texture":"#0"},"up":{"uv":[7.5, 7.5, 7.875, 7.875],"texture":"#0"},"down":{"uv":[7.5, 7.5, 7.875, 7.875],"texture":"#0"}}},{"from":[8, 0.13729, 4.20699],"to":[11, 3.13729, 7.20699],"rotation":{"angle":0,"axis":"y","origin":[0, 4.25517, 7.79724]},"faces":{"north":{"uv":[7.5, 7.125, 7.875, 7.5],"texture":"#0"},"east":{"uv":[7.5, 7.125, 7.875, 7.5],"texture":"#0"},"south":{"uv":[7.5, 7.125, 7.875, 7.5],"texture":"#0"},"west":{"uv":[7.5, 7.125, 7.875, 7.5],"texture":"#0"},"up":{"uv":[7.5, 7.5, 7.875, 7.875],"texture":"#0"},"down":{"uv":[7.5, 7.5, 7.875, 7.875],"texture":"#0"}}},{"from":[6.8, 0.13729, 7.60699],"to":[9.8, 3.13729, 10.60699],"rotation":{"angle":0,"axis":"y","origin":[0, 4.25517, 7.79724]},"faces":{"north":{"uv":[7.5, 7.125, 7.875, 7.5],"texture":"#0"},"east":{"uv":[7.5, 7.125, 7.875, 7.5],"texture":"#0"},"south":{"uv":[7.5, 7.125, 7.875, 7.5],"texture":"#0"},"west":{"uv":[7.5, 7.125, 7.875, 7.5],"texture":"#0"},"up":{"uv":[7.5, 7.5, 7.875, 7.875],"texture":"#0"},"down":{"uv":[7.5, 7.5, 7.875, 7.875],"texture":"#0"}}},{"from":[10.8, 0.13729, 7.60699],"to":[13.8, 3.13729, 10.60699],"rotation":{"angle":0,"axis":"y","origin":[0, 4.25517, 7.79724]},"faces":{"north":{"uv":[7.5, 7.125, 7.875, 7.5],"texture":"#0"},"east":{"uv":[7.5, 7.125, 7.875, 7.5],"texture":"#0"},"south":{"uv":[7.5, 7.125, 7.875, 7.5],"texture":"#0"},"west":{"uv":[7.5, 7.125, 7.875, 7.5],"texture":"#0"},"up":{"uv":[7.5, 7.5, 7.875, 7.875],"texture":"#0"},"down":{"uv":[7.5, 7.5, 7.875, 7.875],"texture":"#0"}}},{"from":[-5, 0.03729, 3.70699],"to":[5, 0.03729, 11.70699],"rotation":{"angle":0,"axis":"y","origin":[0, 4.25517, 7.79724]},"faces":{"north":{"uv":[7.875, 6, 9.125, 6],"texture":"#0"},"east":{"uv":[7.875, 6, 8.875, 6],"texture":"#0"},"south":{"uv":[7.875, 6, 9.125, 6],"texture":"#0"},"west":{"uv":[7.875, 6, 8.875, 6],"texture":"#0"},"up":{"uv":[7.875, 6, 9.125, 7],"texture":"#0"},"down":{"uv":[7.875, 6, 9.125, 7],"texture":"#0"}}},{"from":[-5, 0.13729, 3.70699],"to":[5, 4.13729, 3.70699],"rotation":{"angle":0,"axis":"y","origin":[0, 4.25517, 7.79724]},"faces":{"north":{"uv":[7.875, 7, 9.125, 7.5],"texture":"#0"},"east":{"uv":[8, 7, 8, 7.5],"texture":"#0"},"south":{"uv":[9.125, 7, 7.875, 7.5],"texture":"#0"},"west":{"uv":[8, 7, 8, 7.5],"texture":"#0"},"up":{"uv":[8, 7, 9.25, 7],"texture":"#0"},"down":{"uv":[8, 7, 9.25, 7],"texture":"#0"}}},{"from":[-5, 0.13729, 11.70699],"to":[5, 4.13729, 11.70699],"rotation":{"angle":0,"axis":"y","origin":[0, 4.25517, 7.79724]},"faces":{"north":{"uv":[7.875, 7, 9.125, 7.5],"texture":"#0"},"east":{"uv":[8, 7, 8, 7.5],"texture":"#0"},"south":{"uv":[9.125, 7, 7.875, 7.5],"texture":"#0"},"west":{"uv":[8, 7, 8, 7.5],"texture":"#0"},"up":{"uv":[8, 7, 9.25, 7],"texture":"#0"},"down":{"uv":[8, 7, 9.25, 7],"texture":"#0"}}},{"from":[-5, 0.13729, 3.70699],"to":[-5, 4.13729, 11.70699],"rotation":{"angle":0,"axis":"y","origin":[0, 4.25517, 7.79724]},"faces":{"north":{"uv":[8, 7, 8, 7.5],"texture":"#0"},"east":{"uv":[8, 7, 9, 7.5],"texture":"#0"},"south":{"uv":[8, 7, 8, 7.5],"texture":"#0"},"west":{"uv":[9, 7, 8, 7.5],"texture":"#0"},"up":{"uv":[8, 7, 9, 7],"rotation":90,"texture":"#0"},"down":{"uv":[8, 7, 9, 7],"rotation":270,"texture":"#0"}}},{"from":[5, 0.13729, 3.70699],"to":[5, 4.13729, 11.70699],"rotation":{"angle":0,"axis":"y","origin":[0, 4.25517, 7.79724]},"faces":{"north":{"uv":[8, 7, 8, 7.5],"texture":"#0"},"east":{"uv":[8, 7, 9, 7.5],"texture":"#0"},"south":{"uv":[8, 7, 8, 7.5],"texture":"#0"},"west":{"uv":[9, 7, 8, 7.5],"texture":"#0"},"up":{"uv":[8, 7, 9, 7],"rotation":90,"texture":"#0"},"down":{"uv":[8, 7, 9, 7],"rotation":270,"texture":"#0"}}},{"from":[-15.5, 0.03729, 3.70699],"to":[-5.5, 0.03729, 11.70699],"rotation":{"angle":0,"axis":"y","origin":[0, 4.25517, 7.79724]},"faces":{"north":{"uv":[7.875, 6, 9.125, 6],"texture":"#0"},"east":{"uv":[7.875, 6, 8.875, 6],"texture":"#0"},"south":{"uv":[7.875, 6, 9.125, 6],"texture":"#0"},"west":{"uv":[7.875, 6, 8.875, 6],"texture":"#0"},"up":{"uv":[7.875, 6, 9.125, 7],"texture":"#0"},"down":{"uv":[7.875, 6, 9.125, 7],"texture":"#0"}}},{"from":[-15.5, 0.13729, 3.70699],"to":[-5.5, 4.13729, 3.70699],"rotation":{"angle":0,"axis":"y","origin":[0, 4.25517, 7.79724]},"faces":{"north":{"uv":[7.875, 7, 9.125, 7.5],"texture":"#0"},"east":{"uv":[8, 7, 8, 7.5],"texture":"#0"},"south":{"uv":[9.125, 7, 7.875, 7.5],"texture":"#0"},"west":{"uv":[8, 7, 8, 7.5],"texture":"#0"},"up":{"uv":[8, 7, 9.25, 7],"texture":"#0"},"down":{"uv":[8, 7, 9.25, 7],"texture":"#0"}}},{"from":[-8.7, 0.13729, 4.00699],"to":[-6.2, 2.63729, 6.50699],"rotation":{"angle":0,"axis":"y","origin":[0, 4.25517, 7.79724]},"faces":{"north":{"uv":[7.5625, 8.6875, 7.875, 9],"texture":"#0"},"east":{"uv":[7.5625, 8.6875, 7.875, 9],"texture":"#0"},"south":{"uv":[7.5625, 8.6875, 7.875, 9],"texture":"#0"},"west":{"uv":[7.5625, 8.6875, 7.875, 9],"texture":"#0"},"up":{"uv":[7.5625, 9, 7.875, 9.3125],"texture":"#0"},"down":{"uv":[7.5625, 9, 7.875, 9.3125],"texture":"#0"}}},{"from":[-11.7, 0.13729, 4.00699],"to":[-9.2, 2.63729, 6.50699],"rotation":{"angle":0,"axis":"y","origin":[0, 4.25517, 7.79724]},"faces":{"north":{"uv":[7.5625, 8.6875, 7.875, 9],"texture":"#0"},"east":{"uv":[7.5625, 8.6875, 7.875, 9],"texture":"#0"},"south":{"uv":[7.5625, 8.6875, 7.875, 9],"texture":"#0"},"west":{"uv":[7.5625, 8.6875, 7.875, 9],"texture":"#0"},"up":{"uv":[7.5625, 9, 7.875, 9.3125],"texture":"#0"},"down":{"uv":[7.5625, 9, 7.875, 9.3125],"texture":"#0"}}},{"from":[-15.3, 0.13729, 4.50699],"to":[-12.8, 2.63729, 7.00699],"rotation":{"angle":0,"axis":"y","origin":[0, 4.25517, 7.79724]},"faces":{"north":{"uv":[7.5625, 8.6875, 7.875, 9],"texture":"#0"},"east":{"uv":[7.5625, 8.6875, 7.875, 9],"texture":"#0"},"south":{"uv":[7.5625, 8.6875, 7.875, 9],"texture":"#0"},"west":{"uv":[7.5625, 8.6875, 7.875, 9],"texture":"#0"},"up":{"uv":[7.5625, 9, 7.875, 9.3125],"texture":"#0"},"down":{"uv":[7.5625, 9, 7.875, 9.3125],"texture":"#0"}}},{"from":[-14.3, 0.13729, 7.50699],"to":[-11.8, 2.63729, 10.00699],"rotation":{"angle":0,"axis":"y","origin":[0, 4.25517, 7.79724]},"faces":{"north":{"uv":[7.5625, 8.6875, 7.875, 9],"texture":"#0"},"east":{"uv":[7.5625, 8.6875, 7.875, 9],"texture":"#0"},"south":{"uv":[7.5625, 8.6875, 7.875, 9],"texture":"#0"},"west":{"uv":[7.5625, 8.6875, 7.875, 9],"texture":"#0"},"up":{"uv":[7.5625, 9, 7.875, 9.3125],"texture":"#0"},"down":{"uv":[7.5625, 9, 7.875, 9.3125],"texture":"#0"}}},{"from":[-11.6, 0.13729, 7.20699],"to":[-9.1, 2.63729, 9.70699],"rotation":{"angle":0,"axis":"y","origin":[0, 4.25517, 7.79724]},"faces":{"north":{"uv":[7.5625, 8.6875, 7.875, 9],"texture":"#0"},"east":{"uv":[7.5625, 8.6875, 7.875, 9],"texture":"#0"},"south":{"uv":[7.5625, 8.6875, 7.875, 9],"texture":"#0"},"west":{"uv":[7.5625, 8.6875, 7.875, 9],"texture":"#0"},"up":{"uv":[7.5625, 9, 7.875, 9.3125],"texture":"#0"},"down":{"uv":[7.5625, 9, 7.875, 9.3125],"texture":"#0"}}},{"from":[-9, 0.13729, 6.60699],"to":[-6.5, 2.63729, 9.10699],"rotation":{"angle":0,"axis":"y","origin":[0, 4.25517, 7.79724]},"faces":{"north":{"uv":[7.5625, 8.6875, 7.875, 9],"texture":"#0"},"east":{"uv":[7.5625, 8.6875, 7.875, 9],"texture":"#0"},"south":{"uv":[7.5625, 8.6875, 7.875, 9],"texture":"#0"},"west":{"uv":[7.5625, 8.6875, 7.875, 9],"texture":"#0"},"up":{"uv":[7.5625, 9, 7.875, 9.3125],"texture":"#0"},"down":{"uv":[7.5625, 9, 7.875, 9.3125],"texture":"#0"}}},{"from":[-9, 2.63729, 5.60699],"to":[-6.5, 5.13729, 8.10699],"rotation":{"angle":0,"axis":"y","origin":[0, 4.25517, 7.79724]},"faces":{"north":{"uv":[7.5625, 8.6875, 7.875, 9],"texture":"#0"},"east":{"uv":[7.5625, 8.6875, 7.875, 9],"texture":"#0"},"south":{"uv":[7.5625, 8.6875, 7.875, 9],"texture":"#0"},"west":{"uv":[7.5625, 8.6875, 7.875, 9],"texture":"#0"},"up":{"uv":[7.5625, 9, 7.875, 9.3125],"texture":"#0"},"down":{"uv":[7.5625, 9, 7.875, 9.3125],"texture":"#0"}}},{"from":[-12, 2.63729, 4.60699],"to":[-9.5, 5.13729, 7.10699],"rotation":{"angle":0,"axis":"y","origin":[0, 4.25517, 7.79724]},"faces":{"north":{"uv":[7.5625, 8.6875, 7.875, 9],"texture":"#0"},"east":{"uv":[7.5625, 8.6875, 7.875, 9],"texture":"#0"},"south":{"uv":[7.5625, 8.6875, 7.875, 9],"texture":"#0"},"west":{"uv":[7.5625, 8.6875, 7.875, 9],"texture":"#0"},"up":{"uv":[7.5625, 9, 7.875, 9.3125],"texture":"#0"},"down":{"uv":[7.5625, 9, 7.875, 9.3125],"texture":"#0"}}},{"from":[-12, 2.63729, 7.60699],"to":[-9.5, 5.13729, 10.10699],"rotation":{"angle":0,"axis":"y","origin":[0, 4.25517, 7.79724]},"faces":{"north":{"uv":[7.5625, 8.6875, 7.875, 9],"texture":"#0"},"east":{"uv":[7.5625, 8.6875, 7.875, 9],"texture":"#0"},"south":{"uv":[7.5625, 8.6875, 7.875, 9],"texture":"#0"},"west":{"uv":[7.5625, 8.6875, 7.875, 9],"texture":"#0"},"up":{"uv":[7.5625, 9, 7.875, 9.3125],"texture":"#0"},"down":{"uv":[7.5625, 9, 7.875, 9.3125],"texture":"#0"}}},{"from":[-15, 2.63729, 6.60699],"to":[-12.5, 5.13729, 9.10699],"rotation":{"angle":0,"axis":"y","origin":[0, 4.25517, 7.79724]},"faces":{"north":{"uv":[7.5625, 8.6875, 7.875, 9],"texture":"#0"},"east":{"uv":[7.5625, 8.6875, 7.875, 9],"texture":"#0"},"south":{"uv":[7.5625, 8.6875, 7.875, 9],"texture":"#0"},"west":{"uv":[7.5625, 8.6875, 7.875, 9],"texture":"#0"},"up":{"uv":[7.5625, 9, 7.875, 9.3125],"texture":"#0"},"down":{"uv":[7.5625, 9, 7.875, 9.3125],"texture":"#0"}}},{"from":[-13, 0.76744, 3.58985],"to":[-8, 5.76744, 3.58985],"rotation":{"angle":0,"axis":"y","origin":[-10.5, 4.16744, 3.18985]},"faces":{"north":{"uv":[8, 4.4375, 8.625, 5.0625],"texture":"#0"},"east":{"uv":[0, 0, 0, 0.625],"texture":"#missing"},"south":{"uv":[8.625, 4.4375, 8, 5.0625],"texture":"#0"},"west":{"uv":[0, 0, 0, 0.625],"texture":"#missing"},"up":{"uv":[0, 0, 0.625, 0],"texture":"#0"},"down":{"uv":[0, 0, 0.625, 0],"texture":"#missing"}}},{"from":[-13, 0.76744, 3.38985],"to":[-8, 5.76744, 3.38985],"rotation":{"angle":0,"axis":"y","origin":[-10.5, 4.16744, 3.18985]},"faces":{"north":{"uv":[8, 4.4375, 8.625, 5.0625],"texture":"#0"},"east":{"uv":[0, 0, 0, 0.625],"texture":"#missing"},"south":{"uv":[8.625, 4.4375, 8, 5.0625],"texture":"#0"},"west":{"uv":[0, 0, 0, 0.625],"texture":"#missing"},"up":{"uv":[0, 0, 0.625, 0],"texture":"#0"},"down":{"uv":[0, 0, 0.625, 0],"texture":"#missing"}}},{"from":[-15.5, 0.13729, 11.70699],"to":[-5.5, 4.13729, 11.70699],"rotation":{"angle":0,"axis":"y","origin":[0, 4.25517, 7.79724]},"faces":{"north":{"uv":[7.875, 7, 9.125, 7.5],"texture":"#0"},"east":{"uv":[8, 7, 8, 7.5],"texture":"#0"},"south":{"uv":[9.125, 7, 7.875, 7.5],"texture":"#0"},"west":{"uv":[8, 7, 8, 7.5],"texture":"#0"},"up":{"uv":[8, 7, 9.25, 7],"texture":"#0"},"down":{"uv":[8, 7, 9.25, 7],"texture":"#0"}}},{"from":[-15.5, 0.13729, 3.70699],"to":[-15.5, 4.13729, 11.70699],"rotation":{"angle":0,"axis":"y","origin":[0, 4.25517, 7.79724]},"faces":{"north":{"uv":[8, 7, 8, 7.5],"texture":"#0"},"east":{"uv":[8, 7, 9, 7.5],"texture":"#0"},"south":{"uv":[8, 7, 8, 7.5],"texture":"#0"},"west":{"uv":[9, 7, 8, 7.5],"texture":"#0"},"up":{"uv":[8, 7, 9, 7],"rotation":90,"texture":"#0"},"down":{"uv":[8, 7, 9, 7],"rotation":270,"texture":"#0"}}},{"from":[-5.5, 0.13729, 3.70699],"to":[-5.5, 4.13729, 11.70699],"rotation":{"angle":0,"axis":"y","origin":[0, 4.25517, 7.79724]},"faces":{"north":{"uv":[8, 7, 8, 7.5],"texture":"#0"},"east":{"uv":[8, 7, 9, 7.5],"texture":"#0"},"south":{"uv":[8, 7, 8, 7.5],"texture":"#0"},"west":{"uv":[9, 7, 8, 7.5],"texture":"#0"},"up":{"uv":[8, 7, 9, 7],"rotation":90,"texture":"#0"},"down":{"uv":[8, 7, 9, 7],"rotation":270,"texture":"#0"}}},{"from":[1.6, 0.0251, 7.88903],"to":[3.6, 2.0251, 10.88903],"rotation":{"angle":22.5,"axis":"y","origin":[0, 4.25517, 7.79724]},"faces":{"north":{"uv":[7.625, 6.25, 7.875, 6.5],"texture":"#0"},"east":{"uv":[7.5, 6.8125, 7.875, 7.0625],"texture":"#0"},"south":{"uv":[7.625, 6.25, 7.875, 6.5],"texture":"#0"},"west":{"uv":[7.5, 6.8125, 7.875, 7.0625],"texture":"#0"},"up":{"uv":[7.625, 5.875, 7.875, 6.25],"texture":"#0"},"down":{"uv":[7.625, 5.875, 7.875, 6.25],"texture":"#0"}}},{"from":[1.6, 1.0251, 10.88903],"to":[3.6, 1.0251, 12.88903],"rotation":{"angle":22.5,"axis":"y","origin":[0, 4.25517, 7.79724]},"faces":{"north":{"uv":[7.625, 6.25, 7.875, 6.5],"texture":"#0"},"east":{"uv":[7.5, 6.8125, 7.875, 7.0625],"texture":"#0"},"south":{"uv":[7.625, 6.25, 7.875, 6.5],"texture":"#0"},"west":{"uv":[7.5, 6.8125, 7.875, 7.0625],"texture":"#0"},"up":{"uv":[7.25, 6.6875, 7.5, 6.9375],"texture":"#0"},"down":{"uv":[7.25, 6.9375, 7.5, 6.6875],"texture":"#0"}}},{"from":[1.85, 0.2751, 5.88903],"to":[3.35, 1.7751, 7.88903],"rotation":{"angle":22.5,"axis":"y","origin":[0, 4.25517, 7.79724]},"faces":{"north":{"uv":[7.25, 6.5, 7.4375, 6.6875],"texture":"#0"},"east":{"uv":[7.4375, 6.5, 7.6875, 6.6875],"texture":"#0"},"south":{"uv":[7.25, 6.5, 7.4375, 6.6875],"texture":"#0"},"west":{"uv":[7.4375, 6.5, 7.6875, 6.6875],"texture":"#0"},"up":{"uv":[7.6875, 6.5, 7.875, 6.75],"texture":"#0"},"down":{"uv":[7.6875, 6.5, 7.875, 6.75],"texture":"#0"}}},{"from":[-4.8, 1.0251, 9.88903],"to":[-2.8, 1.0251, 11.88903],"rotation":{"angle":0,"axis":"y","origin":[0, 4.25517, 7.79724]},"faces":{"north":{"uv":[7.625, 6.25, 7.875, 6.5],"texture":"#0"},"east":{"uv":[7.5, 6.8125, 7.875, 7.0625],"texture":"#0"},"south":{"uv":[7.625, 6.25, 7.875, 6.5],"texture":"#0"},"west":{"uv":[7.5, 6.8125, 7.875, 7.0625],"texture":"#0"},"up":{"uv":[7.25, 6.6875, 7.5, 6.9375],"texture":"#0"},"down":{"uv":[7.25, 6.9375, 7.5, 6.6875],"texture":"#0"}}},{"from":[-4.8, 0.0251, 6.88903],"to":[-2.8, 2.0251, 9.88903],"rotation":{"angle":0,"axis":"y","origin":[0, 4.25517, 7.79724]},"faces":{"north":{"uv":[7.625, 6.25, 7.875, 6.5],"texture":"#0"},"east":{"uv":[7.5, 6.8125, 7.875, 7.0625],"texture":"#0"},"south":{"uv":[7.625, 6.25, 7.875, 6.5],"texture":"#0"},"west":{"uv":[7.5, 6.8125, 7.875, 7.0625],"texture":"#0"},"up":{"uv":[7.625, 5.875, 7.875, 6.25],"texture":"#0"},"down":{"uv":[7.625, 5.875, 7.875, 6.25],"texture":"#0"}}},{"from":[-4.55, 0.2751, 4.88903],"to":[-3.05, 1.7751, 6.88903],"rotation":{"angle":0,"axis":"y","origin":[0, 4.25517, 7.79724]},"faces":{"north":{"uv":[7.25, 6.5, 7.4375, 6.6875],"texture":"#0"},"east":{"uv":[7.4375, 6.5, 7.6875, 6.6875],"texture":"#0"},"south":{"uv":[7.25, 6.5, 7.4375, 6.6875],"texture":"#0"},"west":{"uv":[7.4375, 6.5, 7.6875, 6.6875],"texture":"#0"},"up":{"uv":[7.6875, 6.5, 7.875, 6.75],"texture":"#0"},"down":{"uv":[7.6875, 6.5, 7.875, 6.75],"texture":"#0"}}},{"from":[-3, 3.0251, 9.88903],"to":[-1, 3.0251, 11.88903],"rotation":{"angle":0,"axis":"y","origin":[0, 4.25517, 7.79724]},"faces":{"north":{"uv":[7.625, 6.25, 7.875, 6.5],"texture":"#0"},"east":{"uv":[7.5, 6.8125, 7.875, 7.0625],"texture":"#0"},"south":{"uv":[7.625, 6.25, 7.875, 6.5],"texture":"#0"},"west":{"uv":[7.5, 6.8125, 7.875, 7.0625],"texture":"#0"},"up":{"uv":[7.25, 6.6875, 7.5, 6.9375],"texture":"#0"},"down":{"uv":[7.25, 6.9375, 7.5, 6.6875],"texture":"#0"}}},{"from":[-3, 2.0251, 6.88903],"to":[-1, 4.0251, 9.88903],"rotation":{"angle":0,"axis":"y","origin":[0, 4.25517, 7.79724]},"faces":{"north":{"uv":[7.625, 6.25, 7.875, 6.5],"texture":"#0"},"east":{"uv":[7.5, 6.8125, 7.875, 7.0625],"texture":"#0"},"south":{"uv":[7.625, 6.25, 7.875, 6.5],"texture":"#0"},"west":{"uv":[7.5, 6.8125, 7.875, 7.0625],"texture":"#0"},"up":{"uv":[7.625, 5.875, 7.875, 6.25],"texture":"#0"},"down":{"uv":[7.625, 5.875, 7.875, 6.25],"texture":"#0"}}},{"from":[-2.75, 2.2751, 4.88903],"to":[-1.25, 3.7751, 6.88903],"rotation":{"angle":0,"axis":"y","origin":[0, 4.25517, 7.79724]},"faces":{"north":{"uv":[7.25, 6.5, 7.4375, 6.6875],"texture":"#0"},"east":{"uv":[7.4375, 6.5, 7.6875, 6.6875],"texture":"#0"},"south":{"uv":[7.25, 6.5, 7.4375, 6.6875],"texture":"#0"},"west":{"uv":[7.4375, 6.5, 7.6875, 6.6875],"texture":"#0"},"up":{"uv":[7.6875, 6.5, 7.875, 6.75],"texture":"#0"},"down":{"uv":[7.6875, 6.5, 7.875, 6.75],"texture":"#0"}}},{"from":[-1, 4.0251, 10.88903],"to":[1, 4.0251, 12.88903],"rotation":{"angle":-45,"axis":"y","origin":[0, 4.25517, 7.79724]},"faces":{"north":{"uv":[7.625, 6.25, 7.875, 6.5],"texture":"#0"},"east":{"uv":[7.5, 6.8125, 7.875, 7.0625],"texture":"#0"},"south":{"uv":[7.625, 6.25, 7.875, 6.5],"texture":"#0"},"west":{"uv":[7.5, 6.8125, 7.875, 7.0625],"texture":"#0"},"up":{"uv":[7.25, 6.6875, 7.5, 6.9375],"texture":"#0"},"down":{"uv":[7.25, 6.9375, 7.5, 6.6875],"texture":"#0"}}},{"from":[-1, 3.0251, 7.88903],"to":[1, 5.0251, 10.88903],"rotation":{"angle":-45,"axis":"y","origin":[0, 4.25517, 7.79724]},"faces":{"north":{"uv":[7.625, 6.25, 7.875, 6.5],"texture":"#0"},"east":{"uv":[7.5, 6.8125, 7.875, 7.0625],"texture":"#0"},"south":{"uv":[7.625, 6.25, 7.875, 6.5],"texture":"#0"},"west":{"uv":[7.5, 6.8125, 7.875, 7.0625],"texture":"#0"},"up":{"uv":[7.625, 5.875, 7.875, 6.25],"texture":"#0"},"down":{"uv":[7.625, 5.875, 7.875, 6.25],"texture":"#0"}}},{"from":[-0.75, 3.2751, 5.88903],"to":[0.75, 4.7751, 7.88903],"rotation":{"angle":-45,"axis":"y","origin":[0, 4.25517, 7.79724]},"faces":{"north":{"uv":[7.25, 6.5, 7.4375, 6.6875],"texture":"#0"},"east":{"uv":[7.4375, 6.5, 7.6875, 6.6875],"texture":"#0"},"south":{"uv":[7.25, 6.5, 7.4375, 6.6875],"texture":"#0"},"west":{"uv":[7.4375, 6.5, 7.6875, 6.6875],"texture":"#0"},"up":{"uv":[7.6875, 6.5, 7.875, 6.75],"texture":"#0"},"down":{"uv":[7.6875, 6.5, 7.875, 6.75],"texture":"#0"}}},{"from":[-1.6, 1.0251, 9.08903],"to":[0.4, 1.0251, 11.08903],"rotation":{"angle":0,"axis":"y","origin":[0, 4.25517, 7.79724]},"faces":{"north":{"uv":[7.625, 6.25, 7.875, 6.5],"texture":"#0"},"east":{"uv":[7.5, 6.8125, 7.875, 7.0625],"texture":"#0"},"south":{"uv":[7.625, 6.25, 7.875, 6.5],"texture":"#0"},"west":{"uv":[7.5, 6.8125, 7.875, 7.0625],"texture":"#0"},"up":{"uv":[7.25, 6.6875, 7.5, 6.9375],"texture":"#0"},"down":{"uv":[7.25, 6.9375, 7.5, 6.6875],"texture":"#0"}}},{"from":[-1.6, 0.0251, 6.08903],"to":[0.4, 2.0251, 9.08903],"rotation":{"angle":0,"axis":"y","origin":[0, 4.25517, 7.79724]},"faces":{"north":{"uv":[7.625, 6.25, 7.875, 6.5],"texture":"#0"},"east":{"uv":[7.5, 6.8125, 7.875, 7.0625],"texture":"#0"},"south":{"uv":[7.625, 6.25, 7.875, 6.5],"texture":"#0"},"west":{"uv":[7.5, 6.8125, 7.875, 7.0625],"texture":"#0"},"up":{"uv":[7.625, 5.875, 7.875, 6.25],"texture":"#0"},"down":{"uv":[7.625, 5.875, 7.875, 6.25],"texture":"#0"}}},{"from":[-1.35, 0.2751, 4.08903],"to":[0.15, 1.7751, 6.08903],"rotation":{"angle":0,"axis":"y","origin":[0, 4.25517, 7.79724]},"faces":{"north":{"uv":[7.25, 6.5, 7.4375, 6.6875],"texture":"#0"},"east":{"uv":[7.4375, 6.5, 7.6875, 6.6875],"texture":"#0"},"south":{"uv":[7.25, 6.5, 7.4375, 6.6875],"texture":"#0"},"west":{"uv":[7.4375, 6.5, 7.6875, 6.6875],"texture":"#0"},"up":{"uv":[7.6875, 6.5, 7.875, 6.75],"texture":"#0"},"down":{"uv":[7.6875, 6.5, 7.875, 6.75],"texture":"#0"}}},{"from":[0.4, 3.0251, 9.08903],"to":[2.4, 3.0251, 11.08903],"rotation":{"angle":-22.5,"axis":"x","origin":[0, 4.25517, 7.79724]},"faces":{"north":{"uv":[7.625, 6.25, 7.875, 6.5],"texture":"#0"},"east":{"uv":[7.5, 6.8125, 7.875, 7.0625],"texture":"#0"},"south":{"uv":[7.625, 6.25, 7.875, 6.5],"texture":"#0"},"west":{"uv":[7.5, 6.8125, 7.875, 7.0625],"texture":"#0"},"up":{"uv":[7.25, 6.6875, 7.5, 6.9375],"texture":"#0"},"down":{"uv":[7.25, 6.9375, 7.5, 6.6875],"texture":"#0"}}},{"from":[0.4, 2.0251, 6.08903],"to":[2.4, 4.0251, 9.08903],"rotation":{"angle":-22.5,"axis":"x","origin":[0, 4.25517, 7.79724]},"faces":{"north":{"uv":[7.625, 6.25, 7.875, 6.5],"texture":"#0"},"east":{"uv":[7.5, 6.8125, 7.875, 7.0625],"texture":"#0"},"south":{"uv":[7.625, 6.25, 7.875, 6.5],"texture":"#0"},"west":{"uv":[7.5, 6.8125, 7.875, 7.0625],"texture":"#0"},"up":{"uv":[7.625, 5.875, 7.875, 6.25],"texture":"#0"},"down":{"uv":[7.625, 5.875, 7.875, 6.25],"texture":"#0"}}},{"from":[0.65, 2.2751, 4.08903],"to":[2.15, 3.7751, 6.08903],"rotation":{"angle":-22.5,"axis":"x","origin":[0, 4.25517, 7.79724]},"faces":{"north":{"uv":[7.25, 6.5, 7.4375, 6.6875],"texture":"#0"},"east":{"uv":[7.4375, 6.5, 7.6875, 6.6875],"texture":"#0"},"south":{"uv":[7.25, 6.5, 7.4375, 6.6875],"texture":"#0"},"west":{"uv":[7.4375, 6.5, 7.6875, 6.6875],"texture":"#0"},"up":{"uv":[7.6875, 6.5, 7.875, 6.75],"texture":"#0"},"down":{"uv":[7.6875, 6.5, 7.875, 6.75],"texture":"#0"}}}],"gui_light":"front","display":{"thirdperson_righthand":{"rotation":[67.5, 0, 0],"translation":[2, 1.25, 1.25],"scale":[0.24219, 0.24219, 0.24219]},"thirdperson_lefthand":{"rotation":[67.5, 0, 0],"translation":[-2, 1.25, 1.25],"scale":[0.24219, 0.24219, 0.24219]},"firstperson_righthand":{"translation":[3.5, 3, 0],"scale":[0.35117, 0.35117, 0.35117]},"firstperson_lefthand":{"translation":[-2.75, 3, 0],"scale":[0.35117, 0.35117, 0.35117]},"ground":{"translation":[4, 6, 0],"scale":[0.55, 0.55, 0.55]},"gui":{"rotation":[30, -135, 0],"translation":[-3.25, 0.75, 0],"scale":[0.54297, 0.54297, 0.54297]},"head":{"rotation":[0, 180, 0],"translation":[0, -30.4, 0],"scale":[1.6, 1.6, 1.6]},"fixed":{"rotation":[-90, 0, 0],"translation":[0, 0, -16],"scale":[2, 2, 2]}}}