{"texture_size":[128, 128],"textures":{"0":"custom/furniture/juicebar/juicebar_texture_01","particle":"custom/furniture/juicebar/juicebar_texture_01"},"elements":[{"from":[-16, 14, 1],"to":[16, 16, 15],"rotation":{"angle":0,"axis":"y","origin":[-16, 0, 0]},"faces":{"north":{"uv":[12, 1.75, 16, 2],"texture":"#0"},"east":{"uv":[12.6875, 1.75, 14.4375, 2],"texture":"#0"},"south":{"uv":[12, 1.75, 16, 2],"texture":"#0"},"west":{"uv":[12.6875, 1.75, 14.4375, 2],"texture":"#0"},"up":{"uv":[12, 0, 16, 1.75],"texture":"#0"},"down":{"uv":[12, 0, 16, 1.75],"texture":"#0"}}},{"from":[-12.5, 12.5, 7],"to":[12.5, 14, 9],"rotation":{"angle":0,"axis":"y","origin":[-13, 7, 12]},"faces":{"north":{"uv":[4.1875, 3.125, 7.3125, 3.3125],"texture":"#0"},"east":{"uv":[6.125, 2.875, 6.375, 3.0625],"texture":"#0"},"south":{"uv":[4.1875, 3.125, 7.3125, 3.3125],"texture":"#0"},"west":{"uv":[6.125, 2.875, 6.375, 3.0625],"texture":"#0"},"up":{"uv":[4.1875, 3.125, 7.3125, 3.375],"texture":"#0"},"down":{"uv":[4.1875, 3.125, 7.3125, 3.375],"texture":"#0"}}},{"from":[12.5, 12.5, 6],"to":[14.1, 14, 10],"rotation":{"angle":0,"axis":"y","origin":[13, 7, 12]},"faces":{"north":{"uv":[3.625, 5.625, 3.8125, 5.8125],"texture":"#0"},"east":{"uv":[3.125, 5.625, 3.625, 5.8125],"texture":"#0"},"south":{"uv":[3.625, 5.625, 3.8125, 5.8125],"texture":"#0"},"west":{"uv":[3.125, 5.625, 3.625, 5.8125],"texture":"#0"},"up":{"uv":[4, 5.125, 4.1875, 5.625],"texture":"#0"},"down":{"uv":[4, 5.125, 4.1875, 5.625],"texture":"#0"}}},{"from":[12.5, -0.3, 11.3],"to":[14, 14.2, 12.8],"rotation":{"angle":-22.5,"axis":"x","origin":[13, 7, 12]},"faces":{"north":{"uv":[4, 3.125, 4.1875, 4.9375],"texture":"#0"},"east":{"uv":[4.1875, 3.125, 4, 4.9375],"texture":"#0"},"south":{"uv":[4, 3.125, 4.1875, 4.9375],"texture":"#0"},"west":{"uv":[4.1875, 3.125, 4, 4.9375],"texture":"#0"},"up":{"uv":[4, 4.9375, 4.1875, 5.125],"texture":"#0"},"down":{"uv":[4, 4.9375, 4.1875, 5.125],"texture":"#0"}}},{"from":[12.5, -0.3, 3.2],"to":[14, 14.2, 4.7],"rotation":{"angle":22.5,"axis":"x","origin":[13, 7, 4]},"faces":{"north":{"uv":[4.1875, 3.125, 4, 4.9375],"texture":"#0"},"east":{"uv":[4, 3.125, 4.1875, 4.9375],"texture":"#0"},"south":{"uv":[4.1875, 3.125, 4, 4.9375],"texture":"#0"},"west":{"uv":[4, 3.125, 4.1875, 4.9375],"texture":"#0"},"up":{"uv":[4, 5.125, 4.1875, 4.9375],"texture":"#0"},"down":{"uv":[4, 5.125, 4.1875, 4.9375],"texture":"#0"}}},{"from":[-14, -0.3, 11.3],"to":[-12.5, 14.2, 12.8],"rotation":{"angle":-22.5,"axis":"x","origin":[-13, 7, 12]},"faces":{"north":{"uv":[4.1875, 3.125, 4, 4.9375],"texture":"#0"},"east":{"uv":[4, 3.125, 4.1875, 4.9375],"texture":"#0"},"south":{"uv":[4.1875, 3.125, 4, 4.9375],"texture":"#0"},"west":{"uv":[4, 3.125, 4.1875, 4.9375],"texture":"#0"},"up":{"uv":[4.1875, 4.9375, 4, 5.125],"texture":"#0"},"down":{"uv":[4.1875, 4.9375, 4, 5.125],"texture":"#0"}}},{"from":[-14, -0.3, 3.2],"to":[-12.5, 14.2, 4.7],"rotation":{"angle":22.5,"axis":"x","origin":[-13, 7, 4]},"faces":{"north":{"uv":[4, 3.125, 4.1875, 4.9375],"texture":"#0"},"east":{"uv":[4.1875, 3.125, 4, 4.9375],"texture":"#0"},"south":{"uv":[4, 3.125, 4.1875, 4.9375],"texture":"#0"},"west":{"uv":[4.1875, 3.125, 4, 4.9375],"texture":"#0"},"up":{"uv":[4.1875, 5.125, 4, 4.9375],"texture":"#0"},"down":{"uv":[4.1875, 5.125, 4, 4.9375],"texture":"#0"}}},{"from":[-14.1, 12.5, 6],"to":[-12.5, 14, 10],"rotation":{"angle":0,"axis":"y","origin":[-13, 7, 12]},"faces":{"north":{"uv":[3.8125, 5.625, 3.625, 5.8125],"texture":"#0"},"east":{"uv":[3.625, 5.625, 3.125, 5.8125],"texture":"#0"},"south":{"uv":[3.8125, 5.625, 3.625, 5.8125],"texture":"#0"},"west":{"uv":[3.625, 5.625, 3.125, 5.8125],"texture":"#0"},"up":{"uv":[4.1875, 5.125, 4, 5.625],"texture":"#0"},"down":{"uv":[4.1875, 5.125, 4, 5.625],"texture":"#0"}}}],"gui_light":"front","display":{"thirdperson_righthand":{"rotation":[67.5, 0, 0],"translation":[1.75, 1.25, 0],"scale":[0.2168, 0.2168, 0.2168]},"thirdperson_lefthand":{"rotation":[67.5, 0, 0],"translation":[-1.75, 1.25, 0],"scale":[0.2168, 0.2168, 0.2168]},"firstperson_righthand":{"translation":[2, 2.75, 0],"scale":[0.27891, 0.27891, 0.27891]},"firstperson_lefthand":{"translation":[-2.5, 2.75, 0],"scale":[0.27891, 0.27891, 0.27891]},"ground":{"translation":[3.25, 6, 0],"scale":[0.4, 0.4, 0.4]},"gui":{"rotation":[30, -135, 0],"translation":[-2.5, -2, 0],"scale":[0.44531, 0.44531, 0.44531]},"head":{"rotation":[0, 180, 0],"translation":[0, -30.4, 0],"scale":[1.6, 1.6, 1.6]},"fixed":{"rotation":[-90, 0, 0],"translation":[0, 0, -16],"scale":[2, 2, 2]}}}