{"textures":{"0":"modelengine:entity/nm_bison_texture","particle":"#0"},"elements":[{"from":[5.8,-13.9,5.5],"to":[10.8,-6.8999996,10.5],"faces":{"east":{"uv":[3.875,9.125,4.5,10.0],"tintindex":0,"rotation":0,"texture":"#0"},"south":{"uv":[12.0,10.75,12.625,11.625],"tintindex":0,"rotation":0,"texture":"#0"},"north":{"uv":[3.875,8.25,4.5,9.125],"tintindex":0,"rotation":0,"texture":"#0"},"west":{"uv":[12.0,11.625,12.625,12.5],"tintindex":0,"rotation":0,"texture":"#0"},"up":{"uv":[10.75,9.875,10.125,9.25],"tintindex":0,"rotation":0,"texture":"#0"},"down":{"uv":[11.75,3.375,11.125,4.0],"tintindex":0,"rotation":0,"texture":"#0"}}},{"from":[4.8,-6.8999996,3.5],"to":[11.8,11.1,12.5],"faces":{"east":{"uv":[10.0,1.875,11.125,4.125],"tintindex":0,"rotation":0,"texture":"#0"},"south":{"uv":[8.125,10.0,9.0,12.25],"tintindex":0,"rotation":0,"texture":"#0"},"north":{"uv":[7.25,10.0,8.125,12.25],"tintindex":0,"rotation":0,"texture":"#0"},"west":{"uv":[3.875,10.0,5.0,12.25],"tintindex":0,"rotation":0,"texture":"#0"},"up":{"uv":[12.625,1.125,11.75,0.0],"tintindex":0,"rotation":0,"texture":"#0"},"down":{"uv":[0.875,11.875,0.0,13.0],"tintindex":0,"rotation":0,"texture":"#0"}}},{"from":[4.8,-10.9,3.5],"to":[4.8,-6.8999996,12.5],"faces":{"east":{"uv":[12.0,9.25,13.125,9.75],"tintindex":0,"rotation":0,"texture":"#0"},"west":{"uv":[12.0,9.25,13.125,9.75],"tintindex":0,"rotation":0,"texture":"#0"}}},{"from":[4.8,-10.9,12.5],"to":[8.8,-6.8999996,12.5],"faces":{"south":{"uv":[10.25,12.25,10.75,12.75],"tintindex":0,"rotation":0,"texture":"#0"},"north":{"uv":[10.75,12.25,10.25,12.75],"tintindex":0,"rotation":0,"texture":"#0"}}},{"from":[4.8,-10.9,3.5],"to":[8.8,-6.8999996,3.5],"faces":{"south":{"uv":[7.75,12.5,7.25,13.0],"tintindex":0,"rotation":0,"texture":"#0"},"north":{"uv":[7.25,12.5,7.75,13.0],"tintindex":0,"rotation":0,"texture":"#0"}}}],"display":{"head":{"rotation":[0.0,0.0,0.0]},"firstperson_righthand":{"rotation":[0.0,0.0,0.0]},"thirdperson_lefthand":{"rotation":[0.0,-0.0,-0.0]},"firstperson_lefthand":{"rotation":[0.0,-0.0,-0.0]},"fixed":{"rotation":[0.0,0.0,0.0]},"ground":{"rotation":[0.0,0.0,0.0]},"thirdperson_righthand":{"rotation":[0.0,0.0,0.0]},"gui":{"rotation":[-150.0,-45.0,180.0]}}}