{"textures":{"0":"modelengine:entity/nm_bison_texture","particle":"#0"},"elements":[{"from":[5.5,-8.78026,5.388007],"to":[10.5,10.21974,10.388007],"faces":{"east":{"uv":[2.375,10.25,3.0,12.625],"tintindex":0,"rotation":0,"texture":"#0"},"south":{"uv":[3.0,10.25,3.625,12.625],"tintindex":0,"rotation":0,"texture":"#0"},"north":{"uv":[1.75,10.25,2.375,12.625],"tintindex":0,"rotation":0,"texture":"#0"},"west":{"uv":[10.75,9.25,11.375,11.625],"tintindex":0,"rotation":0,"texture":"#0"},"up":{"uv":[5.375,12.875,4.75,12.25],"tintindex":0,"rotation":0,"texture":"#0"},"down":{"uv":[6.0,12.25,5.375,12.875],"tintindex":0,"rotation":0,"texture":"#0"}}}],"display":{"head":{"rotation":[0.0,0.0,0.0]},"firstperson_righthand":{"rotation":[0.0,0.0,0.0]},"thirdperson_lefthand":{"rotation":[0.0,-0.0,-0.0]},"firstperson_lefthand":{"rotation":[0.0,-0.0,-0.0]},"fixed":{"rotation":[0.0,0.0,0.0]},"ground":{"rotation":[0.0,0.0,0.0]},"thirdperson_righthand":{"rotation":[0.0,0.0,0.0]},"gui":{"rotation":[-150.0,-45.0,180.0]}}}