{"textures":{"0":"modelengine:entity/nm_bison_texture","particle":"#0"},"elements":[{"from":[5.5,-8.78026,5.388007],"to":[10.5,10.21974,10.388007],"faces":{"east":{"uv":[11.5,4.875,12.125,7.25],"tintindex":0,"rotation":0,"texture":"#0"},"south":{"uv":[10.75,11.625,11.375,14.0],"tintindex":0,"rotation":0,"texture":"#0"},"north":{"uv":[11.375,9.25,12.0,11.625],"tintindex":0,"rotation":0,"texture":"#0"},"west":{"uv":[11.375,11.625,12.0,14.0],"tintindex":0,"rotation":0,"texture":"#0"},"up":{"uv":[6.625,12.875,6.0,12.25],"tintindex":0,"rotation":0,"texture":"#0"},"down":{"uv":[7.25,12.25,6.625,12.875],"tintindex":0,"rotation":0,"texture":"#0"}}}],"display":{"head":{"rotation":[0.0,0.0,0.0]},"firstperson_righthand":{"rotation":[0.0,0.0,0.0]},"thirdperson_lefthand":{"rotation":[0.0,-0.0,-0.0]},"firstperson_lefthand":{"rotation":[0.0,-0.0,-0.0]},"fixed":{"rotation":[0.0,0.0,0.0]},"ground":{"rotation":[0.0,0.0,0.0]},"thirdperson_righthand":{"rotation":[0.0,0.0,0.0]},"gui":{"rotation":[-150.0,-45.0,180.0]}}}