{"textures":{"0":"modelengine:entity/rabbit_normal","particle":"#0"},"elements":[{"from":[6.5,7.5,7.5],"to":[9.5,10.5,10.5],"faces":{"east":{"uv":[7.0,5.0,7.5,5.5],"tintindex":0,"rotation":0,"texture":"#0"},"south":{"uv":[8.5,5.0,9.0,5.5],"tintindex":0,"rotation":0,"texture":"#0"},"north":{"uv":[7.5,5.0,8.0,5.5],"tintindex":0,"rotation":0,"texture":"#0"},"west":{"uv":[8.0,5.0,8.5,5.5],"tintindex":0,"rotation":0,"texture":"#0"},"up":{"uv":[8.0,5.0,7.5,4.5],"tintindex":0,"rotation":0,"texture":"#0"},"down":{"uv":[8.5,4.5,8.0,5.0],"tintindex":0,"rotation":0,"texture":"#0"}}}],"display":{"head":{"rotation":[0.0,0.0,0.0]},"firstperson_righthand":{"rotation":[0.0,0.0,0.0]},"thirdperson_lefthand":{"rotation":[0.0,-0.0,-0.0]},"firstperson_lefthand":{"rotation":[0.0,-0.0,-0.0]},"fixed":{"rotation":[0.0,0.0,0.0]},"ground":{"rotation":[0.0,0.0,0.0]},"thirdperson_righthand":{"rotation":[0.0,0.0,0.0]},"gui":{"rotation":[-150.0,-45.0,180.0]}}}