{"texture_size":[32,32],"textures":{"0":"custom/hats/elf_hat"},"elements":[{"from":[4,3,4],"to":[4,7,12],"rotation":{"angle":22.5,"axis":"z","origin":[4,3,8]},"faces":{"north":{"uv":[0,0,0,2],"texture":"#0"},"east":{"uv":[3,10,7,12],"texture":"#0"},"south":{"uv":[0,0,0,2],"texture":"#0"},"west":{"uv":[3,10,7,12],"texture":"#0"},"up":{"uv":[0,4,0,0],"texture":"#0"},"down":{"uv":[0,0,0,4],"texture":"#0"}}},{"from":[4,3,4],"to":[12,7,4],"rotation":{"angle":-22.5,"axis":"x","origin":[8,3,4]},"faces":{"north":{"uv":[3,10,7,12],"texture":"#0"},"east":{"uv":[0,0,0,2],"texture":"#0"},"south":{"uv":[3,10,7,12],"texture":"#0"},"west":{"uv":[0,0,0,2],"texture":"#0"},"up":{"uv":[4,0,0,0],"texture":"#0"},"down":{"uv":[4,0,0,0],"texture":"#0"}}},{"from":[12,3,4],"to":[12,7,12],"rotation":{"angle":-22.5,"axis":"z","origin":[12,3,8]},"faces":{"north":{"uv":[0,0,0,2],"texture":"#0"},"east":{"uv":[3,10,7,12],"texture":"#0"},"south":{"uv":[0,0,0,2],"texture":"#0"},"west":{"uv":[7,10,3,12],"texture":"#0"},"up":{"uv":[0,4,0,0],"texture":"#0"},"down":{"uv":[0,0,0,4],"texture":"#0"}}},{"from":[4,3,12],"to":[12,7,12],"rotation":{"angle":22.5,"axis":"x","origin":[8,3,12]},"faces":{"north":{"uv":[3,10,7,12],"texture":"#0"},"east":{"uv":[0,0,0,2],"texture":"#0"},"south":{"uv":[3,10,7,12],"texture":"#0"},"west":{"uv":[0,0,0,2],"texture":"#0"},"up":{"uv":[4,0,0,0],"texture":"#0"},"down":{"uv":[4,0,0,0],"texture":"#0"}}},{"from":[7,7.8,12.7],"to":[9,9.8,14.7],"faces":{"north":{"uv":[6,12,7,13],"texture":"#0"},"east":{"uv":[3,14,4,15],"texture":"#0"},"south":{"uv":[4,14,5,15],"texture":"#0"},"west":{"uv":[5,14,6,15],"texture":"#0"},"up":{"uv":[15,7,14,6],"texture":"#0"},"down":{"uv":[15,7,14,8],"texture":"#0"}}},{"from":[7,10.79513,9.57754],"to":[9,12.79513,13.57754],"rotation":{"angle":22.5,"axis":"x","origin":[8,12.64513,10.66332]},"faces":{"north":{"uv":[7,10,8,11],"texture":"#0"},"east":{"uv":[12,10,14,11],"texture":"#0"},"south":{"uv":[11,2,12,3],"texture":"#0"},"west":{"uv":[12,13,14,14],"texture":"#0"},"up":{"uv":[4,10,3,8],"texture":"#0"},"down":{"uv":[3,13,2,15],"texture":"#0"}}},{"from":[6,9.34984,7.57193],"to":[10,13.34984,11.57193],"rotation":{"angle":45,"axis":"x","origin":[8,11.1194,8.91342]},"faces":{"north":{"uv":[12,6,14,8],"texture":"#0"},"east":{"uv":[12,8,14,10],"texture":"#0"},"south":{"uv":[0,13,2,15],"texture":"#0"},"west":{"uv":[6,13,8,15],"texture":"#0"},"up":{"uv":[10,15,8,13],"texture":"#0"},"down":{"uv":[12,13,10,15],"texture":"#0"}}},{"from":[4,3,4],"to":[12,8,12],"rotation":{"angle":0,"axis":"y","origin":[0,-1,0]},"faces":{"north":{"uv":[4,0,8,2.5],"texture":"#0"},"east":{"uv":[4,2.5,8,5],"texture":"#0"},"south":{"uv":[4,5,8,7.5],"texture":"#0"},"west":{"uv":[4,7.5,8,10],"texture":"#0"},"up":{"uv":[4,4,0,0],"texture":"#0"},"down":{"uv":[4,4,0,8],"texture":"#0"}}},{"from":[5,6.5,5],"to":[11,10.5,11],"rotation":{"angle":22.5,"axis":"x","origin":[8,7.5,8]},"faces":{"north":{"uv":[0,11,3,13],"texture":"#0"},"east":{"uv":[12,2,15,4],"texture":"#0"},"south":{"uv":[3,12,6,14],"texture":"#0"},"west":{"uv":[12,4,15,6],"texture":"#0"},"up":{"uv":[3,11,0,8],"texture":"#0"},"down":{"uv":[11,0,8,3],"texture":"#0"}}}],"gui_light":"front","display":{"thirdperson_righthand":{"rotation":[75,45,0],"translation":[0,2.5,0],"scale":[0.375,0.375,0.375]},"thirdperson_lefthand":{"rotation":[75,45,0],"translation":[0,2.5,0],"scale":[0.375,0.375,0.375]},"firstperson_righthand":{"rotation":[0,0,15],"translation":[1.13,3.2,1.13],"scale":[0.68,0.68,0.68]},"firstperson_lefthand":{"rotation":[0,0,15],"translation":[1.13,3.2,1.13],"scale":[0.68,0.68,0.68]},"ground":{"translation":[0,3,0],"scale":[0.8,0.8,0.8]},"gui":{"rotation":[25,-150,0],"translation":[-0.5,0,0]},"head":{"rotation":[13,-90,0],"translation":[0,11,1.75],"scale":[2,2,2]},"fixed":{"rotation":[0,-90,0],"translation":[1.25,0.5,-1],"scale":[1.3,1.3,1.3]}}}