{"textures":{"0":"custom/hats/frog_hat"},"elements":[{"from":[1.25,5,4],"to":[7,10.5,8],"faces":{"north":{"uv":[0,5,5.75,10.5],"texture":"#0"},"east":{"uv":[7.5,5,11.5,10.5],"texture":"#0"},"south":{"uv":[2.5,10.5,8.25,15.5],"texture":"#0"},"west":{"uv":[10.15,5.6,12.25,10.45],"texture":"#0"},"up":{"uv":[6.5,6.5,12.25,10.5],"texture":"#0"},"down":{"uv":[6.5,7.25,8.3,5.4],"texture":"#0"}}},{"from":[9,5,4],"to":[14.75,10.5,8],"faces":{"north":{"uv":[0,5,5.75,10.5],"texture":"#0"},"east":{"uv":[6.5,5,10.5,10],"texture":"#0"},"south":{"uv":[6,11,11.75,15.5],"texture":"#0"},"west":{"uv":[9.15,6.1,11.25,9.95],"texture":"#0"},"up":{"uv":[6.5,6,12.25,10],"texture":"#0"},"down":{"uv":[6.5,7.25,8.3,5.4],"texture":"#0"}}},{"from":[2,2,2],"to":[14,7,14],"faces":{"north":{"uv":[0,0,12,5],"texture":"#0"},"east":{"uv":[0,10.5,12,15.5],"texture":"#0"},"south":{"uv":[0,10.5,12,15.5],"texture":"#0"},"west":{"uv":[0,10.5,12,15.5],"texture":"#0"},"up":{"uv":[6.5,5.3,12.55,10.1],"texture":"#0"},"down":{"uv":[0,0,12,12],"texture":"#missing"}}},{"from":[1,1.75,1],"to":[15,2.05,15],"faces":{"north":{"uv":[0.5,11.5,9.75,12.125],"texture":"#0"},"east":{"uv":[0.5,12,9.5,12.5],"texture":"#0"},"south":{"uv":[0.5,13,9.5,13.5],"texture":"#0"},"west":{"uv":[0.5,11.5,9.5,11.5],"texture":"#0"},"up":{"uv":[6.25,5.15,12.8,10.25],"texture":"#0"},"down":{"uv":[12,12.5,16,16],"texture":"#0"}}},{"from":[3,4,4.5],"to":[13,7.75,13],"faces":{"north":{"uv":[6.25,7.15,13,10.25],"texture":"#0"},"east":{"uv":[6.25,7,13,10.25],"texture":"#0"},"south":{"uv":[6.25,7.05,12.9,10.35],"texture":"#0"},"west":{"uv":[6.15,7.1,12.75,10.2],"texture":"#0"},"up":{"uv":[6,5,13,10.5],"texture":"#0"},"down":{"uv":[6.5,7.25,12.55,9.9],"texture":"#0"}}},{"from":[3.25,5,1.9],"to":[5.25,6,3],"faces":{"north":{"uv":[13,2,15,3],"texture":"#0"},"east":{"uv":[13,1,14.1,2],"texture":"#0"},"south":{"uv":[13,3,15,4],"texture":"#0"},"west":{"uv":[14,1,15.1,2],"texture":"#0"},"up":{"uv":[13,0.5,15,1.6],"texture":"#0"},"down":{"uv":[13.5,2,15.5,3.1],"texture":"#0"}}},{"from":[10.5,5,1.9],"to":[12.5,6,3],"faces":{"north":{"uv":[13,2,15,3],"texture":"#0"},"east":{"uv":[13,1,14.1,2],"texture":"#0"},"south":{"uv":[13,3,15,4],"texture":"#0"},"west":{"uv":[14,1,15.1,2],"texture":"#0"},"up":{"uv":[13,0.5,15,1.6],"texture":"#0"},"down":{"uv":[13.5,2,15.5,3.1],"texture":"#0"}}}],"gui_light":"front","display":{"thirdperson_righthand":{"rotation":[-2,0,0],"translation":[0,2.75,0],"scale":[0.4,0.4,0.4]},"thirdperson_lefthand":{"rotation":[-2,0,0],"translation":[0,2.75,0],"scale":[0.4,0.4,0.4]},"firstperson_righthand":{"translation":[3,-0.5,0]},"firstperson_lefthand":{"translation":[3,-0.5,0]},"ground":{"translation":[0,2.5,0],"scale":[0.9,0.9,0.9]},"gui":{"rotation":[25,-150,0],"translation":[0,1.5,0],"scale":[0.7,0.7,0.7]},"head":{"rotation":[5,0,0],"translation":[0,8.75,0.75],"scale":[1.4,1.4,1.4]},"fixed":{"translation":[0,1.5,2.75]}},"groups":[{"name":"group","origin":[8,8,8],"color":0,"children":[0,1,2,3,4,5,6]}]}