{"textures":{"0":"custom/hats/hair_ribbon"},"elements":[{"from":[7,5.5,8.25],"to":[9,8.5,10.25],"rotation":{"angle":0,"axis":"y","origin":[0,3,0]},"faces":{"north":{"uv":[0,0,2,3],"texture":"#0"},"east":{"uv":[4,9,6,12],"texture":"#0"},"south":{"uv":[0,0,2,3],"texture":"#0"},"west":{"uv":[9,2,11,5],"texture":"#0"},"up":{"uv":[10,8,12,10],"texture":"#0"},"down":{"uv":[9,12,11,14],"texture":"#0"}}},{"from":[3,5.75,8.7],"to":[8,7.75,9.7],"rotation":{"angle":0,"axis":"y","origin":[0,3,0]},"faces":{"north":{"uv":[2,6,7,8],"texture":"#0"},"east":{"uv":[8,4,9,6],"texture":"#0"},"south":{"uv":[2,6,7,8],"texture":"#0"},"west":{"uv":[12,7,13,9],"texture":"#0"},"up":{"uv":[7,9,12,10],"texture":"#0"},"down":{"uv":[0,12,5,13],"texture":"#0"}}},{"from":[8,5.75,8.7],"to":[13,7.75,9.7],"rotation":{"angle":0,"axis":"y","origin":[0,3,0]},"faces":{"north":{"uv":[2,4,7,6],"texture":"#0"},"east":{"uv":[9,1,10,3],"texture":"#0"},"south":{"uv":[2,4,7,6],"texture":"#0"},"west":{"uv":[10,7,11,9],"texture":"#0"},"up":{"uv":[4,11,9,12],"texture":"#0"},"down":{"uv":[10,5,15,6],"texture":"#0"}}},{"from":[9,2.5,8.95],"to":[14,4.5,9.95],"rotation":{"angle":22.5,"axis":"z","origin":[0,3,0]},"faces":{"north":{"uv":[2,0,7,2],"texture":"#0"},"east":{"uv":[9,11,10,13],"texture":"#0"},"south":{"uv":[2,0,7,2],"texture":"#0"},"west":{"uv":[11,7,12,9],"texture":"#0"},"up":{"uv":[3,9,8,10],"texture":"#0"},"down":{"uv":[11,3,16,4],"texture":"#0"}}},{"from":[0.6,8.6,9],"to":[5.6,10.6,10],"rotation":{"angle":-22.5,"axis":"z","origin":[0,3,0]},"faces":{"north":{"uv":[2,2,7,4],"texture":"#0"},"east":{"uv":[11,2,12,4],"texture":"#0"},"south":{"uv":[2,2,7,4],"texture":"#0"},"west":{"uv":[14,7,15,9],"texture":"#0"},"up":{"uv":[5,11,10,12],"texture":"#0"},"down":{"uv":[8,8,13,9],"texture":"#0"}}},{"from":[9.75,-2.5,8.75],"to":[11,3,9.5],"rotation":{"angle":22.5,"axis":"z","origin":[0,0,0]},"faces":{"north":{"uv":[6,9,7.25,14.5],"texture":"#0"},"east":{"uv":[14,7,14.75,12.5],"texture":"#0"},"south":{"uv":[10.25,1.25,11.5,6.75],"texture":"#0"},"west":{"uv":[2,8,2.75,13.5],"texture":"#0"},"up":{"uv":[8,8,9.25,8.75],"texture":"#0"},"down":{"uv":[11,9,12.25,9.75],"texture":"#0"}}},{"from":[3.75,3.5,8.75],"to":[5,9,9.5],"rotation":{"angle":-22.5,"axis":"z","origin":[0,0,0]},"faces":{"north":{"uv":[1,9,2.25,14.5],"texture":"#0"},"east":{"uv":[13,8,13.75,13.5],"texture":"#0"},"south":{"uv":[10.25,1.25,11.5,6.75],"texture":"#0"},"west":{"uv":[9,7,9.75,12.5],"texture":"#0"},"up":{"uv":[4,8,5.25,8.75],"texture":"#0"},"down":{"uv":[6,11,7.25,11.75],"texture":"#0"}}},{"from":[4.25,3,8.75],"to":[5,3.5,9.5],"rotation":{"angle":-22.5,"axis":"z","origin":[0,0,0]},"faces":{"north":{"uv":[9,9,9.75,9.5],"texture":"#0"},"east":{"uv":[2,8,2.75,8.5],"texture":"#0"},"south":{"uv":[10.25,3,11,3.5],"texture":"#0"},"west":{"uv":[0,0,0.75,0.5],"texture":"#0"},"up":{"uv":[9,12,9.75,12.75],"texture":"#0"},"down":{"uv":[11,5,11.75,5.75],"texture":"#0"}}},{"from":[9.75,-3,8.75],"to":[10.5,-2.5,9.5],"rotation":{"angle":22.5,"axis":"z","origin":[0,0,0]},"faces":{"north":{"uv":[9,7,9.75,7.5],"texture":"#0"},"east":{"uv":[2,10,2.75,10.5],"texture":"#0"},"south":{"uv":[10.5,4,11.25,4.5],"texture":"#0"},"west":{"uv":[10,11,10.75,11.5],"texture":"#0"},"up":{"uv":[5,9,5.75,9.75],"texture":"#0"},"down":{"uv":[12,7,12.75,7.75],"texture":"#0"}}}],"gui_light":"front","display":{"thirdperson_righthand":{"rotation":[69,0,0],"translation":[0,1,0.25],"scale":[0.8,0.8,0.8]},"thirdperson_lefthand":{"rotation":[69,0,0],"translation":[0,1,0.25],"scale":[0.8,0.8,0.8]},"firstperson_righthand":{"translation":[0,1,0]},"firstperson_lefthand":{"translation":[0,1,0]},"ground":{"translation":[0,3.5,0]},"gui":{"rotation":[25,-150,0],"translation":[0.5,2.25,0],"scale":[1.25,1.25,1.25]},"head":{"translation":[0,4,5],"scale":[2,2,2]},"fixed":{"translation":[0,4.25,-2],"scale":[1.8,1.8,1.8]}}}