{"textures":{"1":"custom/hats/lemon_hat"},"elements":[{"from":[3,5,3],"to":[13,10,13],"faces":{"north":{"uv":[5,0,10,2.5],"texture":"#1"},"east":{"uv":[5,0,10,2.5],"texture":"#1"},"south":{"uv":[5,0,10,2.5],"texture":"#1"},"west":{"uv":[5,0,10,2.5],"texture":"#1"},"up":{"uv":[5,5,0,0],"texture":"#1"},"down":{"uv":[5,10,0,5],"texture":"#1"}}},{"from":[2,6,3],"to":[14,9,13],"faces":{"north":{"uv":[10,3.5,16,5],"texture":"#1"},"east":{"uv":[11,5.5,16,7],"texture":"#1"},"south":{"uv":[10,3.5,16,5],"texture":"#1"},"west":{"uv":[11,5.5,16,7],"texture":"#1"},"up":{"uv":[16,5,10,0],"texture":"#1"},"down":{"uv":[16,5,10,0],"texture":"#1"}}},{"from":[3,6,2],"to":[13,9,14],"faces":{"north":{"uv":[11,5.5,16,7],"texture":"#1"},"east":{"uv":[10,3.5,16,5],"texture":"#1"},"south":{"uv":[11,5.5,16,7],"texture":"#1"},"west":{"uv":[10,3.5,16,5],"texture":"#1"},"up":{"uv":[16,5,10,0],"rotation":90,"texture":"#1"},"down":{"uv":[16,5,10,0],"rotation":270,"texture":"#1"}}},{"from":[7.5,10,7.5],"to":[8.5,12,8.5],"rotation":{"angle":-22.5,"axis":"z","origin":[7.5,10,8]},"faces":{"north":{"uv":[0,10.5,0.5,11.5],"texture":"#1"},"east":{"uv":[0,10.5,0.5,11.5],"texture":"#1"},"south":{"uv":[0,10.5,0.5,11.5],"texture":"#1"},"west":{"uv":[0,10.5,0.5,11.5],"texture":"#1"},"up":{"uv":[0.5,12,0,11.5],"texture":"#1"},"down":{"uv":[0,11.5,0.5,12],"texture":"#1"}}},{"from":[4.5,10,6.5],"to":[7.5,11,8.5],"rotation":{"angle":-22.5,"axis":"z","origin":[7.5,10,8]},"faces":{"north":{"uv":[2,11.5,3.5,12],"texture":"#1"},"east":{"uv":[1,11.5,2,12],"texture":"#1"},"south":{"uv":[4.5,11.5,6,12],"texture":"#1"},"west":{"uv":[3.5,11.5,4.5,12],"texture":"#1"},"up":{"uv":[3.5,11.5,2,10.5],"texture":"#1"},"down":{"uv":[3.5,11.5,2,10.5],"texture":"#1"}}}],"gui_light":"front","display":{"thirdperson_righthand":{"rotation":[-37,0,0],"scale":[0.55,0.55,0.55]},"thirdperson_lefthand":{"rotation":[-37,0,0],"scale":[0.55,0.55,0.55]},"firstperson_righthand":{"rotation":[0,75,0],"translation":[0,2,0.5],"scale":[0.4,0.4,0.4]},"firstperson_lefthand":{"rotation":[0,75,0],"translation":[0,2,0.5],"scale":[0.4,0.4,0.4]},"ground":{"scale":[0.8,0.8,0.8]},"gui":{"rotation":[25,-150,0],"scale":[0.8,0.8,0.8]},"head":{"rotation":[14,0,0],"translation":[0,7.75,0.75],"scale":[1.6,1.6,1.6]},"fixed":{"rotation":[-90,0,0],"translation":[0,0,-1.5],"scale":[1.3,1.3,1.3]}}}