{"textures":{"0":"custom/hats/leprechaun_hat"},"elements":[{"from":[0,0,0],"to":[16,2,16],"faces":{"north":{"uv":[7.008,7.508,10.992,7.992],"texture":"#0"},"east":{"uv":[0.008,8.008,3.992,8.492],"texture":"#0"},"south":{"uv":[7.008,8.008,10.992,8.492],"texture":"#0"},"west":{"uv":[0.008,8.508,3.992,8.992],"texture":"#0"},"up":{"uv":[3.992,3.992,0.008,0.008],"texture":"#0"},"down":{"uv":[3.992,4.008,0.008,7.992],"texture":"#0"}}},{"from":[2,2,2],"to":[14,12,14],"faces":{"north":{"uv":[4.008,6.008,6.992,8.492],"texture":"#0"},"east":{"uv":[7.008,0.008,9.992,2.492],"texture":"#0"},"south":{"uv":[7.008,2.508,9.992,4.992],"texture":"#0"},"west":{"uv":[7.008,5.008,9.992,7.492],"texture":"#0"},"up":{"uv":[6.992,2.992,4.008,0.008],"texture":"#0"}}},{"from":[3,5,1.9],"to":[5,7,1.9],"faces":{"north":{"uv":[10.758,0.508,11.242,0.992],"texture":"#0"},"south":{"uv":[0.008,0.008,0.492,0.492],"texture":"#0"}}},{"from":[5,6,1.9],"to":[7,8,1.9],"faces":{"north":{"uv":[10.758,0.508,11.242,0.992],"texture":"#0"},"south":{"uv":[0.008,0.008,0.492,0.492],"texture":"#0"}}},{"from":[3,7,1.9],"to":[5,9,1.9],"faces":{"north":{"uv":[10.758,0.508,11.242,0.992],"texture":"#0"},"south":{"uv":[0.008,0.008,0.492,0.492],"texture":"#0"}}}],"gui_light":"front","display":{"thirdperson_righthand":{"translation":[0,4,1],"scale":[0.5,0.5,0.5]},"thirdperson_lefthand":{"translation":[0,4,1],"scale":[0.5,0.5,0.5]},"firstperson_righthand":{"scale":[0.5,0.5,0.5]},"firstperson_lefthand":{"scale":[0.5,0.5,0.5]},"ground":{"translation":[0,2,0],"scale":[0.65,0.65,0.65]},"gui":{"rotation":[25,-150,0],"translation":[0,1.5,0],"scale":[0.6,0.6,0.6]},"head":{"rotation":[12,0,0],"translation":[0,12.25,1.5],"scale":[1.25,1.25,1.25]},"fixed":{"translation":[0,1.5,0]}}}