{"texture_size":[64,64],"textures":{"1":"custom/hats/police_hat"},"elements":[{"from":[3,1,3],"to":[13,4,13],"faces":{"north":{"uv":[3.008,4.508,5.492,5.242],"texture":"#1"},"east":{"uv":[3.008,5.258,5.492,5.992],"texture":"#1"},"south":{"uv":[5.508,0.008,7.992,0.742],"texture":"#1"},"west":{"uv":[5.508,0.758,7.992,1.492],"texture":"#1"},"up":{"uv":[0,0,0,0],"texture":"#1"},"down":{"uv":[5.492,0.008,3.008,2.492],"texture":"#1"}}},{"from":[2,4,2],"to":[14,5,14],"faces":{"north":{"uv":[5.508,1.508,8.492,1.742],"texture":"#1"},"east":{"uv":[5.508,1.758,8.492,1.992],"texture":"#1"},"south":{"uv":[5.508,2.008,8.492,2.242],"texture":"#1"},"west":{"uv":[5.508,2.258,8.492,2.492],"texture":"#1"},"up":{"uv":[2.992,2.992,0.008,0.008],"texture":"#1"},"down":{"uv":[2.992,3.008,0.008,5.992],"texture":"#1"}}},{"from":[2,5,2],"to":[14,6,10],"faces":{"north":{"uv":[5.508,1.508,8.492,1.742],"texture":"#1"},"east":{"uv":[5.508,1.758,7.492,1.992],"texture":"#1"},"south":{"uv":[5.508,2.008,8.492,2.242],"texture":"#1"},"west":{"uv":[5.508,2.258,7.492,2.492],"texture":"#1"},"up":{"uv":[2.992,2.992,0.008,1.008],"texture":"#1"},"down":{"uv":[0,0,0,0],"texture":"#1"}}},{"from":[3,0,1],"to":[13,1,5],"faces":{"north":{"uv":[5.508,2.508,7.992,2.742],"texture":"#1"},"east":{"uv":[5.508,3.008,6.492,3.242],"texture":"#1"},"south":{"uv":[5.508,2.758,7.992,2.992],"texture":"#1"},"west":{"uv":[5.508,3.258,6.492,3.492],"texture":"#1"},"up":{"uv":[5.492,3.492,3.008,2.508],"texture":"#1"},"down":{"uv":[5.492,3.508,3.008,4.492],"texture":"#1"}}}],"gui_light":"front","display":{"thirdperson_righthand":{"rotation":[115,0,0],"translation":[0,-1.25,1.5],"scale":[0.5,0.5,0.5]},"thirdperson_lefthand":{"rotation":[115,0,0],"translation":[0,-1.25,1.5],"scale":[0.5,0.5,0.5]},"firstperson_righthand":{"scale":[0.5,0.5,0.5]},"firstperson_lefthand":{"scale":[0.5,0.5,0.5]},"ground":{"translation":[0,3.5,0],"scale":[0.75,0.75,0.75]},"gui":{"rotation":[25,-150,0],"translation":[0.25,5,0]},"head":{"rotation":[12.5,0,0],"translation":[0,14,2.25],"scale":[1.5,1.5,1.6]},"fixed":{"translation":[0,5.5,2.25]}}}