{"textures":{"0":"custom/hats/straw_hat"},"elements":[{"from":[4,0,4],"to":[12,4,12],"faces":{"north":{"uv":[4,4,8,6],"texture":"#0"},"east":{"uv":[0,4,4,6],"texture":"#0"},"south":{"uv":[12,4,16,6],"texture":"#0"},"west":{"uv":[8,4,12,6],"texture":"#0"},"up":{"uv":[4,0,8,4],"texture":"#0"},"down":{"uv":[8,0,12,4],"texture":"#0"}}},{"from":[0,0,0],"to":[16,0,16],"faces":{"north":{"uv":[0,0,14,0],"texture":"#missing"},"east":{"uv":[0,0,14,0],"texture":"#missing"},"south":{"uv":[0,0,14,0],"texture":"#missing"},"west":{"uv":[0,0,14,0],"texture":"#missing"},"up":{"uv":[0,6,8,14],"texture":"#0"},"down":{"uv":[0,14,8,6],"texture":"#0"}}},{"from":[4,4,4],"to":[12,6,4],"faces":{"north":{"uv":[12,8,16,9],"texture":"#0"},"east":{"uv":[0,0,0,2],"texture":"#missing"},"south":{"uv":[16,8,12,9],"texture":"#0"},"west":{"uv":[0,0,0,2],"texture":"#missing"},"up":{"uv":[0,0,8,0],"texture":"#missing"},"down":{"uv":[0,0,8,0],"texture":"#missing"}}},{"from":[4,4,12],"to":[12,6,12],"faces":{"north":{"uv":[16,6,12,7],"texture":"#0"},"east":{"uv":[0,0,0,2],"texture":"#missing"},"south":{"uv":[12,6,16,7],"texture":"#0"},"west":{"uv":[0,0,0,2],"texture":"#missing"},"up":{"uv":[0,0,8,0],"texture":"#missing"},"down":{"uv":[0,0,8,0],"texture":"#missing"}}},{"from":[4,4,4],"to":[4,6,12],"faces":{"north":{"uv":[0,0,0,2],"texture":"#missing"},"east":{"uv":[12,6,8,7],"texture":"#0"},"south":{"uv":[0,0,0,2],"texture":"#missing"},"west":{"uv":[8,6,12,7],"texture":"#0"},"up":{"uv":[0,0,0,8],"texture":"#missing"},"down":{"uv":[0,0,0,8],"texture":"#missing"}}},{"from":[12,4,4],"to":[12,6,12],"faces":{"north":{"uv":[0,0,0,2],"texture":"#missing"},"east":{"uv":[8,8,12,9],"texture":"#0"},"south":{"uv":[0,0,0,2],"texture":"#missing"},"west":{"uv":[12,8,8,9],"texture":"#0"},"up":{"uv":[0,0,0,8],"texture":"#missing"},"down":{"uv":[0,0,0,8],"texture":"#missing"}}}],"gui_light":"front","display":{"thirdperson_righthand":{"rotation":[75,45,0],"translation":[0,2.5,2],"scale":[0.35,0.35,0.35]},"thirdperson_lefthand":{"rotation":[75,45,0],"translation":[0,2.5,2],"scale":[0.35,0.35,0.35]},"firstperson_righthand":{"rotation":[0,0,15],"translation":[1.13,4.2,1.13],"scale":[0.68,0.68,0.68]},"firstperson_lefthand":{"rotation":[0,0,15],"translation":[1.13,4.2,1.13],"scale":[0.68,0.68,0.68]},"ground":{"translation":[0,3,0],"scale":[0.8,0.8,0.8]},"gui":{"rotation":[25,-150,0],"translation":[0,4.25,0],"scale":[0.75,0.75,0.75]},"head":{"rotation":[10.25,0,0],"translation":[0,18.5,2.5],"scale":[1.9,1.9,1.9]},"fixed":{"translation":[0,7.75,-1],"scale":[1.3,1.3,1.3]}}}