{"texture_size":[64, 64],"textures":{"1":"custom/furniture/blacksmith/chair"},"elements":[{"from":[0, 6, 0],"to":[16, 10, 16],"faces":{"north":{"uv":[0, 3.5, 3.5, 4.25],"texture":"#1"},"east":{"uv":[0, 4.25, 3.5, 5],"texture":"#1"},"south":{"uv":[0, 3.5, 3.5, 4.25],"texture":"#1"},"west":{"uv":[0, 4.25, 3.5, 5],"texture":"#1"},"up":{"uv":[3.5, 3.5, 0, 0],"texture":"#1"},"down":{"uv":[3.5, 3.5, 0, 0],"texture":"#1"}}},{"from":[1, 4, 1],"to":[15, 6, 15],"faces":{"north":{"uv":[3.5, 3, 6.5, 3.5],"texture":"#1"},"east":{"uv":[3.5, 3, 6.5, 3.5],"texture":"#1"},"south":{"uv":[3.5, 3, 6.5, 3.5],"texture":"#1"},"west":{"uv":[3.5, 3, 6.5, 3.5],"texture":"#1"},"up":{"uv":[3.125, 6.75, 3.25, 6.875],"texture":"#1"},"down":{"uv":[3.125, 6.75, 3.25, 6.875],"texture":"#1"}}},{"from":[2, 0, 2],"to":[5, 4, 5],"rotation":{"angle":0,"axis":"y","origin":[-1, 0, -1]},"faces":{"north":{"uv":[5.5, 3.5, 6.25, 4.5],"texture":"#1"},"east":{"uv":[5.5, 4.5, 6.25, 5.5],"texture":"#1"},"south":{"uv":[5.5, 3.5, 6.25, 4.5],"texture":"#1"},"west":{"uv":[5.5, 4.5, 6.25, 5.5],"texture":"#1"},"up":{"uv":[3.125, 6.875, 3, 6.75],"texture":"#1"},"down":{"uv":[3, 6.75, 3.125, 6.875],"texture":"#1"}}},{"from":[2, 0, 11],"to":[5, 4, 14],"rotation":{"angle":0,"axis":"y","origin":[-1, 0, 1]},"faces":{"north":{"uv":[5.5, 3.5, 6.25, 4.5],"texture":"#1"},"east":{"uv":[5.5, 4.5, 6.25, 5.5],"texture":"#1"},"south":{"uv":[5.5, 3.5, 6.25, 4.5],"texture":"#1"},"west":{"uv":[5.5, 4.5, 6.25, 5.5],"texture":"#1"},"up":{"uv":[3.125, 6.875, 3, 6.75],"texture":"#1"},"down":{"uv":[3, 6.75, 3.125, 6.875],"texture":"#1"}}},{"from":[3, 2, 5],"to":[4, 3, 11],"rotation":{"angle":0,"axis":"y","origin":[-1, 0, 0]},"faces":{"north":{"uv":[3.25, 6.75, 3.375, 6.875],"texture":"#1"},"east":{"uv":[3.25, 6.75, 3.375, 7],"texture":"#1"},"south":{"uv":[3.25, 6.875, 3.375, 7],"texture":"#1"},"west":{"uv":[3.25, 6.75, 3.375, 7],"texture":"#1"},"up":{"uv":[3.25, 6.75, 3.375, 7],"texture":"#1"},"down":{"uv":[3.25, 6.75, 3.375, 7],"texture":"#1"}}},{"from":[5, 2, 3],"to":[11, 3, 4],"rotation":{"angle":0,"axis":"y","origin":[0, 0, -1]},"faces":{"north":{"uv":[3.25, 6.75, 3.375, 7],"texture":"#1"},"east":{"uv":[3.25, 6.875, 3.375, 7],"texture":"#1"},"south":{"uv":[3.25, 6.75, 3.375, 7],"texture":"#1"},"west":{"uv":[3.25, 6.875, 3.375, 7],"texture":"#1"},"up":{"uv":[3.25, 6.75, 3.375, 7],"rotation":90,"texture":"#1"},"down":{"uv":[3.25, 6.75, 3.375, 7],"rotation":270,"texture":"#1"}}},{"from":[5, 2, 12],"to":[11, 3, 13],"rotation":{"angle":0,"axis":"y","origin":[0, 0, 1]},"faces":{"north":{"uv":[3.25, 6.75, 3.375, 7],"texture":"#1"},"east":{"uv":[3.25, 6.875, 3.375, 7],"texture":"#1"},"south":{"uv":[3.25, 6.75, 3.375, 7],"texture":"#1"},"west":{"uv":[3.25, 6.875, 3.375, 7],"texture":"#1"},"up":{"uv":[3.25, 6.75, 3.375, 7],"rotation":90,"texture":"#1"},"down":{"uv":[3.25, 6.75, 3.375, 7],"rotation":270,"texture":"#1"}}},{"from":[11, 0, 11],"to":[14, 4, 14],"rotation":{"angle":0,"axis":"y","origin":[17, 0, 1]},"faces":{"north":{"uv":[6.25, 3.5, 5.5, 4.5],"texture":"#1"},"east":{"uv":[6.25, 4.5, 5.5, 5.5],"texture":"#1"},"south":{"uv":[6.25, 3.5, 5.5, 4.5],"texture":"#1"},"west":{"uv":[6.25, 4.5, 5.5, 5.5],"texture":"#1"},"up":{"uv":[3, 6.875, 3.125, 6.75],"texture":"#1"},"down":{"uv":[3, 6.75, 3.125, 6.875],"texture":"#1"}}},{"from":[11, 0, 2],"to":[14, 4, 5],"rotation":{"angle":0,"axis":"y","origin":[17, 0, -1]},"faces":{"north":{"uv":[6.25, 3.5, 5.5, 4.5],"texture":"#1"},"east":{"uv":[6.25, 4.5, 5.5, 5.5],"texture":"#1"},"south":{"uv":[6.25, 3.5, 5.5, 4.5],"texture":"#1"},"west":{"uv":[6.25, 4.5, 5.5, 5.5],"texture":"#1"},"up":{"uv":[3, 6.875, 3.125, 6.75],"texture":"#1"},"down":{"uv":[3, 6.75, 3.125, 6.875],"texture":"#1"}}},{"from":[12, 2, 5],"to":[13, 3, 11],"rotation":{"angle":0,"axis":"y","origin":[17, 0, 0]},"faces":{"north":{"uv":[3.375, 6.875, 3.25, 7],"texture":"#1"},"east":{"uv":[3.375, 6.75, 3.25, 7],"texture":"#1"},"south":{"uv":[3.375, 6.875, 3.25, 7],"texture":"#1"},"west":{"uv":[3.375, 6.75, 3.25, 7],"texture":"#1"},"up":{"uv":[3.375, 6.75, 3.25, 7],"texture":"#1"},"down":{"uv":[3.375, 6.75, 3.25, 7],"texture":"#1"}}},{"from":[1, 10, 1],"to":[15, 11, 13.5],"rotation":{"angle":0,"axis":"y","origin":[0, 1, 0]},"faces":{"north":{"uv":[0.125, 7.5, 2.875, 7.75],"texture":"#1"},"east":{"uv":[0.125, 7.5, 2.875, 7.75],"texture":"#1"},"south":{"uv":[0.125, 7.5, 2.875, 7.75],"texture":"#1"},"west":{"uv":[0.125, 7.5, 2.875, 7.75],"texture":"#1"},"up":{"uv":[0, 5, 3, 7.75],"texture":"#1"},"down":{"uv":[0, 0, 3, 3],"texture":"#1"}}},{"from":[3, 10, 13.5],"to":[6, 17, 16],"faces":{"north":{"uv":[3.5, 5.5, 4.25, 7.25],"texture":"#1"},"east":{"uv":[3, 5, 3.5, 6.75],"texture":"#1"},"south":{"uv":[3.5, 5.5, 4.25, 7.25],"texture":"#1"},"west":{"uv":[3, 5, 3.5, 6.75],"texture":"#1"},"up":{"uv":[3.125, 6.75, 3.25, 6.875],"texture":"#1"},"down":{"uv":[3.125, 6.75, 3.25, 6.875],"texture":"#1"}}},{"from":[10, 10, 13.5],"to":[13, 17, 16],"faces":{"north":{"uv":[3.5, 5.5, 4.25, 7.25],"texture":"#1"},"east":{"uv":[3, 5, 3.5, 6.75],"texture":"#1"},"south":{"uv":[3.5, 5.5, 4.25, 7.25],"texture":"#1"},"west":{"uv":[3, 5, 3.5, 6.75],"texture":"#1"},"up":{"uv":[3.125, 6.75, 3.25, 6.875],"texture":"#1"},"down":{"uv":[3.125, 6.75, 3.25, 6.875],"texture":"#1"}}},{"from":[1, 17, 12],"to":[15, 25, 16],"rotation":{"angle":0,"axis":"y","origin":[0, 1, 0]},"faces":{"north":{"uv":[3.5, 0, 6.5, 2],"texture":"#1"},"east":{"uv":[3.5, 3.5, 4.5, 5.5],"texture":"#1"},"south":{"uv":[3.5, 0, 6.5, 2],"texture":"#1"},"west":{"uv":[3.5, 3.5, 4.5, 5.5],"texture":"#1"},"up":{"uv":[3.5, 2, 6.5, 3],"texture":"#1"},"down":{"uv":[3.5, 2, 6.5, 3],"texture":"#1"}}}],"gui_light":"front","display":{"thirdperson_righthand":{"rotation":[67.5, 0, 0],"translation":[0, 1.75, 0.25],"scale":[0.29, 0.29, 0.29]},"thirdperson_lefthand":{"rotation":[67.5, 0, 0],"translation":[0, 1.75, 0.25],"scale":[0.29, 0.29, 0.29]},"firstperson_righthand":{"translation":[-1.25, 1.75, 0.25],"scale":[0.38766, 0.38766, 0.38766]},"firstperson_lefthand":{"translation":[-1.25, 1.75, 0.25],"scale":[0.38766, 0.38766, 0.38766]},"ground":{"translation":[0, 8, 0],"scale":[0.42, 0.42, 0.42]},"gui":{"rotation":[30, 225, 0],"translation":[0, -1.75, 0],"scale":[0.43, 0.43, 0.43]},"head":{"translation":[0, -30.5, 0],"scale":[0, 0, 0]},"fixed":{"rotation":[-90, 0, 0],"translation":[0, 0, -16],"scale":[2, 2, 2]}}}