{"texture_size":[128, 128],"textures":{"1":"custom/furniture/blacksmith/table"},"elements":[{"from":[-15, 9, 1],"to":[15, 11, 31],"faces":{"north":{"uv":[3.8125, 1.5, 7.3125, 1.75],"texture":"#1"},"east":{"uv":[3.8125, 1.5, 7.3125, 1.75],"texture":"#1"},"south":{"uv":[3.8125, 1.5, 7.3125, 1.75],"texture":"#1"},"west":{"uv":[3.8125, 1.5, 7.3125, 1.75],"texture":"#1"},"down":{"uv":[3.5, 7.5, 0, 4],"texture":"#1"}}},{"from":[-15.9, 11, 0],"to":[16.1, 16, 32],"faces":{"north":{"uv":[3.75, 0, 7.5, 0.625],"texture":"#1"},"east":{"uv":[3.75, 0.625, 7.5, 1.25],"texture":"#1"},"south":{"uv":[3.75, 0, 7.5, 0.625],"texture":"#1"},"west":{"uv":[3.75, 0.625, 7.5, 1.25],"texture":"#1"},"up":{"uv":[3.75, 3.75, 0, 0],"texture":"#1"},"down":{"uv":[3.75, 3.75, 0, 0],"texture":"#1"}}},{"from":[7, 7, 3],"to":[13, 9, 9],"rotation":{"angle":0,"axis":"y","origin":[1, 0, -1]},"faces":{"north":{"uv":[4.75, 2.25, 5.5, 2.5],"texture":"#1"},"east":{"uv":[4.75, 2.5, 5.5, 2.75],"texture":"#1"},"south":{"uv":[4.75, 2.25, 5.5, 2.5],"texture":"#1"},"west":{"uv":[4.75, 2.5, 5.5, 2.75],"texture":"#1"},"down":{"uv":[4.75, 3.25, 4, 2.5],"texture":"#1"}}},{"from":[7, 0, 3],"to":[13, 3, 9],"rotation":{"angle":0,"axis":"y","origin":[1, 0, -1]},"faces":{"north":{"uv":[3.75, 4, 4.5, 4.375],"texture":"#1"},"east":{"uv":[3.75, 4.375, 4.5, 4.75],"texture":"#1"},"south":{"uv":[3.75, 4, 4.5, 4.375],"texture":"#1"},"west":{"uv":[3.75, 4.375, 4.5, 4.75],"texture":"#1"},"up":{"uv":[4.75, 3.25, 4, 2.5],"texture":"#1"},"down":{"uv":[4.75, 2.5, 4, 1.75],"texture":"#1"}}},{"from":[8, 3, 4],"to":[12, 7, 8],"rotation":{"angle":0,"axis":"y","origin":[1, 0, 11]},"faces":{"north":{"uv":[4.5, 3.75, 5, 4.25],"texture":"#1"},"east":{"uv":[4.5, 4.25, 5, 4.75],"texture":"#1"},"south":{"uv":[4.5, 3.75, 5, 4.25],"texture":"#1"},"west":{"uv":[4.5, 4.25, 5, 4.75],"texture":"#1"}}},{"from":[-13, 0, 3],"to":[-7, 3, 9],"rotation":{"angle":0,"axis":"y","origin":[-1, 0, -1]},"faces":{"north":{"uv":[3.75, 4, 4.5, 4.375],"texture":"#1"},"east":{"uv":[3.75, 4.375, 4.5, 4.75],"texture":"#1"},"south":{"uv":[3.75, 4, 4.5, 4.375],"texture":"#1"},"west":{"uv":[3.75, 4.375, 4.5, 4.75],"texture":"#1"},"up":{"uv":[4.75, 3.25, 4, 2.5],"texture":"#1"},"down":{"uv":[4.75, 2.5, 4, 1.75],"texture":"#1"}}},{"from":[-13, 7, 3],"to":[-7, 9, 9],"rotation":{"angle":0,"axis":"y","origin":[-1, 0, -1]},"faces":{"north":{"uv":[4.75, 2.25, 5.5, 2.5],"texture":"#1"},"east":{"uv":[4.75, 2.5, 5.5, 2.75],"texture":"#1"},"south":{"uv":[4.75, 2.25, 5.5, 2.5],"texture":"#1"},"west":{"uv":[4.75, 2.5, 5.5, 2.75],"texture":"#1"},"down":{"uv":[4.75, 3.25, 4, 2.5],"texture":"#1"}}},{"from":[-12, 3, 4],"to":[-8, 7, 8],"rotation":{"angle":0,"axis":"y","origin":[-1, 0, 11]},"faces":{"north":{"uv":[4.5, 3.75, 5, 4.25],"texture":"#1"},"east":{"uv":[4.5, 4.25, 5, 4.75],"texture":"#1"},"south":{"uv":[4.5, 3.75, 5, 4.25],"texture":"#1"},"west":{"uv":[4.5, 4.25, 5, 4.75],"texture":"#1"}}},{"from":[-8, 5, 6],"to":[8, 7, 8],"rotation":{"angle":0,"axis":"y","origin":[6, 7, -9]},"faces":{"north":{"uv":[4, 3.25, 5.75, 3.5],"texture":"#1"},"south":{"uv":[4, 3.25, 5.75, 3.5],"texture":"#1"},"up":{"uv":[5.75, 3.75, 4, 3.5],"texture":"#1"},"down":{"uv":[5.75, 3.75, 4, 3.5],"texture":"#1"}}},{"from":[8, 5, 8],"to":[10, 7, 24],"rotation":{"angle":0,"axis":"y","origin":[6, 7, -9]},"faces":{"east":{"uv":[4, 3.25, 5.75, 3.5],"texture":"#1"},"west":{"uv":[4, 3.25, 5.75, 3.5],"texture":"#1"},"up":{"uv":[5.75, 3.75, 4, 3.5],"rotation":90,"texture":"#1"},"down":{"uv":[5.75, 3.75, 4, 3.5],"rotation":270,"texture":"#1"}}},{"from":[-11, 5, 8],"to":[-9, 7, 24],"rotation":{"angle":0,"axis":"y","origin":[5, 7, -9]},"faces":{"east":{"uv":[4, 3.25, 5.75, 3.5],"texture":"#1"},"west":{"uv":[4, 3.25, 5.75, 3.5],"texture":"#1"},"up":{"uv":[5.75, 3.75, 4, 3.5],"rotation":90,"texture":"#1"},"down":{"uv":[5.75, 3.75, 4, 3.5],"rotation":270,"texture":"#1"}}},{"from":[7, 0, 23],"to":[13, 3, 29],"rotation":{"angle":0,"axis":"y","origin":[1, 0, 1]},"faces":{"north":{"uv":[3.75, 4, 4.5, 4.375],"texture":"#1"},"east":{"uv":[3.75, 4.375, 4.5, 4.75],"texture":"#1"},"south":{"uv":[3.75, 4, 4.5, 4.375],"texture":"#1"},"west":{"uv":[3.75, 4.375, 4.5, 4.75],"texture":"#1"},"up":{"uv":[4.75, 3.25, 4, 2.5],"texture":"#1"},"down":{"uv":[4.75, 2.5, 4, 1.75],"texture":"#1"}}},{"from":[8, 3, 24],"to":[12, 7, 28],"rotation":{"angle":0,"axis":"y","origin":[1, 0, 13]},"faces":{"north":{"uv":[4.5, 3.75, 5, 4.25],"texture":"#1"},"east":{"uv":[4.5, 4.25, 5, 4.75],"texture":"#1"},"south":{"uv":[4.5, 3.75, 5, 4.25],"texture":"#1"},"west":{"uv":[4.5, 4.25, 5, 4.75],"texture":"#1"}}},{"from":[7, 7, 23],"to":[13, 9, 29],"rotation":{"angle":0,"axis":"y","origin":[1, 0, 1]},"faces":{"north":{"uv":[4.75, 2.25, 5.5, 2.5],"texture":"#1"},"east":{"uv":[4.75, 2.5, 5.5, 2.75],"texture":"#1"},"south":{"uv":[4.75, 2.25, 5.5, 2.5],"texture":"#1"},"west":{"uv":[4.75, 2.5, 5.5, 2.75],"texture":"#1"},"down":{"uv":[4.75, 3.25, 4, 2.5],"texture":"#1"}}},{"from":[-8, 5, 25],"to":[8, 7, 27],"rotation":{"angle":0,"axis":"y","origin":[6, 7, -8]},"faces":{"north":{"uv":[4, 3.25, 5.75, 3.5],"texture":"#1"},"south":{"uv":[4, 3.25, 5.75, 3.5],"texture":"#1"},"up":{"uv":[5.75, 3.75, 4, 3.5],"texture":"#1"},"down":{"uv":[5.75, 3.75, 4, 3.5],"texture":"#1"}}},{"from":[-13, 0, 23],"to":[-7, 3, 29],"rotation":{"angle":0,"axis":"y","origin":[-1, 0, 1]},"faces":{"north":{"uv":[3.75, 4, 4.5, 4.375],"texture":"#1"},"east":{"uv":[3.75, 4.375, 4.5, 4.75],"texture":"#1"},"south":{"uv":[3.75, 4, 4.5, 4.375],"texture":"#1"},"west":{"uv":[3.75, 4.375, 4.5, 4.75],"texture":"#1"},"up":{"uv":[4.75, 3.25, 4, 2.5],"texture":"#1"},"down":{"uv":[4.75, 2.5, 4, 1.75],"texture":"#1"}}},{"from":[-12, 3, 24],"to":[-8, 7, 28],"rotation":{"angle":0,"axis":"y","origin":[-1, 0, 13]},"faces":{"north":{"uv":[4.5, 3.75, 5, 4.25],"texture":"#1"},"east":{"uv":[4.5, 4.25, 5, 4.75],"texture":"#1"},"south":{"uv":[4.5, 3.75, 5, 4.25],"texture":"#1"},"west":{"uv":[4.5, 4.25, 5, 4.75],"texture":"#1"}}},{"from":[-13, 7, 23],"to":[-7, 9, 29],"rotation":{"angle":0,"axis":"y","origin":[-1, 0, 1]},"faces":{"north":{"uv":[4.75, 2.25, 5.5, 2.5],"texture":"#1"},"east":{"uv":[4.75, 2.5, 5.5, 2.75],"texture":"#1"},"south":{"uv":[4.75, 2.25, 5.5, 2.5],"texture":"#1"},"west":{"uv":[4.75, 2.5, 5.5, 2.75],"texture":"#1"},"down":{"uv":[4.75, 3.25, 4, 2.5],"texture":"#1"}}},{"from":[-16, 12, 7],"to":[16.2, 16.1, 25],"faces":{"east":{"uv":[4.25, 15.4875, 6.5, 16],"texture":"#1"},"west":{"uv":[4.25, 15.4875, 6.5, 16],"texture":"#1"},"up":{"uv":[0, 13.75, 3.775, 16],"texture":"#1"}}}],"gui_light":"front","display":{"thirdperson_righthand":{"rotation":[44, 0, 0],"translation":[2.25, 3, -4.25],"scale":[0.25, 0.25, 0.25]},"thirdperson_lefthand":{"rotation":[44, 0, 0],"translation":[-1.75, 3, -4.25],"scale":[0.25, 0.25, 0.25]},"firstperson_righthand":{"rotation":[0, 45, 0],"translation":[0, 1.75, -0.25],"scale":[0.28, 0.28, 0.28]},"firstperson_lefthand":{"rotation":[0, 45, 0],"translation":[-4, 1.75, 1.75],"scale":[0.28, 0.28, 0.28]},"ground":{"translation":[1.75, 6, 0],"scale":[0.35, 0.35, 0.35]},"gui":{"rotation":[30, 225, 0],"translation":[0, -3.25, 0],"scale":[0.3, 0.3, 0.3]},"head":{"translation":[0, -30.5, 0],"scale":[0, 0, 0]},"fixed":{"rotation":[-90, 0, 0],"translation":[0, 0, -16],"scale":[2, 2, 2]}}}