{"textures":{"1":"custom/hats/3d_glasses"},"elements":[{"from":[7,3,3],"to":[9,5,4],"faces":{"north":{"uv":[4,3,6,5],"texture":"#1"},"east":{"uv":[4,3,5,5],"texture":"#1"},"south":{"uv":[4,3,6,5],"texture":"#1"},"west":{"uv":[5,3,6,5],"texture":"#1"},"down":{"uv":[6,4,4,5],"texture":"#1"}}},{"from":[3,3,3],"to":[4,5,4],"faces":{"north":{"uv":[9,3,10,5],"texture":"#1"},"east":{"uv":[9,3,10,5],"texture":"#1"},"south":{"uv":[9,3,10,5],"texture":"#1"},"west":{"uv":[9,3,10,5],"texture":"#1"},"down":{"uv":[10,3,9,4],"texture":"#1"}}},{"from":[12,3,3],"to":[13,5,4],"faces":{"north":{"uv":[0,3,1,5],"texture":"#1"},"east":{"uv":[0,3,1,5],"texture":"#1"},"south":{"uv":[0,3,1,5],"texture":"#1"},"west":{"uv":[0,3,1,5],"texture":"#1"},"down":{"uv":[1,3,0,4],"texture":"#1"}}},{"from":[3,5,3],"to":[13,6,4],"faces":{"north":{"uv":[0,2,10,3],"texture":"#1"},"east":{"uv":[0,2,1,3],"texture":"#1"},"south":{"uv":[0,2,10,3],"texture":"#1"},"west":{"uv":[9,2,10,3],"texture":"#1"},"up":{"uv":[10,3,0,2],"texture":"#1"},"down":{"uv":[10,2,0,3],"texture":"#1"}}},{"from":[3,4,4],"to":[3,5,5],"faces":{"east":{"uv":[0,8,1,9],"texture":"#1"},"south":{"uv":[0,0,0,1],"texture":"#1"},"west":{"uv":[0,8,1,9],"texture":"#1"},"down":{"uv":[0,0,0,1],"texture":"#1"}}},{"from":[13,4,4],"to":[13,5,5],"faces":{"east":{"uv":[0,8,1,9],"texture":"#1"},"south":{"uv":[0,0,0,1],"texture":"#1"},"west":{"uv":[0,8,1,9],"texture":"#1"},"down":{"uv":[0,0,0,1],"texture":"#1"}}},{"from":[3,5,4],"to":[3,6,11],"faces":{"east":{"uv":[1,7,8,8],"texture":"#1"},"south":{"uv":[0,0,0,1],"texture":"#1"},"west":{"uv":[1,7,8,8],"texture":"#1"},"up":{"uv":[0,7,0,0],"texture":"#1"},"down":{"uv":[0,0,0,7],"texture":"#1"}}},{"from":[13,5,4],"to":[13,6,11],"faces":{"east":{"uv":[1,7,8,8],"texture":"#1"},"south":{"uv":[0,0,0,1],"texture":"#1"},"west":{"uv":[1,7,8,8],"texture":"#1"},"up":{"uv":[0,7,0,0],"texture":"#1"},"down":{"uv":[0,0,0,7],"texture":"#1"}}},{"from":[3,4,10],"to":[3,5,11],"faces":{"north":{"uv":[0,0,0,1],"texture":"#1"},"east":{"uv":[7,8,8,9],"texture":"#1"},"south":{"uv":[0,0,0,1],"texture":"#1"},"west":{"uv":[7,8,8,9],"texture":"#1"},"down":{"uv":[0,0,0,1],"texture":"#1"}}},{"from":[13,4,10],"to":[13,5,11],"faces":{"north":{"uv":[0,0,0,1],"texture":"#1"},"east":{"uv":[7,8,8,9],"texture":"#1"},"south":{"uv":[0,0,0,1],"texture":"#1"},"west":{"uv":[7,8,8,9],"texture":"#1"},"down":{"uv":[0,0,0,1],"texture":"#1"}}},{"from":[4,2,3],"to":[7,3,4],"faces":{"north":{"uv":[6,5,9,6],"texture":"#1"},"east":{"uv":[6,5,7,6],"texture":"#1"},"south":{"uv":[6,5,9,6],"texture":"#1"},"west":{"uv":[8,5,9,6],"texture":"#1"},"up":{"uv":[9,6,6,5],"texture":"#1"},"down":{"uv":[9,5,6,6],"texture":"#1"}}},{"from":[9,2,3],"to":[12,3,4],"faces":{"north":{"uv":[1,5,4,6],"texture":"#1"},"east":{"uv":[1,5,2,6],"texture":"#1"},"south":{"uv":[1,5,4,6],"texture":"#1"},"west":{"uv":[3,5,4,6],"texture":"#1"},"up":{"uv":[4,6,1,5],"texture":"#1"},"down":{"uv":[4,5,1,6],"texture":"#1"}}},{"from":[4,3,3.4688],"to":[12,5,3.4788],"faces":{"north":{"uv":[0,0,8,2],"texture":"#1"},"south":{"uv":[8,0,0,2],"texture":"#1"}}}]}