{"textures":{"1":"custom/hats/antler_hat"},"elements":[{"from":[3.50736,12.62132,10.12132],"to":[4.50736,15.62132,11.12132],"rotation":{"angle":-22.5,"axis":"z","origin":[2.75736,15.87132,8.37132]},"faces":{"north":{"uv":[9,9,10,12],"texture":"#1"},"east":{"uv":[8,9,9,12],"texture":"#1"},"south":{"uv":[11,9,12,12],"texture":"#1"},"west":{"uv":[10,9,11,12],"texture":"#1"},"up":{"uv":[10,9,9,8],"texture":"#1"},"down":{"uv":[11,8,10,9],"texture":"#1"}}},{"from":[2,6,7],"to":[6,8,9],"rotation":{"angle":-45,"axis":"z","origin":[6,8,8]},"faces":{"north":{"uv":[2,2,6,4],"texture":"#1"},"east":{"uv":[0,2,2,4],"texture":"#1"},"south":{"uv":[8,2,12,4],"texture":"#1"},"west":{"uv":[6,2,8,4],"texture":"#1"},"up":{"uv":[6,2,2,0],"texture":"#1"},"down":{"uv":[10,0,6,2],"texture":"#1"}}},{"from":[-1,6.5,7],"to":[2,7.5,8],"rotation":{"angle":-45,"axis":"z","origin":[6,8,8]},"faces":{"north":{"uv":[7,5,10,6],"texture":"#1"},"east":{"uv":[6,5,7,6],"texture":"#1"},"south":{"uv":[11,5,14,6],"texture":"#1"},"west":{"uv":[10,5,11,6],"texture":"#1"},"up":{"uv":[10,5,7,4],"texture":"#1"},"down":{"uv":[13,4,10,5],"texture":"#1"}}},{"from":[4.79289,7.91421,6.75],"to":[5.79289,9.91421,7.75],"rotation":{"angle":-45,"axis":"z","origin":[5.29289,9.41421,7.5]},"faces":{"north":{"uv":[1,12,2,14],"texture":"#1"},"east":{"uv":[0,12,1,14],"texture":"#1"},"south":{"uv":[3,12,4,14],"texture":"#1"},"west":{"uv":[2,12,3,14],"texture":"#1"},"up":{"uv":[2,12,1,11],"texture":"#1"},"down":{"uv":[3,11,2,12],"texture":"#1"}}},{"from":[2.00736,8.87132,7.62132],"to":[3.50736,13.37132,9.12132],"rotation":{"angle":45,"axis":"x","origin":[2.75736,10.12132,9.12132]},"faces":{"north":{"uv":[2,6,4,11],"texture":"#1"},"east":{"uv":[0,6,2,11],"texture":"#1"},"south":{"uv":[6,6,8,11],"texture":"#1"},"west":{"uv":[4,6,6,11],"texture":"#1"},"up":{"uv":[4,6,2,4],"texture":"#1"},"down":{"uv":[6,4,4,6],"texture":"#1"}}},{"from":[11.49264,12.62132,10.12132],"to":[12.49264,15.62132,11.12132],"shade":false,"rotation":{"angle":22.5,"axis":"z","origin":[13.24264,15.87132,8.37132]},"faces":{"north":{"uv":[10,9,9,12],"texture":"#1"},"east":{"uv":[11,9,10,12],"texture":"#1"},"south":{"uv":[12,9,11,12],"texture":"#1"},"west":{"uv":[9,9,8,12],"texture":"#1"},"up":{"uv":[9,9,10,8],"texture":"#1"},"down":{"uv":[10,8,11,9],"texture":"#1"}}},{"from":[10,6,7],"to":[14,8,9],"shade":false,"rotation":{"angle":45,"axis":"z","origin":[10,8,8]},"faces":{"north":{"uv":[6,2,2,4],"texture":"#1"},"east":{"uv":[8,2,6,4],"texture":"#1"},"south":{"uv":[12,2,8,4],"texture":"#1"},"west":{"uv":[2,2,0,4],"texture":"#1"},"up":{"uv":[2,2,6,0],"texture":"#1"},"down":{"uv":[6,0,10,2],"texture":"#1"}}},{"from":[14,6.5,7],"to":[17,7.5,8],"shade":false,"rotation":{"angle":45,"axis":"z","origin":[10,8,8]},"faces":{"north":{"uv":[10,5,7,6],"texture":"#1"},"east":{"uv":[11,5,10,6],"texture":"#1"},"south":{"uv":[14,5,11,6],"texture":"#1"},"west":{"uv":[7,5,6,6],"texture":"#1"},"up":{"uv":[7,5,10,4],"texture":"#1"},"down":{"uv":[10,4,13,5],"texture":"#1"}}},{"from":[10.20711,7.91421,6.75],"to":[11.20711,9.91421,7.75],"shade":false,"rotation":{"angle":45,"axis":"z","origin":[10.70711,9.41421,7.5]},"faces":{"north":{"uv":[2,12,1,14],"texture":"#1"},"east":{"uv":[3,12,2,14],"texture":"#1"},"south":{"uv":[4,12,3,14],"texture":"#1"},"west":{"uv":[1,12,0,14],"texture":"#1"},"up":{"uv":[1,12,2,11],"texture":"#1"},"down":{"uv":[2,11,3,12],"texture":"#1"}}},{"from":[12.49264,8.87132,7.62132],"to":[13.99264,13.37132,9.12132],"shade":false,"rotation":{"angle":45,"axis":"x","origin":[13.24264,10.12132,9.12132]},"faces":{"north":{"uv":[4,6,2,11],"texture":"#1"},"east":{"uv":[6,6,4,11],"texture":"#1"},"south":{"uv":[8,6,6,11],"texture":"#1"},"west":{"uv":[2,6,0,11],"texture":"#1"},"up":{"uv":[2,6,4,4],"texture":"#1"},"down":{"uv":[4,4,6,6],"texture":"#1"}}}],"display":{"thirdperson_righthand":{"rotation":[20.5,0,0],"translation":[0,-0.25,0],"scale":[0.55,0.55,0.55]},"thirdperson_lefthand":{"rotation":[20.5,0,0],"translation":[0,-0.25,0],"scale":[0.55,0.55,0.55]},"firstperson_righthand":{"rotation":[-34.5,0,0],"translation":[0,2,3],"scale":[0.4,0.4,0.4]},"firstperson_lefthand":{"rotation":[-34.5,0,0],"translation":[0,2,3],"scale":[0.4,0.4,0.4]},"ground":{"translation":[0,-1,0]},"gui":{"rotation":[25,-150,0],"translation":[0,-2.5,0]},"head":{"rotation":[-25,0,0],"translation":[0,5,0],"scale":[1.6,1.6,1.6]},"fixed":{"rotation":[-21,0,0],"translation":[0,-6,-2],"scale":[2,2,2]}}}