{"texture_size":[64,64],"textures":{"0":"custom/hats/black_fedora","particle":"custom/hats/black_fedora"},"elements":[{"from":[3,1,3],"to":[13,5,13],"faces":{"north":{"uv":[3.008,5.008,5.492,5.992],"texture":"#0"},"east":{"uv":[5.508,0.008,7.992,0.992],"texture":"#0"},"south":{"uv":[5.508,1.008,7.992,1.992],"texture":"#0"},"west":{"uv":[5.508,2.008,7.992,2.992],"texture":"#0"},"up":{"uv":[5.492,2.492,3.008,0.008],"texture":"#0"},"down":{"uv":[5.5,2.5,3,5],"texture":"#0"}}},{"from":[2,0,2],"to":[14,1,14],"faces":{"north":{"uv":[5.508,3.008,8.492,3.242],"texture":"#0"},"east":{"uv":[5.508,3.258,8.492,3.492],"texture":"#0"},"south":{"uv":[5.508,3.508,8.492,3.742],"texture":"#0"},"west":{"uv":[5.508,3.758,8.492,3.992],"texture":"#0"},"up":{"uv":[2.992,2.992,0.008,0.008],"texture":"#0"},"down":{"uv":[2.992,3.008,0.008,5.992],"texture":"#0"}}}],"gui_light":"front","display":{"thirdperson_righthand":{"translation":[0,4,0],"scale":[0.5,0.5,0.5]},"thirdperson_lefthand":{"translation":[0,4,0],"scale":[0.5,0.5,0.5]},"ground":{"translation":[0,2.25,0],"scale":[0.75,0.75,0.75]},"gui":{"rotation":[25,-150,0],"translation":[0,3.75,0],"scale":[0.8,0.8,0.8]},"head":{"rotation":[8,0,0],"translation":[0,15,1.25],"scale":[1.5,1.5,1.5]},"fixed":{"rotation":[-90,0,0],"translation":[0,0,-7.75]}}}