{"textures":{"0":"custom/hats/cat_ears"},"elements":[{"from":[4,8,6],"to":[7,9,7],"faces":{"north":{"uv":[0,0,3,1],"texture":"#0"},"east":{"uv":[0,6,1,7],"texture":"#0"},"south":{"uv":[0,1,3,2],"texture":"#0"},"west":{"uv":[6,0,7,1],"texture":"#0"},"up":{"uv":[3,3,0,2],"texture":"#0"},"down":{"uv":[0,0,0,0],"texture":"#0"}}},{"from":[4.5,9,6],"to":[6.5,10,7],"faces":{"north":{"uv":[0,0,3,1],"texture":"#0"},"east":{"uv":[1,6,2,7],"texture":"#0"},"south":{"uv":[3,3,5,4],"texture":"#0"},"west":{"uv":[6,1,7,2],"texture":"#0"},"up":{"uv":[2,5,0,4],"texture":"#0"},"down":{"uv":[0,0,0,0],"texture":"#0"}}},{"from":[4.5,8,7],"to":[6.5,9,8],"faces":{"north":{"uv":[0,0,0,0],"texture":"#0"},"east":{"uv":[7,3,8,4],"texture":"#0"},"south":{"uv":[2,5,4,6],"texture":"#0"},"west":{"uv":[4,7,5,8],"texture":"#0"},"up":{"uv":[7,3,5,2],"texture":"#0"},"down":{"uv":[0,0,0,0],"texture":"#0"}}},{"from":[5,10,6],"to":[6,11,7],"faces":{"north":{"uv":[2,6,3,7],"texture":"#0"},"east":{"uv":[3,6,4,7],"texture":"#0"},"south":{"uv":[4,6,5,7],"texture":"#0"},"west":{"uv":[6,4,7,5],"texture":"#0"},"up":{"uv":[6,7,5,6],"texture":"#0"},"down":{"uv":[0,0,0,0],"texture":"#0"}}},{"from":[5,9,7],"to":[6,10,8],"faces":{"north":{"uv":[0,0,0,0],"texture":"#0"},"east":{"uv":[7,4,8,5],"texture":"#0"},"south":{"uv":[5,7,6,8],"texture":"#0"},"west":{"uv":[7,5,8,6],"texture":"#0"},"up":{"uv":[7,8,6,7],"texture":"#0"},"down":{"uv":[0,0,0,0],"texture":"#0"}}},{"from":[5,8,8],"to":[6,9,9],"faces":{"north":{"uv":[0,0,0,0],"texture":"#0"},"east":{"uv":[2,8,3,9],"texture":"#0"},"south":{"uv":[8,2,9,3],"texture":"#0"},"west":{"uv":[3,8,4,9],"texture":"#0"},"up":{"uv":[9,4,8,3],"texture":"#0"},"down":{"uv":[0,0,0,0],"texture":"#0"}}},{"from":[10,8,8],"to":[11,9,9],"faces":{"north":{"uv":[0,0,0,0],"texture":"#0"},"east":{"uv":[4,8,5,9],"texture":"#0"},"south":{"uv":[8,4,9,5],"texture":"#0"},"west":{"uv":[5,8,6,9],"texture":"#0"},"up":{"uv":[9,6,8,5],"texture":"#0"},"down":{"uv":[0,0,0,0],"texture":"#0"}}},{"from":[9.5,8,7],"to":[11.5,9,8],"faces":{"north":{"uv":[0,0,0,0],"texture":"#0"},"east":{"uv":[1,8,2,9],"texture":"#0"},"south":{"uv":[5,3,7,4],"texture":"#0"},"west":{"uv":[8,1,9,2],"texture":"#0"},"up":{"uv":[6,6,4,5],"texture":"#0"},"down":{"uv":[0,0,0,0],"texture":"#0"}}},{"from":[10,9,7],"to":[11,10,8],"faces":{"north":{"uv":[0,0,0,0],"texture":"#0"},"east":{"uv":[7,6,8,7],"texture":"#0"},"south":{"uv":[7,7,8,8],"texture":"#0"},"west":{"uv":[0,8,1,9],"texture":"#0"},"up":{"uv":[9,1,8,0],"texture":"#0"},"down":{"uv":[0,0,0,0],"texture":"#0"}}},{"from":[9,8,6],"to":[12,9,7],"rotation":{"angle":0,"axis":"y","origin":[16,0,0]},"faces":{"north":{"uv":[0,3,3,4],"texture":"#0"},"east":{"uv":[7,2,8,3],"texture":"#0"},"south":{"uv":[3,0,6,1],"texture":"#0"},"west":{"uv":[3,7,4,8],"texture":"#0"},"up":{"uv":[6,2,3,1],"texture":"#0"},"down":{"uv":[0,0,0,0],"texture":"#0"}}},{"from":[9.5,9,6],"to":[11.5,10,7],"rotation":{"angle":0,"axis":"y","origin":[16,0,0]},"faces":{"north":{"uv":[0,3,3,4],"texture":"#0"},"east":{"uv":[7,1,8,2],"texture":"#0"},"south":{"uv":[4,4,6,5],"texture":"#0"},"west":{"uv":[2,7,3,8],"texture":"#0"},"up":{"uv":[2,6,0,5],"texture":"#0"},"down":{"uv":[0,0,0,0],"texture":"#0"}}},{"from":[10,10,6],"to":[11,11,7],"rotation":{"angle":0,"axis":"y","origin":[16,0,0]},"faces":{"north":{"uv":[6,5,7,6],"texture":"#0"},"east":{"uv":[6,6,7,7],"texture":"#0"},"south":{"uv":[0,7,1,8],"texture":"#0"},"west":{"uv":[7,0,8,1],"texture":"#0"},"up":{"uv":[2,8,1,7],"texture":"#0"},"down":{"uv":[0,0,0,0],"texture":"#0"}}}],"gui_light":"front","display":{"thirdperson_righthand":{"scale":[0.5,0.5,0.5]},"thirdperson_lefthand":{"scale":[0.5,0.5,0.5]},"firstperson_righthand":{"scale":[0,0,0]},"ground":{"translation":[0,-3,0]},"gui":{"rotation":[25,-150,0],"translation":[0,-1.5,0],"scale":[1.5,1.5,1.5]},"head":{"translation":[0,6.25,0],"scale":[1.75,1.75,1.75]},"fixed":{"translation":[0,-1.25,1.5],"scale":[1.5,1.5,1.5]}}}