{"texture_size":[64,64],"textures":{"0":"custom/hats/graduation_cap"},"elements":[{"from":[3,0,3],"to":[13,3,13],"rotation":{"angle":0,"axis":"y","origin":[4,6,4]},"faces":{"north":{"uv":[3.758,5.008,6.242,5.742],"texture":"#0"},"east":{"uv":[3.758,5.758,6.242,6.492],"texture":"#0"},"south":{"uv":[6.258,0.008,8.742,0.742],"texture":"#0"},"west":{"uv":[6.258,0.758,8.742,1.492],"texture":"#0"},"up":{"uv":[6.242,2.492,3.758,0.008],"texture":"#0"},"down":{"uv":[6.242,2.508,3.758,4.992],"texture":"#0"}}},{"from":[0.70711,3,0],"to":[15.70711,4,15],"rotation":{"angle":45,"axis":"y","origin":[8.70711,8,8]},"faces":{"north":{"uv":[6.258,1.508,9.992,1.742],"texture":"#0"},"east":{"uv":[6.258,1.758,9.992,1.992],"texture":"#0"},"south":{"uv":[6.258,2.008,9.992,2.242],"texture":"#0"},"west":{"uv":[6.258,2.258,9.992,2.492],"texture":"#0"},"up":{"uv":[3.742,3.742,0.008,0.008],"texture":"#0"},"down":{"uv":[3.742,3.758,0.008,7.492],"texture":"#0"}}},{"from":[7.5,3.5,7.5],"to":[8.5,4.5,8.5],"rotation":{"angle":0,"axis":"y","origin":[8.5,11.5,7.5]},"faces":{"north":{"uv":[6.508,4.258,6.742,4.492],"texture":"#0"},"east":{"uv":[4.508,6.508,4.742,6.742],"texture":"#0"},"south":{"uv":[6.508,4.508,6.742,4.742],"texture":"#0"},"west":{"uv":[4.758,6.508,4.992,6.742],"texture":"#0"},"up":{"uv":[6.742,4.992,6.508,4.758],"texture":"#0"},"down":{"uv":[5.242,6.508,5.008,6.742],"texture":"#0"}}},{"from":[4.5,3.5,6.5],"to":[7.5,4.5,7.5],"rotation":{"angle":0,"axis":"y","origin":[7.5,7.5,7.5]},"faces":{"north":{"uv":[6.508,2.508,7.242,2.742],"texture":"#0"},"east":{"uv":[6.508,5.008,6.742,5.242],"texture":"#0"},"south":{"uv":[6.508,2.758,7.242,2.992],"texture":"#0"},"west":{"uv":[5.258,6.508,5.492,6.742],"texture":"#0"},"up":{"uv":[7.242,3.242,6.508,3.008],"texture":"#0"},"down":{"uv":[7.242,3.258,6.508,3.492],"texture":"#0"}}},{"from":[1.5,3.5,5.5],"to":[4.5,4.5,6.5],"rotation":{"angle":0,"axis":"y","origin":[7.5,7.5,7.5]},"faces":{"north":{"uv":[6.508,3.508,7.242,3.742],"texture":"#0"},"east":{"uv":[6.508,5.258,6.742,5.492],"texture":"#0"},"south":{"uv":[3.758,6.508,4.492,6.742],"texture":"#0"},"west":{"uv":[5.508,6.508,5.742,6.742],"texture":"#0"},"up":{"uv":[7.242,3.992,6.508,3.758],"texture":"#0"},"down":{"uv":[7.242,4.008,6.508,4.242],"texture":"#0"}}},{"from":[0.5,-0.5,4.5],"to":[1.5,4.5,5.5],"rotation":{"angle":0,"axis":"y","origin":[7.5,7.5,7.5]},"faces":{"north":{"uv":[6.258,2.508,6.492,3.742],"texture":"#0"},"east":{"uv":[6.258,3.758,6.492,4.992],"texture":"#0"},"south":{"uv":[6.258,5.008,6.492,6.242],"texture":"#0"},"west":{"uv":[6.258,6.258,6.492,7.492],"texture":"#0"},"up":{"uv":[6.742,5.742,6.508,5.508],"texture":"#0"},"down":{"uv":[5.992,6.508,5.758,6.742],"texture":"#0"}}}],"gui_light":"front","display":{"thirdperson_righthand":{"translation":[0,4,0],"scale":[0.5,0.5,0.5]},"thirdperson_lefthand":{"translation":[0,4,0],"scale":[0.5,0.5,0.5]},"ground":{"translation":[0,2.75,0],"scale":[0.75,0.75,0.75]},"gui":{"rotation":[25,-150,0],"translation":[0,3,0],"scale":[0.65,0.65,0.65]},"head":{"rotation":[8,0,0],"translation":[0,15.5,1.5],"scale":[1.5,1.5,1.5]},"fixed":{"rotation":[-90,0,0],"translation":[0,0,-8]}}}