{"textures":{"0":"custom/hats/jellyfish_hat","particle":"custom/hats/jellyfish_hat"},"elements":[{"from":[0,2,0],"to":[16,8,16],"faces":{"north":{"uv":[0,0,7,4],"texture":"#0"},"east":{"uv":[0,4,7,8],"texture":"#0"},"south":{"uv":[9,0,16,4],"texture":"#0"},"west":{"uv":[0,4,7,8],"texture":"#0"},"up":{"uv":[0,9,7,16],"texture":"#0"},"down":{"uv":[0,0,16,16],"texture":"#0"}}},{"from":[-0.5,4,-1],"to":[3.5,7,3],"faces":{"north":{"uv":[12,4,16,7],"texture":"#0"},"east":{"uv":[8,4,12,7],"texture":"#0"},"south":{"uv":[8,4,12,7],"texture":"#0"},"west":{"uv":[8,4,12,7],"texture":"#0"},"up":{"uv":[8,4,12,7],"texture":"#0"},"down":{"uv":[8,4,12,7],"texture":"#0"}}},{"from":[12.5,4,-1],"to":[16.5,7,3],"faces":{"north":{"uv":[12,4,16,7],"texture":"#0"},"east":{"uv":[8,4,12,7],"texture":"#0"},"south":{"uv":[8,4,12,7],"texture":"#0"},"west":{"uv":[8,4,12,7],"texture":"#0"},"up":{"uv":[8,4,12,7],"texture":"#0"},"down":{"uv":[8,4,12,7],"texture":"#0"}}},{"from":[-0.4,0,-0.5],"to":[16.5,2,16.5],"faces":{"north":{"uv":[0,2,6,4],"texture":"#0"},"east":{"uv":[0,0,1,1],"texture":"#0"},"south":{"uv":[0,0,1,1],"texture":"#0"},"west":{"uv":[0,0,2,1],"texture":"#0"},"up":{"uv":[9,2,15,4],"texture":"#0"},"down":{"uv":[0,0,1,1],"texture":"#0"}}},{"from":[-0.35,-3,7],"to":[0.35,1,8],"faces":{"north":{"uv":[14,12,14.7,16],"texture":"#0"},"east":{"uv":[11,12,12,16],"texture":"#0"},"south":{"uv":[15,12,15.7,16],"texture":"#0"},"west":{"uv":[10,12,11,16],"texture":"#0"},"up":{"uv":[12,14,12.7,15],"texture":"#0"},"down":{"uv":[13,13,13.7,14],"texture":"#0"}}},{"from":[-0.35,-8,7],"to":[0.35,-7,9],"faces":{"north":{"uv":[9,14,10.7,15],"rotation":180,"texture":"#0"},"east":{"uv":[13,13,14,15],"rotation":90,"texture":"#0"},"south":{"uv":[15,12,15.7,13],"texture":"#0"},"west":{"uv":[12,14,13,16],"rotation":270,"texture":"#0"},"up":{"uv":[12,12,12.7,14],"texture":"#0"},"down":{"uv":[11,12,11.7,14],"rotation":180,"texture":"#0"}}},{"from":[-0.35,-6,9],"to":[0.35,-2,10],"faces":{"north":{"uv":[11,12,11.7,16],"texture":"#0"},"east":{"uv":[13,12,14,16],"texture":"#0"},"south":{"uv":[15,12,15.7,16],"texture":"#0"},"west":{"uv":[14,12,15,16],"texture":"#0"},"up":{"uv":[9,12,9.7,13],"texture":"#0"},"down":{"uv":[12,12,12.7,13],"texture":"#0"}}},{"from":[-0.35,-6,7],"to":[0.35,-5,9],"faces":{"north":{"uv":[13,12,14.7,13],"rotation":180,"texture":"#0"},"east":{"uv":[15,12,16,14],"rotation":90,"texture":"#0"},"south":{"uv":[12,12,12.7,13],"texture":"#0"},"west":{"uv":[15,14,16,16],"rotation":270,"texture":"#0"},"up":{"uv":[14,14,14.7,16],"texture":"#0"},"down":{"uv":[13,14,13.7,16],"rotation":180,"texture":"#0"}}},{"from":[-0.35,-3,8],"to":[0.35,-2,9],"faces":{"north":{"uv":[13,12,14.7,13],"rotation":180,"texture":"#0"},"east":{"uv":[14,13,15,14],"rotation":270,"texture":"#0"},"south":{"uv":[15,14,15.7,15],"texture":"#0"},"west":{"uv":[13,13,14,14],"rotation":90,"texture":"#0"},"up":{"uv":[13,15,14.7,16],"rotation":180,"texture":"#0"},"down":{"uv":[15.3,12,16,13],"texture":"#0"}}},{"from":[-0.35,-7,7],"to":[0.35,-6,8],"faces":{"north":{"uv":[11,15,12.7,16],"rotation":180,"texture":"#0"},"east":{"uv":[11,13,12,14],"rotation":270,"texture":"#0"},"south":{"uv":[13,14,13.7,15],"texture":"#0"},"west":{"uv":[15,14,16,15],"rotation":90,"texture":"#0"},"up":{"uv":[12,12,13.7,13],"rotation":180,"texture":"#0"},"down":{"uv":[15,12,15.7,13],"texture":"#0"}}},{"from":[-0.25,-4,3],"to":[0.35,0,4],"faces":{"north":{"uv":[12.1,15,16,16],"rotation":180,"texture":"#0"},"east":{"uv":[12,15,16,16],"rotation":270,"texture":"#0"},"south":{"uv":[12.2,15,16,15.9],"texture":"#0"},"west":{"uv":[12,15,16,16],"rotation":90,"texture":"#0"},"up":{"uv":[12.4,15,16,16],"rotation":180,"texture":"#0"},"down":{"uv":[15,15,15.6,16],"texture":"#0"}}},{"from":[-0.25,-9,3],"to":[0.35,-5,4],"faces":{"north":{"uv":[12.4,15,16,16],"rotation":180,"texture":"#0"},"east":{"uv":[13,15,16,16],"rotation":270,"texture":"#0"},"south":{"uv":[11,12,11.6,16],"texture":"#0"},"west":{"uv":[12,14,16,15],"rotation":90,"texture":"#0"},"up":{"uv":[13,12,14.6,13],"rotation":180,"texture":"#0"},"down":{"uv":[15.4,15,16,16],"texture":"#0"}}},{"from":[-0.25,-6,2],"to":[0.35,-3,3],"faces":{"north":{"uv":[11,13,11.6,16],"rotation":180,"texture":"#0"},"east":{"uv":[12,13,15,14],"rotation":270,"texture":"#0"},"south":{"uv":[15,13,15.6,16],"texture":"#0"},"west":{"uv":[13,12,16,13],"rotation":90,"texture":"#0"},"up":{"uv":[11,12,12.6,13],"rotation":180,"texture":"#0"},"down":{"uv":[9,12,9.6,13],"texture":"#0"}}},{"from":[-0.25,-9,2],"to":[0.35,-8,3],"faces":{"north":{"uv":[14,12,15.6,13],"rotation":180,"texture":"#0"},"east":{"uv":[12,12,13,13],"rotation":270,"texture":"#0"},"south":{"uv":[15,14,15.6,15],"texture":"#0"},"west":{"uv":[13,13,14,14],"rotation":90,"texture":"#0"},"up":{"uv":[10,12,11.6,13],"rotation":180,"texture":"#0"},"down":{"uv":[12,14,12.6,15],"texture":"#0"}}},{"from":[15.65,-3,13],"to":[16.35,1,14],"faces":{"north":{"uv":[11,12,11.7,16],"texture":"#0"},"east":{"uv":[13,12,14,16],"texture":"#0"},"south":{"uv":[14,12,14.7,16],"texture":"#0"},"west":{"uv":[15,12,16,16],"texture":"#0"},"up":{"uv":[12,12,13,12.7],"rotation":270,"texture":"#0"},"down":{"uv":[9,12,10.7,13],"rotation":180,"texture":"#0"}}},{"from":[15.65,-8,12],"to":[16.35,-7,14],"faces":{"north":{"uv":[9,12,9.7,13],"texture":"#0"},"east":{"uv":[10,12,11,14],"rotation":270,"texture":"#0"},"south":{"uv":[11,13,12.7,14],"rotation":180,"texture":"#0"},"west":{"uv":[15,12,16,14],"rotation":90,"texture":"#0"},"up":{"uv":[14,14,14.7,16],"rotation":180,"texture":"#0"},"down":{"uv":[9,14,9.7,16],"texture":"#0"}}},{"from":[15.65,-6,11],"to":[16.35,-2,12],"faces":{"north":{"uv":[13,12,13.7,16],"texture":"#0"},"east":{"uv":[11,12,13,16],"texture":"#0"},"south":{"uv":[10,12,11.7,16],"texture":"#0"},"west":{"uv":[9,12,11,16],"texture":"#0"},"up":{"uv":[14,15,15.7,16],"rotation":180,"texture":"#0"},"down":{"uv":[14,12,16,13],"rotation":180,"texture":"#0"}}},{"from":[15.65,-6,12],"to":[16.35,-5,14],"faces":{"north":{"uv":[13,15,13.7,16],"texture":"#0"},"east":{"uv":[9,13,10,15],"rotation":270,"texture":"#0"},"south":{"uv":[12,13,13.7,14],"rotation":180,"texture":"#0"},"west":{"uv":[10,11,11,13],"rotation":90,"texture":"#0"},"up":{"uv":[15,12,15.7,14],"rotation":180,"texture":"#0"},"down":{"uv":[11,13,11.7,15],"texture":"#0"}}},{"from":[15.65,-3,12],"to":[16.35,-2,13],"faces":{"north":{"uv":[9,14,9.7,15],"texture":"#0"},"east":{"uv":[15,13,16,14],"rotation":90,"texture":"#0"},"south":{"uv":[14,12,15.7,13],"rotation":180,"texture":"#0"},"west":{"uv":[12,12,13,13],"rotation":270,"texture":"#0"},"up":{"uv":[11,12,11.7,13],"texture":"#0"},"down":{"uv":[9,12,10.7,13],"rotation":180,"texture":"#0"}}},{"from":[15.65,-7,13],"to":[16.35,-6,14],"faces":{"north":{"uv":[9,12,9.7,13],"texture":"#0"},"east":{"uv":[11,12,12,13],"rotation":90,"texture":"#0"},"south":{"uv":[13,12,13.7,13],"rotation":180,"texture":"#0"},"west":{"uv":[15,12,16,13],"rotation":270,"texture":"#0"},"up":{"uv":[15,14,15.7,15],"texture":"#0"},"down":{"uv":[11,14,11.7,15],"rotation":180,"texture":"#0"}}},{"from":[15.65,-3,1],"to":[16.35,1,2],"faces":{"north":{"uv":[12,12,12.7,16],"texture":"#0"},"east":{"uv":[10,12,11,16],"texture":"#0"},"south":{"uv":[9,12,9.7,16],"texture":"#0"},"west":{"uv":[14,12,15,16],"texture":"#0"},"up":{"uv":[13,12,13.7,13],"texture":"#0"},"down":{"uv":[15,12,15.7,13],"texture":"#0"}}},{"from":[15.65,-8,1],"to":[16.35,-7,3],"faces":{"north":{"uv":[15,12,15.7,13],"rotation":180,"texture":"#0"},"east":{"uv":[9,11.4,10,13.4],"rotation":90,"texture":"#0"},"south":{"uv":[11,12,11.7,13],"texture":"#0"},"west":{"uv":[10,14,11,16],"rotation":270,"texture":"#0"},"up":{"uv":[13,11,13.7,13],"texture":"#0"},"down":{"uv":[14,14,14.7,16],"rotation":180,"texture":"#0"}}},{"from":[15.65,-6,3],"to":[16.35,-2,4],"faces":{"north":{"uv":[15,12,15.7,16],"texture":"#0"},"east":{"uv":[14,12,15,16],"texture":"#0"},"south":{"uv":[13,12,11.7,16],"texture":"#0"},"west":{"uv":[10,12,11,16],"texture":"#0"},"up":{"uv":[8.6,13.5,9.3,14.5],"texture":"#0"},"down":{"uv":[8.5,11.4,9.2,12.4],"texture":"#0"}}},{"from":[15.65,-6,1],"to":[16.35,-5,3],"faces":{"north":{"uv":[9,12,9.7,13],"rotation":180,"texture":"#0"},"east":{"uv":[9,14,10,16],"rotation":90,"texture":"#0"},"south":{"uv":[11,12,11.7,13],"texture":"#0"},"west":{"uv":[14,13,15,15],"rotation":270,"texture":"#0"},"up":{"uv":[13,13,13.7,15],"texture":"#0"},"down":{"uv":[15.3,12,16,14],"rotation":180,"texture":"#0"}}},{"from":[15.65,-3,2],"to":[16.35,-2,3],"faces":{"north":{"uv":[9.7,14.5,10.4,15.5],"rotation":180,"texture":"#0"},"east":{"uv":[8.4,13.1,9.4,14.1],"rotation":270,"texture":"#0"},"south":{"uv":[11.2,12.5,11.9,13.5],"texture":"#0"},"west":{"uv":[9.8,11.4,10.8,12.4],"rotation":90,"texture":"#0"},"up":{"uv":[10,13,10.7,14],"rotation":180,"texture":"#0"},"down":{"uv":[8.5,11.6,9.2,12.6],"texture":"#0"}}},{"from":[15.65,-7,1],"to":[16.35,-6,2],"faces":{"north":{"uv":[8.5,11.4,9.2,12.4],"rotation":180,"texture":"#0"},"east":{"uv":[8.9,12.7,9.9,13.7],"rotation":270,"texture":"#0"},"south":{"uv":[8.6,14.6,9.3,15.6],"texture":"#0"},"west":{"uv":[10.5,11.6,11.5,12.6],"rotation":90,"texture":"#0"},"up":{"uv":[10.2,13.8,10.9,14.8],"rotation":180,"texture":"#0"},"down":{"uv":[11.6,12.8,12.3,13.8],"texture":"#0"}}},{"from":[15.75,-4,8],"to":[16.35,0,9],"faces":{"north":{"uv":[14,12,14.6,16],"rotation":180,"texture":"#0"},"east":{"uv":[10,14,14,15],"rotation":270,"texture":"#0"},"south":{"uv":[15,12,15.6,16],"texture":"#0"},"west":{"uv":[10,15,14,16],"rotation":90,"texture":"#0"},"up":{"uv":[9,13,9.6,14],"rotation":180,"texture":"#0"},"down":{"uv":[8.5,11.5,9.1,12.5],"texture":"#0"}}},{"from":[15.75,-9,8],"to":[16.35,-5,9],"faces":{"north":{"uv":[8.4,12,9,16],"rotation":180,"texture":"#0"},"east":{"uv":[9.4,14.9,13.4,15.9],"rotation":270,"texture":"#0"},"south":{"uv":[12.2,12,12.8,16],"texture":"#0"},"west":{"uv":[9.2,11.3,13.2,12.3],"rotation":90,"texture":"#0"},"up":{"uv":[14.8,11.6,15.4,12.6],"rotation":180,"texture":"#0"},"down":{"uv":[13.8,13.4,14.4,14.4],"texture":"#0"}}},{"from":[15.75,-6,7],"to":[16.35,-3,8],"faces":{"north":{"uv":[14.9,11.8,15.5,14.8],"rotation":180,"texture":"#0"},"east":{"uv":[9.8,13,12.8,14],"rotation":270,"texture":"#0"},"south":{"uv":[8.7,12.7,9.3,15.7],"texture":"#0"},"west":{"uv":[11.5,11.7,14.5,12.7],"rotation":90,"texture":"#0"},"up":{"uv":[9.9,11.6,10.5,12.6],"rotation":180,"texture":"#0"},"down":{"uv":[8.5,11.5,9.1,12.5],"texture":"#0"}}},{"from":[15.75,-9,7],"to":[16.35,-8,8],"faces":{"north":{"uv":[8.4,11.6,9,12.6],"rotation":180,"texture":"#0"},"east":{"uv":[8.9,12.9,9.9,13.9],"rotation":270,"texture":"#0"},"south":{"uv":[9.6,11.6,10.2,12.6],"texture":"#0"},"west":{"uv":[9.1,14.4,10.1,15.4],"rotation":90,"texture":"#0"},"up":{"uv":[10.9,11.6,11.5,12.6],"rotation":180,"texture":"#0"},"down":{"uv":[10.7,13.4,11.3,14.4],"texture":"#0"}}},{"from":[-0.25,-2,15],"to":[0.35,0,16],"faces":{"north":{"uv":[10.9,12.9,11.5,14.9],"rotation":180,"texture":"#0"},"east":{"uv":[10.4,11.4,12.4,12.4],"rotation":270,"texture":"#0"},"south":{"uv":[8.6,14,9.2,16],"texture":"#0"},"west":{"uv":[8.5,12.7,10.5,13.7],"rotation":90,"texture":"#0"},"up":{"uv":[9.4,11.4,10,12.4],"rotation":180,"texture":"#0"},"down":{"uv":[8.5,11.4,9.1,12.4],"texture":"#0"}}},{"from":[-0.25,-3,14],"to":[0.35,-2,16],"faces":{"north":{"uv":[8.6,11.2,9.2,12.2],"rotation":180,"texture":"#0"},"east":{"uv":[8.5,12.6,9.5,14.6],"rotation":270,"texture":"#0"},"south":{"uv":[10,11.5,10.6,12.5],"texture":"#0"},"west":{"uv":[10.2,13.3,11.2,15.3],"rotation":90,"texture":"#0"},"up":{"uv":[11.6,11.4,12.2,13.4],"rotation":180,"texture":"#0"},"down":{"uv":[13.3,11.5,13.9,13.5],"texture":"#0"}}},{"from":[-0.25,-5,13],"to":[0.35,-2,14],"faces":{"north":{"uv":[9.7,12.6,10.3,15.6],"rotation":180,"texture":"#0"},"east":{"uv":[11.3,13.1,14.3,14.1],"rotation":270,"texture":"#0"},"south":{"uv":[15.1,11.5,15.7,14.5],"texture":"#0"},"west":{"uv":[11,11.6,14,12.6],"rotation":90,"texture":"#0"},"up":{"uv":[9.6,11.3,10.2,12.3],"rotation":180,"texture":"#0"},"down":{"uv":[8.6,11.8,9.2,12.8],"texture":"#0"}}},{"from":[-0.25,-9,15],"to":[0.35,-5,16],"faces":{"north":{"uv":[14.4,11.3,15,15.3],"rotation":180,"texture":"#0"},"east":{"uv":[8.8,13.9,12.8,14.9],"rotation":270,"texture":"#0"},"south":{"uv":[13.3,11.6,13.9,15.6],"texture":"#0"},"west":{"uv":[8.8,12.3,12.8,13.3],"rotation":90,"texture":"#0"},"up":{"uv":[15.1,14.4,15.7,15.4],"rotation":180,"texture":"#0"},"down":{"uv":[11.4,14.8,12,15.8],"texture":"#0"}}},{"from":[-0.25,-5,14],"to":[0.35,-4,16],"faces":{"north":{"uv":[14.4,12,15,13],"rotation":180,"texture":"#0"},"east":{"uv":[10.9,14,11.9,16],"rotation":270,"texture":"#0"},"south":{"uv":[12.8,12.1,13.4,13.1],"texture":"#0"},"west":{"uv":[11,11.5,12,13.5],"rotation":90,"texture":"#0"},"up":{"uv":[9.8,11.6,10.4,13.6],"rotation":180,"texture":"#0"},"down":{"uv":[8.6,11.6,9.2,13.6],"texture":"#0"}}},{"from":[-0.25,-9,14],"to":[0.35,-8,15],"faces":{"north":{"uv":[8.6,11.4,9.2,12.4],"rotation":180,"texture":"#0"},"east":{"uv":[10.1,11.4,11.1,12.4],"rotation":270,"texture":"#0"},"south":{"uv":[11.5,12.1,12.1,13.1],"texture":"#0"},"west":{"uv":[13.6,11.9,14.6,12.9],"rotation":90,"texture":"#0"},"up":{"uv":[8.9,13.5,9.5,14.5],"rotation":180,"texture":"#0"},"down":{"uv":[12.3,14.2,12.9,15.2],"texture":"#0"}}},{"from":[0.1,2,-0.2],"to":[4.7,3.2,0.8],"faces":{"north":{"uv":[11.4,7,16,8.2],"texture":"#0"},"east":{"uv":[15,9,16,10.2],"texture":"#0"},"south":{"uv":[11.4,9,16,10.2],"texture":"#0"},"west":{"uv":[15,8,16,9.2],"texture":"#0"},"up":{"uv":[11.4,8,16,9],"texture":"#0"},"down":{"uv":[11.4,9,16,10],"texture":"#0"}}},{"from":[11.3,2,-0.2],"to":[15.9,3.2,0.8],"faces":{"north":{"uv":[11.2,9,16,10.8],"texture":"#0"},"east":{"uv":[12,8,13,9.2],"texture":"#0"},"south":{"uv":[11.4,8,16,9.2],"texture":"#0"},"west":{"uv":[15,8,16,9.2],"texture":"#0"},"up":{"uv":[11.4,7.4,16,8.4],"texture":"#0"},"down":{"uv":[11.4,8.9,16,9.9],"texture":"#0"}}},{"from":[1,8,1],"to":[15,10,15],"faces":{"north":{"uv":[0,1,7,3],"texture":"#0"},"east":{"uv":[0,0,7,2],"texture":"#0"},"south":{"uv":[0,2,7,4],"texture":"#0"},"west":{"uv":[0,1,7,3],"texture":"#0"},"up":{"uv":[0,11,7,16],"texture":"#0"},"down":{"uv":[0,11,7,16],"texture":"#0"}}}],"gui_light":"front","display":{"thirdperson_righthand":{"rotation":[50,0,0],"scale":[0.35,0.35,0.35]},"thirdperson_lefthand":{"rotation":[50,0,0],"scale":[0.35,0.35,0.35]},"firstperson_righthand":{"translation":[0,1,0],"scale":[0.35,0.35,0.35]},"firstperson_lefthand":{"translation":[0,1,0],"scale":[0.35,0.35,0.35]},"ground":{"translation":[0,3.5,0],"scale":[0.4,0.4,0.4]},"gui":{"rotation":[25,-150,0],"translation":[0,3.75,0],"scale":[0.6,0.6,0.6]},"head":{"rotation":[4,0,0],"translation":[0,8.25,0.75],"scale":[0.91,0.92,0.99]},"fixed":{"translation":[0,6,1.25]}},"groups":[{"name":"group","origin":[0,0,0],"color":0,"children":[0,1,2,3]},{"name":"group","origin":[8,8,8],"color":0,"children":[4,5,6,7,8,9]},{"name":"group","origin":[8,8,8],"color":0,"children":[10,11,12,13]},{"name":"group","origin":[8,8,8],"color":0,"children":[14,15,16,17,18,19]},{"name":"group","origin":[8,8,8],"color":0,"children":[20,21,22,23,24,25]},{"name":"group","origin":[8,8,8],"color":0,"children":[26,27,28,29]},{"name":"group","origin":[8,8,8],"color":0,"children":[30,31,32,33,34,35]},{"name":"group","origin":[8,8,8],"color":0,"children":[36,37]},38]}