{"textures":{"0":"custom/hats/ninja_headband"},"elements":[{"from":[1,7,1],"to":[15.2,10.25,2.25],"faces":{"north":{"uv":[0,6,13.95,8],"texture":"#0"},"east":{"uv":[0,6,1.25,8],"texture":"#0"},"south":{"uv":[0,6,13.95,8],"texture":"#0"},"west":{"uv":[0,6,1.25,8],"texture":"#0"},"up":{"uv":[0,6,13.95,7],"texture":"#0"},"down":{"uv":[0,7,13.95,8],"texture":"#0"}}},{"from":[1,7,13.75],"to":[15.2,10.25,15],"faces":{"north":{"uv":[0,6,13.95,8],"texture":"#0"},"east":{"uv":[0,6,1.25,8],"texture":"#0"},"south":{"uv":[0,6,13.95,8],"texture":"#0"},"west":{"uv":[0,6,1.25,8],"texture":"#0"},"up":{"uv":[0,6,13.95,7],"texture":"#0"},"down":{"uv":[0,7,13.95,8],"texture":"#0"}}},{"from":[0.975,7.025,1.025],"to":[2.225,10.225,14.975],"rotation":{"angle":0,"axis":"y","origin":[8,1,6.875]},"faces":{"north":{"uv":[0,6,1.25,8],"texture":"#0"},"east":{"uv":[0,6,13.95,8],"texture":"#0"},"south":{"uv":[0,6,1.25,8],"texture":"#0"},"west":{"uv":[0,6,13.95,8],"texture":"#0"},"up":{"uv":[0,6,13.95,7],"texture":"#0"},"down":{"uv":[0,7,13.95,8],"texture":"#0"}}},{"from":[13.975,7.025,1.025],"to":[15.225,10.225,14.975],"rotation":{"angle":0,"axis":"y","origin":[8,1,6.875]},"faces":{"north":{"uv":[0,6,1.25,8],"texture":"#0"},"east":{"uv":[0,6,13.95,8],"texture":"#0"},"south":{"uv":[0,6,1.25,8],"texture":"#0"},"west":{"uv":[0,6,13.95,8],"texture":"#0"},"up":{"uv":[0,6,13.95,7],"texture":"#0"},"down":{"uv":[0,7,13.95,8],"texture":"#0"}}},{"from":[3.25,7.25,0.75],"to":[13,10.025,1.175],"faces":{"north":{"uv":[0,8,15,16],"texture":"#0"},"east":{"uv":[14.025,11.125,15.025,13.125],"texture":"#0"},"south":{"uv":[0,2,10,4],"texture":"#0"},"west":{"uv":[0,11,1,13.25],"texture":"#0"},"up":{"uv":[12.425,9,3,8],"texture":"#0"},"down":{"uv":[13,15,3,16],"texture":"#0"}}},{"from":[6.25,6.625,14],"to":[9,9.375,16],"rotation":{"angle":-45,"axis":"z","origin":[8,7.625,15]},"faces":{"north":{"uv":[4.75,7,5.75,8],"texture":"#0"},"east":{"uv":[6.75,6,7.75,8],"texture":"#0"},"south":{"uv":[0,6,2,8],"texture":"#0"},"west":{"uv":[5.75,6,6.75,8],"texture":"#0"},"up":{"uv":[2,6,4.75,7],"texture":"#0"},"down":{"uv":[2,7,4.75,8],"texture":"#0"}}},{"from":[5.575,-1,14.75],"to":[7.575,8,15.75],"rotation":{"angle":-22.5,"axis":"z","origin":[6,6,15]},"faces":{"north":{"uv":[0,7,1,8],"texture":"#0"},"east":{"uv":[0,7,1,8],"texture":"#0"},"south":{"uv":[0,7,1,8],"texture":"#0"},"west":{"uv":[0,7,1,8],"texture":"#0"},"up":{"uv":[0,7,1,8],"texture":"#0"},"down":{"uv":[0,7,1,8],"texture":"#0"}}},{"from":[8.425,-1,14.5],"to":[10.425,8,15.75],"rotation":{"angle":22.5,"axis":"z","origin":[10,6,15]},"faces":{"north":{"uv":[0,7,1,8],"texture":"#0"},"east":{"uv":[0,7,1,8],"texture":"#0"},"south":{"uv":[0,7,1,8],"texture":"#0"},"west":{"uv":[0,7,1,8],"texture":"#0"},"up":{"uv":[0,7,1,8],"texture":"#0"},"down":{"uv":[0,7,1,8],"texture":"#0"}}}],"display":{"thirdperson_righthand":{"rotation":[90,0,0],"translation":[0,0,0.5],"scale":[0.5,0.5,0.2]},"thirdperson_lefthand":{"rotation":[90,0,0],"translation":[0,0,0.5],"scale":[0.5,0.5,0.2]},"firstperson_righthand":{"rotation":[90,0,0],"scale":[1,1,0.35]},"firstperson_lefthand":{"rotation":[90,0,0],"scale":[1,1,0.35]},"ground":{"translation":[0,4,0]},"gui":{"rotation":[25,-150,0],"translation":[0,1,0],"scale":[0.7,0.7,0.7]},"head":{"translation":[0,3.5,0],"scale":[1.08,1.08,1.08]},"fixed":{"translation":[0,2,0],"scale":[1,1,0.13]}}}