{"textures":{"0":"modelengine:entity/nm_giraffe_texture","particle":"#0"},"elements":[{"from":[0.0,6.0,7.5],"to":[9.0,10.0,8.5],"faces":{"east":{"uv":[3.875,4.75,4.0,5.25],"tintindex":0,"rotation":0,"texture":"#0"},"south":{"uv":[10.5,4.875,11.625,5.375],"tintindex":0,"rotation":0,"texture":"#0"},"north":{"uv":[10.5,4.25,11.625,4.75],"tintindex":0,"rotation":0,"texture":"#0"},"west":{"uv":[3.875,5.375,4.0,5.875],"tintindex":0,"rotation":0,"texture":"#0"},"up":{"uv":[1.875,10.875,0.75,10.75],"tintindex":0,"rotation":0,"texture":"#0"},"down":{"uv":[1.875,11.0,0.75,11.125],"tintindex":0,"rotation":0,"texture":"#0"}}}],"display":{"head":{"rotation":[0.0,0.0,0.0]},"firstperson_righthand":{"rotation":[0.0,0.0,0.0]},"thirdperson_lefthand":{"rotation":[0.0,-0.0,-0.0]},"firstperson_lefthand":{"rotation":[0.0,-0.0,-0.0]},"fixed":{"rotation":[0.0,0.0,0.0]},"ground":{"rotation":[0.0,0.0,0.0]},"thirdperson_righthand":{"rotation":[0.0,0.0,0.0]},"gui":{"rotation":[-150.0,-45.0,180.0]}}}