{"textures":{"0":"modelengine:entity/nm_giraffe_texture","particle":"#0"},"elements":[{"from":[7.75,10.069621,9.916663],"to":[8.416667,23.402954,10.916663],"faces":{"east":{"uv":[5.375,8.25,5.75,13.25],"tintindex":0,"rotation":0,"texture":"#0"},"south":{"uv":[0.0,9.625,0.25,14.625],"tintindex":0,"rotation":0,"texture":"#0"},"north":{"uv":[9.5,8.25,9.75,13.25],"tintindex":0,"rotation":0,"texture":"#0"},"west":{"uv":[9.0,6.25,9.375,11.25],"tintindex":0,"rotation":0,"texture":"#0"},"up":{"uv":[2.25,11.125,2.0,10.75],"tintindex":0,"rotation":0,"texture":"#0"},"down":{"uv":[8.5,10.875,8.25,11.25],"tintindex":0,"rotation":0,"texture":"#0"}}},{"from":[7.0833335,20.736288,3.5833263],"to":[9.083333,22.402954,5.91666],"faces":{"east":{"uv":[10.625,0.0,11.5,0.625],"tintindex":0,"rotation":0,"texture":"#0"},"south":{"uv":[10.625,5.5,11.375,6.125],"tintindex":0,"rotation":0,"texture":"#0"},"north":{"uv":[10.625,1.5,11.375,2.125],"tintindex":0,"rotation":0,"texture":"#0"},"west":{"uv":[10.625,0.75,11.5,1.375],"tintindex":0,"rotation":0,"texture":"#0"},"up":{"uv":[11.25,3.125,10.5,2.25],"tintindex":0,"rotation":0,"texture":"#0"},"down":{"uv":[11.25,3.25,10.5,4.125],"tintindex":0,"rotation":0,"texture":"#0"}}},{"from":[6.75,20.736288,5.91666],"to":[9.416667,23.402954,9.91666],"faces":{"east":{"uv":[9.0,0.0,10.5,1.0],"tintindex":0,"rotation":0,"texture":"#0"},"south":{"uv":[1.5,9.625,2.5,10.625],"tintindex":0,"rotation":0,"texture":"#0"},"north":{"uv":[0.375,9.625,1.375,10.625],"tintindex":0,"rotation":0,"texture":"#0"},"west":{"uv":[9.0,1.125,10.5,2.125],"tintindex":0,"rotation":0,"texture":"#0"},"up":{"uv":[10.375,3.75,9.375,2.25],"tintindex":0,"rotation":0,"texture":"#0"},"down":{"uv":[10.375,3.875,9.375,5.375],"tintindex":0,"rotation":0,"texture":"#0"}}},{"from":[6.75,8.069621,6.5833297],"to":[9.416667,20.736288,9.916663],"faces":{"east":{"uv":[0.0,4.75,1.25,9.5],"tintindex":0,"rotation":0,"texture":"#0"},"south":{"uv":[6.0,0.0,7.0,4.75],"tintindex":0,"rotation":0,"texture":"#0"},"north":{"uv":[2.75,4.75,3.75,9.5],"tintindex":0,"rotation":0,"texture":"#0"},"west":{"uv":[1.375,4.75,2.625,9.5],"tintindex":0,"rotation":0,"texture":"#0"},"up":{"uv":[10.5,6.75,9.5,5.5],"tintindex":0,"rotation":0,"texture":"#0"},"down":{"uv":[10.5,6.875,9.5,8.125],"tintindex":0,"rotation":0,"texture":"#0"}}},{"from":[7.0833335,23.171118,8.373083],"to":[7.75,25.504452,9.03975],"faces":{"east":{"uv":[10.625,6.25,10.875,7.125],"tintindex":0,"rotation":0,"texture":"#0"},"south":{"uv":[10.625,7.25,10.875,8.125],"tintindex":0,"rotation":0,"texture":"#0"},"north":{"uv":[7.875,6.25,8.125,7.125],"tintindex":0,"rotation":0,"texture":"#0"},"west":{"uv":[0.375,10.75,0.625,11.625],"tintindex":0,"rotation":0,"texture":"#0"},"up":{"uv":[11.25,6.875,11.0,6.625],"tintindex":0,"rotation":0,"texture":"#0"},"down":{"uv":[11.25,7.0,11.0,7.25],"tintindex":0,"rotation":0,"texture":"#0"}},"rotation":{"origin":[7.4166665,22.004452,8.73975],"angle":22.5,"axis":"x"}},{"from":[8.416667,23.171118,8.373083],"to":[9.083333,25.504452,9.03975],"faces":{"east":{"uv":[0.625,10.75,0.375,11.625],"tintindex":0,"rotation":0,"texture":"#0"},"south":{"uv":[10.875,7.25,10.625,8.125],"tintindex":0,"rotation":0,"texture":"#0"},"north":{"uv":[8.125,6.25,7.875,7.125],"tintindex":0,"rotation":0,"texture":"#0"},"west":{"uv":[10.875,6.25,10.625,7.125],"tintindex":0,"rotation":0,"texture":"#0"},"up":{"uv":[11.0,6.875,11.25,6.625],"tintindex":0,"rotation":0,"texture":"#0"},"down":{"uv":[11.0,7.0,11.25,7.25],"tintindex":0,"rotation":0,"texture":"#0"}},"rotation":{"origin":[8.75,22.004452,8.73975],"angle":22.5,"axis":"x"}}],"display":{"head":{"rotation":[0.0,0.0,0.0]},"firstperson_righthand":{"rotation":[0.0,0.0,0.0]},"thirdperson_lefthand":{"rotation":[0.0,-0.0,-0.0]},"firstperson_lefthand":{"rotation":[0.0,-0.0,-0.0]},"fixed":{"rotation":[0.0,0.0,0.0]},"ground":{"rotation":[0.0,0.0,0.0]},"thirdperson_righthand":{"rotation":[0.0,0.0,0.0]},"gui":{"rotation":[-150.0,-45.0,180.0]}}}