{"texture_size":[128,128],"textures":{"0":"custom/furniture/office/office_01","particle":"custom/furniture/office/office_01"},"elements":[{"from":[0.7,10.5,1.5],"to":[15.2,14.5,2.5],"faces":{"north":{"uv":[9.5,12.125,11.3125,12.625],"texture":"#0"},"east":{"uv":[3.8125,3,3.9375,3.5],"texture":"#0"},"south":{"uv":[9.5,12.125,11.3125,12.625],"texture":"#0"},"west":{"uv":[3.8125,3,3.9375,3.5],"texture":"#0"},"up":{"uv":[9.5,12,11.3125,12.125],"texture":"#0"},"down":{"uv":[9.5,12,11.3125,12.125],"texture":"#0"}}},{"from":[0.7,6,1.5],"to":[15.2,10,2.5],"faces":{"north":{"uv":[9.5,12.125,11.3125,12.625],"texture":"#0"},"east":{"uv":[3.8125,3,3.9375,3.5],"texture":"#0"},"south":{"uv":[9.5,12.125,11.3125,12.625],"texture":"#0"},"west":{"uv":[3.8125,3,3.9375,3.5],"texture":"#0"},"up":{"uv":[9.5,12,11.3125,12.125],"texture":"#0"},"down":{"uv":[9.5,12,11.3125,12.125],"texture":"#0"}}},{"from":[0.7,1.5,1.5],"to":[15.2,5.5,2.5],"faces":{"north":{"uv":[9.5,12.125,11.3125,12.625],"texture":"#0"},"east":{"uv":[3.8125,3,3.9375,3.5],"texture":"#0"},"south":{"uv":[9.5,12.125,11.3125,12.625],"texture":"#0"},"west":{"uv":[3.8125,3,3.9375,3.5],"texture":"#0"},"up":{"uv":[9.5,12,11.3125,12.125],"texture":"#0"},"down":{"uv":[9.5,12,11.3125,12.125],"texture":"#0"}}},{"from":[0,0,2],"to":[16,15,16],"rotation":{"angle":0,"axis":"y","origin":[16,0,0]},"faces":{"north":{"uv":[2,6.875,0,8.75],"texture":"#0"},"east":{"uv":[2,6.875,3.75,8.75],"texture":"#0"},"south":{"uv":[2,8.75,0,10.625],"texture":"#0"},"west":{"uv":[2,6.875,3.75,8.75],"texture":"#0"},"up":{"uv":[14,1.9375,12,3.6875],"texture":"#0"},"down":{"uv":[14,1.9375,12,3.6875],"texture":"#0"}}},{"from":[0,15,1],"to":[8,16,16],"faces":{"north":{"uv":[2.5625,2,1.5625,2.125],"texture":"#0"},"east":{"uv":[0,2.25,1.875,2.375],"texture":"#0"},"south":{"uv":[1.5625,2,2.5625,2.125],"texture":"#0"},"west":{"uv":[0,2.25,1.875,2.375],"texture":"#0"},"up":{"uv":[1.8125,0,2.8125,1.875],"texture":"#0"},"down":{"uv":[1.75,0,2.75,1.875],"texture":"#0"}}},{"from":[8,15,1],"to":[16,16,16],"rotation":{"angle":0,"axis":"y","origin":[16,0,0]},"faces":{"north":{"uv":[1.5625,2,2.5625,2.125],"texture":"#0"},"east":{"uv":[1.875,2.25,0,2.375],"texture":"#0"},"south":{"uv":[2.5625,2,1.5625,2.125],"texture":"#0"},"west":{"uv":[1.875,2.25,0,2.375],"texture":"#0"},"up":{"uv":[2.8125,1.875,1.8125,0],"texture":"#0"},"down":{"uv":[2.75,0,1.75,1.875],"texture":"#0"}}}],"gui_light":"front","display":{"thirdperson_righthand":{"rotation":[67.5,0,0],"translation":[0,2,0],"scale":[0.25195,0.25195,0.25195]},"thirdperson_lefthand":{"rotation":[67.5,0,0],"translation":[0,2,0],"scale":[0.25195,0.25195,0.25195]},"firstperson_righthand":{"translation":[1,2.5,0],"scale":[0.4,0.4,0.4]},"firstperson_lefthand":{"translation":[1,2.5,0],"scale":[0.4,0.4,0.4]},"ground":{"translation":[0,3,0],"scale":[0.3918,0.3918,0.3918]},"gui":{"rotation":[30,225,0],"translation":[0.5,-0.25,0],"scale":[0.61328,0.61328,0.61328]},"head":{"scale":[1.2,1.2,1.2]},"fixed":{"rotation":[-90,0,0],"translation":[0,0,-16],"scale":[2,2,2]}}}