{"texture_size":[64,64],"textures":{"1":"custom/furniture/office/office_02","2":"custom/furniture/office/office_animation_04"},"elements":[{"from":[-11,28,14],"to":[27,30,16],"faces":{"north":{"uv":[0,8.75,4.75,9],"texture":"#1"},"south":{"uv":[0,8.75,4.75,9],"texture":"#1"},"up":{"uv":[0,8.75,4.75,9],"texture":"#1"},"down":{"uv":[0,8.75,4.75,9],"texture":"#1"}}},{"from":[26,1.75,14.5],"to":[27,3.25,16],"faces":{"north":{"uv":[3.3125,4.5,3.4375,4.6875],"texture":"#1"},"east":{"uv":[3.125,4.5,3.3125,4.6875],"texture":"#1"},"south":{"uv":[3.3125,4.5,3.4375,4.6875],"texture":"#1"},"west":{"uv":[3.125,4.5,3.3125,4.6875],"texture":"#1"},"up":{"uv":[3.3125,4.5,3.4375,4.6875],"texture":"#1"},"down":{"uv":[3.3125,4.5,3.4375,4.6875],"texture":"#1"}}},{"from":[-11,1.75,14.5],"to":[-10,3.25,16],"rotation":{"angle":0,"axis":"y","origin":[16,0,0]},"faces":{"north":{"uv":[3.4375,4.5,3.3125,4.6875],"texture":"#1"},"east":{"uv":[3.3125,4.5,3.125,4.6875],"texture":"#1"},"south":{"uv":[3.4375,4.5,3.3125,4.6875],"texture":"#1"},"west":{"uv":[3.3125,4.5,3.125,4.6875],"texture":"#1"},"up":{"uv":[3.4375,4.5,3.3125,4.6875],"texture":"#1"},"down":{"uv":[3.4375,4.5,3.3125,4.6875],"texture":"#1"}}},{"from":[27,27.75,13.5],"to":[28,30.25,16],"faces":{"north":{"uv":[3.125,4.1875,3.25,4.5],"texture":"#1"},"east":{"uv":[3.4375,4.5,3.75,4.8125],"texture":"#1"},"south":{"uv":[3.125,4.1875,3.25,4.5],"texture":"#1"},"west":{"uv":[3.4375,4.5,3.75,4.8125],"texture":"#1"},"up":{"uv":[3.125,4.1875,3.25,4.5],"texture":"#1"},"down":{"uv":[3.125,4.1875,3.25,4.5],"texture":"#1"}}},{"from":[-12,27.75,13.5],"to":[-11,30.25,16],"rotation":{"angle":0,"axis":"y","origin":[16,0,0]},"faces":{"north":{"uv":[3.25,4.1875,3.125,4.5],"texture":"#1"},"east":{"uv":[3.75,4.5,3.4375,4.8125],"texture":"#1"},"south":{"uv":[3.25,4.1875,3.125,4.5],"texture":"#1"},"west":{"uv":[3.75,4.5,3.4375,4.8125],"texture":"#1"},"up":{"uv":[3.25,4.1875,3.125,4.5],"texture":"#1"},"down":{"uv":[3.25,4.1875,3.125,4.5],"texture":"#1"}}},{"from":[-10,2,15],"to":[26,3,16],"faces":{"north":{"uv":[0,8.625,4.5,8.75],"texture":"#1"},"south":{"uv":[0,8.625,4.5,8.75],"texture":"#1"},"up":{"uv":[0,8.625,4.5,8.75],"texture":"#1"},"down":{"uv":[0,8.625,4.5,8.75],"texture":"#1"}}},{"from":[-10,3,15.5],"to":[26,28,16],"faces":{"north":{"uv":[0,9,4.5,12.125],"texture":"#1"},"east":{"uv":[4.5,9,4.5625,12.125],"texture":"#1"},"south":{"uv":[0,9,4.5,12.125],"texture":"#1"},"west":{"uv":[4.5,9,4.5625,12.125],"texture":"#1"}}},{"from":[-10,3,15.4],"to":[26,28,15.4],"faces":{"north":{"uv":[0,0,9,6.25],"texture":"#2"}}}],"gui_light":"front","display":{"thirdperson_righthand":{"rotation":[67.5,0,0],"translation":[0,1.25,-0.75],"scale":[0.18555,0.18555,0.18555]},"thirdperson_lefthand":{"rotation":[67.5,0,0],"translation":[0,1.25,-0.75],"scale":[0.18555,0.18555,0.18555]},"firstperson_righthand":{"translation":[0.5,2,0],"scale":[0.30039,0.30039,0.30039]},"firstperson_lefthand":{"translation":[0.5,2,0],"scale":[0.30039,0.30039,0.30039]},"ground":{"translation":[0,3,0],"scale":[0.3918,0.3918,0.3918]},"gui":{"rotation":[30,225,0],"translation":[2,-3.75,0],"scale":[0.39453,0.39453,0.39453]},"head":{"rotation":[0,-180,0],"translation":[0,-2.75,8],"scale":[0.4,0.4,0.04]},"fixed":{"translation":[0.5,-14.75,-16],"scale":[2,2,2]}}}