{"texture_size":[128, 128],"textures":{"0":"custom/furniture/office/office_01","particle":"custom/furniture/office/office_01"},"elements":[{"from":[-16, 3, -1],"to":[-11, 17, 17],"rotation":{"angle":0,"axis":"y","origin":[16, 0, 1]},"faces":{"north":{"uv":[7.25, 14.25, 6.625, 16],"texture":"#0"},"east":{"uv":[9.5, 14.25, 7.25, 16],"texture":"#0"},"south":{"uv":[7.25, 14.25, 6.625, 16],"texture":"#0"},"west":{"uv":[9.5, 14.25, 7.25, 16],"texture":"#0"},"up":{"uv":[9.5, 16, 10.125, 13.75],"texture":"#0"},"down":{"uv":[9.5, 16, 10.125, 13.75],"texture":"#0"}}},{"from":[27, 3, -1],"to":[32, 17, 17],"rotation":{"angle":0,"axis":"y","origin":[0, 0, 1]},"faces":{"north":{"uv":[6.625, 14.25, 7.25, 16],"texture":"#0"},"east":{"uv":[7.25, 14.25, 9.5, 16],"texture":"#0"},"south":{"uv":[6.625, 14.25, 7.25, 16],"texture":"#0"},"west":{"uv":[7.25, 14.25, 9.5, 16],"texture":"#0"},"up":{"uv":[10.125, 16, 9.5, 13.75],"texture":"#0"},"down":{"uv":[10.125, 16, 9.5, 13.75],"texture":"#0"}}},{"from":[-11, 3, -3],"to":[8, 10, 17],"rotation":{"angle":0,"axis":"y","origin":[0, 0, 1]},"faces":{"north":{"uv":[10.125, 12.625, 12.5, 13.5],"texture":"#0"},"east":{"uv":[10, 12.625, 12.5, 13.5],"texture":"#0"},"south":{"uv":[10.125, 12.625, 12.5, 13.5],"texture":"#0"},"west":{"uv":[12.5, 12.625, 10, 13.5],"texture":"#0"},"up":{"uv":[12.5, 16, 10.125, 13.5],"texture":"#0"},"down":{"uv":[12.5, 16, 10.125, 13.5],"texture":"#0"}}},{"from":[-11, 14, 7.5],"to":[8, 28, 12],"rotation":{"angle":22.5,"axis":"x","origin":[0, 0, 1]},"faces":{"north":{"uv":[7.125, 12.5, 9.5, 14.25],"texture":"#0"},"east":{"uv":[6.5625, 12.5, 7.125, 14.25],"texture":"#0"},"south":{"uv":[7.125, 12.5, 9.5, 14.25],"texture":"#0"},"west":{"uv":[6.5625, 12.5, 7.125, 14.25],"texture":"#0"},"up":{"uv":[9.5, 12.5, 7.125, 11.9375],"texture":"#0"},"down":{"uv":[9.5, 12.5, 7.125, 11.9375],"texture":"#0"}}},{"from":[8, 14, 7.5],"to":[27, 28, 12],"rotation":{"angle":22.5,"axis":"x","origin":[19, 0, 1]},"faces":{"north":{"uv":[7.125, 12.5, 9.5, 14.25],"texture":"#0"},"east":{"uv":[6.5625, 12.5, 7.125, 14.25],"texture":"#0"},"south":{"uv":[7.125, 12.5, 9.5, 14.25],"texture":"#0"},"west":{"uv":[6.5625, 12.5, 7.125, 14.25],"texture":"#0"},"up":{"uv":[9.5, 12.5, 7.125, 11.9375],"texture":"#0"},"down":{"uv":[9.5, 12.5, 7.125, 11.9375],"texture":"#0"}}},{"from":[8, 3, -3],"to":[27, 10, 17],"rotation":{"angle":0,"axis":"y","origin":[19, 0, 1]},"faces":{"north":{"uv":[10.125, 12.625, 12.5, 13.5],"texture":"#0"},"east":{"uv":[10, 12.625, 12.5, 13.5],"texture":"#0"},"south":{"uv":[10.125, 12.625, 12.5, 13.5],"texture":"#0"},"west":{"uv":[12.5, 12.625, 10, 13.5],"texture":"#0"},"up":{"uv":[12.5, 16, 10.125, 13.5],"texture":"#0"},"down":{"uv":[12.5, 16, 10.125, 13.5],"texture":"#0"}}},{"from":[-14, 0, 0],"to":[-11, 3, 2.5],"rotation":{"angle":0,"axis":"y","origin":[16, 0, 1]},"faces":{"north":{"uv":[13, 14, 12.625, 14.375],"texture":"#0"},"east":{"uv":[13, 14, 12.625, 14.375],"texture":"#0"},"south":{"uv":[13, 14, 12.625, 14.375],"texture":"#0"},"west":{"uv":[13, 14, 12.625, 14.375],"texture":"#0"},"up":{"uv":[13, 14, 12.625, 14.375],"texture":"#0"},"down":{"uv":[13, 14, 12.625, 14.375],"texture":"#0"}}},{"from":[-14, 0, 13.5],"to":[-11, 3, 16],"rotation":{"angle":0,"axis":"y","origin":[16, 0, 15]},"faces":{"north":{"uv":[12.625, 14, 13, 14.375],"texture":"#0"},"east":{"uv":[12.625, 14, 13, 14.375],"texture":"#0"},"south":{"uv":[12.625, 14, 13, 14.375],"texture":"#0"},"west":{"uv":[12.625, 14, 13, 14.375],"texture":"#0"},"up":{"uv":[13, 14.375, 12.625, 14],"texture":"#0"},"down":{"uv":[13, 14.375, 12.625, 14],"texture":"#0"}}},{"from":[27, 0, 13.5],"to":[30, 3, 16],"rotation":{"angle":0,"axis":"y","origin":[0, 0, 15]},"faces":{"north":{"uv":[13, 14, 12.625, 14.375],"texture":"#0"},"east":{"uv":[13, 14, 12.625, 14.375],"texture":"#0"},"south":{"uv":[13, 14, 12.625, 14.375],"texture":"#0"},"west":{"uv":[13, 14, 12.625, 14.375],"texture":"#0"},"up":{"uv":[12.625, 14.375, 13, 14],"texture":"#0"},"down":{"uv":[12.625, 14.375, 13, 14],"texture":"#0"}}},{"from":[27, 0, 0],"to":[30, 3, 2.5],"rotation":{"angle":0,"axis":"y","origin":[0, 0, 1]},"faces":{"north":{"uv":[12.625, 14, 13, 14.375],"texture":"#0"},"east":{"uv":[12.625, 14, 13, 14.375],"texture":"#0"},"south":{"uv":[12.625, 14, 13, 14.375],"texture":"#0"},"west":{"uv":[12.625, 14, 13, 14.375],"texture":"#0"},"up":{"uv":[12.625, 14, 13, 14.375],"texture":"#0"},"down":{"uv":[12.625, 14, 13, 14.375],"texture":"#0"}}}],"gui_light":"front","display":{"thirdperson_righthand":{"rotation":[67.5, 0, 0],"translation":[0, 1, -0.25],"scale":[0.12891, 0.12891, 0.12891]},"thirdperson_lefthand":{"rotation":[67.5, 0, 0],"translation":[0, 1, -0.25],"scale":[0.12891, 0.12891, 0.12891]},"firstperson_righthand":{"translation":[2, 3.25, 0],"scale":[0.275, 0.275, 0.275]},"firstperson_lefthand":{"translation":[2, 3.25, 0],"scale":[0.275, 0.275, 0.275]},"ground":{"translation":[0, 3, 0],"scale":[0.3, 0.3, 0.3]},"gui":{"rotation":[30, 225, 0],"translation":[0, -1.25, 0],"scale":[0.32422, 0.32422, 0.32422]},"head":{"translation":[0, 7, 0],"scale":[0.5, 0.5, 0.5]},"fixed":{"rotation":[-90, 0, 0],"translation":[-32, 0, -16],"scale":[2, 2, 2]}}}