{"texture_size":[128,128],"textures":{"0":"custom/furniture/office/office_01","particle":"custom/furniture/office/office_01"},"elements":[{"from":[-10,3,8],"to":[26,25,9],"rotation":{"angle":0,"axis":"y","origin":[16,0,0]},"faces":{"north":{"uv":[5.9375,8,10.4375,10.75],"texture":"#0"},"east":{"uv":[5.8125,2.5,5.9375,5.25],"texture":"#0"},"south":{"uv":[10.4375,2.5,5.9375,5.25],"texture":"#0"},"west":{"uv":[5.8125,2.5,5.9375,5.25],"texture":"#0"},"up":{"uv":[10.4375,8,5.9375,8.125],"texture":"#0"},"down":{"uv":[10.4375,8,5.9375,8.125],"texture":"#0"}}},{"from":[-10,0,7.25],"to":[4,1,9.25],"rotation":{"angle":0,"axis":"y","origin":[16,0,0]},"faces":{"north":{"uv":[2.375,2.125,4.125,2.25],"texture":"#0"},"east":{"uv":[1.75,3.625,1.5,3.75],"texture":"#0"},"south":{"uv":[2.375,2.125,4.125,2.25],"texture":"#0"},"west":{"uv":[1.75,3.75,1.5,3.625],"texture":"#0"},"up":{"uv":[2.375,2.125,2.125,3.875],"rotation":270,"texture":"#0"},"down":{"uv":[2.375,2.125,2.125,3.875],"rotation":90,"texture":"#0"}}},{"from":[4,0,7.25],"to":[12,1,9.25],"rotation":{"angle":0,"axis":"y","origin":[16,0,0]},"faces":{"north":{"uv":[2.375,2.125,3.375,2.25],"texture":"#0"},"east":{"uv":[1.75,3.625,1.5,3.75],"texture":"#0"},"south":{"uv":[2.375,2.125,3.375,2.25],"texture":"#0"},"west":{"uv":[1.75,3.75,1.5,3.625],"texture":"#0"},"up":{"uv":[2.375,2.125,2.125,3.125],"rotation":270,"texture":"#0"},"down":{"uv":[2.375,2.125,2.125,3.125],"rotation":270,"texture":"#0"}}},{"from":[12,0,7.25],"to":[26,1,9.25],"rotation":{"angle":0,"axis":"y","origin":[16,0,0]},"faces":{"north":{"uv":[2.375,2.125,4.125,2.25],"texture":"#0"},"east":{"uv":[1.75,3.625,1.5,3.75],"texture":"#0"},"south":{"uv":[2.375,2.125,4.125,2.25],"texture":"#0"},"west":{"uv":[1.75,3.75,1.5,3.625],"texture":"#0"},"up":{"uv":[2.375,2.125,2.125,3.875],"rotation":270,"texture":"#0"},"down":{"uv":[2.375,2.125,2.125,3.875],"rotation":90,"texture":"#0"}}},{"from":[12,-11,7.25],"to":[26,-10,9.25],"rotation":{"angle":0,"axis":"y","origin":[16,0,0]},"faces":{"north":{"uv":[2.375,2.125,4.125,2.25],"texture":"#0"},"east":{"uv":[1.75,3.625,1.5,3.75],"texture":"#0"},"south":{"uv":[2.375,2.125,4.125,2.25],"texture":"#0"},"west":{"uv":[1.75,3.75,1.5,3.625],"texture":"#0"},"up":{"uv":[2.375,2.125,2.125,3.875],"rotation":270,"texture":"#0"},"down":{"uv":[2.375,2.125,2.125,3.875],"rotation":90,"texture":"#0"}}},{"from":[26.5,-16,2],"to":[27.5,-14,4],"rotation":{"angle":0,"axis":"y","origin":[8,1,8]},"faces":{"north":{"uv":[5.9375,14.5625,6.0625,14.8125],"rotation":180,"texture":"#0"},"east":{"uv":[6.0625,14.5625,6.3125,14.8125],"texture":"#0"},"south":{"uv":[5.9375,14.5625,6.0625,14.8125],"rotation":180,"texture":"#0"},"west":{"uv":[6.0625,14.5625,6.3125,14.8125],"texture":"#0"},"up":{"uv":[5.9375,14.5625,6.0625,14.8125],"rotation":180,"texture":"#0"},"down":{"uv":[5.9375,14.5625,6.0625,14.8125],"rotation":180,"texture":"#0"}}},{"from":[26.5,-16,12.8],"to":[27.5,-14,14.8],"rotation":{"angle":0,"axis":"y","origin":[8,1,8]},"faces":{"north":{"uv":[6.0625,14.5625,5.9375,14.8125],"rotation":180,"texture":"#0"},"east":{"uv":[6.3125,14.5625,6.0625,14.8125],"texture":"#0"},"south":{"uv":[6.0625,14.5625,5.9375,14.8125],"rotation":180,"texture":"#0"},"west":{"uv":[6.3125,14.5625,6.0625,14.8125],"texture":"#0"},"up":{"uv":[5.9375,14.8125,6.0625,14.5625],"rotation":180,"texture":"#0"},"down":{"uv":[5.9375,14.8125,6.0625,14.5625],"rotation":180,"texture":"#0"}}},{"from":[-11.5,-16,12.8],"to":[-10.5,-14,14.8],"rotation":{"angle":0,"axis":"y","origin":[8,1,8]},"faces":{"north":{"uv":[5.9375,14.5625,6.0625,14.8125],"rotation":180,"texture":"#0"},"east":{"uv":[6.0625,14.5625,6.3125,14.8125],"texture":"#0"},"south":{"uv":[5.9375,14.5625,6.0625,14.8125],"rotation":180,"texture":"#0"},"west":{"uv":[6.0625,14.5625,6.3125,14.8125],"texture":"#0"},"up":{"uv":[6.0625,14.8125,5.9375,14.5625],"rotation":180,"texture":"#0"},"down":{"uv":[6.0625,14.8125,5.9375,14.5625],"rotation":180,"texture":"#0"}}},{"from":[-11.5,-16,2],"to":[-10.5,-14,4],"rotation":{"angle":0,"axis":"y","origin":[8,1,8]},"faces":{"north":{"uv":[6.0625,14.5625,5.9375,14.8125],"rotation":180,"texture":"#0"},"east":{"uv":[6.3125,14.5625,6.0625,14.8125],"texture":"#0"},"south":{"uv":[6.0625,14.5625,5.9375,14.8125],"rotation":180,"texture":"#0"},"west":{"uv":[6.3125,14.5625,6.0625,14.8125],"texture":"#0"},"up":{"uv":[6.0625,14.5625,5.9375,14.8125],"rotation":180,"texture":"#0"},"down":{"uv":[6.0625,14.5625,5.9375,14.8125],"rotation":180,"texture":"#0"}}},{"from":[4,-11,7.25],"to":[12,-10,9.25],"rotation":{"angle":0,"axis":"y","origin":[16,0,0]},"faces":{"north":{"uv":[2.375,2.125,3.375,2.25],"texture":"#0"},"east":{"uv":[1.75,3.625,1.5,3.75],"texture":"#0"},"south":{"uv":[2.375,2.125,3.375,2.25],"texture":"#0"},"west":{"uv":[1.75,3.75,1.5,3.625],"texture":"#0"},"up":{"uv":[2.375,2.125,2.125,3.125],"rotation":270,"texture":"#0"},"down":{"uv":[2.375,2.125,2.125,3.125],"rotation":270,"texture":"#0"}}},{"from":[-10,-11,7.25],"to":[4,-10,9.25],"rotation":{"angle":0,"axis":"y","origin":[16,0,0]},"faces":{"north":{"uv":[2.375,2.125,4.125,2.25],"texture":"#0"},"east":{"uv":[1.75,3.625,1.5,3.75],"texture":"#0"},"south":{"uv":[2.375,2.125,4.125,2.25],"texture":"#0"},"west":{"uv":[1.75,3.75,1.5,3.625],"texture":"#0"},"up":{"uv":[2.375,2.125,2.125,3.875],"rotation":270,"texture":"#0"},"down":{"uv":[2.375,2.125,2.125,3.875],"rotation":90,"texture":"#0"}}},{"from":[-12,-13,7.25],"to":[-10,1,9.25],"faces":{"north":{"uv":[6,12.5625,6.25,14.3125],"texture":"#0"},"east":{"uv":[6,12.5625,6.25,14.3125],"texture":"#0"},"south":{"uv":[6,12.5625,6.25,14.3125],"texture":"#0"},"west":{"uv":[6,12.5625,6.25,14.3125],"texture":"#0"},"up":{"uv":[6,14.3125,6.25,14.5625],"texture":"#0"},"down":{"uv":[6,14.3125,6.25,14.5625],"texture":"#0"}}},{"from":[-12,1,7.25],"to":[-10,15,9.25],"faces":{"north":{"uv":[6,12.5625,6.25,14.3125],"texture":"#0"},"east":{"uv":[6,12.5625,6.25,14.3125],"texture":"#0"},"south":{"uv":[6,12.5625,6.25,14.3125],"texture":"#0"},"west":{"uv":[6,12.5625,6.25,14.3125],"texture":"#0"},"up":{"uv":[6,14.3125,6.25,14.5625],"texture":"#0"},"down":{"uv":[6,14.3125,6.25,14.5625],"texture":"#0"}}},{"from":[-12,-14,1.25],"to":[-10,-13,15.25],"faces":{"north":{"uv":[1.5,3.75,1.75,3.625],"texture":"#0"},"east":{"uv":[4.125,2.125,2.375,2.25],"texture":"#0"},"south":{"uv":[1.5,3.625,1.75,3.75],"texture":"#0"},"west":{"uv":[4.125,2.125,2.375,2.25],"texture":"#0"},"up":{"uv":[2.125,2.125,2.375,3.875],"texture":"#0"},"down":{"uv":[2.125,2.125,2.375,3.875],"texture":"#0"}}},{"from":[26,1,7.25],"to":[28,15,9.25],"rotation":{"angle":0,"axis":"y","origin":[16,0,0]},"faces":{"north":{"uv":[6.25,12.5625,6,14.3125],"texture":"#0"},"east":{"uv":[6.25,12.5625,6,14.3125],"texture":"#0"},"south":{"uv":[6.25,12.5625,6,14.3125],"texture":"#0"},"west":{"uv":[6.25,12.5625,6,14.3125],"texture":"#0"},"up":{"uv":[6.25,14.3125,6,14.5625],"texture":"#0"},"down":{"uv":[6.25,14.3125,6,14.5625],"texture":"#0"}}},{"from":[26,-13,7.25],"to":[28,1,9.25],"rotation":{"angle":0,"axis":"y","origin":[16,0,0]},"faces":{"north":{"uv":[6.25,12.5625,6,14.3125],"texture":"#0"},"east":{"uv":[6.25,12.5625,6,14.3125],"texture":"#0"},"south":{"uv":[6.25,12.5625,6,14.3125],"texture":"#0"},"west":{"uv":[6.25,12.5625,6,14.3125],"texture":"#0"},"up":{"uv":[6.25,14.3125,6,14.5625],"texture":"#0"},"down":{"uv":[6.25,14.3125,6,14.5625],"texture":"#0"}}},{"from":[26,-14,1.25],"to":[28,-13,15.25],"rotation":{"angle":0,"axis":"y","origin":[16,0,0]},"faces":{"north":{"uv":[1.75,3.75,1.5,3.625],"texture":"#0"},"east":{"uv":[2.375,2.125,4.125,2.25],"texture":"#0"},"south":{"uv":[1.75,3.625,1.5,3.75],"texture":"#0"},"west":{"uv":[2.375,2.125,4.125,2.25],"texture":"#0"},"up":{"uv":[2.375,2.125,2.125,3.875],"texture":"#0"},"down":{"uv":[2.375,2.125,2.125,3.875],"texture":"#0"}}},{"from":[-10,23.5,7.5],"to":[26,25,8],"rotation":{"angle":0,"axis":"y","origin":[16,0,0]},"faces":{"north":{"uv":[10.375,2,5.875,2.1875],"texture":"#0"},"east":{"uv":[10.375,2,10.4375,2.1875],"texture":"#0"},"south":{"uv":[10.375,2,5.875,2.1875],"texture":"#0"},"west":{"uv":[10.375,2,10.4375,2.1875],"texture":"#0"},"up":{"uv":[10.375,2.1875,5.875,2.25],"texture":"#0"},"down":{"uv":[10.375,2.1875,5.875,2.25],"texture":"#0"}}},{"from":[-10,3,7.5],"to":[26,4.5,8],"rotation":{"angle":0,"axis":"y","origin":[16,16,0]},"faces":{"north":{"uv":[10.375,2.1875,5.875,2],"texture":"#0"},"east":{"uv":[10.375,2.1875,10.4375,2],"texture":"#0"},"south":{"uv":[10.375,2.1875,5.875,2],"texture":"#0"},"west":{"uv":[10.375,2.1875,10.4375,2],"texture":"#0"},"up":{"uv":[10.375,2.25,5.875,2.1875],"texture":"#0"},"down":{"uv":[10.375,2.25,5.875,2.1875],"texture":"#0"}}},{"from":[24.5,4.5,7.5],"to":[26,23.5,8],"rotation":{"angle":0,"axis":"y","origin":[16,0,0]},"faces":{"north":{"uv":[6.5625,13.625,6.375,16],"texture":"#0"},"east":{"uv":[6.3125,13.625,6.375,16],"texture":"#0"},"south":{"uv":[6.5625,13.625,6.375,16],"texture":"#0"},"west":{"uv":[6.3125,13.625,6.375,16],"texture":"#0"}}},{"from":[-10,4.5,7.5],"to":[-8.5,23.5,8],"faces":{"north":{"uv":[6.375,13.625,6.5625,16],"texture":"#0"},"east":{"uv":[6.375,13.625,6.3125,16],"texture":"#0"},"south":{"uv":[6.375,13.625,6.5625,16],"texture":"#0"},"west":{"uv":[6.375,13.625,6.3125,16],"texture":"#0"}}}],"gui_light":"front","display":{"thirdperson_righthand":{"rotation":[67.5,0,0],"translation":[0,0.5,1.25],"scale":[0.14844,0.14844,0.14844]},"thirdperson_lefthand":{"rotation":[67.5,0,0],"translation":[0,0.5,1.25],"scale":[0.14844,0.14844,0.14844]},"firstperson_righthand":{"translation":[1.75,3.75,0],"scale":[0.34141,0.34141,0.34141]},"firstperson_lefthand":{"translation":[1.75,3.75,0],"scale":[0.34141,0.34141,0.34141]},"ground":{"translation":[0,7,0],"scale":[0.3,0.3,0.3]},"gui":{"rotation":[30,225,0],"translation":[0,1.25,0],"scale":[0.29883,0.29883,0.29883]},"head":{"translation":[0,9.5,0.25],"scale":[0.5,0.5,0.5]},"fixed":{"rotation":[-90,0,0],"translation":[0,-0.75,-48],"scale":[2,2,2]}}}