{"texture_size":[128,128],"textures":{"0":"custom/furniture/office/office_01","particle":"custom/furniture/office/office_01"},"elements":[{"from":[4,0,4],"to":[12,0.5,12],"faces":{"north":{"uv":[4.625,3.5625,5.625,3.625],"texture":"#0"},"east":{"uv":[4.625,3.5625,5.625,3.625],"texture":"#0"},"south":{"uv":[4.625,3.5625,5.625,3.625],"texture":"#0"},"west":{"uv":[4.625,3.5625,5.625,3.625],"texture":"#0"},"up":{"uv":[4.625,2.5625,5.625,3.5625],"texture":"#0"},"down":{"uv":[4.625,2.5625,5.625,3.5625],"texture":"#0"}}},{"from":[4,26,4],"to":[12,32,12],"faces":{"north":{"uv":[4.625,3.6875,5.625,4.4375],"texture":"#0"},"east":{"uv":[4.625,3.6875,5.625,4.4375],"texture":"#0"},"south":{"uv":[4.625,3.6875,5.625,4.4375],"texture":"#0"},"west":{"uv":[4.625,3.6875,5.625,4.4375],"texture":"#0"},"up":{"uv":[4.625,4.4375,5.625,5.4375],"texture":"#0"},"down":{"uv":[4.625,4.4375,5.625,5.4375],"texture":"#0"}}},{"from":[4,23,4],"to":[12,24,5],"faces":{"north":{"uv":[2.375,3.625,3.375,3.75],"texture":"#0"},"east":{"uv":[3.375,3.625,3.5,3.75],"texture":"#0"},"south":{"uv":[2.375,3.625,3.375,3.75],"texture":"#0"},"west":{"uv":[3.375,3.625,3.5,3.75],"texture":"#0"},"up":{"uv":[2.375,3.875,3.375,4],"texture":"#0"},"down":{"uv":[2.375,3.875,3.375,4],"texture":"#0"}}},{"from":[4,23,11],"to":[12,24,12],"rotation":{"angle":0,"axis":"y","origin":[0,0,16]},"faces":{"north":{"uv":[3.375,3.625,2.375,3.75],"texture":"#0"},"east":{"uv":[3.5,3.625,3.375,3.75],"texture":"#0"},"south":{"uv":[3.375,3.625,2.375,3.75],"texture":"#0"},"west":{"uv":[3.5,3.625,3.375,3.75],"texture":"#0"},"up":{"uv":[2.375,3.75,3.375,3.625],"texture":"#0"},"down":{"uv":[2.375,3.75,3.375,3.625],"texture":"#0"}}},{"from":[11,23,5],"to":[12,24,11],"faces":{"east":{"uv":[2.375,3.75,3.125,3.875],"texture":"#0"},"west":{"uv":[2.375,3.75,3.125,3.875],"texture":"#0"},"up":{"uv":[4.5,2.5,4.625,3.25],"texture":"#0"},"down":{"uv":[4.5,2.5,4.625,3.25],"texture":"#0"}}},{"from":[4,23,5],"to":[5,24,11],"rotation":{"angle":0,"axis":"y","origin":[16,0,0]},"faces":{"east":{"uv":[3.125,3.75,2.375,3.875],"texture":"#0"},"west":{"uv":[3.125,3.75,2.375,3.875],"texture":"#0"},"up":{"uv":[4.625,2.5,4.5,3.25],"texture":"#0"},"down":{"uv":[4.625,2.5,4.5,3.25],"texture":"#0"}}},{"from":[3.5,24,3.5],"to":[12.5,26,12.5],"faces":{"north":{"uv":[4.8125,6.625,5.9375,6.875],"texture":"#0"},"east":{"uv":[4.8125,6.625,5.9375,6.875],"texture":"#0"},"south":{"uv":[4.8125,6.625,5.9375,6.875],"texture":"#0"},"west":{"uv":[4.8125,6.625,5.9375,6.875],"texture":"#0"},"up":{"uv":[4.8125,5.5,5.9375,6.625],"texture":"#0"},"down":{"uv":[4.8125,5.5,5.9375,6.625],"texture":"#0"}}},{"from":[7.25,0,7.25],"to":[8.75,24,8.75],"faces":{"north":{"uv":[5.625,2.5,5.8125,5.5],"texture":"#0"},"east":{"uv":[5.625,2.5,5.8125,5.5],"texture":"#0"},"south":{"uv":[5.625,2.5,5.8125,5.5],"texture":"#0"},"west":{"uv":[5.625,2.5,5.8125,5.5],"texture":"#0"},"up":{"uv":[5.625,5.5,5.8125,5.6875],"texture":"#0"},"down":{"uv":[5.625,5.5,5.8125,5.6875],"texture":"#0"}}}],"gui_light":"front","display":{"thirdperson_righthand":{"rotation":[67.5,0,0],"translation":[0,-0.25,-1],"scale":[0.30469,0.30469,0.30469]},"thirdperson_lefthand":{"rotation":[67.5,0,0],"translation":[0,-0.25,-1],"scale":[0.30469,0.30469,0.30469]},"firstperson_righthand":{"translation":[1.75,2.25,0],"scale":[0.45469,0.45469,0.45469]},"firstperson_lefthand":{"translation":[1.75,2.25,0],"scale":[0.45469,0.45469,0.45469]},"ground":{"translation":[0,3,0],"scale":[0.3918,0.3918,0.3918]},"gui":{"rotation":[30,225,0],"translation":[0.25,-3.25,0],"scale":[0.46484,0.46484,0.46484]},"head":{"translation":[0,-25.9,0.25],"scale":[2,2,2]},"fixed":{"rotation":[-90,0,0],"translation":[0,-0.25,-16],"scale":[2,2,2]}}}