{"texture_size":[128,128],"textures":{"0":"custom/furniture/office/office_01","particle":"custom/furniture/office/office_01"},"elements":[{"from":[-16,14,1],"to":[16,16,15],"faces":{"north":{"uv":[0,6.625,4,6.875],"texture":"#0"},"east":{"uv":[2.625,2.5,4.375,2.75],"texture":"#0"},"south":{"uv":[0,6.625,4,6.875],"texture":"#0"},"west":{"uv":[2.625,2.5,4.375,2.75],"texture":"#0"},"up":{"uv":[0,4.875,4,6.625],"texture":"#0"},"down":{"uv":[0,4.875,4,6.625],"texture":"#0"}}},{"from":[14,13,3],"to":[16,14,13],"rotation":{"angle":0,"axis":"y","origin":[16,0,0]},"faces":{"north":{"uv":[1.75,3.625,1.5,3.75],"texture":"#0"},"east":{"uv":[3.625,2.25,2.375,2.375],"texture":"#0"},"south":{"uv":[1.75,3.625,1.5,3.75],"texture":"#0"},"west":{"uv":[3.625,2.25,2.375,2.375],"texture":"#0"},"up":{"uv":[2.625,2.375,2.375,3.625],"texture":"#0"},"down":{"uv":[2.625,2.375,2.375,3.625],"texture":"#0"}}},{"from":[14,1,7],"to":[16,13,9],"rotation":{"angle":0,"axis":"y","origin":[16,0,0]},"faces":{"north":{"uv":[2.125,2.125,1.875,3.625],"texture":"#0"},"east":{"uv":[2.125,2.125,1.875,3.625],"texture":"#0"},"south":{"uv":[2.125,2.125,1.875,3.625],"texture":"#0"},"west":{"uv":[2.125,2.125,1.875,3.625],"texture":"#0"},"up":{"uv":[1.75,3.625,1.5,3.875],"texture":"#0"},"down":{"uv":[1.75,3.625,1.5,3.875],"texture":"#0"}}},{"from":[-16,16,13.5],"to":[16,22,14.5],"rotation":{"angle":0,"axis":"y","origin":[16,0,0]},"faces":{"north":{"uv":[4,4.125,0,4.875],"texture":"#0"},"east":{"uv":[1.75,2.5,1.875,3.25],"texture":"#0"},"south":{"uv":[4,4.125,0,4.875],"texture":"#0"},"west":{"uv":[1.75,2.5,1.875,3.25],"texture":"#0"},"up":{"uv":[6.625,2.375,2.625,2.5],"texture":"#0"},"down":{"uv":[6.625,2.375,2.625,2.5],"texture":"#0"}}},{"from":[14,0,1],"to":[16,1,15],"rotation":{"angle":0,"axis":"y","origin":[16,0,0]},"faces":{"north":{"uv":[1.75,3.75,1.5,3.625],"texture":"#0"},"east":{"uv":[2.375,2.125,4.125,2.25],"texture":"#0"},"south":{"uv":[1.75,3.625,1.5,3.75],"texture":"#0"},"west":{"uv":[2.375,2.125,4.125,2.25],"texture":"#0"},"up":{"uv":[2.375,2.125,2.125,3.875],"texture":"#0"},"down":{"uv":[2.375,2.125,2.125,3.875],"texture":"#0"}}},{"from":[0,13,7],"to":[14,14,9],"rotation":{"angle":0,"axis":"y","origin":[16,0,0]},"faces":{"north":{"uv":[2.375,2.125,4.125,2.25],"texture":"#0"},"east":{"uv":[1.75,3.625,1.5,3.75],"texture":"#0"},"south":{"uv":[2.375,2.125,4.125,2.25],"texture":"#0"},"west":{"uv":[1.75,3.75,1.5,3.625],"texture":"#0"},"up":{"uv":[2.375,2.125,2.125,3.875],"rotation":270,"texture":"#0"},"down":{"uv":[2.375,2.125,2.125,3.875],"rotation":90,"texture":"#0"}}},{"from":[-14,13,7],"to":[0,14,9],"rotation":{"angle":0,"axis":"y","origin":[16,0,0]},"faces":{"north":{"uv":[2.375,2.125,4.125,2.25],"texture":"#0"},"east":{"uv":[1.75,3.625,1.5,3.75],"texture":"#0"},"south":{"uv":[2.375,2.125,4.125,2.25],"texture":"#0"},"west":{"uv":[1.75,3.75,1.5,3.625],"texture":"#0"},"up":{"uv":[2.375,2.125,2.125,3.875],"rotation":270,"texture":"#0"},"down":{"uv":[2.375,2.125,2.125,3.875],"rotation":90,"texture":"#0"}}},{"from":[0,9,7],"to":[14,10,9],"rotation":{"angle":0,"axis":"y","origin":[16,0,0]},"faces":{"north":{"uv":[2.375,2.125,4.125,2.25],"texture":"#0"},"east":{"uv":[1.75,3.625,1.5,3.75],"texture":"#0"},"south":{"uv":[2.375,2.125,4.125,2.25],"texture":"#0"},"west":{"uv":[1.75,3.75,1.5,3.625],"texture":"#0"},"up":{"uv":[2.375,2.125,2.125,3.875],"rotation":270,"texture":"#0"},"down":{"uv":[2.375,2.125,2.125,3.875],"rotation":90,"texture":"#0"}}},{"from":[-14,9,7],"to":[0,10,9],"rotation":{"angle":0,"axis":"y","origin":[16,0,0]},"faces":{"north":{"uv":[2.375,2.125,4.125,2.25],"texture":"#0"},"east":{"uv":[1.75,3.625,1.5,3.75],"texture":"#0"},"south":{"uv":[2.375,2.125,4.125,2.25],"texture":"#0"},"west":{"uv":[1.75,3.75,1.5,3.625],"texture":"#0"},"up":{"uv":[2.375,2.125,2.125,3.875],"rotation":270,"texture":"#0"},"down":{"uv":[2.375,2.125,2.125,3.875],"rotation":90,"texture":"#0"}}},{"from":[-16,13,3],"to":[-14,14,13],"faces":{"north":{"uv":[1.5,3.625,1.75,3.75],"texture":"#0"},"east":{"uv":[2.375,2.25,3.625,2.375],"texture":"#0"},"south":{"uv":[1.5,3.625,1.75,3.75],"texture":"#0"},"west":{"uv":[2.375,2.25,3.625,2.375],"texture":"#0"},"up":{"uv":[2.375,2.375,2.625,3.625],"texture":"#0"},"down":{"uv":[2.375,2.375,2.625,3.625],"texture":"#0"}}},{"from":[-16,1,7],"to":[-14,13,9],"faces":{"north":{"uv":[1.875,2.125,2.125,3.625],"texture":"#0"},"east":{"uv":[1.875,2.125,2.125,3.625],"texture":"#0"},"south":{"uv":[1.875,2.125,2.125,3.625],"texture":"#0"},"west":{"uv":[1.875,2.125,2.125,3.625],"texture":"#0"},"up":{"uv":[1.5,3.625,1.75,3.875],"texture":"#0"},"down":{"uv":[1.5,3.625,1.75,3.875],"texture":"#0"}}},{"from":[-16,0,1],"to":[-14,1,15],"faces":{"north":{"uv":[1.5,3.75,1.75,3.625],"texture":"#0"},"east":{"uv":[4.125,2.125,2.375,2.25],"texture":"#0"},"south":{"uv":[1.5,3.625,1.75,3.75],"texture":"#0"},"west":{"uv":[4.125,2.125,2.375,2.25],"texture":"#0"},"up":{"uv":[2.125,2.125,2.375,3.875],"texture":"#0"},"down":{"uv":[2.125,2.125,2.375,3.875],"texture":"#0"}}}],"gui_light":"front","display":{"thirdperson_righthand":{"rotation":[67.5,0,0],"translation":[1.5,0.25,0.25],"scale":[0.16992,0.16992,0.16992]},"thirdperson_lefthand":{"rotation":[67.5,0,0],"translation":[-1.5,0.25,0.25],"scale":[0.16992,0.16992,0.16992]},"firstperson_righthand":{"translation":[4.25,2.25,0],"scale":[0.35703,0.35703,0.35703]},"firstperson_lefthand":{"translation":[-1.25,2.25,0],"scale":[0.35703,0.35703,0.35703]},"ground":{"translation":[0,3,0],"scale":[0.3,0.3,0.3]},"gui":{"rotation":[30,225,0],"translation":[-2.5,-2.25,0],"scale":[0.43945,0.43945,0.43945]},"head":{"translation":[4.5,6.5,0],"scale":[0.55,0.55,0.55]},"fixed":{"rotation":[-90,0,0],"translation":[0,0,-16],"scale":[2,2,2]}}}