{"texture_size":[128, 128],"textures":{"0":"custom/furniture/juicebar/juicebar_texture_01","particle":"custom/furniture/juicebar/juicebar_texture_01"},"elements":[{"from":[5.5, 0.09704, 3.40664],"to":[15.5, 0.09704, 11.40664],"rotation":{"angle":0,"axis":"y","origin":[0, 5.04004, 6.79724]},"faces":{"north":{"uv":[7.875, 6, 9.125, 6],"texture":"#0"},"east":{"uv":[7.875, 6, 8.875, 6],"texture":"#0"},"south":{"uv":[7.875, 6, 9.125, 6],"texture":"#0"},"west":{"uv":[7.875, 6, 8.875, 6],"texture":"#0"},"up":{"uv":[7.875, 6, 9.125, 7],"texture":"#0"},"down":{"uv":[7.875, 6, 9.125, 7],"texture":"#0"}}},{"from":[5.5, 0.19704, 3.40664],"to":[15.5, 4.19704, 3.40664],"rotation":{"angle":0,"axis":"y","origin":[0, 5.04004, 6.79724]},"faces":{"north":{"uv":[7.875, 7, 9.125, 7.5],"texture":"#0"},"east":{"uv":[8, 7, 8, 7.5],"texture":"#0"},"south":{"uv":[9.125, 7, 7.875, 7.5],"texture":"#0"},"west":{"uv":[8, 7, 8, 7.5],"texture":"#0"},"up":{"uv":[8, 7, 9.25, 7],"texture":"#0"},"down":{"uv":[8, 7, 9.25, 7],"texture":"#0"}}},{"from":[5.5, 0.19704, 3.40664],"to":[5.5, 4.19704, 11.40664],"rotation":{"angle":0,"axis":"y","origin":[0, 5.04004, 6.79724]},"faces":{"north":{"uv":[8, 7, 8, 7.5],"texture":"#0"},"east":{"uv":[8, 7, 9, 7.5],"texture":"#0"},"south":{"uv":[8, 7, 8, 7.5],"texture":"#0"},"west":{"uv":[9, 7, 8, 7.5],"texture":"#0"},"up":{"uv":[8, 7, 9, 7],"rotation":90,"texture":"#0"},"down":{"uv":[8, 7, 9, 7],"rotation":270,"texture":"#0"}}},{"from":[15.5, 0.19704, 3.40664],"to":[15.5, 4.19704, 11.40664],"rotation":{"angle":0,"axis":"y","origin":[0, 5.04004, 6.79724]},"faces":{"north":{"uv":[8, 7, 8, 7.5],"texture":"#0"},"east":{"uv":[8, 7, 9, 7.5],"texture":"#0"},"south":{"uv":[8, 7, 8, 7.5],"texture":"#0"},"west":{"uv":[9, 7, 8, 7.5],"texture":"#0"},"up":{"uv":[8, 7, 9, 7],"rotation":90,"texture":"#0"},"down":{"uv":[8, 7, 9, 7],"rotation":270,"texture":"#0"}}},{"from":[5.5, 0.19704, 11.40664],"to":[15.5, 4.19704, 11.40664],"rotation":{"angle":0,"axis":"y","origin":[0, 5.04004, 6.79724]},"faces":{"north":{"uv":[7.875, 7, 9.125, 7.5],"texture":"#0"},"east":{"uv":[8, 7, 8, 7.5],"texture":"#0"},"south":{"uv":[9.125, 7, 7.875, 7.5],"texture":"#0"},"west":{"uv":[8, 7, 8, 7.5],"texture":"#0"},"up":{"uv":[8, 7, 9.25, 7],"texture":"#0"},"down":{"uv":[8, 7, 9.25, 7],"texture":"#0"}}},{"from":[8, 0.76744, 3.28985],"to":[13, 5.76744, 3.28985],"rotation":{"angle":0,"axis":"y","origin":[10.5, 4.16744, 2.18985]},"faces":{"north":{"uv":[8, 3.6875, 8.625, 4.3125],"texture":"#0"},"east":{"uv":[0, 0, 0, 0.625],"texture":"#missing"},"south":{"uv":[8.625, 3.6875, 8, 4.3125],"texture":"#0"},"west":{"uv":[0, 0, 0, 0.625],"texture":"#missing"},"up":{"uv":[0, 0, 0.625, 0],"texture":"#0"},"down":{"uv":[0, 0, 0.625, 0],"texture":"#missing"}}},{"from":[8, 0.76744, 3.08985],"to":[13, 5.76744, 3.08985],"rotation":{"angle":0,"axis":"y","origin":[10.5, 4.16744, 2.18985]},"faces":{"north":{"uv":[8, 3.6875, 8.625, 4.3125],"texture":"#0"},"east":{"uv":[0, 0, 0, 0.625],"texture":"#missing"},"south":{"uv":[8.625, 3.6875, 8, 4.3125],"texture":"#0"},"west":{"uv":[0, 0, 0, 0.625],"texture":"#missing"},"up":{"uv":[0, 0, 0.625, 0],"texture":"#0"},"down":{"uv":[0, 0, 0.625, 0],"texture":"#missing"}}},{"from":[-13, 0.76744, 3.08985],"to":[-8, 5.76744, 3.08985],"rotation":{"angle":0,"axis":"y","origin":[-10.5, 4.16744, 2.18985]},"faces":{"north":{"uv":[8.5, 8.5625, 9.125, 9.1875],"texture":"#0"},"east":{"uv":[0, 0, 0, 0.625],"texture":"#missing"},"south":{"uv":[9.125, 8.5625, 8.5, 9.1875],"texture":"#0"},"west":{"uv":[0, 0, 0, 0.625],"texture":"#missing"},"up":{"uv":[0, 0, 0.625, 0],"texture":"#0"},"down":{"uv":[0, 0, 0.625, 0],"texture":"#missing"}}},{"from":[-13, 0.76744, 3.28985],"to":[-8, 5.76744, 3.28985],"rotation":{"angle":0,"axis":"y","origin":[-10.5, 4.16744, 2.18985]},"faces":{"north":{"uv":[8.5, 8.5625, 9.125, 9.1875],"texture":"#0"},"east":{"uv":[0, 0, 0, 0.625],"texture":"#missing"},"south":{"uv":[9.125, 8.5625, 8.5, 9.1875],"texture":"#0"},"west":{"uv":[0, 0, 0, 0.625],"texture":"#missing"},"up":{"uv":[0, 0, 0.625, 0],"texture":"#0"},"down":{"uv":[0, 0, 0.625, 0],"texture":"#missing"}}},{"from":[-2.5, 0.76744, 3.28985],"to":[2.5, 5.76744, 3.28985],"rotation":{"angle":0,"axis":"y","origin":[0, 4.16744, 2.18985]},"faces":{"north":{"uv":[9.1875, 8.5625, 9.8125, 9.1875],"texture":"#0"},"east":{"uv":[0, 0, 0, 0.625],"texture":"#missing"},"south":{"uv":[9.8125, 8.5625, 9.1875, 9.1875],"texture":"#0"},"west":{"uv":[0, 0, 0, 0.625],"texture":"#missing"},"up":{"uv":[0, 0, 0.625, 0],"texture":"#0"},"down":{"uv":[0, 0, 0.625, 0],"texture":"#missing"}}},{"from":[-2.5, 0.76744, 3.08985],"to":[2.5, 5.76744, 3.08985],"rotation":{"angle":0,"axis":"y","origin":[0, 4.16744, 2.18985]},"faces":{"north":{"uv":[9.1875, 8.5625, 9.8125, 9.1875],"texture":"#0"},"east":{"uv":[0, 0, 0, 0.625],"texture":"#missing"},"south":{"uv":[9.8125, 8.5625, 9.1875, 9.1875],"texture":"#0"},"west":{"uv":[0, 0, 0, 0.625],"texture":"#missing"},"up":{"uv":[0, 0, 0.625, 0],"texture":"#0"},"down":{"uv":[0, 0, 0.625, 0],"texture":"#missing"}}},{"from":[7, 0.19704, 4.40664],"to":[10, 3.19704, 7.40664],"rotation":{"angle":0,"axis":"y","origin":[0, 5.04004, 6.79724]},"faces":{"north":{"uv":[8.875, 7.5, 9.25, 7.875],"texture":"#0"},"east":{"uv":[8.875, 7.5, 9.25, 7.875],"texture":"#0"},"south":{"uv":[8.875, 7.5, 9.25, 7.875],"texture":"#0"},"west":{"uv":[8.875, 7.5, 9.25, 7.875],"texture":"#0"},"up":{"uv":[8.875, 7.875, 9.25, 8.25],"texture":"#0"},"down":{"uv":[8.875, 7.875, 9.25, 8.25],"texture":"#0"}}},{"from":[13.3, 3.19704, 8.90664],"to":[15.3, 5.19704, 8.90664],"rotation":{"angle":0,"axis":"y","origin":[0, 5.04004, 6.79724]},"faces":{"north":{"uv":[8.875, 7.5, 8.625, 7.75],"texture":"#0"},"east":{"uv":[8.875, 7.5, 9.25, 7.875],"texture":"#0"},"south":{"uv":[8.625, 7.5, 8.875, 7.75],"texture":"#0"},"west":{"uv":[8.875, 7.5, 9.25, 7.875],"texture":"#0"},"up":{"uv":[8.875, 7.875, 9.125, 7.875],"texture":"#0"},"down":{"uv":[8.875, 7.875, 9.25, 8.25],"texture":"#0"}}},{"from":[6.7, 3.19704, 5.90664],"to":[8.7, 5.19704, 5.90664],"rotation":{"angle":0,"axis":"y","origin":[0, 5.04004, 6.79724]},"faces":{"north":{"uv":[8.625, 7.5, 8.875, 7.75],"texture":"#0"},"east":{"uv":[8.875, 7.5, 9.25, 7.875],"texture":"#0"},"south":{"uv":[8.875, 7.5, 8.625, 7.75],"texture":"#0"},"west":{"uv":[8.875, 7.5, 9.25, 7.875],"texture":"#0"},"up":{"uv":[8.875, 7.875, 9.125, 7.875],"texture":"#0"},"down":{"uv":[8.875, 7.875, 9.25, 8.25],"texture":"#0"}}},{"from":[8.7, 6.19704, 7.90664],"to":[10.7, 8.19704, 7.90664],"rotation":{"angle":0,"axis":"y","origin":[0, 5.04004, 6.79724]},"faces":{"north":{"uv":[8.625, 7.5, 8.875, 7.75],"texture":"#0"},"east":{"uv":[8.875, 7.5, 9.25, 7.875],"texture":"#0"},"south":{"uv":[8.875, 7.5, 8.625, 7.75],"texture":"#0"},"west":{"uv":[8.875, 7.5, 9.25, 7.875],"texture":"#0"},"up":{"uv":[8.875, 7.875, 9.125, 7.875],"texture":"#0"},"down":{"uv":[8.875, 7.875, 9.25, 8.25],"texture":"#0"}}},{"from":[9, 3.19704, 6.40664],"to":[12, 6.19704, 9.40664],"rotation":{"angle":0,"axis":"y","origin":[0, 5.04004, 6.79724]},"faces":{"north":{"uv":[8.875, 7.5, 9.25, 7.875],"texture":"#0"},"east":{"uv":[8.875, 7.5, 9.25, 7.875],"texture":"#0"},"south":{"uv":[8.875, 7.5, 9.25, 7.875],"texture":"#0"},"west":{"uv":[8.875, 7.5, 9.25, 7.875],"texture":"#0"},"up":{"uv":[8.875, 7.875, 9.25, 8.25],"texture":"#0"},"down":{"uv":[8.875, 7.875, 9.25, 8.25],"texture":"#0"}}},{"from":[-11.9, 3.19704, 6.00664],"to":[-9.9, 5.19704, 6.00664],"rotation":{"angle":0,"axis":"y","origin":[0, 5.04004, 6.79724]},"faces":{"north":{"uv":[8.625, 7.5, 8.875, 7.75],"texture":"#0"},"east":{"uv":[8.875, 7.5, 9.25, 7.875],"texture":"#0"},"south":{"uv":[8.875, 7.5, 8.625, 7.75],"texture":"#0"},"west":{"uv":[8.875, 7.5, 9.25, 7.875],"texture":"#0"},"up":{"uv":[8.875, 7.875, 9.125, 7.875],"texture":"#0"},"down":{"uv":[8.875, 7.875, 9.25, 8.25],"texture":"#0"}}},{"from":[-11.6, 0.19704, 4.50664],"to":[-8.6, 3.19704, 7.50664],"rotation":{"angle":0,"axis":"y","origin":[0, 5.04004, 6.79724]},"faces":{"north":{"uv":[8.0625, 8.25, 8.4375, 8.625],"texture":"#0"},"east":{"uv":[8.0625, 8.25, 8.4375, 8.625],"texture":"#0"},"south":{"uv":[8.0625, 8.25, 8.4375, 8.625],"texture":"#0"},"west":{"uv":[8.0625, 8.25, 8.4375, 8.625],"texture":"#0"},"up":{"uv":[8.0625, 8.625, 8.4375, 9],"texture":"#0"},"down":{"uv":[8.0625, 8.625, 8.4375, 9],"texture":"#0"}}},{"from":[-9.6, 0.19704, 8.10664],"to":[-6.6, 3.19704, 11.10664],"rotation":{"angle":0,"axis":"y","origin":[0, 5.04004, 6.79724]},"faces":{"north":{"uv":[8.0625, 8.25, 8.4375, 8.625],"texture":"#0"},"east":{"uv":[8.0625, 8.25, 8.4375, 8.625],"texture":"#0"},"south":{"uv":[8.0625, 8.25, 8.4375, 8.625],"texture":"#0"},"west":{"uv":[8.0625, 8.25, 8.4375, 8.625],"texture":"#0"},"up":{"uv":[8.0625, 8.625, 8.4375, 9],"texture":"#0"},"down":{"uv":[8.0625, 8.625, 8.4375, 9],"texture":"#0"}}},{"from":[-9.9, 3.19704, 9.60664],"to":[-7.9, 5.19704, 9.60664],"rotation":{"angle":0,"axis":"y","origin":[0, 5.04004, 6.79724]},"faces":{"north":{"uv":[8.625, 7.5, 8.875, 7.75],"texture":"#0"},"east":{"uv":[8.875, 7.5, 9.25, 7.875],"texture":"#0"},"south":{"uv":[8.875, 7.5, 8.625, 7.75],"texture":"#0"},"west":{"uv":[8.875, 7.5, 9.25, 7.875],"texture":"#0"},"up":{"uv":[8.875, 7.875, 9.125, 7.875],"texture":"#0"},"down":{"uv":[8.875, 7.875, 9.25, 8.25],"texture":"#0"}}},{"from":[-12.6, 3.19704, 6.30664],"to":[-9.6, 6.19704, 9.30664],"rotation":{"angle":0,"axis":"y","origin":[0, 5.04004, 6.79724]},"faces":{"north":{"uv":[8.0625, 8.25, 8.4375, 8.625],"texture":"#0"},"east":{"uv":[8.0625, 8.25, 8.4375, 8.625],"texture":"#0"},"south":{"uv":[8.0625, 8.25, 8.4375, 8.625],"texture":"#0"},"west":{"uv":[8.0625, 8.25, 8.4375, 8.625],"texture":"#0"},"up":{"uv":[8.0625, 8.625, 8.4375, 9],"texture":"#0"},"down":{"uv":[8.0625, 8.625, 8.4375, 9],"texture":"#0"}}},{"from":[-12.9, 6.19704, 7.80664],"to":[-10.9, 8.19704, 7.80664],"rotation":{"angle":0,"axis":"y","origin":[0, 5.04004, 6.79724]},"faces":{"north":{"uv":[8.625, 7.5, 8.875, 7.75],"texture":"#0"},"east":{"uv":[8.875, 7.5, 9.25, 7.875],"texture":"#0"},"south":{"uv":[8.875, 7.5, 8.625, 7.75],"texture":"#0"},"west":{"uv":[8.875, 7.5, 9.25, 7.875],"texture":"#0"},"up":{"uv":[8.875, 7.875, 9.125, 7.875],"texture":"#0"},"down":{"uv":[8.875, 7.875, 9.25, 8.25],"texture":"#0"}}},{"from":[-15.4, 3.19704, 5.40664],"to":[-13.4, 5.19704, 5.40664],"rotation":{"angle":0,"axis":"y","origin":[0, 5.04004, 6.79724]},"faces":{"north":{"uv":[8.625, 7.5, 8.875, 7.75],"texture":"#0"},"east":{"uv":[8.875, 7.5, 9.25, 7.875],"texture":"#0"},"south":{"uv":[8.875, 7.5, 8.625, 7.75],"texture":"#0"},"west":{"uv":[8.875, 7.5, 9.25, 7.875],"texture":"#0"},"up":{"uv":[8.875, 7.875, 9.125, 7.875],"texture":"#0"},"down":{"uv":[8.875, 7.875, 9.25, 8.25],"texture":"#0"}}},{"from":[-15.1, 0.19704, 3.90664],"to":[-12.1, 3.19704, 6.90664],"rotation":{"angle":0,"axis":"y","origin":[0, 5.04004, 6.79724]},"faces":{"north":{"uv":[8.0625, 8.25, 8.4375, 8.625],"texture":"#0"},"east":{"uv":[8.0625, 8.25, 8.4375, 8.625],"texture":"#0"},"south":{"uv":[8.0625, 8.25, 8.4375, 8.625],"texture":"#0"},"west":{"uv":[8.0625, 8.25, 8.4375, 8.625],"texture":"#0"},"up":{"uv":[8.0625, 8.625, 8.4375, 9],"texture":"#0"},"down":{"uv":[8.0625, 8.625, 8.4375, 9],"texture":"#0"}}},{"from":[-14.1, 0.19704, 7.90664],"to":[-11.1, 3.19704, 10.90664],"rotation":{"angle":0,"axis":"y","origin":[0, 5.04004, 6.79724]},"faces":{"north":{"uv":[8.0625, 8.25, 8.4375, 8.625],"texture":"#0"},"east":{"uv":[8.0625, 8.25, 8.4375, 8.625],"texture":"#0"},"south":{"uv":[8.0625, 8.25, 8.4375, 8.625],"texture":"#0"},"west":{"uv":[8.0625, 8.25, 8.4375, 8.625],"texture":"#0"},"up":{"uv":[8.0625, 8.625, 8.4375, 9],"texture":"#0"},"down":{"uv":[8.0625, 8.625, 8.4375, 9],"texture":"#0"}}},{"from":[12, 0.19704, 7.40664],"to":[15, 3.19704, 10.40664],"rotation":{"angle":0,"axis":"y","origin":[0, 5.04004, 6.79724]},"faces":{"north":{"uv":[8.875, 7.5, 9.25, 7.875],"texture":"#0"},"east":{"uv":[8.875, 7.5, 9.25, 7.875],"texture":"#0"},"south":{"uv":[8.875, 7.5, 9.25, 7.875],"texture":"#0"},"west":{"uv":[8.875, 7.5, 9.25, 7.875],"texture":"#0"},"up":{"uv":[8.875, 7.875, 9.25, 8.25],"texture":"#0"},"down":{"uv":[8.875, 7.875, 9.25, 8.25],"texture":"#0"}}},{"from":[8, 0.19704, 7.80664],"to":[11, 3.19704, 10.80664],"rotation":{"angle":0,"axis":"y","origin":[0, 5.04004, 6.79724]},"faces":{"north":{"uv":[8.875, 7.5, 9.25, 7.875],"texture":"#0"},"east":{"uv":[8.875, 7.5, 9.25, 7.875],"texture":"#0"},"south":{"uv":[8.875, 7.5, 9.25, 7.875],"texture":"#0"},"west":{"uv":[8.875, 7.5, 9.25, 7.875],"texture":"#0"},"up":{"uv":[8.875, 7.875, 9.25, 8.25],"texture":"#0"},"down":{"uv":[8.875, 7.875, 9.25, 8.25],"texture":"#0"}}},{"from":[10.7, 0.19704, 4.20664],"to":[13.7, 3.19704, 7.20664],"rotation":{"angle":0,"axis":"y","origin":[0, 5.04004, 6.79724]},"faces":{"north":{"uv":[8.875, 7.5, 9.25, 7.875],"texture":"#0"},"east":{"uv":[8.875, 7.5, 9.25, 7.875],"texture":"#0"},"south":{"uv":[8.875, 7.5, 9.25, 7.875],"texture":"#0"},"west":{"uv":[8.875, 7.5, 9.25, 7.875],"texture":"#0"},"up":{"uv":[8.875, 7.875, 9.25, 8.25],"texture":"#0"},"down":{"uv":[8.875, 7.875, 9.25, 8.25],"texture":"#0"}}},{"from":[-5, 0.09704, 3.40664],"to":[5, 0.09704, 11.40664],"rotation":{"angle":0,"axis":"y","origin":[0, 5.04004, 6.79724]},"faces":{"north":{"uv":[7.875, 6, 9.125, 6],"texture":"#0"},"east":{"uv":[7.875, 6, 8.875, 6],"texture":"#0"},"south":{"uv":[7.875, 6, 9.125, 6],"texture":"#0"},"west":{"uv":[7.875, 6, 8.875, 6],"texture":"#0"},"up":{"uv":[7.875, 6, 9.125, 7],"texture":"#0"},"down":{"uv":[7.875, 6, 9.125, 7],"texture":"#0"}}},{"from":[-5, 0.19704, 3.40664],"to":[5, 4.19704, 3.40664],"rotation":{"angle":0,"axis":"y","origin":[0, 5.04004, 6.79724]},"faces":{"north":{"uv":[7.875, 7, 9.125, 7.5],"texture":"#0"},"east":{"uv":[8, 7, 8, 7.5],"texture":"#0"},"south":{"uv":[9.125, 7, 7.875, 7.5],"texture":"#0"},"west":{"uv":[8, 7, 8, 7.5],"texture":"#0"},"up":{"uv":[8, 7, 9.25, 7],"texture":"#0"},"down":{"uv":[8, 7, 9.25, 7],"texture":"#0"}}},{"from":[-5, 0.19704, 11.40664],"to":[5, 4.19704, 11.40664],"rotation":{"angle":0,"axis":"y","origin":[0, 5.04004, 6.79724]},"faces":{"north":{"uv":[7.875, 7, 9.125, 7.5],"texture":"#0"},"east":{"uv":[8, 7, 8, 7.5],"texture":"#0"},"south":{"uv":[9.125, 7, 7.875, 7.5],"texture":"#0"},"west":{"uv":[8, 7, 8, 7.5],"texture":"#0"},"up":{"uv":[8, 7, 9.25, 7],"texture":"#0"},"down":{"uv":[8, 7, 9.25, 7],"texture":"#0"}}},{"from":[-5, 0.19704, 3.40664],"to":[-5, 4.19704, 11.40664],"rotation":{"angle":0,"axis":"y","origin":[0, 5.04004, 6.79724]},"faces":{"north":{"uv":[8, 7, 8, 7.5],"texture":"#0"},"east":{"uv":[8, 7, 9, 7.5],"texture":"#0"},"south":{"uv":[8, 7, 8, 7.5],"texture":"#0"},"west":{"uv":[9, 7, 8, 7.5],"texture":"#0"},"up":{"uv":[8, 7, 9, 7],"rotation":90,"texture":"#0"},"down":{"uv":[8, 7, 9, 7],"rotation":270,"texture":"#0"}}},{"from":[5, 0.19704, 3.40664],"to":[5, 4.19704, 11.40664],"rotation":{"angle":0,"axis":"y","origin":[0, 5.04004, 6.79724]},"faces":{"north":{"uv":[8, 7, 8, 7.5],"texture":"#0"},"east":{"uv":[8, 7, 9, 7.5],"texture":"#0"},"south":{"uv":[8, 7, 8, 7.5],"texture":"#0"},"west":{"uv":[9, 7, 8, 7.5],"texture":"#0"},"up":{"uv":[8, 7, 9, 7],"rotation":90,"texture":"#0"},"down":{"uv":[8, 7, 9, 7],"rotation":270,"texture":"#0"}}},{"from":[-15.5, 0.09704, 3.40664],"to":[-5.5, 0.09704, 11.40664],"rotation":{"angle":0,"axis":"y","origin":[0, 5.04004, 6.79724]},"faces":{"north":{"uv":[7.875, 6, 9.125, 6],"texture":"#0"},"east":{"uv":[7.875, 6, 8.875, 6],"texture":"#0"},"south":{"uv":[7.875, 6, 9.125, 6],"texture":"#0"},"west":{"uv":[7.875, 6, 8.875, 6],"texture":"#0"},"up":{"uv":[7.875, 6, 9.125, 7],"texture":"#0"},"down":{"uv":[7.875, 6, 9.125, 7],"texture":"#0"}}},{"from":[-15.5, 0.19704, 3.40664],"to":[-5.5, 4.19704, 3.40664],"rotation":{"angle":0,"axis":"y","origin":[0, 5.04004, 6.79724]},"faces":{"north":{"uv":[7.875, 7, 9.125, 7.5],"texture":"#0"},"east":{"uv":[8, 7, 8, 7.5],"texture":"#0"},"south":{"uv":[9.125, 7, 7.875, 7.5],"texture":"#0"},"west":{"uv":[8, 7, 8, 7.5],"texture":"#0"},"up":{"uv":[8, 7, 9.25, 7],"texture":"#0"},"down":{"uv":[8, 7, 9.25, 7],"texture":"#0"}}},{"from":[-15.5, 0.19704, 11.40664],"to":[-5.5, 4.19704, 11.40664],"rotation":{"angle":0,"axis":"y","origin":[0, 5.04004, 6.79724]},"faces":{"north":{"uv":[7.875, 7, 9.125, 7.5],"texture":"#0"},"east":{"uv":[8, 7, 8, 7.5],"texture":"#0"},"south":{"uv":[9.125, 7, 7.875, 7.5],"texture":"#0"},"west":{"uv":[8, 7, 8, 7.5],"texture":"#0"},"up":{"uv":[8, 7, 9.25, 7],"texture":"#0"},"down":{"uv":[8, 7, 9.25, 7],"texture":"#0"}}},{"from":[-15.5, 0.19704, 3.40664],"to":[-15.5, 4.19704, 11.40664],"rotation":{"angle":0,"axis":"y","origin":[0, 5.04004, 6.79724]},"faces":{"north":{"uv":[8, 7, 8, 7.5],"texture":"#0"},"east":{"uv":[8, 7, 9, 7.5],"texture":"#0"},"south":{"uv":[8, 7, 8, 7.5],"texture":"#0"},"west":{"uv":[9, 7, 8, 7.5],"texture":"#0"},"up":{"uv":[8, 7, 9, 7],"rotation":90,"texture":"#0"},"down":{"uv":[8, 7, 9, 7],"rotation":270,"texture":"#0"}}},{"from":[-5.5, 0.19704, 3.40664],"to":[-5.5, 4.19704, 11.40664],"rotation":{"angle":0,"axis":"y","origin":[0, 5.04004, 6.79724]},"faces":{"north":{"uv":[8, 7, 8, 7.5],"texture":"#0"},"east":{"uv":[8, 7, 9, 7.5],"texture":"#0"},"south":{"uv":[8, 7, 8, 7.5],"texture":"#0"},"west":{"uv":[9, 7, 8, 7.5],"texture":"#0"},"up":{"uv":[8, 7, 9, 7],"rotation":90,"texture":"#0"},"down":{"uv":[8, 7, 9, 7],"rotation":270,"texture":"#0"}}},{"from":[0.2, 0.19704, 3.80664],"to":[4.7, 5.69704, 8.30664],"rotation":{"angle":0,"axis":"y","origin":[0, 5.04004, 6.79724]},"faces":{"north":{"uv":[8, 7.5, 8.5625, 8.1875],"texture":"#0"},"east":{"uv":[8, 7.5, 8.5625, 8.1875],"texture":"#0"},"south":{"uv":[8, 7.5, 8.5625, 8.1875],"texture":"#0"},"west":{"uv":[8, 7.5, 8.5625, 8.1875],"texture":"#0"},"up":{"uv":[6.9375, 7.3125, 7.5, 7.875],"texture":"#0"},"down":{"uv":[6.9375, 7.3125, 7.5, 7.875],"texture":"#0"}}},{"from":[-4.8, 0.19704, 5.80664],"to":[-0.3, 5.69704, 10.30664],"rotation":{"angle":0,"axis":"y","origin":[0, 5.04004, 6.79724]},"faces":{"north":{"uv":[8, 7.5, 8.5625, 8.1875],"texture":"#0"},"east":{"uv":[8, 7.5, 8.5625, 8.1875],"texture":"#0"},"south":{"uv":[8, 7.5, 8.5625, 8.1875],"texture":"#0"},"west":{"uv":[8, 7.5, 8.5625, 8.1875],"texture":"#0"},"up":{"uv":[6.9375, 7.3125, 7.5, 7.875],"texture":"#0"},"down":{"uv":[6.9375, 7.3125, 7.5, 7.875],"texture":"#0"}}}],"gui_light":"front","display":{"thirdperson_righthand":{"rotation":[67.5, 0, 0],"translation":[2, 1.25, 1.25],"scale":[0.24219, 0.24219, 0.24219]},"thirdperson_lefthand":{"rotation":[67.5, 0, 0],"translation":[-2, 1.25, 1.25],"scale":[0.24219, 0.24219, 0.24219]},"firstperson_righthand":{"translation":[3.5, 3, 0],"scale":[0.35117, 0.35117, 0.35117]},"firstperson_lefthand":{"translation":[-2.75, 3, 0],"scale":[0.35117, 0.35117, 0.35117]},"ground":{"translation":[4, 6, 0],"scale":[0.55, 0.55, 0.55]},"gui":{"rotation":[30, -135, 0],"translation":[-3.25, 0.75, 0],"scale":[0.54297, 0.54297, 0.54297]},"head":{"rotation":[0, 180, 0],"translation":[0, -30.4, 0],"scale":[1.6, 1.6, 1.6]},"fixed":{"rotation":[-90, 0, 0],"translation":[0, 0, -16],"scale":[2, 2, 2]}}}