{"texture_size":[48,48],"textures":{"0":"custom/hats/bunny_ears"},"elements":[{"from":[3,15,7.40625],"to":[5,23,8],"rotation":{"angle":0,"axis":"y","origin":[0,15,0]},"faces":{"north":{"uv":[4.66667,0,5.33333,2.66667],"texture":"#0"},"east":{"uv":[0,8.66667,0.33333,11.33333],"texture":"#0"},"south":{"uv":[6.66667,2.66667,7.33333,5.33333],"texture":"#0"},"west":{"uv":[8.66667,0,9,2.66667],"texture":"#0"},"up":{"uv":[9.66667,5.66667,9,5.33333],"texture":"#0"},"down":{"uv":[6.33333,9,5.66667,9.33333],"texture":"#0"}}},{"from":[1,14,6.40625],"to":[15,15,10],"rotation":{"angle":0,"axis":"y","origin":[0,15,0]},"faces":{"north":{"uv":[6.66667,8,11.33333,8.33333],"texture":"#0"},"east":{"uv":[5.66667,8.66667,7,9],"texture":"#0"},"south":{"uv":[6.66667,8.33333,11.33333,8.66667],"texture":"#0"},"west":{"uv":[7,8.66667,8.33333,9],"texture":"#0"},"up":{"uv":[4.66667,1.33333,0,0],"texture":"#0"},"down":{"uv":[4.66667,1.33333,0,2.66667],"texture":"#0"}}},{"from":[14,5,6.40625],"to":[15,14,10],"rotation":{"angle":0,"axis":"y","origin":[0,15,0]},"faces":{"north":{"uv":[2.66667,8.33333,3,11.33333],"texture":"#0"},"east":{"uv":[0,2.66667,1.33333,5.66667],"texture":"#0"},"south":{"uv":[3,8.33333,3.33333,11.33333],"texture":"#0"},"west":{"uv":[1.33333,2.66667,2.66667,5.66667],"texture":"#0"},"up":{"uv":[8.66667,10,8.33333,8.66667],"texture":"#0"},"down":{"uv":[9,8.66667,8.66667,10],"texture":"#0"}}},{"from":[1,5,6.40625],"to":[2,14,10],"rotation":{"angle":0,"axis":"y","origin":[16,15,0]},"faces":{"north":{"uv":[3.33333,8.33333,3.66667,11.33333],"texture":"#0"},"east":{"uv":[2.66667,2.66667,4,5.66667],"texture":"#0"},"south":{"uv":[3.66667,8.33333,4,11.33333],"texture":"#0"},"west":{"uv":[4,2.66667,5.33333,5.66667],"texture":"#0"},"up":{"uv":[9.33333,1.33333,9,0],"texture":"#0"},"down":{"uv":[9.33333,1.33333,9,2.66667],"texture":"#0"}}},{"from":[11,15,7.40625],"to":[13,23,8],"rotation":{"angle":0,"axis":"y","origin":[0,15,0]},"faces":{"north":{"uv":[6.66667,5.33333,7.33333,8],"texture":"#0"},"east":{"uv":[0.33333,8.66667,0.66667,11.33333],"texture":"#0"},"south":{"uv":[7.33333,2.66667,8,5.33333],"texture":"#0"},"west":{"uv":[0.66667,8.66667,1,11.33333],"texture":"#0"},"up":{"uv":[9.66667,6,9,5.66667],"texture":"#0"},"down":{"uv":[9.66667,6,9,6.33333],"texture":"#0"}}},{"from":[3,23,5.90625],"to":[5,31,6.4375],"rotation":{"angle":-22.5,"axis":"x","origin":[8,27,7.5]},"faces":{"north":{"uv":[7.33333,5.33333,8,8],"texture":"#0"},"east":{"uv":[1,8.66667,1.33333,11.33333],"texture":"#0"},"south":{"uv":[8,0,8.66667,2.66667],"texture":"#0"},"west":{"uv":[1.33333,8.66667,1.66667,11.33333],"texture":"#0"},"up":{"uv":[7,9.33333,6.33333,9],"texture":"#0"},"down":{"uv":[9.66667,6.33333,9,6.66667],"texture":"#0"}}},{"from":[11,23,5.90625],"to":[13,31,6.4375],"rotation":{"angle":-22.5,"axis":"x","origin":[8,27,7.5]},"faces":{"north":{"uv":[8,2.66667,8.66667,5.33333],"texture":"#0"},"east":{"uv":[1.66667,8.66667,2,11.33333],"texture":"#0"},"south":{"uv":[8,5.33333,8.66667,8],"texture":"#0"},"west":{"uv":[2,8.66667,2.33333,11.33333],"texture":"#0"},"up":{"uv":[9.66667,7,9,6.66667],"texture":"#0"},"down":{"uv":[7.66667,9,7,9.33333],"texture":"#0"}}},{"from":[2,23.5625,6.4375],"to":[6,32,7.71875],"rotation":{"angle":-22.5,"axis":"x","origin":[8,27,7.5]},"faces":{"north":{"uv":[2.66667,5.66667,4,8.33333],"texture":"#0"},"east":{"uv":[2.33333,8.66667,2.66667,11.33333],"texture":"#0"},"south":{"uv":[4,5.66667,5.33333,8.33333],"texture":"#0"},"west":{"uv":[8.66667,2.66667,9,5.33333],"texture":"#0"},"up":{"uv":[10.33333,3,9,2.66667],"texture":"#0"},"down":{"uv":[10.33333,3,9,3.33333],"texture":"#0"}}},{"from":[10,23.5625,6.4375],"to":[14,32,7.71875],"rotation":{"angle":-22.5,"axis":"x","origin":[8,27,7.5]},"faces":{"north":{"uv":[5.33333,6,6.66667,8.66667],"texture":"#0"},"east":{"uv":[5.33333,8.66667,5.66667,11.33333],"texture":"#0"},"south":{"uv":[6.66667,0,8,2.66667],"texture":"#0"},"west":{"uv":[8.66667,5.33333,9,8],"texture":"#0"},"up":{"uv":[10.33333,3.66667,9,3.33333],"texture":"#0"},"down":{"uv":[10.33333,3.66667,9,4],"texture":"#0"}}},{"from":[2,15,8],"to":[6,24,9],"rotation":{"angle":0,"axis":"y","origin":[0,15,0]},"faces":{"north":{"uv":[5.33333,0,6.66667,3],"texture":"#0"},"east":{"uv":[4,8.33333,4.33333,11.33333],"texture":"#0"},"south":{"uv":[5.33333,3,6.66667,6],"texture":"#0"},"west":{"uv":[4.33333,8.33333,4.66667,11.33333],"texture":"#0"},"up":{"uv":[10.33333,4.33333,9,4],"texture":"#0"},"down":{"uv":[10.33333,4.33333,9,4.66667],"texture":"#0"}}},{"from":[10,15,8],"to":[14,24,9],"rotation":{"angle":0,"axis":"y","origin":[0,15,0]},"faces":{"north":{"uv":[0,5.66667,1.33333,8.66667],"texture":"#0"},"east":{"uv":[4.66667,8.33333,5,11.33333],"texture":"#0"},"south":{"uv":[1.33333,5.66667,2.66667,8.66667],"texture":"#0"},"west":{"uv":[5,8.33333,5.33333,11.33333],"texture":"#0"},"up":{"uv":[10.33333,5,9,4.66667],"texture":"#0"},"down":{"uv":[10.33333,5,9,5.33333],"texture":"#0"}}}],"gui_light":"front","display":{"thirdperson_righthand":{"scale":[0.25977,0.25977,0.25977]},"thirdperson_lefthand":{"scale":[0.25977,0.25977,0.25977]},"firstperson_righthand":{"scale":[0.33008,0.33008,0.33008]},"firstperson_lefthand":{"scale":[0.33008,0.33008,0.33008]},"ground":{"scale":[0.54688,0.54688,0.54688]},"gui":{"rotation":[25,-150,0],"translation":[0,-4.5,0],"scale":[0.53711,0.53711,0.53711]},"fixed":{"translation":[0,-4.5,-2]}}}