{"ambientocclusion":false,"texture_size":[32,32],"textures":{"1":"custom/hats/crown"},"elements":[{"from":[0.3,-1,0.35],"to":[15.95,1.75,15.8],"faces":{"north":{"uv":[0,13,16,16],"texture":"#1"},"east":{"uv":[0,13,16,16],"texture":"#1"},"south":{"uv":[0,13,16,16],"texture":"#1"},"west":{"uv":[0,13,16,16],"texture":"#1"},"up":{"uv":[12,0,16,3],"texture":"#1"},"down":{"uv":[6,0,12,3],"texture":"#1"}}},{"from":[1,1.75,1],"to":[15,8.75,15],"faces":{"north":{"uv":[2,0,6,2],"texture":"#1"},"east":{"uv":[2,0,6,2],"texture":"#1"},"south":{"uv":[2,0,6,2],"texture":"#1"},"west":{"uv":[2,0,6,2],"texture":"#1"},"up":{"uv":[0,0,2,2],"texture":"#1"},"down":{"uv":[0,0,2,2],"texture":"#1"}}},{"from":[6.75,1,0.5],"to":[9.75,9.3,15.5],"faces":{"north":{"uv":[13.1,3,16,10.9],"texture":"#1"},"east":{"uv":[10.1,3,13,10.9],"texture":"#1"},"south":{"uv":[13.1,3,16,10.9],"texture":"#1"},"west":{"uv":[10.1,3.1,13,10.9],"texture":"#1"},"up":{"uv":[12.5,11,11,3],"texture":"#1"},"down":{"uv":[2.5,8,1,16],"texture":"#1"}}},{"from":[0.65,1,6.5],"to":[15.75,9.15,9.5],"faces":{"north":{"uv":[10,3,12.8,10.85],"texture":"#1"},"east":{"uv":[13,3,16,10.75],"texture":"#1"},"south":{"uv":[10.2,3.1,12.8,10.85],"texture":"#1"},"west":{"uv":[13,3,16,11.75],"texture":"#1"},"up":{"uv":[10.2,3,12.7,10.9],"rotation":90,"texture":"#1"},"down":{"uv":[3,8,4.5,15.75],"rotation":270,"texture":"#1"}}},{"from":[7.25,6.9,7],"to":[9.25,9.85,9],"rotation":{"angle":0,"axis":"y","origin":[0,0,-0.5]},"faces":{"north":{"uv":[13,0,15,2.75],"texture":"#1"},"east":{"uv":[13,0,15,2.75],"texture":"#1"},"south":{"uv":[14,0,16,2.75],"texture":"#1"},"west":{"uv":[14,0,16,2.75],"texture":"#1"},"up":{"uv":[14,0,16,2],"texture":"#1"},"down":{"uv":[3,10,4,11],"texture":"#1"}}},{"from":[0.35,7.4,1.9],"to":[0.75,9.3,3.9],"rotation":{"angle":45,"axis":"x","origin":[0,0,0]},"faces":{"north":{"uv":[5,2,6,7.9],"texture":"#1"},"east":{"uv":[8,1,9,1.95],"texture":"#1"},"south":{"uv":[0,2,1,7.9],"texture":"#1"},"west":{"uv":[0,2,6,7.9],"texture":"#1"},"up":{"uv":[5,2,6,8],"texture":"#1"},"down":{"uv":[5,2,6,8],"texture":"#1"}}},{"from":[0.5,1.75,13],"to":[3,4,15.5],"faces":{"north":{"uv":[1,9,3.5,11.25],"texture":"#1"},"east":{"uv":[2.5,8.5,5,10.75],"texture":"#1"},"south":{"uv":[6,3,9.8,7.75],"texture":"#1"},"west":{"uv":[6.1,3,9.9,7.85],"texture":"#1"},"up":{"uv":[1,9,3.5,11.5],"texture":"#1"},"down":{"uv":[14,4,15.25,5.25],"texture":"#1"}}},{"from":[13,1.75,13],"to":[15.5,4,15.5],"faces":{"north":{"uv":[2,9.5,4.5,11.75],"texture":"#1"},"east":{"uv":[6,3,9.8,7.85],"texture":"#1"},"south":{"uv":[6,3,9.9,7.85],"texture":"#1"},"west":{"uv":[1,8.4,3.5,10.65],"texture":"#1"},"up":{"uv":[0.5,10.1,3,12.6],"texture":"#1"},"down":{"uv":[4,14,5.25,15.25],"texture":"#1"}}},{"from":[0.5,1.75,0.5],"to":[3,4,3],"faces":{"north":{"uv":[6,3,9.8,7.95],"texture":"#1"},"east":{"uv":[2.3,10.4,4.8,12.65],"texture":"#1"},"south":{"uv":[2.9,8.5,5.4,10.75],"texture":"#1"},"west":{"uv":[6,3,9.8,7.85],"texture":"#1"},"up":{"uv":[1,9,3.5,11.5],"rotation":90,"texture":"#1"},"down":{"uv":[7,13,8.25,14.25],"rotation":270,"texture":"#1"}}},{"from":[13,1.75,0.5],"to":[15.5,4,3],"faces":{"north":{"uv":[6,3,9.9,7.95],"texture":"#1"},"east":{"uv":[6,3,9.8,7.85],"texture":"#1"},"south":{"uv":[1.7,8.2,4.2,10.45],"texture":"#1"},"west":{"uv":[0.8,10.4,3.3,12.65],"texture":"#1"},"up":{"uv":[2.7,10.3,5.2,12.8],"rotation":90,"texture":"#1"},"down":{"uv":[3,14,4.25,15.25],"rotation":270,"texture":"#1"}}},{"from":[0.5,4,0.5],"to":[2,5,2],"faces":{"north":{"uv":[6,8,9.9,10.9],"texture":"#1"},"east":{"uv":[3.6,11.6,5.1,12.6],"texture":"#1"},"south":{"uv":[1,10,2.5,11],"texture":"#1"},"west":{"uv":[6,8,9.8,10.9],"texture":"#1"},"up":{"uv":[0.2,8.2,1.7,9.7],"texture":"#1"},"down":{"uv":[10,3,10.75,3.75],"texture":"#1"}}},{"from":[0.5,4,14],"to":[2,5,15.5],"faces":{"north":{"uv":[3.9,11.2,5.4,12.2],"texture":"#1"},"east":{"uv":[2,10,3.5,11],"texture":"#1"},"south":{"uv":[6,8,9.8,10.9],"texture":"#1"},"west":{"uv":[6,8,9.9,10.9],"texture":"#1"},"up":{"uv":[3.2,8.4,4.7,9.9],"texture":"#1"},"down":{"uv":[8,4,8.75,4.75],"texture":"#1"}}},{"from":[14,4,14],"to":[15.5,5,15.5],"faces":{"north":{"uv":[3.6,10.8,5.1,11.8],"texture":"#1"},"east":{"uv":[6,8,9.6,10.8],"texture":"#1"},"south":{"uv":[6,8,9.8,10.9],"texture":"#1"},"west":{"uv":[2,9,3.5,10],"texture":"#1"},"up":{"uv":[1,11,2.5,12.5],"texture":"#1"},"down":{"uv":[11,5,11.75,5.75],"texture":"#1"}}},{"from":[14,4,0.5],"to":[15.5,5,2],"faces":{"north":{"uv":[6,8,9.5,10],"texture":"#1"},"east":{"uv":[6,8,9.4,9.9],"texture":"#1"},"south":{"uv":[2.2,10.4,3.7,11.4],"texture":"#1"},"west":{"uv":[4,11.7,5.5,12.7],"texture":"#1"},"up":{"uv":[2.3,8.4,3.8,9.9],"texture":"#1"},"down":{"uv":[1,11,1.75,11.75],"texture":"#1"}}}],"gui_light":"front","display":{"thirdperson_righthand":{"rotation":[24,-90,0],"translation":[0,-0.5,1.5],"scale":[0.43,0.43,0.43]},"thirdperson_lefthand":{"rotation":[24,-90,0],"translation":[0,-0.5,1.5],"scale":[0.43,0.43,0.43]},"firstperson_righthand":{"translation":[2.75,-0.25,-7]},"firstperson_lefthand":{"translation":[2.75,-0.25,-7]},"ground":{"translation":[0,1,0],"scale":[0.4,0.4,0.4]},"gui":{"rotation":[25,-150,0],"translation":[0,2.25,0],"scale":[0.7,0.7,0.7]},"head":{"rotation":[176.5,-90,169.5],"translation":[0.25,9.5,0.5],"scale":[1.08,1.05,1.07]},"fixed":{"rotation":[0,-90,0],"translation":[0,4,0]}},"groups":[{"name":"base","origin":[8,8,8],"color":0,"children":[0,1]},{"name":"strap","origin":[0,0,0],"color":0,"children":[2,3]},{"name":"jewlery","origin":[8,8,8],"color":0,"children":[4,5]},{"name":"sidepieces","origin":[8,8,8],"color":0,"children":[6,7,8,9,10,11,12,13]}]}