{"texture_size":[64,64],"textures":{"0":"custom/hats/hoglin_hat","particle":"custom/hats/hoglin_hat"},"elements":[{"from":[3,6.5,3],"to":[13,10,13],"faces":{"north":{"uv":[0,5,2.5,6],"texture":"#0"},"east":{"uv":[5,3.75,7.5,4.75],"texture":"#0"},"south":{"uv":[5,4.75,7.5,5.75],"texture":"#0"},"west":{"uv":[2.5,5.25,5,6.25],"texture":"#0"},"up":{"uv":[2.5,2.5,0,0],"texture":"#0"},"down":{"uv":[2.5,2.5,0,5],"texture":"#0"}}},{"from":[7,4.5,2],"to":[9,7,4],"faces":{"north":{"uv":[7,3,7.5,3.75],"texture":"#0"},"east":{"uv":[6.75,9.75,7.25,10.5],"texture":"#0"},"south":{"uv":[0,10,0.5,10.75],"texture":"#0"},"west":{"uv":[2.25,10,2.75,10.75],"texture":"#0"},"up":{"uv":[9.75,10.75,9.25,10.25],"texture":"#0"},"down":{"uv":[10.75,9.25,10.25,9.75],"texture":"#0"}}},{"from":[4,8.5,4],"to":[12,12,12],"faces":{"north":{"uv":[5,5.75,7,6.75],"texture":"#0"},"east":{"uv":[0,6,2,7],"texture":"#0"},"south":{"uv":[2,6.25,4,7.25],"texture":"#0"},"west":{"uv":[4,6.75,6,7.75],"texture":"#0"},"up":{"uv":[4.5,2,2.5,0],"texture":"#0"},"down":{"uv":[4.5,2,2.5,4],"texture":"#0"}}},{"from":[11.01,2.11,3.01],"to":[12.99,6.59,12.99],"rotation":{"angle":0,"axis":"y","origin":[16,0,0]},"faces":{"north":{"uv":[4.75,8.75,5.25,10],"texture":"#0"},"east":{"uv":[2.5,4,5,5.25],"texture":"#0"},"south":{"uv":[0.75,9,1.25,10.25],"texture":"#0"},"west":{"uv":[4.5,0,7,1.25],"texture":"#0"},"up":{"uv":[3.5,9.75,3,7.25],"texture":"#0"},"down":{"uv":[4,7.25,3.5,9.75],"texture":"#0"}}},{"from":[4.99,1.11,3.01],"to":[10.99,4.61,5.01],"rotation":{"angle":0,"axis":"y","origin":[15.99,0.01,0.01]},"faces":{"north":{"uv":[8,5,9.5,5.75],"texture":"#0"},"east":{"uv":[10,3.5,10.5,4.25],"texture":"#0"},"south":{"uv":[8,6.75,9.5,7.5],"texture":"#0"},"west":{"uv":[4.5,10,5,10.75],"texture":"#0"},"up":{"uv":[9.75,0.5,8.25,0],"texture":"#0"},"down":{"uv":[9.75,0.5,8.25,1],"texture":"#0"}}},{"from":[9,6.5,2],"to":[13.25,8,4],"rotation":{"angle":0,"axis":"y","origin":[16,-0.6,0]},"faces":{"north":{"uv":[4,6.25,5,6.75],"texture":"#0"},"east":{"uv":[9.75,10.25,10.25,10.75],"texture":"#0"},"south":{"uv":[9.5,5.25,10.5,5.75],"texture":"#0"},"west":{"uv":[10.25,10.25,10.75,10.75],"texture":"#0"},"up":{"uv":[10.75,3,9.75,2.5],"texture":"#0"},"down":{"uv":[4.5,9.75,3.5,10.25],"texture":"#0"}}},{"from":[2.75,6.5,2],"to":[7,8,4],"rotation":{"angle":0,"axis":"y","origin":[0,-0.6,0]},"faces":{"north":{"uv":[5.75,9.75,6.75,10.25],"texture":"#0"},"east":{"uv":[10.5,0,11,0.5],"texture":"#0"},"south":{"uv":[9.5,9.75,10.5,10.25],"texture":"#0"},"west":{"uv":[1,10.5,1.5,11],"texture":"#0"},"up":{"uv":[2.25,10.5,1.25,10],"texture":"#0"},"down":{"uv":[11,3,10,3.5],"texture":"#0"}}},{"from":[5.01,2.11,12.01],"to":[10.99,6.59,12.99],"rotation":{"angle":0,"axis":"y","origin":[16,0,0]},"faces":{"north":{"uv":[6,6.75,7.5,8],"texture":"#0"},"east":{"uv":[7.25,8,7.5,9.25],"texture":"#0"},"south":{"uv":[0,7,1.5,8.25],"texture":"#0"},"west":{"uv":[2.75,8.25,3,9.5],"texture":"#0"},"up":{"uv":[11,7.5,9.5,7.25],"texture":"#0"},"down":{"uv":[11.25,0.75,9.75,1],"texture":"#0"}}},{"from":[3.01,2.11,3.01],"to":[4.99,6.59,12.99],"faces":{"north":{"uv":[9,1,9.5,2.25],"texture":"#0"},"east":{"uv":[4.5,1.25,7,2.5],"texture":"#0"},"south":{"uv":[5.25,9,5.75,10.25],"texture":"#0"},"west":{"uv":[4.5,2.5,7,3.75],"texture":"#0"},"up":{"uv":[8,5.5,7.5,3],"texture":"#0"},"down":{"uv":[8,6.75,7.5,9.25],"texture":"#0"}}},{"from":[11.8,8.8,5.8],"to":[14.2,12.2,9.2],"rotation":{"angle":22.5,"axis":"z","origin":[13,9,8]},"faces":{"north":{"uv":[10,5.75,10.5,6.5],"texture":"#0"},"east":{"uv":[9,2.25,9.75,3],"texture":"#0"},"south":{"uv":[7.25,10,7.75,10.75],"texture":"#0"},"west":{"uv":[5.75,9,6.5,9.75],"texture":"#0"},"up":{"uv":[10.5,8.25,10,7.5],"texture":"#0"},"down":{"uv":[8.25,10,7.75,10.75],"texture":"#0"}}},{"from":[1.8,8.8,5.8],"to":[4.2,12.2,9.2],"rotation":{"angle":-22.5,"axis":"z","origin":[3,9,8]},"faces":{"north":{"uv":[8.25,10,8.75,10.75],"texture":"#0"},"east":{"uv":[6.5,9,7.25,9.75],"texture":"#0"},"south":{"uv":[8.75,10,9.25,10.75],"texture":"#0"},"west":{"uv":[1.25,9.25,2,10],"texture":"#0"},"up":{"uv":[1,11,0.5,10.25],"texture":"#0"},"down":{"uv":[10.75,1,10.25,1.75],"texture":"#0"}}},{"from":[14.32453,8.49663,6],"to":[17.32453,11.49663,9],"rotation":{"angle":45,"axis":"z","origin":[13.12453,8.49663,8]},"faces":{"north":{"uv":[2,9.25,2.75,10],"texture":"#0"},"east":{"uv":[9.25,3,10,3.75],"texture":"#0"},"south":{"uv":[9.25,3.75,10,4.5],"texture":"#0"},"west":{"uv":[9.25,5.75,10,6.5],"texture":"#0"},"up":{"uv":[8,10,7.25,9.25],"texture":"#0"},"down":{"uv":[10,7.5,9.25,8.25],"texture":"#0"}}},{"from":[-1.32453,8.49663,6],"to":[1.67547,11.49663,9],"rotation":{"angle":-45,"axis":"z","origin":[2.87547,8.49663,8]},"faces":{"north":{"uv":[8,9.25,8.75,10],"texture":"#0"},"east":{"uv":[8.75,9.25,9.5,10],"texture":"#0"},"south":{"uv":[9.5,1,10.25,1.75],"texture":"#0"},"west":{"uv":[9.5,4.5,10.25,5.25],"texture":"#0"},"up":{"uv":[10.25,7.25,9.5,6.5],"texture":"#0"},"down":{"uv":[10.25,8.25,9.5,9],"texture":"#0"}}},{"from":[13.33964,12.48855,6.4],"to":[15.53964,15.68855,8.6],"rotation":{"angle":-22.5,"axis":"z","origin":[11.93964,11.88855,5]},"faces":{"north":{"uv":[6.5,8,7.25,9],"texture":"#0"},"east":{"uv":[8.25,1,9,2],"texture":"#0"},"south":{"uv":[1.25,8.25,2,9.25],"texture":"#0"},"west":{"uv":[2,8.25,2.75,9.25],"texture":"#0"},"up":{"uv":[10.25,9.75,9.5,9],"texture":"#0"},"down":{"uv":[10.5,0,9.75,0.75],"texture":"#0"}}},{"from":[0.46036,12.48855,6.4],"to":[2.66036,15.68855,8.6],"rotation":{"angle":22.5,"axis":"z","origin":[4.06036,11.88855,5]},"faces":{"north":{"uv":[8.25,2,9,3],"texture":"#0"},"east":{"uv":[8,8.25,8.75,9.25],"texture":"#0"},"south":{"uv":[8.5,5.75,9.25,6.75],"texture":"#0"},"west":{"uv":[4,8.75,4.75,9.75],"texture":"#0"},"up":{"uv":[10.5,2.5,9.75,1.75],"texture":"#0"},"down":{"uv":[3.5,9.75,2.75,10.5],"texture":"#0"}}},{"from":[5.5,1,1],"to":[10.5,5,4],"faces":{"north":{"uv":[4,7.75,5.25,8.75],"texture":"#0"},"east":{"uv":[8.75,8.25,9.5,9.25],"texture":"#0"},"south":{"uv":[8,3,9.25,4],"texture":"#0"},"west":{"uv":[0,9,0.75,10],"texture":"#0"},"up":{"uv":[9.25,8.25,8,7.5],"texture":"#0"},"down":{"uv":[1.25,8.25,0,9],"texture":"#0"}}},{"from":[10.1,2.1,1.1],"to":[11.9,3.9,2.9],"faces":{"north":{"uv":[1.5,10.5,2,11],"texture":"#0"},"east":{"uv":[10.5,1.75,11,2.25],"texture":"#0"},"south":{"uv":[2.75,10.5,3.25,11],"texture":"#0"},"west":{"uv":[10.5,3.5,11,4],"texture":"#0"},"up":{"uv":[11,5.75,10.5,5.25],"texture":"#0"},"down":{"uv":[11,5.75,10.5,6.25],"texture":"#0"}}},{"from":[4.1,2.1,1.1],"to":[5.9,3.9,2.9],"rotation":{"angle":0,"axis":"y","origin":[16,0,0]},"faces":{"north":{"uv":[6.5,10.5,7,11],"texture":"#0"},"east":{"uv":[10.5,7.5,11,8],"texture":"#0"},"south":{"uv":[10.5,9.75,11,10.25],"texture":"#0"},"west":{"uv":[0,10.75,0.5,11.25],"texture":"#0"},"up":{"uv":[11.25,1.5,10.75,1],"texture":"#0"},"down":{"uv":[2.5,10.75,2,11.25],"texture":"#0"}}},{"from":[16.2967,-3.97315,1.2],"to":[18.8967,-2.37315,2.8],"rotation":{"angle":45,"axis":"z","origin":[6.5967,-6.17315,0]},"faces":{"north":{"uv":[3.5,10.25,4.25,10.75],"texture":"#0"},"east":{"uv":[10.75,2.25,11.25,2.75],"texture":"#0"},"south":{"uv":[10.25,4.25,11,4.75],"texture":"#0"},"west":{"uv":[3.25,10.75,3.75,11.25],"texture":"#0"},"up":{"uv":[11,5.25,10.25,4.75],"texture":"#0"},"down":{"uv":[5.75,10.25,5,10.75],"texture":"#0"}}},{"from":[-2.8967,-3.97315,1.2],"to":[-0.2967,-2.37315,2.8],"rotation":{"angle":-45,"axis":"z","origin":[9.4033,-6.17315,0]},"faces":{"north":{"uv":[5.75,10.25,6.5,10.75],"texture":"#0"},"east":{"uv":[3.75,10.75,4.25,11.25],"texture":"#0"},"south":{"uv":[10.25,6.5,11,7],"texture":"#0"},"west":{"uv":[4.25,10.75,4.75,11.25],"texture":"#0"},"up":{"uv":[11,8.75,10.25,8.25],"texture":"#0"},"down":{"uv":[11,8.75,10.25,9.25],"texture":"#0"}}},{"from":[5.5,9,2],"to":[10.5,13,8],"rotation":{"angle":0,"axis":"y","origin":[-3,-1,1]},"faces":{"north":{"uv":[8,4,9.25,5],"texture":"#0"},"east":{"uv":[7,5.75,8.5,6.75],"texture":"#0"},"south":{"uv":[5.25,8,6.5,9],"texture":"#0"},"west":{"uv":[1.5,7.25,3,8.25],"texture":"#0"},"up":{"uv":[8.25,1.5,7,0],"texture":"#0"},"down":{"uv":[8.25,1.5,7,3],"texture":"#0"}}}],"gui_light":"front","display":{"thirdperson_righthand":{"rotation":[40.25,0,0],"translation":[0,-0.25,0],"scale":[0.375,0.375,0.375]},"thirdperson_lefthand":{"rotation":[40.25,0,0],"translation":[0,-0.25,0],"scale":[0.375,0.375,0.375]},"firstperson_righthand":{"translation":[0.25,3,2.25],"scale":[0.4,0.4,0.4]},"firstperson_lefthand":{"translation":[0.25,3,2.25],"scale":[0.4,0.4,0.4]},"ground":{"translation":[0,3,0],"scale":[0.5,0.5,0.5]},"gui":{"rotation":[25,-150,0],"translation":[0,0.5,0],"scale":[0.77,0.77,0.77]},"head":{"translation":[0,4,0.25],"scale":[1.55,1.55,1.55]}},"groups":[{"name":"head","origin":[8,8,8],"color":0,"children":[{"name":"hat_5","origin":[8,8,8],"color":0,"children":[0,1,2,3,4,5,6,7,8,9,10,11,12,13,14,15,16,17,18,19,20]}]}]}