{"texture_size":[32,32],"textures":{"0":"custom/hats/pirate_hat"},"elements":[{"from":[4.5,7.95,2.8],"to":[11.5,13.95,3.8],"faces":{"north":{"uv":[4.5,4.5,8,7.5],"texture":"#0"},"east":{"uv":[11.5,12,12,15],"texture":"#0"},"south":{"uv":[4.5,7.5,8,10.5],"texture":"#0"},"west":{"uv":[12,12,12.5,15],"texture":"#0"},"up":{"uv":[15,7.5,11.5,7],"texture":"#0"},"down":{"uv":[15,7.5,11.5,8],"texture":"#0"}}},{"from":[4.5,7.95,12.25],"to":[11.5,12.95,13.25],"faces":{"north":{"uv":[8,4.5,11.5,7],"texture":"#0"},"east":{"uv":[13,4.5,13.5,7],"texture":"#0"},"south":{"uv":[8,7,11.5,9.5],"texture":"#0"},"west":{"uv":[12.5,13,13,15.5],"texture":"#0"},"up":{"uv":[15,8.5,11.5,8],"texture":"#0"},"down":{"uv":[15,8.5,11.5,9],"texture":"#0"}}},{"from":[14.5,7.95,4],"to":[17.5,9.95,5],"rotation":{"angle":-22.5,"axis":"y","origin":[14.5,9.75,3.5]},"faces":{"north":{"uv":[0,12.5,1.5,13.5],"texture":"#0"},"east":{"uv":[2,13.5,2.5,14.5],"texture":"#0"},"south":{"uv":[1.5,12.5,3,13.5],"texture":"#0"},"west":{"uv":[0,0,0.5,1],"texture":"#0"},"up":{"uv":[15,1,13.5,0.5],"texture":"#0"},"down":{"uv":[15,1,13.5,1.5],"texture":"#0"}}},{"from":[11.5,7.95,4],"to":[14.5,12.95,5],"rotation":{"angle":-22.5,"axis":"y","origin":[14.5,9.75,3.5]},"faces":{"north":{"uv":[4,11.5,5.5,14],"texture":"#0"},"east":{"uv":[3,12.5,3.5,15],"texture":"#0"},"south":{"uv":[11.5,4.5,13,7],"texture":"#0"},"west":{"uv":[3.5,12.5,4,15],"texture":"#0"},"up":{"uv":[15,0.5,13.5,0],"texture":"#0"},"down":{"uv":[2,13.5,0.5,14],"texture":"#0"}}},{"from":[-1.5,7.95,4],"to":[1.5,9.95,5],"rotation":{"angle":22.5,"axis":"y","origin":[1.5,9.75,3.5]},"faces":{"north":{"uv":[1.5,12.5,0,13.5],"texture":"#0"},"east":{"uv":[0.5,0,0,1],"texture":"#0"},"south":{"uv":[3,12.5,1.5,13.5],"texture":"#0"},"west":{"uv":[2.5,13.5,2,14.5],"texture":"#0"},"up":{"uv":[13.5,1,15,0.5],"texture":"#0"},"down":{"uv":[13.5,1,15,1.5],"texture":"#0"}}},{"from":[1.5,7.95,4],"to":[4.5,12.95,5],"rotation":{"angle":22.5,"axis":"y","origin":[1.5,9.75,3.5]},"faces":{"north":{"uv":[5.5,11.5,4,14],"texture":"#0"},"east":{"uv":[4,12.5,3.5,15],"texture":"#0"},"south":{"uv":[13,4.5,11.5,7],"texture":"#0"},"west":{"uv":[3.5,12.5,3,15],"texture":"#0"},"up":{"uv":[13.5,0.5,15,0],"texture":"#0"},"down":{"uv":[0.5,13.5,2,14],"texture":"#0"}}},{"from":[3.5,8,3.5],"to":[12.5,11.25,12.5],"rotation":{"angle":0,"axis":"y","origin":[-0.5,-1.5,0.5]},"faces":{"north":{"uv":[0,9,4.5,10.5],"texture":"#0"},"east":{"uv":[9,0,13.5,1.5],"texture":"#0"},"south":{"uv":[9,1.5,13.5,3],"texture":"#0"},"west":{"uv":[9,3,13.5,4.5],"texture":"#0"},"up":{"uv":[4.5,4.5,0,0],"texture":"#0"},"down":{"uv":[4.5,4.5,0,9],"texture":"#0"}}},{"from":[3.75,6.875,3.75],"to":[12.25,9.125,12.25],"rotation":{"angle":0,"axis":"y","origin":[-0.25,-1.625,0.75]},"faces":{"north":{"uv":[8,9.5,12.5,10.5],"texture":"#0"},"east":{"uv":[0,10.5,4.5,11.5],"texture":"#0"},"south":{"uv":[4.5,10.5,9,11.5],"texture":"#0"},"west":{"uv":[9,10.5,13.5,11.5],"texture":"#0"},"up":{"uv":[0,0,4.25,4.25],"texture":"#0"},"down":{"uv":[9,0,4.5,4.5],"texture":"#0"}}},{"from":[12.5,8,4],"to":[13.5,10.25,12],"rotation":{"angle":0,"axis":"y","origin":[-0.5,-1.5,0.5]},"faces":{"north":{"uv":[0,0,0.5,1.125],"texture":"#0"},"east":{"uv":[0,11.5,4,12.5],"texture":"#0"},"south":{"uv":[0,0,0.5,1.125],"texture":"#0"},"west":{"uv":[0,0,4,1.125],"texture":"#0"},"up":{"uv":[9,15.5,8.5,11.5],"texture":"#0"},"down":{"uv":[9.5,11.5,9,15.5],"texture":"#0"}}},{"from":[13.5,8,4.5],"to":[14.5,9.25,11.5],"rotation":{"angle":0,"axis":"y","origin":[-0.5,-1.5,0.5]},"faces":{"north":{"uv":[0,0,0.5,0.625],"texture":"#0"},"east":{"uv":[11.5,9,15,9.5],"texture":"#0"},"south":{"uv":[0,0,0.5,0.625],"texture":"#0"},"west":{"uv":[0,0,3.5,0.625],"texture":"#0"},"up":{"uv":[10,15,9.5,11.5],"texture":"#0"},"down":{"uv":[10.5,11.5,10,15],"texture":"#0"}}},{"from":[14.5,8,4.5],"to":[15.5,8.5,11.5],"rotation":{"angle":0,"axis":"y","origin":[-0.5,-1.5,0.5]},"faces":{"north":{"uv":[0,0,0.5,0.25],"texture":"#0"},"east":{"uv":[10.5,11.5,14,12],"texture":"#0"},"south":{"uv":[0,0,0.5,0.25],"texture":"#0"},"west":{"uv":[0,0,3.5,0.25],"texture":"#0"},"up":{"uv":[11,15.5,10.5,12],"texture":"#0"},"down":{"uv":[11.5,12,11,15.5],"texture":"#0"}}},{"from":[2.5,8,4],"to":[3.5,10.25,12],"rotation":{"angle":0,"axis":"y","origin":[16.5,-1.5,0.5]},"faces":{"north":{"uv":[0.5,0,0,1.125],"texture":"#0"},"east":{"uv":[4,0,0,1.125],"texture":"#0"},"south":{"uv":[0.5,0,0,1.125],"texture":"#0"},"west":{"uv":[4,11.5,0,12.5],"texture":"#0"},"up":{"uv":[8.5,15.5,9,11.5],"texture":"#0"},"down":{"uv":[9,11.5,9.5,15.5],"texture":"#0"}}},{"from":[1.5,8,4.5],"to":[2.5,9.25,11.5],"rotation":{"angle":0,"axis":"y","origin":[16.5,-1.5,0.5]},"faces":{"north":{"uv":[0.5,0,0,0.625],"texture":"#0"},"east":{"uv":[3.5,0,0,0.625],"texture":"#0"},"south":{"uv":[0.5,0,0,0.625],"texture":"#0"},"west":{"uv":[15,9,11.5,9.5],"texture":"#0"},"up":{"uv":[9.5,15,10,11.5],"texture":"#0"},"down":{"uv":[10,11.5,10.5,15],"texture":"#0"}}},{"from":[0.5,8,4.5],"to":[1.5,8.5,11.5],"rotation":{"angle":0,"axis":"y","origin":[16.5,-1.5,0.5]},"faces":{"north":{"uv":[0.5,0,0,0.25],"texture":"#0"},"east":{"uv":[3.5,0,0,0.25],"texture":"#0"},"south":{"uv":[0.5,0,0,0.25],"texture":"#0"},"west":{"uv":[14,11.5,10.5,12],"texture":"#0"},"up":{"uv":[10.5,15.5,11,12],"texture":"#0"},"down":{"uv":[11,12,11.5,15.5],"texture":"#0"}}},{"from":[14.5,7.95,11],"to":[17.5,9.95,12],"rotation":{"angle":22.5,"axis":"y","origin":[14.5,9.75,12.5]},"faces":{"north":{"uv":[12.5,9.5,14,10.5],"texture":"#0"},"east":{"uv":[2.5,13.5,3,14.5],"texture":"#0"},"south":{"uv":[12.5,12,14,13],"texture":"#0"},"west":{"uv":[0.5,0,1,1],"texture":"#0"},"up":{"uv":[15,2,13.5,1.5],"texture":"#0"},"down":{"uv":[15,2,13.5,2.5],"texture":"#0"}}},{"from":[11.5,7.95,11],"to":[14.5,12.95,12],"rotation":{"angle":22.5,"axis":"y","origin":[14.5,9.75,12.5]},"faces":{"north":{"uv":[5.5,11.5,7,14],"texture":"#0"},"east":{"uv":[13,13,13.5,15.5],"texture":"#0"},"south":{"uv":[7,11.5,8.5,14],"texture":"#0"},"west":{"uv":[0,13.5,0.5,16],"texture":"#0"},"up":{"uv":[15,3,13.5,2.5],"texture":"#0"},"down":{"uv":[15,3,13.5,3.5],"texture":"#0"}}},{"from":[-1.5,7.95,11],"to":[1.5,9.95,12],"rotation":{"angle":-22.5,"axis":"y","origin":[1.5,9.75,12.5]},"faces":{"north":{"uv":[14,9.5,12.5,10.5],"texture":"#0"},"east":{"uv":[1,0,0.5,1],"texture":"#0"},"south":{"uv":[14,12,12.5,13],"texture":"#0"},"west":{"uv":[3,13.5,2.5,14.5],"texture":"#0"},"up":{"uv":[13.5,2,15,1.5],"texture":"#0"},"down":{"uv":[13.5,2,15,2.5],"texture":"#0"}}},{"from":[1.5,7.95,11],"to":[4.5,12.95,12],"rotation":{"angle":-22.5,"axis":"y","origin":[1.5,9.75,12.5]},"faces":{"north":{"uv":[7,11.5,5.5,14],"texture":"#0"},"east":{"uv":[0.5,13.5,0,16],"texture":"#0"},"south":{"uv":[8.5,11.5,7,14],"texture":"#0"},"west":{"uv":[13.5,13,13,15.5],"texture":"#0"},"up":{"uv":[13.5,3,15,2.5],"texture":"#0"},"down":{"uv":[13.5,3,15,3.5],"texture":"#0"}}}],"gui_light":"front","display":{"thirdperson_righthand":{"rotation":[-62,0,0],"scale":[0.5,0.5,0.5]},"thirdperson_lefthand":{"rotation":[-62,0,0],"scale":[0.5,0.5,0.5]},"firstperson_righthand":{"scale":[0.5,0.5,0.5]},"firstperson_lefthand":{"scale":[0.5,0.5,0.5]},"ground":{"translation":[0,-2.5,0],"scale":[0.75,0.75,0.75]},"gui":{"rotation":[25,-150,0],"translation":[0,-1.75,0],"scale":[0.75,0.75,0.75]},"head":{"rotation":[15,0,0],"translation":[0,3.5,0.25],"scale":[1.9,1.75,1.9]},"fixed":{"translation":[0,-3,1]}},"groups":[0,1,{"name":"group","origin":[0,0,0],"color":0,"children":[2,3,{"name":"group","origin":[0,0,0],"color":0,"children":[4,5]}]},6,7,8,9,10,11,12,13,{"name":"group","origin":[0,0,0],"color":0,"children":[14,15,{"name":"group","origin":[0,0,0],"color":0,"children":[16,17]}]}]}