{"textures":{"0":"custom/hats/scuba_gear"},"elements":[{"from":[4,3,5],"to":[12,8,5],"faces":{"north":{"uv":[0,0,8,5],"texture":"#0"},"east":{"uv":[0,0,0,2.5],"texture":"#0"},"south":{"uv":[0,0,8,5],"texture":"#0"},"west":{"uv":[0,0,0,2.5],"texture":"#0"},"up":{"uv":[4,0,0,0],"texture":"#0"},"down":{"uv":[4,0,0,0],"texture":"#0"}}},{"from":[4,5,5],"to":[4,7,13],"faces":{"north":{"uv":[0,0,0,1],"texture":"#0"},"east":{"uv":[8,0,16,2],"texture":"#0"},"south":{"uv":[0,0,0,1],"texture":"#0"},"west":{"uv":[8,2,16,0],"texture":"#0"},"up":{"uv":[0,4,0,0],"texture":"#0"},"down":{"uv":[0,0,0,4],"texture":"#0"}}},{"from":[12,5,5],"to":[12,7,13],"faces":{"north":{"uv":[0,0,0,1],"texture":"#0"},"east":{"uv":[8,0,16,2],"texture":"#0"},"south":{"uv":[0,0,0,1],"texture":"#0"},"west":{"uv":[16,0,8,2],"texture":"#0"},"up":{"uv":[0,4,0,0],"texture":"#0"},"down":{"uv":[0,0,0,4],"texture":"#0"}}},{"from":[2,2,4.1],"to":[9,3.5,5.6],"rotation":{"angle":0,"axis":"x","origin":[0,0,-0.4]},"faces":{"north":{"uv":[0,5,7,7],"texture":"#0"},"east":{"uv":[0,5,1,7],"texture":"#0"},"south":{"uv":[7,5,0,7],"texture":"#0"},"west":{"uv":[6,5,7,7],"texture":"#0"},"up":{"uv":[0,5,7,7],"texture":"#0"},"down":{"uv":[7,5,0,7],"texture":"#0"}}},{"from":[2.5,5,3.6],"to":[4,15,5.1],"rotation":{"angle":22.5,"axis":"x","origin":[0,3,-0.4]},"faces":{"north":{"uv":[0,7,11,9],"rotation":270,"texture":"#0"},"east":{"uv":[0,9,11,7],"rotation":270,"texture":"#0"},"south":{"uv":[0,7,11,9],"rotation":270,"texture":"#0"},"west":{"uv":[0,9,11,7],"rotation":270,"texture":"#0"},"up":{"uv":[13,9,11,7],"texture":"#0"},"down":{"uv":[1,8,0,9],"texture":"#0"}}},{"from":[4,5,13],"to":[12,7,13],"faces":{"north":{"uv":[8,2,16,4],"texture":"#0"},"east":{"uv":[0,0,0,1],"texture":"#0"},"south":{"uv":[8,2,16,4],"texture":"#0"},"west":{"uv":[0,0,0,1],"texture":"#0"},"up":{"uv":[4,0,0,0],"texture":"#0"},"down":{"uv":[4,0,0,0],"texture":"#0"}}}],"gui_light":"front","display":{"thirdperson_righthand":{"rotation":[-18.44,0,0],"translation":[0,-1.5,-3],"scale":[0.8,0.8,0.8]},"thirdperson_lefthand":{"rotation":[-18.44,0,0],"translation":[0,-1.5,-3],"scale":[0.8,0.8,0.8]},"firstperson_righthand":{"translation":[3,1.25,0]},"firstperson_lefthand":{"translation":[3,1.25,0]},"gui":{"rotation":[25,-150,0],"translation":[0,1,0]},"head":{"translation":[0,3.75,-2],"scale":[1.9,1.9,1.9]},"fixed":{"translation":[0.75,2.25,0.75],"scale":[1.3,1.3,1.3]}}}