{"textures":{"0":"custom/hats/thuglife_glasses"},"elements":[{"from":[0,5,0],"to":[16,6,0],"faces":{"north":{"uv":[0,0,16,1],"texture":"#0"},"east":{"uv":[0,0,0,1],"texture":"#0"},"south":{"uv":[0,1,16,2],"texture":"#0"},"west":{"uv":[0,0,0,1],"texture":"#0"},"up":{"uv":[16,0,0,0],"texture":"#0"},"down":{"uv":[16,0,0,0],"texture":"#0"}}},{"from":[0,4,0],"to":[7,5,0],"faces":{"north":{"uv":[0,6,7,7],"texture":"#0"},"east":{"uv":[0,0,0,1],"texture":"#0"},"south":{"uv":[0,7,7,8],"texture":"#0"},"west":{"uv":[0,0,0,1],"texture":"#0"},"up":{"uv":[7,0,0,0],"texture":"#0"},"down":{"uv":[7,0,0,0],"texture":"#0"}}},{"from":[1,3,0],"to":[6,4,0],"faces":{"north":{"uv":[0,8,5,9],"texture":"#0"},"east":{"uv":[0,0,0,1],"texture":"#0"},"south":{"uv":[8,2,13,3],"texture":"#0"},"west":{"uv":[0,0,0,1],"texture":"#0"},"up":{"uv":[5,0,0,0],"texture":"#0"},"down":{"uv":[5,0,0,0],"texture":"#0"}}},{"from":[10,3,0],"to":[15,4,0],"faces":{"north":{"uv":[8,3,13,4],"texture":"#0"},"east":{"uv":[0,0,0,1],"texture":"#0"},"south":{"uv":[8,4,13,5],"texture":"#0"},"west":{"uv":[0,0,0,1],"texture":"#0"},"up":{"uv":[5,0,0,0],"texture":"#0"},"down":{"uv":[5,0,0,0],"texture":"#0"}}},{"from":[9,4,0],"to":[16,5,0],"faces":{"north":{"uv":[7,6,14,7],"texture":"#0"},"east":{"uv":[0,0,0,1],"texture":"#0"},"south":{"uv":[7,7,14,8],"texture":"#0"},"west":{"uv":[0,0,0,1],"texture":"#0"},"up":{"uv":[7,0,0,0],"texture":"#0"},"down":{"uv":[7,0,0,0],"texture":"#0"}}},{"from":[2,2,0],"to":[5,3,0],"faces":{"north":{"uv":[5,8,8,9],"texture":"#0"},"east":{"uv":[0,0,0,1],"texture":"#0"},"south":{"uv":[8,5,11,6],"texture":"#0"},"west":{"uv":[0,0,0,1],"texture":"#0"},"up":{"uv":[3,0,0,0],"texture":"#0"},"down":{"uv":[3,0,0,0],"texture":"#0"}}},{"from":[11,2,0],"to":[14,3,0],"faces":{"north":{"uv":[8,8,11,9],"texture":"#0"},"east":{"uv":[0,0,0,1],"texture":"#0"},"south":{"uv":[0,9,3,10],"texture":"#0"},"west":{"uv":[0,0,0,1],"texture":"#0"},"up":{"uv":[3,0,0,0],"texture":"#0"},"down":{"uv":[3,0,0,0],"texture":"#0"}}},{"from":[0,5,0],"to":[0,6,8],"faces":{"north":{"uv":[0,0,0,1],"texture":"#0"},"east":{"uv":[0,2,8,3],"texture":"#0"},"south":{"uv":[0,0,0,1],"texture":"#0"},"west":{"uv":[0,3,8,4],"texture":"#0"},"up":{"uv":[0,8,0,0],"texture":"#0"},"down":{"uv":[0,0,0,8],"texture":"#0"}}},{"from":[16,5,0],"to":[16,6,8],"faces":{"north":{"uv":[0,0,0,1],"texture":"#0"},"east":{"uv":[0,4,8,5],"texture":"#0"},"south":{"uv":[0,0,0,1],"texture":"#0"},"west":{"uv":[0,5,8,6],"texture":"#0"},"up":{"uv":[0,8,0,0],"texture":"#0"},"down":{"uv":[0,0,0,8],"texture":"#0"}}},{"from":[0,4,7],"to":[0,5,9],"faces":{"north":{"uv":[0,0,0,1],"texture":"#0"},"east":{"uv":[3,9,5,10],"texture":"#0"},"south":{"uv":[0,0,0,1],"texture":"#0"},"west":{"uv":[5,9,7,10],"texture":"#0"},"up":{"uv":[0,2,0,0],"texture":"#0"},"down":{"uv":[0,0,0,2],"texture":"#0"}}},{"from":[16,4,7],"to":[16,5,9],"faces":{"north":{"uv":[0,0,0,1],"texture":"#0"},"east":{"uv":[7,9,9,10],"texture":"#0"},"south":{"uv":[0,0,0,1],"texture":"#0"},"west":{"uv":[9,9,11,10],"texture":"#0"},"up":{"uv":[0,2,0,0],"texture":"#0"},"down":{"uv":[0,0,0,2],"texture":"#0"}}},{"from":[0,3,8],"to":[0,4,9],"faces":{"north":{"uv":[0,0,0,1],"texture":"#0"},"east":{"uv":[0,10,1,11],"texture":"#0"},"south":{"uv":[0,0,0,1],"texture":"#0"},"west":{"uv":[1,10,2,11],"texture":"#0"},"up":{"uv":[0,1,0,0],"texture":"#0"},"down":{"uv":[0,0,0,1],"texture":"#0"}}},{"from":[16,3,8],"to":[16,4,9],"faces":{"north":{"uv":[0,0,0,1],"texture":"#0"},"east":{"uv":[2,10,3,11],"texture":"#0"},"south":{"uv":[0,0,0,1],"texture":"#0"},"west":{"uv":[3,10,4,11],"texture":"#0"},"up":{"uv":[0,1,0,0],"texture":"#0"},"down":{"uv":[0,0,0,1],"texture":"#0"}}}],"display":{"thirdperson_righthand":{"rotation":[71.5,0,0],"translation":[0,-1.25,3.5],"scale":[0.55,0.55,0.55]},"thirdperson_lefthand":{"rotation":[71.5,0,0],"translation":[0,-1.25,3.5],"scale":[0.55,0.55,0.55]},"firstperson_righthand":{"rotation":[-1,0,0],"translation":[0,2.25,2.75],"scale":[0.55,0.55,0.55]},"firstperson_lefthand":{"rotation":[-1,0,0],"translation":[0,2.25,2.75],"scale":[0.55,0.55,0.55]},"ground":{"translation":[0,0.75,0],"scale":[0.7,0.7,0.7]},"gui":{"rotation":[25,-150,0],"translation":[-1.25,3.5,0],"scale":[0.81,0.81,0.81]},"head":{"translation":[0,3.25,0.75]},"fixed":{"translation":[0,3,2.75]}}}