{"texture_size":[32,32],"textures":{"0":"custom/hats/wizard_hat"},"elements":[{"from":[2.5,0,2.5],"to":[13.5,2,13.5],"rotation":{"angle":0,"axis":"y","origin":[8,1,8]},"faces":{"north":{"uv":[9,7.5,14.5,8.5],"texture":"#0"},"east":{"uv":[9,8.5,14.5,9.5],"texture":"#0"},"south":{"uv":[5.5,9.5,11,10.5],"texture":"#0"},"west":{"uv":[5.5,10.5,11,11.5],"texture":"#0"},"up":{"uv":[5.5,5.5,0,0],"texture":"#0"},"down":{"uv":[5.5,5.5,0,11],"texture":"#0"}}},{"from":[4.5,1.5,4.5],"to":[11.5,6.5,11.5],"rotation":{"angle":0,"axis":"x","origin":[8,4,8]},"faces":{"north":{"uv":[5.5,7,9,9.5],"texture":"#0"},"east":{"uv":[9,0,12.5,2.5],"texture":"#0"},"south":{"uv":[9,2.5,12.5,5],"texture":"#0"},"west":{"uv":[9,5,12.5,7.5],"texture":"#0"},"up":{"uv":[9,3.5,5.5,0],"texture":"#0"},"down":{"uv":[9,3.5,5.5,7],"texture":"#0"}}},{"from":[6,5,7],"to":[10,10,11],"rotation":{"angle":22.5,"axis":"x","origin":[8,8,8]},"faces":{"north":{"uv":[0,11,2,13.5],"texture":"#0"},"east":{"uv":[2,11,4,13.5],"texture":"#0"},"south":{"uv":[11,9.5,13,12],"texture":"#0"},"west":{"uv":[4,11.5,6,14],"texture":"#0"},"up":{"uv":[8,13.5,6,11.5],"texture":"#0"},"down":{"uv":[10,11.5,8,13.5],"texture":"#0"}}},{"from":[7,11,10],"to":[9,13,12],"rotation":{"angle":45,"axis":"x","origin":[8,11,8]},"faces":{"north":{"uv":[10,11.5,11,12.5],"texture":"#0"},"east":{"uv":[11,12,12,13],"texture":"#0"},"south":{"uv":[12,12,13,13],"texture":"#0"},"west":{"uv":[12.5,0,13.5,1],"texture":"#0"},"up":{"uv":[13.5,2,12.5,1],"texture":"#0"},"down":{"uv":[13.5,2,12.5,3],"texture":"#0"}}}],"gui_light":"front","display":{"thirdperson_righthand":{"translation":[0,4,0],"scale":[0.5,0.5,0.5]},"thirdperson_lefthand":{"translation":[0,4,0],"scale":[0.5,0.5,0.5]},"ground":{"translation":[0,3,0],"scale":[0.75,0.75,0.75]},"gui":{"rotation":[25,-150,0],"translation":[0,3,0],"scale":[0.9,0.9,0.9]},"head":{"rotation":[6,0,0],"translation":[0,19,1.5],"scale":[1.85,1.85,1.85]},"fixed":{"translation":[0,4.5,-1.25],"scale":[1.5,1.5,1.5]}}}