{"texture_size":[256, 256],"textures":{"0":"custom/furniture/medieval_market/medievalmarket","particle":"custom/furniture/medieval_market/medievalmarket"},"elements":[{"from":[9, -1, 6],"to":[13, 13, 10],"rotation":{"angle":0,"axis":"y","origin":[-5, 15, 13]},"faces":{"north":{"uv":[0.25, 5.8125, 0, 6.6875],"texture":"#0"},"east":{"uv":[0.25, 5.8125, 0, 6.6875],"texture":"#0"},"south":{"uv":[0.25, 5.8125, 0, 6.6875],"texture":"#0"},"west":{"uv":[0.25, 5.8125, 0, 6.6875],"texture":"#0"},"up":{"uv":[1.4375, 5.8125, 1.1875, 5.5625],"texture":"#0"},"down":{"uv":[1.4375, 5.8125, 1.1875, 5.5625],"texture":"#0"}}},{"from":[-13, -1, 6],"to":[-9, 13, 10],"rotation":{"angle":0,"axis":"y","origin":[-1, 15, 13]},"faces":{"north":{"uv":[0.25, 5.8125, 0, 6.6875],"texture":"#0"},"east":{"uv":[0.25, 5.8125, 0, 6.6875],"texture":"#0"},"south":{"uv":[0.25, 5.8125, 0, 6.6875],"texture":"#0"},"west":{"uv":[0.25, 5.8125, 0, 6.6875],"texture":"#0"},"up":{"uv":[1.4375, 5.8125, 1.1875, 5.5625],"texture":"#0"},"down":{"uv":[1.4375, 5.8125, 1.1875, 5.5625],"texture":"#0"}}},{"from":[-13, -1, 21],"to":[-9, 20, 25],"rotation":{"angle":0,"axis":"y","origin":[7, 14, 12]},"faces":{"north":{"uv":[0, 6, 0.25, 4.6875],"texture":"#0"},"east":{"uv":[0.25, 4.6875, 0.5, 6],"texture":"#0"},"south":{"uv":[0, 6, 0.25, 4.6875],"texture":"#0"},"west":{"uv":[0.5, 6, 0.25, 4.6875],"texture":"#0"},"up":{"uv":[1.1875, 5.8125, 1.4375, 5.5625],"texture":"#0"},"down":{"uv":[1.1875, 5.8125, 1.4375, 5.5625],"texture":"#0"}}},{"from":[9, -1, 21],"to":[13, 20, 25],"rotation":{"angle":0,"axis":"y","origin":[-9, 14, 12]},"faces":{"north":{"uv":[0.25, 6, 0, 4.6875],"texture":"#0"},"east":{"uv":[0.25, 6, 0.5, 4.6875],"texture":"#0"},"south":{"uv":[0.25, 6, 0, 4.6875],"texture":"#0"},"west":{"uv":[0.5, 4.6875, 0.25, 6],"texture":"#0"},"up":{"uv":[1.4375, 5.8125, 1.1875, 5.5625],"texture":"#0"},"down":{"uv":[1.4375, 5.8125, 1.1875, 5.5625],"texture":"#0"}}},{"from":[-14, 14, -1],"to":[14, 17, 10],"rotation":{"angle":-22.5,"axis":"x","origin":[1, 15, 12]},"faces":{"north":{"uv":[6.125, 2.1875, 8.125, 2.375],"texture":"#0"},"east":{"uv":[4.875, 5.5, 5.5625, 5.6875],"texture":"#0"},"south":{"uv":[6.125, 2.1875, 8.125, 2.375],"texture":"#0"},"west":{"uv":[4.875, 5.5, 5.5625, 5.6875],"texture":"#0"},"up":{"uv":[3.4375, 6.625, 2.75, 4.625],"rotation":270,"texture":"#0"},"down":{"uv":[3.4375, 6.625, 2.75, 4.625],"rotation":270,"texture":"#0"}}},{"from":[-14, 14, 15],"to":[14, 17, 26],"rotation":{"angle":-22.5,"axis":"x","origin":[1, 15, 12]},"faces":{"north":{"uv":[6.125, 2.1875, 8.125, 2.375],"texture":"#0"},"east":{"uv":[4.875, 5.5, 5.5625, 5.6875],"texture":"#0"},"south":{"uv":[6.125, 2.1875, 8.125, 2.375],"texture":"#0"},"west":{"uv":[4.875, 5.5, 5.5625, 5.6875],"texture":"#0"},"up":{"uv":[2.75, 6.625, 3.4375, 4.625],"rotation":270,"texture":"#0"},"down":{"uv":[3.4375, 6.625, 2.75, 4.625],"rotation":270,"texture":"#0"}}},{"from":[-16, 15.5, 4],"to":[16, 18.5, 6],"rotation":{"angle":-22.5,"axis":"x","origin":[15, 5.5, 14]},"faces":{"north":{"uv":[5.5, 2.5625, 7.75, 2.75],"texture":"#0"},"east":{"uv":[2.1875, 5.6875, 2.3125, 5.875],"texture":"#0"},"south":{"uv":[5.5, 2.5625, 7.75, 2.75],"texture":"#0"},"west":{"uv":[2.1875, 5.6875, 2.3125, 5.875],"texture":"#0"},"up":{"uv":[2.75, 6.9375, 2.625, 4.6875],"rotation":90,"texture":"#0"},"down":{"uv":[2.75, 6.9375, 2.625, 4.6875],"rotation":270,"texture":"#0"}}},{"from":[-16, 15.5, 18.5],"to":[16, 18.5, 20.5],"rotation":{"angle":-22.5,"axis":"x","origin":[15, 5.5, 14]},"faces":{"north":{"uv":[5.5, 2.5625, 7.75, 2.75],"texture":"#0"},"east":{"uv":[2.1875, 5.6875, 2.3125, 5.875],"texture":"#0"},"south":{"uv":[5.5, 2.5625, 7.75, 2.75],"texture":"#0"},"west":{"uv":[2.1875, 5.6875, 2.3125, 5.875],"texture":"#0"},"up":{"uv":[2.75, 6.9375, 2.625, 4.6875],"rotation":90,"texture":"#0"},"down":{"uv":[2.75, 6.9375, 2.625, 4.6875],"rotation":270,"texture":"#0"}}},{"from":[-14, 2, 7],"to":[14, 5, 9],"rotation":{"angle":0,"axis":"y","origin":[-1, 15, 13]},"faces":{"north":{"uv":[5.5, 2.375, 7.5, 2.5625],"texture":"#0"},"east":{"uv":[1.9375, 5.5625, 2.0625, 5.75],"texture":"#0"},"south":{"uv":[5.5, 2.375, 7.5, 2.5625],"texture":"#0"},"west":{"uv":[1.9375, 5.5625, 2.0625, 5.75],"texture":"#0"},"up":{"uv":[8, 2.875, 5.5, 2.75],"texture":"#0"},"down":{"uv":[8, 2.875, 5.5, 2.75],"texture":"#0"}}},{"from":[-14, 2, 22],"to":[14, 5, 24],"rotation":{"angle":0,"axis":"y","origin":[-1, 15, 13]},"faces":{"north":{"uv":[5.5, 2.375, 7.5, 2.5625],"texture":"#0"},"east":{"uv":[1.9375, 5.5625, 2.0625, 5.75],"texture":"#0"},"south":{"uv":[5.5, 2.375, 7.5, 2.5625],"texture":"#0"},"west":{"uv":[1.9375, 5.5625, 2.0625, 5.75],"texture":"#0"},"up":{"uv":[8, 2.875, 5.5, 2.75],"texture":"#0"},"down":{"uv":[8, 2.875, 5.5, 2.75],"texture":"#0"}}},{"from":[-14, 14, 22],"to":[14, 17, 24],"rotation":{"angle":0,"axis":"y","origin":[-1, 14, 13]},"faces":{"north":{"uv":[5.5, 2.375, 7.5, 2.5625],"texture":"#0"},"east":{"uv":[1.9375, 5.5625, 2.0625, 5.75],"texture":"#0"},"south":{"uv":[5.5, 2.375, 7.5, 2.5625],"texture":"#0"},"west":{"uv":[1.9375, 5.5625, 2.0625, 5.75],"texture":"#0"},"up":{"uv":[8, 2.875, 5.5, 2.75],"texture":"#0"},"down":{"uv":[8, 2.875, 5.5, 2.75],"texture":"#0"}}},{"from":[10, 2, 4],"to":[12, 5, 27],"rotation":{"angle":0,"axis":"y","origin":[-11, 15, 0]},"faces":{"north":{"uv":[2.0625, 5.6875, 2.1875, 5.875],"texture":"#0"},"east":{"uv":[5.5, 2.5625, 6.9375, 2.75],"texture":"#0"},"south":{"uv":[2.0625, 5.6875, 2.1875, 5.875],"texture":"#0"},"west":{"uv":[5.5, 2.5625, 6.9375, 2.75],"texture":"#0"},"up":{"uv":[2.75, 6.125, 2.625, 4.6875],"texture":"#0"},"down":{"uv":[2.75, 6.125, 2.625, 4.6875],"texture":"#0"}}},{"from":[-12, 2, 4],"to":[-10, 5, 27],"rotation":{"angle":0,"axis":"y","origin":[9, 15, 0]},"faces":{"north":{"uv":[2.1875, 5.6875, 2.0625, 5.875],"texture":"#0"},"east":{"uv":[6.9375, 2.5625, 5.5, 2.75],"texture":"#0"},"south":{"uv":[2.1875, 5.6875, 2.0625, 5.875],"texture":"#0"},"west":{"uv":[6.9375, 2.5625, 5.5, 2.75],"texture":"#0"},"up":{"uv":[2.625, 6.125, 2.75, 4.6875],"texture":"#0"},"down":{"uv":[2.625, 6.125, 2.75, 4.6875],"texture":"#0"}}},{"from":[-14, 14, 10],"to":[14, 17, 15],"rotation":{"angle":-22.5,"axis":"x","origin":[1, 15, 12]},"faces":{"north":{"uv":[6.125, 2.1875, 8.125, 2.375],"texture":"#0"},"east":{"uv":[5.25, 5.5, 5.5625, 5.6875],"texture":"#0"},"south":{"uv":[6.125, 2.1875, 8.125, 2.375],"texture":"#0"},"west":{"uv":[5.5625, 5.5, 5.25, 5.6875],"texture":"#0"},"up":{"uv":[2.8125, 6.625, 3.125, 4.625],"rotation":270,"texture":"#0"},"down":{"uv":[2.8125, 6.625, 3.125, 4.625],"rotation":270,"texture":"#0"}}},{"from":[-14, 14, 26],"to":[14, 17, 31],"rotation":{"angle":-22.5,"axis":"x","origin":[1, 15, 12]},"faces":{"north":{"uv":[6.125, 2.1875, 8.125, 2.375],"texture":"#0"},"east":{"uv":[5.25, 5.5, 5.5625, 5.6875],"texture":"#0"},"south":{"uv":[6.125, 2.1875, 8.125, 2.375],"texture":"#0"},"west":{"uv":[5.5625, 5.5, 5.25, 5.6875],"texture":"#0"},"up":{"uv":[2.8125, 6.625, 3.125, 4.625],"rotation":270,"texture":"#0"},"down":{"uv":[2.8125, 6.625, 3.125, 4.625],"rotation":270,"texture":"#0"}}},{"from":[6, 12.4, 2.2],"to":[14, 12.4, 13.2],"rotation":{"angle":-22.5,"axis":"x","origin":[7, 15, 0]},"faces":{"north":{"uv":[1, 5.9375, 0.5, 6.125],"texture":"#0"},"east":{"uv":[1.03125, 5.9375, 1, 6.125],"texture":"#0"},"south":{"uv":[1, 5.9375, 0.5, 6.125],"texture":"#0"},"west":{"uv":[1.03125, 5.9375, 1, 6.125],"texture":"#0"},"up":{"uv":[1, 6.15625, 0.5, 6.84375],"texture":"#0"},"down":{"uv":[1, 6.15625, 0.5, 6.84375],"texture":"#0"}}},{"from":[6.96566, 16.2, 5.42067],"to":[6.96566, 19.2, 9.42067],"rotation":{"angle":22.5,"axis":"z","origin":[7.2, 16, 6.1]},"faces":{"north":{"uv":[1.0625, 6.84375, 1, 6.9375],"rotation":270,"texture":"#0"},"east":{"uv":[1.5, 6.65625, 1.3125, 6.90625],"rotation":90,"texture":"#0"},"south":{"uv":[1.0625, 6.84375, 1, 6.9375],"rotation":90,"texture":"#0"},"west":{"uv":[1.5, 6.65625, 1.3125, 6.90625],"rotation":90,"texture":"#0"},"up":{"uv":[1.21875, 6.84375, 1.0625, 6.9375],"rotation":90,"texture":"#0"},"down":{"uv":[1.21875, 6.84375, 1.0625, 6.9375],"rotation":90,"texture":"#0"}}},{"from":[6, 12.3, 1.7],"to":[14, 15.3, 2.2],"rotation":{"angle":-22.5,"axis":"x","origin":[-9, 15, 0]},"faces":{"north":{"uv":[0.5, 5.9375, 1, 6.125],"texture":"#0"},"east":{"uv":[1, 5.9375, 1.03125, 6.125],"texture":"#0"},"south":{"uv":[0.5, 5.9375, 1, 6.125],"texture":"#0"},"west":{"uv":[1, 5.9375, 1.03125, 6.125],"texture":"#0"},"up":{"uv":[0.5, 6.125, 1, 6.15625],"texture":"#0"},"down":{"uv":[0.5, 6.125, 1, 6.15625],"texture":"#0"}}},{"from":[14.4, 16.1, 6],"to":[14.4, 18.1, 10],"rotation":{"angle":22.5,"axis":"z","origin":[15, 18, 8]},"faces":{"north":{"uv":[1.8125, 5.5, 1.8125, 5.625],"texture":"#0"},"east":{"uv":[0.5, 5.75, 0.75, 5.875],"texture":"#0"},"south":{"uv":[1.8125, 5.5, 1.8125, 5.625],"texture":"#0"},"west":{"uv":[0.5, 5.75, 0.75, 5.875],"texture":"#0"},"up":{"uv":[1.84375, 5.5, 1.84375, 5.75],"texture":"#0"},"down":{"uv":[1.84375, 5.5, 1.84375, 5.75],"texture":"#0"}}},{"from":[5.6, 16.1, 6],"to":[5.6, 18.1, 10],"rotation":{"angle":-22.5,"axis":"z","origin":[5, 18, 8]},"faces":{"north":{"uv":[1.8125, 5.5, 1.8125, 5.625],"texture":"#0"},"east":{"uv":[0.75, 5.75, 0.5, 5.875],"texture":"#0"},"south":{"uv":[1.8125, 5.5, 1.8125, 5.625],"texture":"#0"},"west":{"uv":[0.75, 5.75, 0.5, 5.875],"texture":"#0"},"up":{"uv":[1.84375, 5.5, 1.84375, 5.75],"texture":"#0"},"down":{"uv":[1.84375, 5.5, 1.84375, 5.75],"texture":"#0"}}},{"from":[5.5, 12.3, 1.7],"to":[6, 15.3, 13.7],"rotation":{"angle":-22.5,"axis":"x","origin":[7, 15, 0]},"faces":{"north":{"uv":[2.34375, 5.6875, 2.3125, 5.875],"texture":"#0"},"east":{"uv":[1.75, 5.9375, 1, 6.125],"texture":"#0"},"south":{"uv":[2.34375, 5.6875, 2.3125, 5.875],"texture":"#0"},"west":{"uv":[1.75, 5.9375, 1, 6.125],"texture":"#0"},"up":{"uv":[2.375, 5.6875, 2.34375, 6.4375],"texture":"#0"},"down":{"uv":[2.375, 5.6875, 2.34375, 6.4375],"texture":"#0"}}},{"from":[6, 12.3, 13.2],"to":[14, 15.3, 13.7],"rotation":{"angle":-22.5,"axis":"x","origin":[7, 15, 0]},"faces":{"north":{"uv":[1, 5.9375, 0.5, 6.125],"texture":"#0"},"east":{"uv":[1.03125, 5.9375, 1, 6.125],"texture":"#0"},"south":{"uv":[1, 5.9375, 0.5, 6.125],"texture":"#0"},"west":{"uv":[1.03125, 5.9375, 1, 6.125],"texture":"#0"},"up":{"uv":[1, 6.125, 0.5, 6.15625],"texture":"#0"},"down":{"uv":[1, 6.125, 0.5, 6.15625],"texture":"#0"}}},{"from":[14, 12.3, 1.7],"to":[14.5, 15.3, 13.7],"rotation":{"angle":-22.5,"axis":"x","origin":[-9, 15, 0]},"faces":{"north":{"uv":[2.3125, 5.6875, 2.34375, 5.875],"texture":"#0"},"east":{"uv":[1, 5.9375, 1.75, 6.125],"texture":"#0"},"south":{"uv":[2.3125, 5.6875, 2.34375, 5.875],"texture":"#0"},"west":{"uv":[1, 5.9375, 1.75, 6.125],"texture":"#0"},"up":{"uv":[2.34375, 5.6875, 2.375, 6.4375],"texture":"#0"},"down":{"uv":[2.34375, 5.6875, 2.375, 6.4375],"texture":"#0"}}},{"from":[12, 14.76566, 9.72067],"to":[14, 16.26566, 12.22067],"rotation":{"angle":22.5,"axis":"z","origin":[7.7, 17.3, 9.6]},"faces":{"north":{"uv":[1.375, 6.9375, 1.25, 7.03125],"texture":"#0"},"east":{"uv":[1.15625, 7.09375, 1, 7.1875],"texture":"#0"},"south":{"uv":[1.125, 6.84375, 1, 6.9375],"texture":"#0"},"west":{"uv":[1.15625, 7.09375, 1, 7.1875],"texture":"#0"},"up":{"uv":[1.125, 6.9375, 1, 7.09375],"texture":"#0"},"down":{"uv":[1.125, 6.9375, 1, 7.09375],"texture":"#0"}}},{"from":[11.6, 13.46566, 6.22067],"to":[13.6, 14.96566, 8.72067],"rotation":{"angle":22.5,"axis":"z","origin":[7.3, 16, 6.1]},"faces":{"north":{"uv":[1.375, 6.9375, 1.25, 7.03125],"texture":"#0"},"east":{"uv":[1.15625, 7.09375, 1, 7.1875],"texture":"#0"},"south":{"uv":[1.125, 6.84375, 1, 6.9375],"texture":"#0"},"west":{"uv":[1.15625, 7.09375, 1, 7.1875],"texture":"#0"},"up":{"uv":[1.125, 6.9375, 1, 7.09375],"texture":"#0"},"down":{"uv":[1.125, 6.9375, 1, 7.09375],"texture":"#0"}}},{"from":[12, 12.36566, 2.62067],"to":[14, 13.86566, 5.12067],"rotation":{"angle":22.5,"axis":"z","origin":[7.7, 14.9, 2.5]},"faces":{"north":{"uv":[1.375, 6.9375, 1.25, 7.03125],"texture":"#0"},"east":{"uv":[1.15625, 7.09375, 1, 7.1875],"texture":"#0"},"south":{"uv":[1.125, 6.84375, 1, 6.9375],"texture":"#0"},"west":{"uv":[1.15625, 7.09375, 1, 7.1875],"texture":"#0"},"up":{"uv":[1.125, 6.9375, 1, 7.09375],"texture":"#0"},"down":{"uv":[1.125, 6.9375, 1, 7.09375],"texture":"#0"}}},{"from":[4.7, 14.76566, 1.82067],"to":[7.7, 14.76566, 5.82067],"rotation":{"angle":-45,"axis":"z","origin":[7.7, 14.9, 2.5]},"faces":{"north":{"uv":[1.0625, 6.84375, 1, 6.9375],"texture":"#0"},"east":{"uv":[1.21875, 6.84375, 1.0625, 6.9375],"texture":"#0"},"south":{"uv":[1.0625, 6.84375, 1, 6.9375],"texture":"#0"},"west":{"uv":[1.21875, 6.84375, 1.0625, 6.9375],"texture":"#0"},"up":{"uv":[1.5, 6.65625, 1.3125, 6.90625],"texture":"#0"},"down":{"uv":[1.5, 6.65625, 1.3125, 6.90625],"texture":"#0"}}},{"from":[7.06566, 17.5, 8.92067],"to":[7.06566, 20.5, 12.92067],"rotation":{"angle":22.5,"axis":"z","origin":[7.7, 17.3, 9.6]},"faces":{"north":{"uv":[1.0625, 6.84375, 1, 6.9375],"rotation":270,"texture":"#0"},"east":{"uv":[1.5, 6.65625, 1.3125, 6.90625],"rotation":90,"texture":"#0"},"south":{"uv":[1.0625, 6.84375, 1, 6.9375],"rotation":90,"texture":"#0"},"west":{"uv":[1.5, 6.65625, 1.3125, 6.90625],"rotation":90,"texture":"#0"},"up":{"uv":[1.21875, 6.84375, 1.0625, 6.9375],"rotation":90,"texture":"#0"},"down":{"uv":[1.21875, 6.84375, 1.0625, 6.9375],"rotation":90,"texture":"#0"}}},{"from":[6.2, 17.16566, 9.92067],"to":[8.2, 18.06566, 11.92067],"rotation":{"angle":-22.5,"axis":"z","origin":[7.7, 17.3, 9.6]},"faces":{"north":{"uv":[1.125, 7.1875, 1, 7.24375],"texture":"#0"},"east":{"uv":[1.125, 7.25, 1, 7.30625],"texture":"#0"},"south":{"uv":[1.125, 7.1875, 1, 7.24375],"texture":"#0"},"west":{"uv":[1.125, 7.25, 1, 7.30625],"texture":"#0"},"up":{"uv":[1.25, 6.9375, 1.125, 7.0625],"texture":"#0"},"down":{"uv":[1.25, 6.9375, 1.125, 7.0625],"texture":"#0"}}},{"from":[5.7, 15.86566, 6.42067],"to":[7.7, 16.76566, 8.42067],"rotation":{"angle":-45,"axis":"z","origin":[7.2, 16, 6.1]},"faces":{"north":{"uv":[1.125, 7.1875, 1, 7.24375],"texture":"#0"},"east":{"uv":[1.125, 7.25, 1, 7.30625],"texture":"#0"},"south":{"uv":[1.125, 7.1875, 1, 7.24375],"texture":"#0"},"west":{"uv":[1.125, 7.25, 1, 7.30625],"texture":"#0"},"up":{"uv":[1.25, 6.9375, 1.125, 7.0625],"texture":"#0"},"down":{"uv":[1.25, 6.9375, 1.125, 7.0625],"texture":"#0"}}},{"from":[6.2, 14.76566, 2.82067],"to":[8.2, 15.66566, 4.82067],"rotation":{"angle":-22.5,"axis":"z","origin":[7.7, 14.9, 2.5]},"faces":{"north":{"uv":[1.125, 7.1875, 1, 7.24375],"texture":"#0"},"east":{"uv":[1.125, 7.25, 1, 7.30625],"texture":"#0"},"south":{"uv":[1.125, 7.1875, 1, 7.24375],"texture":"#0"},"west":{"uv":[1.125, 7.25, 1, 7.30625],"texture":"#0"},"up":{"uv":[1.25, 6.9375, 1.125, 7.0625],"texture":"#0"},"down":{"uv":[1.25, 6.9375, 1.125, 7.0625],"texture":"#0"}}},{"from":[7.7, 16.16566, 9.42067],"to":[12.7, 18.16566, 12.42067],"rotation":{"angle":-22.5,"axis":"x","origin":[7.7, 17.3, 9.6]},"faces":{"north":{"uv":[1.3125, 7.3125, 1, 7.4375],"texture":"#0"},"east":{"uv":[1.5, 6.53125, 1.3125, 6.65625],"texture":"#0"},"south":{"uv":[1.3125, 6.71875, 1, 6.84375],"texture":"#0"},"west":{"uv":[1.5, 6.53125, 1.3125, 6.65625],"texture":"#0"},"up":{"uv":[1.3125, 6.53125, 1, 6.71875],"texture":"#0"},"down":{"uv":[1.3125, 6.53125, 1, 6.71875],"texture":"#0"}}},{"from":[7.3, 14.86566, 5.92067],"to":[12.3, 16.86566, 8.92067],"rotation":{"angle":-22.5,"axis":"x","origin":[7.3, 16, 6.1]},"faces":{"north":{"uv":[1.3125, 7.3125, 1, 7.4375],"texture":"#0"},"east":{"uv":[1.5, 6.53125, 1.3125, 6.65625],"texture":"#0"},"south":{"uv":[1.3125, 6.71875, 1, 6.84375],"texture":"#0"},"west":{"uv":[1.5, 6.53125, 1.3125, 6.65625],"texture":"#0"},"up":{"uv":[1.3125, 6.53125, 1, 6.71875],"texture":"#0"},"down":{"uv":[1.3125, 6.53125, 1, 6.71875],"texture":"#0"}}},{"from":[7.7, 13.76566, 2.32067],"to":[12.7, 15.76566, 5.32067],"rotation":{"angle":-22.5,"axis":"x","origin":[7.7, 14.9, 2.5]},"faces":{"north":{"uv":[1.3125, 7.3125, 1, 7.4375],"texture":"#0"},"east":{"uv":[1.5, 6.53125, 1.3125, 6.65625],"texture":"#0"},"south":{"uv":[1.3125, 6.71875, 1, 6.84375],"texture":"#0"},"west":{"uv":[1.5, 6.53125, 1.3125, 6.65625],"texture":"#0"},"up":{"uv":[1.3125, 6.53125, 1, 6.71875],"texture":"#0"},"down":{"uv":[1.3125, 6.53125, 1, 6.71875],"texture":"#0"}}},{"from":[-4, 12.3, 1.7],"to":[4, 15.3, 2.2],"rotation":{"angle":-22.5,"axis":"x","origin":[-19, 15, 0]},"faces":{"north":{"uv":[0.5, 5.9375, 1, 6.125],"texture":"#0"},"east":{"uv":[1, 5.9375, 1.03125, 6.125],"texture":"#0"},"south":{"uv":[0.5, 5.9375, 1, 6.125],"texture":"#0"},"west":{"uv":[1, 5.9375, 1.03125, 6.125],"texture":"#0"},"up":{"uv":[0.5, 6.125, 1, 6.15625],"texture":"#0"},"down":{"uv":[0.5, 6.125, 1, 6.15625],"texture":"#0"}}},{"from":[-4, 12.4, 2.2],"to":[4, 12.4, 13.2],"rotation":{"angle":-22.5,"axis":"x","origin":[8, 15, 0]},"faces":{"north":{"uv":[1, 5.9375, 0.5, 6.125],"texture":"#0"},"east":{"uv":[1.03125, 5.9375, 1, 6.125],"texture":"#0"},"south":{"uv":[1, 5.9375, 0.5, 6.125],"texture":"#0"},"west":{"uv":[1.03125, 5.9375, 1, 6.125],"texture":"#0"},"up":{"uv":[1, 6.15625, 0.5, 6.84375],"texture":"#0"},"down":{"uv":[1, 6.15625, 0.5, 6.84375],"texture":"#0"}}},{"from":[-0.5, 5.94228, -3.43589],"to":[3.5, 5.94228, -0.43589],"rotation":{"angle":-45,"axis":"x","origin":[2.7, 23, -9]},"faces":{"north":{"uv":[1.21875, 6.84375, 1.0625, 6.9375],"texture":"#0"},"east":{"uv":[1.0625, 6.84375, 1, 6.9375],"texture":"#0"},"south":{"uv":[1.21875, 6.84375, 1.0625, 6.9375],"texture":"#0"},"west":{"uv":[1.0625, 6.84375, 1, 6.9375],"texture":"#0"},"up":{"uv":[1.5625, 6.90625, 1.375, 7.15625],"rotation":270,"texture":"#0"},"down":{"uv":[1.5625, 6.90625, 1.375, 7.15625],"rotation":90,"texture":"#0"}}},{"from":[-13.22144, 15.42029, 0.6],"to":[-11.22144, 16.32029, 2.6],"rotation":{"angle":45,"axis":"y","origin":[-0.3, 23.6, -9]},"faces":{"north":{"uv":[1.6875, 7.09375, 1.5625, 7.15],"texture":"#0"},"east":{"uv":[1.6875, 7.15625, 1.5625, 7.2125],"texture":"#0"},"south":{"uv":[1.6875, 7.09375, 1.8125, 7.15],"texture":"#0"},"west":{"uv":[1.6875, 7.15625, 1.5625, 7.2125],"texture":"#0"},"up":{"uv":[1.6875, 6.96875, 1.5625, 7.09375],"texture":"#0"},"down":{"uv":[1.6875, 6.96875, 1.5625, 7.09375],"texture":"#0"}}},{"from":[-10.32144, 14.82029, 0.6],"to":[-8.32144, 15.72029, 2.6],"rotation":{"angle":45,"axis":"y","origin":[2.7, 23, -9]},"faces":{"north":{"uv":[1.6875, 7.09375, 1.5625, 7.15],"texture":"#0"},"east":{"uv":[1.6875, 7.15625, 1.5625, 7.2125],"texture":"#0"},"south":{"uv":[1.6875, 7.09375, 1.8125, 7.15],"texture":"#0"},"west":{"uv":[1.6875, 7.15625, 1.5625, 7.2125],"texture":"#0"},"up":{"uv":[1.6875, 6.96875, 1.5625, 7.09375],"texture":"#0"},"down":{"uv":[1.6875, 6.96875, 1.5625, 7.09375],"texture":"#0"}}},{"from":[0.2, 20.4, 7.7],"to":[0.2, 23.4, 11.7],"rotation":{"angle":22.5,"axis":"z","origin":[8.1, 10.3, 0]},"faces":{"north":{"uv":[1.0625, 6.84375, 1, 6.9375],"rotation":270,"texture":"#0"},"east":{"uv":[1.5625, 6.90625, 1.375, 7.15625],"rotation":90,"texture":"#0"},"south":{"uv":[1.0625, 6.84375, 1, 6.9375],"rotation":90,"texture":"#0"},"west":{"uv":[1.5625, 6.90625, 1.375, 7.15625],"rotation":90,"texture":"#0"},"up":{"uv":[1.21875, 6.84375, 1.0625, 6.9375],"rotation":90,"texture":"#0"},"down":{"uv":[1.21875, 6.84375, 1.0625, 6.9375],"rotation":90,"texture":"#0"}}},{"from":[-5.4, 12.3, 8.7],"to":[-3.4, 13.2, 10.7],"rotation":{"angle":-22.5,"axis":"z","origin":[8.1, 10.3, 0]},"faces":{"north":{"uv":[1.6875, 7.09375, 1.5625, 7.15],"texture":"#0"},"east":{"uv":[1.6875, 7.15625, 1.5625, 7.2125],"texture":"#0"},"south":{"uv":[1.6875, 7.09375, 1.8125, 7.15],"texture":"#0"},"west":{"uv":[1.6875, 7.15625, 1.5625, 7.2125],"texture":"#0"},"up":{"uv":[1.6875, 6.96875, 1.5625, 7.09375],"texture":"#0"},"down":{"uv":[1.6875, 6.96875, 1.5625, 7.09375],"texture":"#0"}}},{"from":[4.4, 16.1, 6],"to":[4.4, 18.1, 10],"rotation":{"angle":22.5,"axis":"z","origin":[5, 18, 8]},"faces":{"north":{"uv":[1.8125, 5.5, 1.8125, 5.625],"texture":"#0"},"east":{"uv":[0.5, 5.75, 0.75, 5.875],"texture":"#0"},"south":{"uv":[1.8125, 5.5, 1.8125, 5.625],"texture":"#0"},"west":{"uv":[0.5, 5.75, 0.75, 5.875],"texture":"#0"},"up":{"uv":[1.84375, 5.5, 1.84375, 5.75],"texture":"#0"},"down":{"uv":[1.84375, 5.5, 1.84375, 5.75],"texture":"#0"}}},{"from":[0.45585, 20.38508, 3.7],"to":[3.45585, 22.38508, 8.7],"rotation":{"angle":22.5,"axis":"x","origin":[2.7, 23, -9]},"faces":{"north":{"uv":[1.875, 6.8125, 2.0625, 6.9375],"texture":"#0"},"east":{"uv":[2, 6.96875, 1.6875, 7.09375],"texture":"#0"},"south":{"uv":[2.0625, 6.8125, 1.875, 6.9375],"texture":"#0"},"west":{"uv":[1.875, 6.84375, 1.5625, 6.96875],"texture":"#0"},"up":{"uv":[1.875, 6.65625, 1.5625, 6.84375],"rotation":270,"texture":"#0"},"down":{"uv":[1.875, 6.65625, 1.5625, 6.84375],"rotation":90,"texture":"#0"}}},{"from":[0.8, 15.6985, 0.43645],"to":[3.3, 17.1985, 2.43645],"rotation":{"angle":0,"axis":"y","origin":[2.7, 23, -9]},"faces":{"north":{"uv":[1.28125, 7.21875, 1.125, 7.3125],"texture":"#0"},"east":{"uv":[1.40625, 7.21875, 1.28125, 7.3125],"texture":"#0"},"south":{"uv":[1.28125, 7.21875, 1.125, 7.3125],"texture":"#0"},"west":{"uv":[1.4375, 7.3125, 1.3125, 7.40625],"texture":"#0"},"up":{"uv":[1.28125, 7.0625, 1.15625, 7.21875],"rotation":270,"texture":"#0"},"down":{"uv":[1.28125, 7.0625, 1.15625, 7.21875],"rotation":90,"texture":"#0"}}},{"from":[-2.54415, 20.98508, 3.7],"to":[0.45585, 22.98508, 8.7],"rotation":{"angle":22.5,"axis":"x","origin":[-0.3, 23.6, -9]},"faces":{"north":{"uv":[1.875, 6.8125, 2.0625, 6.9375],"texture":"#0"},"east":{"uv":[2, 6.96875, 1.6875, 7.09375],"texture":"#0"},"south":{"uv":[2.0625, 6.8125, 1.875, 6.9375],"texture":"#0"},"west":{"uv":[1.875, 6.84375, 1.5625, 6.96875],"texture":"#0"},"up":{"uv":[1.875, 6.65625, 1.5625, 6.84375],"rotation":270,"texture":"#0"},"down":{"uv":[1.875, 6.65625, 1.5625, 6.84375],"rotation":90,"texture":"#0"}}},{"from":[-2.2, 12.2985, -2.56355],"to":[0.3, 13.7985, -0.56355],"rotation":{"angle":-22.5,"axis":"x","origin":[-0.3, 23.6, -9]},"faces":{"north":{"uv":[1.28125, 7.21875, 1.125, 7.3125],"texture":"#0"},"east":{"uv":[1.40625, 7.21875, 1.28125, 7.3125],"texture":"#0"},"south":{"uv":[1.28125, 7.21875, 1.125, 7.3125],"texture":"#0"},"west":{"uv":[1.4375, 7.3125, 1.3125, 7.40625],"texture":"#0"},"up":{"uv":[1.28125, 7.0625, 1.15625, 7.21875],"rotation":270,"texture":"#0"},"down":{"uv":[1.28125, 7.0625, 1.15625, 7.21875],"rotation":90,"texture":"#0"}}},{"from":[-4.4, 16.1, 6],"to":[-4.4, 18.1, 10],"rotation":{"angle":-22.5,"axis":"z","origin":[-5, 18, 8]},"faces":{"north":{"uv":[1.8125, 5.5, 1.8125, 5.625],"texture":"#0"},"east":{"uv":[0.75, 5.75, 0.5, 5.875],"texture":"#0"},"south":{"uv":[1.8125, 5.5, 1.8125, 5.625],"texture":"#0"},"west":{"uv":[0.75, 5.75, 0.5, 5.875],"texture":"#0"},"up":{"uv":[1.84375, 5.5, 1.84375, 5.75],"texture":"#0"},"down":{"uv":[1.84375, 5.5, 1.84375, 5.75],"texture":"#0"}}},{"from":[-4.5, 12.3, 1.7],"to":[-4, 15.3, 13.7],"rotation":{"angle":-22.5,"axis":"x","origin":[-3, 15, 0]},"faces":{"north":{"uv":[2.34375, 5.6875, 2.3125, 5.875],"texture":"#0"},"east":{"uv":[1.75, 5.9375, 1, 6.125],"texture":"#0"},"south":{"uv":[2.34375, 5.6875, 2.3125, 5.875],"texture":"#0"},"west":{"uv":[1.75, 5.9375, 1, 6.125],"texture":"#0"},"up":{"uv":[2.375, 5.6875, 2.34375, 6.4375],"texture":"#0"},"down":{"uv":[2.375, 5.6875, 2.34375, 6.4375],"texture":"#0"}}},{"from":[-3.5, 22.16411, 9.35772],"to":[0.5, 25.16411, 9.35772],"rotation":{"angle":22.5,"axis":"x","origin":[-0.3, 23.6, -9]},"faces":{"north":{"uv":[1.5625, 6.90625, 1.375, 7.15625],"rotation":90,"texture":"#0"},"east":{"uv":[1.0625, 6.84375, 1, 6.9375],"rotation":90,"texture":"#0"},"south":{"uv":[1.5625, 6.90625, 1.375, 7.15625],"rotation":90,"texture":"#0"},"west":{"uv":[1.0625, 6.84375, 1, 6.9375],"rotation":270,"texture":"#0"},"up":{"uv":[1.21875, 6.84375, 1.0625, 6.9375],"texture":"#0"},"down":{"uv":[1.21875, 6.84375, 1.0625, 6.9375],"rotation":180,"texture":"#0"}}},{"from":[-2.4, 12.1, 10.2],"to":[2.6, 14.1, 13.2],"rotation":{"angle":-22.5,"axis":"x","origin":[7.6, 10.7, 0]},"faces":{"north":{"uv":[1.875, 6.84375, 1.5625, 6.96875],"texture":"#0"},"east":{"uv":[1.875, 6.8125, 2.0625, 6.9375],"texture":"#0"},"south":{"uv":[2, 6.96875, 1.6875, 7.09375],"texture":"#0"},"west":{"uv":[2.0625, 6.8125, 1.875, 6.9375],"texture":"#0"},"up":{"uv":[1.875, 6.65625, 1.5625, 6.84375],"texture":"#0"},"down":{"uv":[1.875, 6.65625, 1.5625, 6.84375],"texture":"#0"}}},{"from":[5.1, 17.8, 8.7],"to":[7.1, 19.3, 11.2],"rotation":{"angle":22.5,"axis":"z","origin":[7.6, 10.7, 0]},"faces":{"north":{"uv":[1.4375, 7.3125, 1.3125, 7.40625],"texture":"#0"},"east":{"uv":[1.28125, 7.21875, 1.125, 7.3125],"texture":"#0"},"south":{"uv":[1.40625, 7.21875, 1.28125, 7.3125],"texture":"#0"},"west":{"uv":[1.28125, 7.21875, 1.125, 7.3125],"texture":"#0"},"up":{"uv":[1.28125, 7.0625, 1.15625, 7.21875],"texture":"#0"},"down":{"uv":[1.28125, 7.0625, 1.15625, 7.21875],"texture":"#0"}}},{"from":[4, 12.3, 1.7],"to":[4.5, 15.3, 13.7],"rotation":{"angle":-22.5,"axis":"x","origin":[-19, 15, 0]},"faces":{"north":{"uv":[2.3125, 5.6875, 2.34375, 5.875],"texture":"#0"},"east":{"uv":[1, 5.9375, 1.75, 6.125],"texture":"#0"},"south":{"uv":[2.3125, 5.6875, 2.34375, 5.875],"texture":"#0"},"west":{"uv":[1, 5.9375, 1.75, 6.125],"texture":"#0"},"up":{"uv":[2.34375, 5.6875, 2.375, 6.4375],"texture":"#0"},"down":{"uv":[2.34375, 5.6875, 2.375, 6.4375],"texture":"#0"}}},{"from":[-4, 12.3, 13.2],"to":[4, 15.3, 13.7],"rotation":{"angle":-22.5,"axis":"x","origin":[-3, 15, 0]},"faces":{"north":{"uv":[1, 5.9375, 0.5, 6.125],"texture":"#0"},"east":{"uv":[1.03125, 5.9375, 1, 6.125],"texture":"#0"},"south":{"uv":[1, 5.9375, 0.5, 6.125],"texture":"#0"},"west":{"uv":[1.03125, 5.9375, 1, 6.125],"texture":"#0"},"up":{"uv":[1, 6.125, 0.5, 6.15625],"texture":"#0"},"down":{"uv":[1, 6.125, 0.5, 6.15625],"texture":"#0"}}},{"from":[-14, 12.3, 1.7],"to":[-6, 15.3, 2.2],"rotation":{"angle":-22.5,"axis":"x","origin":[-29, 15, 0]},"faces":{"north":{"uv":[0.5, 5.9375, 1, 6.125],"texture":"#0"},"east":{"uv":[1, 5.9375, 1.03125, 6.125],"texture":"#0"},"south":{"uv":[0.5, 5.9375, 1, 6.125],"texture":"#0"},"west":{"uv":[1, 5.9375, 1.03125, 6.125],"texture":"#0"},"up":{"uv":[0.5, 6.125, 1, 6.15625],"texture":"#0"},"down":{"uv":[0.5, 6.125, 1, 6.15625],"texture":"#0"}}},{"from":[-14.4, 16.1, 6],"to":[-14.4, 18.1, 10],"rotation":{"angle":-22.5,"axis":"z","origin":[-15, 18, 8]},"faces":{"north":{"uv":[1.8125, 5.5, 1.8125, 5.625],"texture":"#0"},"east":{"uv":[0.75, 5.75, 0.5, 5.875],"texture":"#0"},"south":{"uv":[1.8125, 5.5, 1.8125, 5.625],"texture":"#0"},"west":{"uv":[0.75, 5.75, 0.5, 5.875],"texture":"#0"},"up":{"uv":[1.84375, 5.5, 1.84375, 5.75],"texture":"#0"},"down":{"uv":[1.84375, 5.5, 1.84375, 5.75],"texture":"#0"}}},{"from":[-14.5, 12.3, 1.7],"to":[-14, 15.3, 13.7],"rotation":{"angle":-22.5,"axis":"x","origin":[-13, 15, 0]},"faces":{"north":{"uv":[2.34375, 5.6875, 2.3125, 5.875],"texture":"#0"},"east":{"uv":[1.75, 5.9375, 1, 6.125],"texture":"#0"},"south":{"uv":[2.34375, 5.6875, 2.3125, 5.875],"texture":"#0"},"west":{"uv":[1.75, 5.9375, 1, 6.125],"texture":"#0"},"up":{"uv":[2.375, 5.6875, 2.34375, 6.4375],"texture":"#0"},"down":{"uv":[2.375, 5.6875, 2.34375, 6.4375],"texture":"#0"}}},{"from":[-5.6, 16.1, 6],"to":[-5.6, 18.1, 10],"rotation":{"angle":22.5,"axis":"z","origin":[-5, 18, 8]},"faces":{"north":{"uv":[1.8125, 5.5, 1.8125, 5.625],"texture":"#0"},"east":{"uv":[0.5, 5.75, 0.75, 5.875],"texture":"#0"},"south":{"uv":[1.8125, 5.5, 1.8125, 5.625],"texture":"#0"},"west":{"uv":[0.5, 5.75, 0.75, 5.875],"texture":"#0"},"up":{"uv":[1.84375, 5.5, 1.84375, 5.75],"texture":"#0"},"down":{"uv":[1.84375, 5.5, 1.84375, 5.75],"texture":"#0"}}},{"from":[-6, 12.3, 1.7],"to":[-5.5, 15.3, 13.7],"rotation":{"angle":-22.5,"axis":"x","origin":[-29, 15, 0]},"faces":{"north":{"uv":[2.3125, 5.6875, 2.34375, 5.875],"texture":"#0"},"east":{"uv":[1, 5.9375, 1.75, 6.125],"texture":"#0"},"south":{"uv":[2.3125, 5.6875, 2.34375, 5.875],"texture":"#0"},"west":{"uv":[1, 5.9375, 1.75, 6.125],"texture":"#0"},"up":{"uv":[2.34375, 5.6875, 2.375, 6.4375],"texture":"#0"},"down":{"uv":[2.34375, 5.6875, 2.375, 6.4375],"texture":"#0"}}},{"from":[-14, 12.3, 13.2],"to":[-6, 15.3, 13.7],"rotation":{"angle":-22.5,"axis":"x","origin":[-13, 15, 0]},"faces":{"north":{"uv":[1, 5.9375, 0.5, 6.125],"texture":"#0"},"east":{"uv":[1.03125, 5.9375, 1, 6.125],"texture":"#0"},"south":{"uv":[1, 5.9375, 0.5, 6.125],"texture":"#0"},"west":{"uv":[1.03125, 5.9375, 1, 6.125],"texture":"#0"},"up":{"uv":[1, 6.125, 0.5, 6.15625],"texture":"#0"},"down":{"uv":[1, 6.125, 0.5, 6.15625],"texture":"#0"}}},{"from":[-14, 12.4, 2.2],"to":[-6, 12.4, 13.2],"rotation":{"angle":-22.5,"axis":"x","origin":[9, 15, 0]},"faces":{"north":{"uv":[1, 5.9375, 0.5, 6.125],"texture":"#0"},"east":{"uv":[1.03125, 5.9375, 1, 6.125],"texture":"#0"},"south":{"uv":[1, 5.9375, 0.5, 6.125],"texture":"#0"},"west":{"uv":[1.03125, 5.9375, 1, 6.125],"texture":"#0"},"up":{"uv":[1, 6.15625, 0.5, 6.84375],"texture":"#0"},"down":{"uv":[1, 6.15625, 0.5, 6.84375],"texture":"#0"}}},{"from":[-13.17933, 17.76566, 4.5],"to":[-10.67933, 19.26566, 6.5],"rotation":{"angle":-22.5,"axis":"x","origin":[-13.3, 16.3, 10.6]},"faces":{"north":{"uv":[1.15625, 7.09375, 1, 7.1875],"texture":"#0"},"east":{"uv":[1.125, 6.84375, 1, 6.9375],"texture":"#0"},"south":{"uv":[1.15625, 7.09375, 1, 7.1875],"texture":"#0"},"west":{"uv":[1.375, 6.9375, 1.25, 7.03125],"texture":"#0"},"up":{"uv":[1.125, 6.9375, 1, 7.09375],"rotation":270,"texture":"#0"},"down":{"uv":[1.125, 6.9375, 1, 7.09375],"rotation":90,"texture":"#0"}}},{"from":[-13.47933, 15.56566, 5.6],"to":[-10.47933, 17.56566, 10.6],"rotation":{"angle":0,"axis":"y","origin":[-13.3, 16.3, 10.6]},"faces":{"north":{"uv":[1.3125, 6.53125, 1.5, 6.65625],"texture":"#0"},"east":{"uv":[1.3125, 6.71875, 1, 6.84375],"texture":"#0"},"south":{"uv":[1.5, 6.53125, 1.3125, 6.65625],"texture":"#0"},"west":{"uv":[1.3125, 7.3125, 1, 7.4375],"texture":"#0"},"up":{"uv":[1.3125, 6.53125, 1, 6.71875],"rotation":270,"texture":"#0"},"down":{"uv":[1.3125, 6.53125, 1, 6.71875],"rotation":90,"texture":"#0"}}},{"from":[-12.93434, 14.5, 2.92067],"to":[-12.93434, 17.5, 6.92067],"rotation":{"angle":22.5,"axis":"z","origin":[-12.3, 14.3, 3.6]},"faces":{"north":{"uv":[1.0625, 6.84375, 1, 6.9375],"rotation":270,"texture":"#0"},"east":{"uv":[1.5, 6.65625, 1.3125, 6.90625],"rotation":90,"texture":"#0"},"south":{"uv":[1.0625, 6.84375, 1, 6.9375],"rotation":90,"texture":"#0"},"west":{"uv":[1.5, 6.65625, 1.3125, 6.90625],"rotation":90,"texture":"#0"},"up":{"uv":[1.21875, 6.84375, 1.0625, 6.9375],"rotation":90,"texture":"#0"},"down":{"uv":[1.21875, 6.84375, 1.0625, 6.9375],"rotation":90,"texture":"#0"}}},{"from":[-13.8, 14.16566, 3.92067],"to":[-11.8, 15.06566, 5.92067],"rotation":{"angle":-22.5,"axis":"z","origin":[-12.3, 14.3, 3.6]},"faces":{"north":{"uv":[1.125, 7.1875, 1, 7.24375],"texture":"#0"},"east":{"uv":[1.125, 7.25, 1, 7.30625],"texture":"#0"},"south":{"uv":[1.125, 7.1875, 1, 7.24375],"texture":"#0"},"west":{"uv":[1.125, 7.25, 1, 7.30625],"texture":"#0"},"up":{"uv":[1.25, 6.9375, 1.125, 7.0625],"texture":"#0"},"down":{"uv":[1.25, 6.9375, 1.125, 7.0625],"texture":"#0"}}},{"from":[-12.3, 13.16566, 3.42067],"to":[-7.3, 15.16566, 6.42067],"rotation":{"angle":-22.5,"axis":"x","origin":[-12.3, 14.3, 3.6]},"faces":{"north":{"uv":[1.3125, 7.3125, 1, 7.4375],"texture":"#0"},"east":{"uv":[1.5, 6.53125, 1.3125, 6.65625],"texture":"#0"},"south":{"uv":[1.3125, 6.71875, 1, 6.84375],"texture":"#0"},"west":{"uv":[1.5, 6.53125, 1.3125, 6.65625],"texture":"#0"},"up":{"uv":[1.3125, 6.53125, 1, 6.71875],"texture":"#0"},"down":{"uv":[1.3125, 6.53125, 1, 6.71875],"texture":"#0"}}},{"from":[-8, 11.76566, 3.72067],"to":[-6, 13.26566, 6.22067],"rotation":{"angle":22.5,"axis":"z","origin":[-12.3, 14.3, 3.6]},"faces":{"north":{"uv":[1.375, 6.9375, 1.25, 7.03125],"texture":"#0"},"east":{"uv":[1.15625, 7.09375, 1, 7.1875],"texture":"#0"},"south":{"uv":[1.125, 6.84375, 1, 6.9375],"texture":"#0"},"west":{"uv":[1.15625, 7.09375, 1, 7.1875],"texture":"#0"},"up":{"uv":[1.125, 6.9375, 1, 7.09375],"texture":"#0"},"down":{"uv":[1.125, 6.9375, 1, 7.09375],"texture":"#0"}}},{"from":[-13.97933, 16.26566, 11.1],"to":[-9.97933, 16.26566, 14.1],"rotation":{"angle":-45,"axis":"x","origin":[-13.3, 16.3, 10.6]},"faces":{"north":{"uv":[1.21875, 6.84375, 1.0625, 6.9375],"texture":"#0"},"east":{"uv":[1.0625, 6.84375, 1, 6.9375],"texture":"#0"},"south":{"uv":[1.21875, 6.84375, 1.0625, 6.9375],"texture":"#0"},"west":{"uv":[1.0625, 6.84375, 1, 6.9375],"texture":"#0"},"up":{"uv":[1.5, 6.65625, 1.3125, 6.90625],"rotation":270,"texture":"#0"},"down":{"uv":[1.5, 6.65625, 1.3125, 6.90625],"rotation":90,"texture":"#0"}}},{"from":[11.02067, 21.66566, 20.1],"to":[13.02067, 22.56566, 22.1],"rotation":{"angle":-22.5,"axis":"x","origin":[10.7, 21.8, 20.6]},"faces":{"north":{"uv":[1.125, 7.25, 1, 7.30625],"texture":"#0"},"east":{"uv":[1.125, 7.1875, 1, 7.24375],"texture":"#0"},"south":{"uv":[1.125, 7.25, 1, 7.30625],"texture":"#0"},"west":{"uv":[1.125, 7.1875, 1, 7.24375],"texture":"#0"},"up":{"uv":[1.25, 6.9375, 1.125, 7.0625],"rotation":270,"texture":"#0"},"down":{"uv":[1.25, 6.9375, 1.125, 7.0625],"rotation":90,"texture":"#0"}}},{"from":[-3.92144, 21.42029, 12.6],"to":[-1.92144, 22.32029, 14.6],"rotation":{"angle":45,"axis":"y","origin":[9, 29.6, 3]},"faces":{"north":{"uv":[1.6875, 7.09375, 1.5625, 7.15],"texture":"#0"},"east":{"uv":[1.6875, 7.15625, 1.5625, 7.2125],"texture":"#0"},"south":{"uv":[1.6875, 7.09375, 1.8125, 7.15],"texture":"#0"},"west":{"uv":[1.6875, 7.15625, 1.5625, 7.2125],"texture":"#0"},"up":{"uv":[1.6875, 6.96875, 1.5625, 7.09375],"texture":"#0"},"down":{"uv":[1.6875, 6.96875, 1.5625, 7.09375],"texture":"#0"}}},{"from":[5.6, 21.7, 19.4],"to":[5.6, 23.7, 23.4],"rotation":{"angle":-22.5,"axis":"z","origin":[5, 23.6, 21.4]},"faces":{"north":{"uv":[1.8125, 5.5, 1.8125, 5.625],"texture":"#0"},"east":{"uv":[0.75, 5.75, 0.5, 5.875],"texture":"#0"},"south":{"uv":[1.8125, 5.5, 1.8125, 5.625],"texture":"#0"},"west":{"uv":[0.75, 5.75, 0.5, 5.875],"texture":"#0"},"up":{"uv":[1.84375, 5.5, 1.84375, 5.75],"texture":"#0"},"down":{"uv":[1.84375, 5.5, 1.84375, 5.75],"texture":"#0"}}},{"from":[5.5, 17.9, 15.1],"to":[6, 20.9, 27.1],"rotation":{"angle":-22.5,"axis":"x","origin":[7, 20.6, 13.4]},"faces":{"north":{"uv":[2.34375, 5.6875, 2.3125, 5.875],"texture":"#0"},"east":{"uv":[1.75, 5.9375, 1, 6.125],"texture":"#0"},"south":{"uv":[2.34375, 5.6875, 2.3125, 5.875],"texture":"#0"},"west":{"uv":[1.75, 5.9375, 1, 6.125],"texture":"#0"},"up":{"uv":[2.375, 5.6875, 2.34375, 6.4375],"texture":"#0"},"down":{"uv":[2.375, 5.6875, 2.34375, 6.4375],"texture":"#0"}}},{"from":[6, 17.9, 15.1],"to":[14, 20.9, 15.6],"rotation":{"angle":-22.5,"axis":"x","origin":[-9, 20.6, 13.4]},"faces":{"north":{"uv":[0.5, 5.9375, 1, 6.125],"texture":"#0"},"east":{"uv":[1, 5.9375, 1.03125, 6.125],"texture":"#0"},"south":{"uv":[0.5, 5.9375, 1, 6.125],"texture":"#0"},"west":{"uv":[1, 5.9375, 1.03125, 6.125],"texture":"#0"},"up":{"uv":[0.5, 6.125, 1, 6.15625],"texture":"#0"},"down":{"uv":[0.5, 6.125, 1, 6.15625],"texture":"#0"}}},{"from":[14.4, 21.7, 19.4],"to":[14.4, 23.7, 23.4],"rotation":{"angle":22.5,"axis":"z","origin":[15, 23.6, 21.4]},"faces":{"north":{"uv":[1.8125, 5.5, 1.8125, 5.625],"texture":"#0"},"east":{"uv":[0.5, 5.75, 0.75, 5.875],"texture":"#0"},"south":{"uv":[1.8125, 5.5, 1.8125, 5.625],"texture":"#0"},"west":{"uv":[0.5, 5.75, 0.75, 5.875],"texture":"#0"},"up":{"uv":[1.84375, 5.5, 1.84375, 5.75],"texture":"#0"},"down":{"uv":[1.84375, 5.5, 1.84375, 5.75],"texture":"#0"}}},{"from":[14, 17.9, 15.1],"to":[14.5, 20.9, 27.1],"rotation":{"angle":-22.5,"axis":"x","origin":[-9, 20.6, 13.4]},"faces":{"north":{"uv":[2.3125, 5.6875, 2.34375, 5.875],"texture":"#0"},"east":{"uv":[1, 5.9375, 1.75, 6.125],"texture":"#0"},"south":{"uv":[2.3125, 5.6875, 2.34375, 5.875],"texture":"#0"},"west":{"uv":[1, 5.9375, 1.75, 6.125],"texture":"#0"},"up":{"uv":[2.34375, 5.6875, 2.375, 6.4375],"texture":"#0"},"down":{"uv":[2.34375, 5.6875, 2.375, 6.4375],"texture":"#0"}}},{"from":[6, 17.9, 26.6],"to":[14, 20.9, 27.1],"rotation":{"angle":-22.5,"axis":"x","origin":[7, 20.6, 13.4]},"faces":{"north":{"uv":[1, 5.9375, 0.5, 6.125],"texture":"#0"},"east":{"uv":[1.03125, 5.9375, 1, 6.125],"texture":"#0"},"south":{"uv":[1, 5.9375, 0.5, 6.125],"texture":"#0"},"west":{"uv":[1.03125, 5.9375, 1, 6.125],"texture":"#0"},"up":{"uv":[1, 6.125, 0.5, 6.15625],"texture":"#0"},"down":{"uv":[1, 6.125, 0.5, 6.15625],"texture":"#0"}}},{"from":[6, 18, 15.6],"to":[14, 18, 26.6],"rotation":{"angle":-22.5,"axis":"x","origin":[7, 20.6, 13.4]},"faces":{"north":{"uv":[1, 5.9375, 0.5, 6.125],"texture":"#0"},"east":{"uv":[1.03125, 5.9375, 1, 6.125],"texture":"#0"},"south":{"uv":[1, 5.9375, 0.5, 6.125],"texture":"#0"},"west":{"uv":[1.03125, 5.9375, 1, 6.125],"texture":"#0"},"up":{"uv":[1, 6.15625, 0.5, 6.84375],"texture":"#0"},"down":{"uv":[1, 6.15625, 0.5, 6.84375],"texture":"#0"}}},{"from":[10.82067, 23.26566, 14.5],"to":[13.32067, 24.76566, 16.5],"rotation":{"angle":-22.5,"axis":"x","origin":[10.7, 21.8, 20.6]},"faces":{"north":{"uv":[1.15625, 7.09375, 1, 7.1875],"texture":"#0"},"east":{"uv":[1.125, 6.84375, 1, 6.9375],"texture":"#0"},"south":{"uv":[1.15625, 7.09375, 1, 7.1875],"texture":"#0"},"west":{"uv":[1.375, 6.9375, 1.25, 7.03125],"texture":"#0"},"up":{"uv":[1.125, 6.9375, 1, 7.09375],"rotation":270,"texture":"#0"},"down":{"uv":[1.125, 6.9375, 1, 7.09375],"rotation":90,"texture":"#0"}}},{"from":[10.52067, 21.06566, 15.6],"to":[13.52067, 23.06566, 20.6],"rotation":{"angle":0,"axis":"y","origin":[10.7, 21.8, 20.6]},"faces":{"north":{"uv":[1.3125, 6.53125, 1.5, 6.65625],"texture":"#0"},"east":{"uv":[1.3125, 6.71875, 1, 6.84375],"texture":"#0"},"south":{"uv":[1.5, 6.53125, 1.3125, 6.65625],"texture":"#0"},"west":{"uv":[1.3125, 7.3125, 1, 7.4375],"texture":"#0"},"up":{"uv":[1.3125, 6.53125, 1, 6.71875],"rotation":270,"texture":"#0"},"down":{"uv":[1.3125, 6.53125, 1, 6.71875],"rotation":90,"texture":"#0"}}},{"from":[10.02067, 21.76566, 21.1],"to":[14.02067, 21.76566, 24.1],"rotation":{"angle":-45,"axis":"x","origin":[10.7, 21.8, 20.6]},"faces":{"north":{"uv":[1.21875, 6.84375, 1.0625, 6.9375],"texture":"#0"},"east":{"uv":[1.0625, 6.84375, 1, 6.9375],"texture":"#0"},"south":{"uv":[1.21875, 6.84375, 1.0625, 6.9375],"texture":"#0"},"west":{"uv":[1.0625, 6.84375, 1, 6.9375],"texture":"#0"},"up":{"uv":[1.5, 6.65625, 1.3125, 6.90625],"rotation":270,"texture":"#0"},"down":{"uv":[1.5, 6.65625, 1.3125, 6.90625],"rotation":90,"texture":"#0"}}},{"from":[7.1, 18.2985, 9.43645],"to":[9.6, 19.7985, 11.43645],"rotation":{"angle":-22.5,"axis":"x","origin":[9, 29.6, 3]},"faces":{"north":{"uv":[1.28125, 7.21875, 1.125, 7.3125],"texture":"#0"},"east":{"uv":[1.40625, 7.21875, 1.28125, 7.3125],"texture":"#0"},"south":{"uv":[1.28125, 7.21875, 1.125, 7.3125],"texture":"#0"},"west":{"uv":[1.4375, 7.3125, 1.3125, 7.40625],"texture":"#0"},"up":{"uv":[1.28125, 7.0625, 1.15625, 7.21875],"rotation":270,"texture":"#0"},"down":{"uv":[1.28125, 7.0625, 1.15625, 7.21875],"rotation":90,"texture":"#0"}}},{"from":[5.8, 28.16411, 21.35772],"to":[9.8, 31.16411, 21.35772],"rotation":{"angle":22.5,"axis":"x","origin":[9, 29.6, 3]},"faces":{"north":{"uv":[1.5625, 6.90625, 1.375, 7.15625],"rotation":90,"texture":"#0"},"east":{"uv":[1.0625, 6.84375, 1, 6.9375],"rotation":90,"texture":"#0"},"south":{"uv":[1.5625, 6.90625, 1.375, 7.15625],"rotation":90,"texture":"#0"},"west":{"uv":[1.0625, 6.84375, 1, 6.9375],"rotation":270,"texture":"#0"},"up":{"uv":[1.21875, 6.84375, 1.0625, 6.9375],"texture":"#0"},"down":{"uv":[1.21875, 6.84375, 1.0625, 6.9375],"rotation":180,"texture":"#0"}}},{"from":[6.75585, 26.98508, 15.7],"to":[9.75585, 28.98508, 20.7],"rotation":{"angle":22.5,"axis":"x","origin":[9, 29.6, 3]},"faces":{"north":{"uv":[1.875, 6.8125, 2.0625, 6.9375],"texture":"#0"},"east":{"uv":[2, 6.96875, 1.6875, 7.09375],"texture":"#0"},"south":{"uv":[2.0625, 6.8125, 1.875, 6.9375],"texture":"#0"},"west":{"uv":[1.875, 6.84375, 1.5625, 6.96875],"texture":"#0"},"up":{"uv":[1.875, 6.65625, 1.5625, 6.84375],"rotation":270,"texture":"#0"},"down":{"uv":[1.875, 6.65625, 1.5625, 6.84375],"rotation":90,"texture":"#0"}}},{"from":[-4, 18, 15.6],"to":[4, 18, 26.6],"rotation":{"angle":-22.5,"axis":"x","origin":[-3, 20.6, 13.4]},"faces":{"north":{"uv":[1, 5.9375, 0.5, 6.125],"texture":"#0"},"east":{"uv":[1.03125, 5.9375, 1, 6.125],"texture":"#0"},"south":{"uv":[1, 5.9375, 0.5, 6.125],"texture":"#0"},"west":{"uv":[1.03125, 5.9375, 1, 6.125],"texture":"#0"},"up":{"uv":[1, 6.15625, 0.5, 6.84375],"texture":"#0"},"down":{"uv":[1, 6.15625, 0.5, 6.84375],"texture":"#0"}}},{"from":[-4.4, 21.7, 19.4],"to":[-4.4, 23.7, 23.4],"rotation":{"angle":-22.5,"axis":"z","origin":[-5, 23.6, 21.4]},"faces":{"north":{"uv":[1.8125, 5.5, 1.8125, 5.625],"texture":"#0"},"east":{"uv":[0.75, 5.75, 0.5, 5.875],"texture":"#0"},"south":{"uv":[1.8125, 5.5, 1.8125, 5.625],"texture":"#0"},"west":{"uv":[0.75, 5.75, 0.5, 5.875],"texture":"#0"},"up":{"uv":[1.84375, 5.5, 1.84375, 5.75],"texture":"#0"},"down":{"uv":[1.84375, 5.5, 1.84375, 5.75],"texture":"#0"}}},{"from":[-4.5, 17.9, 15.1],"to":[-4, 20.9, 27.1],"rotation":{"angle":-22.5,"axis":"x","origin":[-3, 20.6, 13.4]},"faces":{"north":{"uv":[2.34375, 5.6875, 2.3125, 5.875],"texture":"#0"},"east":{"uv":[1.75, 5.9375, 1, 6.125],"texture":"#0"},"south":{"uv":[2.34375, 5.6875, 2.3125, 5.875],"texture":"#0"},"west":{"uv":[1.75, 5.9375, 1, 6.125],"texture":"#0"},"up":{"uv":[2.375, 5.6875, 2.34375, 6.4375],"texture":"#0"},"down":{"uv":[2.375, 5.6875, 2.34375, 6.4375],"texture":"#0"}}},{"from":[-4, 17.9, 15.1],"to":[4, 20.9, 15.6],"rotation":{"angle":-22.5,"axis":"x","origin":[-19, 20.6, 13.4]},"faces":{"north":{"uv":[0.5, 5.9375, 1, 6.125],"texture":"#0"},"east":{"uv":[1, 5.9375, 1.03125, 6.125],"texture":"#0"},"south":{"uv":[0.5, 5.9375, 1, 6.125],"texture":"#0"},"west":{"uv":[1, 5.9375, 1.03125, 6.125],"texture":"#0"},"up":{"uv":[0.5, 6.125, 1, 6.15625],"texture":"#0"},"down":{"uv":[0.5, 6.125, 1, 6.15625],"texture":"#0"}}},{"from":[4.4, 21.7, 19.4],"to":[4.4, 23.7, 23.4],"rotation":{"angle":22.5,"axis":"z","origin":[5, 23.6, 21.4]},"faces":{"north":{"uv":[1.8125, 5.5, 1.8125, 5.625],"texture":"#0"},"east":{"uv":[0.5, 5.75, 0.75, 5.875],"texture":"#0"},"south":{"uv":[1.8125, 5.5, 1.8125, 5.625],"texture":"#0"},"west":{"uv":[0.5, 5.75, 0.75, 5.875],"texture":"#0"},"up":{"uv":[1.84375, 5.5, 1.84375, 5.75],"texture":"#0"},"down":{"uv":[1.84375, 5.5, 1.84375, 5.75],"texture":"#0"}}},{"from":[4, 17.9, 15.1],"to":[4.5, 20.9, 27.1],"rotation":{"angle":-22.5,"axis":"x","origin":[-19, 20.6, 13.4]},"faces":{"north":{"uv":[2.3125, 5.6875, 2.34375, 5.875],"texture":"#0"},"east":{"uv":[1, 5.9375, 1.75, 6.125],"texture":"#0"},"south":{"uv":[2.3125, 5.6875, 2.34375, 5.875],"texture":"#0"},"west":{"uv":[1, 5.9375, 1.75, 6.125],"texture":"#0"},"up":{"uv":[2.34375, 5.6875, 2.375, 6.4375],"texture":"#0"},"down":{"uv":[2.34375, 5.6875, 2.375, 6.4375],"texture":"#0"}}},{"from":[-4, 17.9, 26.6],"to":[4, 20.9, 27.1],"rotation":{"angle":-22.5,"axis":"x","origin":[-3, 20.6, 13.4]},"faces":{"north":{"uv":[1, 5.9375, 0.5, 6.125],"texture":"#0"},"east":{"uv":[1.03125, 5.9375, 1, 6.125],"texture":"#0"},"south":{"uv":[1, 5.9375, 0.5, 6.125],"texture":"#0"},"west":{"uv":[1.03125, 5.9375, 1, 6.125],"texture":"#0"},"up":{"uv":[1, 6.125, 0.5, 6.15625],"texture":"#0"},"down":{"uv":[1, 6.125, 0.5, 6.15625],"texture":"#0"}}},{"from":[-14.4, 21.7, 19.4],"to":[-14.4, 23.7, 23.4],"rotation":{"angle":-22.5,"axis":"z","origin":[-15, 23.6, 21.4]},"faces":{"north":{"uv":[1.8125, 5.5, 1.8125, 5.625],"texture":"#0"},"east":{"uv":[0.75, 5.75, 0.5, 5.875],"texture":"#0"},"south":{"uv":[1.8125, 5.5, 1.8125, 5.625],"texture":"#0"},"west":{"uv":[0.75, 5.75, 0.5, 5.875],"texture":"#0"},"up":{"uv":[1.84375, 5.5, 1.84375, 5.75],"texture":"#0"},"down":{"uv":[1.84375, 5.5, 1.84375, 5.75],"texture":"#0"}}},{"from":[-14.5, 17.9, 15.1],"to":[-14, 20.9, 27.1],"rotation":{"angle":-22.5,"axis":"x","origin":[-13, 20.6, 13.4]},"faces":{"north":{"uv":[2.34375, 5.6875, 2.3125, 5.875],"texture":"#0"},"east":{"uv":[1.75, 5.9375, 1, 6.125],"texture":"#0"},"south":{"uv":[2.34375, 5.6875, 2.3125, 5.875],"texture":"#0"},"west":{"uv":[1.75, 5.9375, 1, 6.125],"texture":"#0"},"up":{"uv":[2.375, 5.6875, 2.34375, 6.4375],"texture":"#0"},"down":{"uv":[2.375, 5.6875, 2.34375, 6.4375],"texture":"#0"}}},{"from":[-14, 17.9, 15.1],"to":[-6, 20.9, 15.6],"rotation":{"angle":-22.5,"axis":"x","origin":[-29, 20.6, 13.4]},"faces":{"north":{"uv":[0.5, 5.9375, 1, 6.125],"texture":"#0"},"east":{"uv":[1, 5.9375, 1.03125, 6.125],"texture":"#0"},"south":{"uv":[0.5, 5.9375, 1, 6.125],"texture":"#0"},"west":{"uv":[1, 5.9375, 1.03125, 6.125],"texture":"#0"},"up":{"uv":[0.5, 6.125, 1, 6.15625],"texture":"#0"},"down":{"uv":[0.5, 6.125, 1, 6.15625],"texture":"#0"}}},{"from":[-5.6, 21.7, 19.4],"to":[-5.6, 23.7, 23.4],"rotation":{"angle":22.5,"axis":"z","origin":[-5, 23.6, 21.4]},"faces":{"north":{"uv":[1.8125, 5.5, 1.8125, 5.625],"texture":"#0"},"east":{"uv":[0.5, 5.75, 0.75, 5.875],"texture":"#0"},"south":{"uv":[1.8125, 5.5, 1.8125, 5.625],"texture":"#0"},"west":{"uv":[0.5, 5.75, 0.75, 5.875],"texture":"#0"},"up":{"uv":[1.84375, 5.5, 1.84375, 5.75],"texture":"#0"},"down":{"uv":[1.84375, 5.5, 1.84375, 5.75],"texture":"#0"}}},{"from":[-6, 17.9, 15.1],"to":[-5.5, 20.9, 27.1],"rotation":{"angle":-22.5,"axis":"x","origin":[-29, 20.6, 13.4]},"faces":{"north":{"uv":[2.3125, 5.6875, 2.34375, 5.875],"texture":"#0"},"east":{"uv":[1, 5.9375, 1.75, 6.125],"texture":"#0"},"south":{"uv":[2.3125, 5.6875, 2.34375, 5.875],"texture":"#0"},"west":{"uv":[1, 5.9375, 1.75, 6.125],"texture":"#0"},"up":{"uv":[2.34375, 5.6875, 2.375, 6.4375],"texture":"#0"},"down":{"uv":[2.34375, 5.6875, 2.375, 6.4375],"texture":"#0"}}},{"from":[-14, 17.9, 26.6],"to":[-6, 20.9, 27.1],"rotation":{"angle":-22.5,"axis":"x","origin":[-13, 20.6, 13.4]},"faces":{"north":{"uv":[1, 5.9375, 0.5, 6.125],"texture":"#0"},"east":{"uv":[1.03125, 5.9375, 1, 6.125],"texture":"#0"},"south":{"uv":[1, 5.9375, 0.5, 6.125],"texture":"#0"},"west":{"uv":[1.03125, 5.9375, 1, 6.125],"texture":"#0"},"up":{"uv":[1, 6.125, 0.5, 6.15625],"texture":"#0"},"down":{"uv":[1, 6.125, 0.5, 6.15625],"texture":"#0"}}},{"from":[-14, 18, 15.6],"to":[-6, 18, 26.6],"rotation":{"angle":-22.5,"axis":"x","origin":[-13, 20.6, 13.4]},"faces":{"north":{"uv":[1, 5.9375, 0.5, 6.125],"texture":"#0"},"east":{"uv":[1.03125, 5.9375, 1, 6.125],"texture":"#0"},"south":{"uv":[1, 5.9375, 0.5, 6.125],"texture":"#0"},"west":{"uv":[1.03125, 5.9375, 1, 6.125],"texture":"#0"},"up":{"uv":[1, 6.15625, 0.5, 6.84375],"texture":"#0"},"down":{"uv":[1, 6.15625, 0.5, 6.84375],"texture":"#0"}}},{"from":[-12.93434, 20.5, 15.92067],"to":[-12.93434, 23.5, 19.92067],"rotation":{"angle":22.5,"axis":"z","origin":[-12.3, 20.3, 16.6]},"faces":{"north":{"uv":[1.0625, 6.84375, 1, 6.9375],"rotation":270,"texture":"#0"},"east":{"uv":[1.5, 6.65625, 1.3125, 6.90625],"rotation":90,"texture":"#0"},"south":{"uv":[1.0625, 6.84375, 1, 6.9375],"rotation":90,"texture":"#0"},"west":{"uv":[1.5, 6.65625, 1.3125, 6.90625],"rotation":90,"texture":"#0"},"up":{"uv":[1.21875, 6.84375, 1.0625, 6.9375],"rotation":90,"texture":"#0"},"down":{"uv":[1.21875, 6.84375, 1.0625, 6.9375],"rotation":90,"texture":"#0"}}},{"from":[-13.8, 20.16566, 16.92067],"to":[-11.8, 21.06566, 18.92067],"rotation":{"angle":-22.5,"axis":"z","origin":[-12.3, 20.3, 16.6]},"faces":{"north":{"uv":[1.125, 7.1875, 1, 7.24375],"texture":"#0"},"east":{"uv":[1.125, 7.25, 1, 7.30625],"texture":"#0"},"south":{"uv":[1.125, 7.1875, 1, 7.24375],"texture":"#0"},"west":{"uv":[1.125, 7.25, 1, 7.30625],"texture":"#0"},"up":{"uv":[1.25, 6.9375, 1.125, 7.0625],"texture":"#0"},"down":{"uv":[1.25, 6.9375, 1.125, 7.0625],"texture":"#0"}}},{"from":[-12.3, 19.16566, 16.42067],"to":[-7.3, 21.16566, 19.42067],"rotation":{"angle":-22.5,"axis":"x","origin":[-12.3, 20.3, 16.6]},"faces":{"north":{"uv":[1.3125, 7.3125, 1, 7.4375],"texture":"#0"},"east":{"uv":[1.5, 6.53125, 1.3125, 6.65625],"texture":"#0"},"south":{"uv":[1.3125, 6.71875, 1, 6.84375],"texture":"#0"},"west":{"uv":[1.5, 6.53125, 1.3125, 6.65625],"texture":"#0"},"up":{"uv":[1.3125, 6.53125, 1, 6.71875],"texture":"#0"},"down":{"uv":[1.3125, 6.53125, 1, 6.71875],"texture":"#0"}}},{"from":[-8, 17.76566, 16.72067],"to":[-6, 19.26566, 19.22067],"rotation":{"angle":22.5,"axis":"z","origin":[-12.3, 20.3, 16.6]},"faces":{"north":{"uv":[1.375, 6.9375, 1.25, 7.03125],"texture":"#0"},"east":{"uv":[1.15625, 7.09375, 1, 7.1875],"texture":"#0"},"south":{"uv":[1.125, 6.84375, 1, 6.9375],"texture":"#0"},"west":{"uv":[1.15625, 7.09375, 1, 7.1875],"texture":"#0"},"up":{"uv":[1.125, 6.9375, 1, 7.09375],"texture":"#0"},"down":{"uv":[1.125, 6.9375, 1, 7.09375],"texture":"#0"}}},{"from":[-9.8, 24.4, 19.7],"to":[-9.8, 27.4, 23.7],"rotation":{"angle":22.5,"axis":"z","origin":[-1.9, 14.3, 12]},"faces":{"north":{"uv":[1.0625, 6.84375, 1, 6.9375],"rotation":270,"texture":"#0"},"east":{"uv":[1.5625, 6.90625, 1.375, 7.15625],"rotation":90,"texture":"#0"},"south":{"uv":[1.0625, 6.84375, 1, 6.9375],"rotation":90,"texture":"#0"},"west":{"uv":[1.5625, 6.90625, 1.375, 7.15625],"rotation":90,"texture":"#0"},"up":{"uv":[1.21875, 6.84375, 1.0625, 6.9375],"rotation":90,"texture":"#0"},"down":{"uv":[1.21875, 6.84375, 1.0625, 6.9375],"rotation":90,"texture":"#0"}}},{"from":[-12.4, 16.1, 22.2],"to":[-7.4, 18.1, 25.2],"rotation":{"angle":-22.5,"axis":"x","origin":[-2.4, 14.7, 12]},"faces":{"north":{"uv":[1.875, 6.84375, 1.5625, 6.96875],"texture":"#0"},"east":{"uv":[1.875, 6.8125, 2.0625, 6.9375],"texture":"#0"},"south":{"uv":[2, 6.96875, 1.6875, 7.09375],"texture":"#0"},"west":{"uv":[2.0625, 6.8125, 1.875, 6.9375],"texture":"#0"},"up":{"uv":[1.875, 6.65625, 1.5625, 6.84375],"texture":"#0"},"down":{"uv":[1.875, 6.65625, 1.5625, 6.84375],"texture":"#0"}}},{"from":[-15.4, 16.3, 20.7],"to":[-13.4, 17.2, 22.7],"rotation":{"angle":-22.5,"axis":"z","origin":[-1.9, 14.3, 12]},"faces":{"north":{"uv":[1.6875, 7.09375, 1.5625, 7.15],"texture":"#0"},"east":{"uv":[1.6875, 7.15625, 1.5625, 7.2125],"texture":"#0"},"south":{"uv":[1.6875, 7.09375, 1.8125, 7.15],"texture":"#0"},"west":{"uv":[1.6875, 7.15625, 1.5625, 7.2125],"texture":"#0"},"up":{"uv":[1.6875, 6.96875, 1.5625, 7.09375],"texture":"#0"},"down":{"uv":[1.6875, 6.96875, 1.5625, 7.09375],"texture":"#0"}}},{"from":[-4.9, 21.8, 20.7],"to":[-2.9, 23.3, 23.2],"rotation":{"angle":22.5,"axis":"z","origin":[-2.4, 14.7, 12]},"faces":{"north":{"uv":[1.4375, 7.3125, 1.3125, 7.40625],"texture":"#0"},"east":{"uv":[1.28125, 7.21875, 1.125, 7.3125],"texture":"#0"},"south":{"uv":[1.40625, 7.21875, 1.28125, 7.3125],"texture":"#0"},"west":{"uv":[1.28125, 7.21875, 1.125, 7.3125],"texture":"#0"},"up":{"uv":[1.28125, 7.0625, 1.15625, 7.21875],"texture":"#0"},"down":{"uv":[1.28125, 7.0625, 1.15625, 7.21875],"texture":"#0"}}},{"from":[-11.97933, 15.16566, 10.1],"to":[-9.97933, 16.06566, 12.1],"rotation":{"angle":-22.5,"axis":"x","origin":[-12.3, 15.3, 10.6]},"faces":{"north":{"uv":[1.125, 7.25, 1, 7.30625],"texture":"#0"},"east":{"uv":[1.125, 7.1875, 1, 7.24375],"texture":"#0"},"south":{"uv":[1.125, 7.25, 1, 7.30625],"texture":"#0"},"west":{"uv":[1.125, 7.1875, 1, 7.24375],"texture":"#0"},"up":{"uv":[1.25, 6.9375, 1.125, 7.0625],"rotation":270,"texture":"#0"},"down":{"uv":[1.25, 6.9375, 1.125, 7.0625],"rotation":90,"texture":"#0"}}}],"display":{"thirdperson_righthand":{"rotation":[67.5, 0, 0],"translation":[-0.25, 4.5, 1.5],"scale":[0.2832, 0.2832, 0.2832]},"thirdperson_lefthand":{"rotation":[67.5, 0, 0],"translation":[-0.25, 4.5, 1.5],"scale":[0.2832, 0.2832, 0.2832]},"firstperson_righthand":{"rotation":[180, 57.5, 180],"translation":[-0.75, 4.25, 0],"scale":[0.3043, 0.3043, 0.3043]},"firstperson_lefthand":{"rotation":[180, 57.5, 180],"translation":[-0.75, 4.25, 0],"scale":[0.3043, 0.3043, 0.3043]},"ground":{"translation":[0, 5.5, 0],"scale":[0.25, 0.25, 0.25]},"gui":{"rotation":[30, 225, 0],"translation":[-0.5, -3.25, 0],"scale":[0.32969, 0.32969, 0.32969]},"head":{"rotation":[0, -180, 0],"translation":[2.25, -1.5, 22.5],"scale":[0, 0, 0]},"fixed":{"rotation":[-90, 0, 0],"translation":[0, 0, -18],"scale":[2, 2, 2]}}}