{"texture_size":[256, 256],"textures":{"0":"custom/furniture/medieval_market/medievalmarket","particle":"custom/furniture/medieval_market/medievalmarket"},"elements":[{"from":[10, 0, -1.3],"to":[18, 3, -0.8],"rotation":{"angle":0,"axis":"y","origin":[-5, 2.7, -3]},"faces":{"north":{"uv":[0.5, 5.9375, 1, 6.125],"texture":"#0"},"east":{"uv":[1, 5.9375, 1.03125, 6.125],"texture":"#0"},"south":{"uv":[0.5, 5.9375, 1, 6.125],"texture":"#0"},"west":{"uv":[1, 5.9375, 1.03125, 6.125],"texture":"#0"},"up":{"uv":[0.5, 6.125, 1, 6.15625],"texture":"#0"},"down":{"uv":[0.5, 6.125, 1, 6.15625],"texture":"#0"}}},{"from":[10, 0, 10.2],"to":[18, 3, 10.7],"rotation":{"angle":0,"axis":"y","origin":[11, 2.7, -3]},"faces":{"north":{"uv":[1, 5.9375, 0.5, 6.125],"texture":"#0"},"east":{"uv":[1.03125, 5.9375, 1, 6.125],"texture":"#0"},"south":{"uv":[1, 5.9375, 0.5, 6.125],"texture":"#0"},"west":{"uv":[1.03125, 5.9375, 1, 6.125],"texture":"#0"},"up":{"uv":[1, 6.125, 0.5, 6.15625],"texture":"#0"},"down":{"uv":[1, 6.125, 0.5, 6.15625],"texture":"#0"}}},{"from":[10, 0.1, -0.8],"to":[18, 0.1, 10.2],"rotation":{"angle":0,"axis":"y","origin":[11, 2.7, -3]},"faces":{"north":{"uv":[1, 5.9375, 0.5, 6.125],"texture":"#0"},"east":{"uv":[1.03125, 5.9375, 1, 6.125],"texture":"#0"},"south":{"uv":[1, 5.9375, 0.5, 6.125],"texture":"#0"},"west":{"uv":[1.03125, 5.9375, 1, 6.125],"texture":"#0"},"up":{"uv":[1, 6.15625, 0.5, 6.84375],"texture":"#0"},"down":{"uv":[1, 6.15625, 0.5, 6.84375],"texture":"#0"}}},{"from":[10, 1.3, -0.8],"to":[18, 1.3, 10.2],"rotation":{"angle":0,"axis":"y","origin":[11, 2.7, -3]},"faces":{"north":{"uv":[1, 5.9375, 0.5, 6.125],"texture":"#0"},"east":{"uv":[1.03125, 5.9375, 1, 6.125],"texture":"#0"},"south":{"uv":[1, 5.9375, 0.5, 6.125],"texture":"#0"},"west":{"uv":[1.03125, 5.9375, 1, 6.125],"texture":"#0"},"up":{"uv":[1, 6.15625, 0.5, 6.84375],"texture":"#0"},"down":{"uv":[1, 6.15625, 0.5, 6.84375],"texture":"#0"}}},{"from":[15.5, 2.9, 2.2],"to":[18, 5.4, 4.7],"rotation":{"angle":-22.5,"axis":"y","origin":[11, 2.7, -3]},"faces":{"north":{"uv":[1.90625, 5.9375, 1.75, 6.09375],"texture":"#0"},"east":{"uv":[2.0625, 5.9375, 1.90625, 6.09375],"texture":"#0"},"south":{"uv":[1.90625, 5.9375, 1.75, 6.09375],"texture":"#0"},"west":{"uv":[2.0625, 5.9375, 1.90625, 6.09375],"texture":"#0"},"up":{"uv":[2.21875, 5.9375, 2.0625, 6.09375],"texture":"#0"},"down":{"uv":[2.21875, 5.9375, 2.0625, 6.09375],"texture":"#0"}}},{"from":[16, 5.4, 3.5],"to":[18.5, 7.9, 3.5],"rotation":{"angle":-22.5,"axis":"y","origin":[11, 2.7, -3]},"faces":{"north":{"uv":[2.625, 6.3125, 2.46875, 6.46875],"texture":"#0"},"east":{"uv":[2.0625, 5.9375, 1.90625, 6.09375],"texture":"#0"},"south":{"uv":[2.46875, 6.3125, 2.625, 6.46875],"texture":"#0"},"west":{"uv":[2.0625, 5.9375, 1.90625, 6.09375],"texture":"#0"},"up":{"uv":[2.21875, 5.9375, 2.0625, 5.9375],"texture":"#0"},"down":{"uv":[2.21875, 5.9375, 2.0625, 6.09375],"texture":"#0"}}},{"from":[9.5, 1.1, 8.2],"to":[12, 3.6, 10.7],"rotation":{"angle":22.5,"axis":"y","origin":[11, 2.7, -3]},"faces":{"north":{"uv":[1.90625, 5.9375, 1.75, 6.09375],"texture":"#0"},"east":{"uv":[2.0625, 5.9375, 1.90625, 6.09375],"texture":"#0"},"south":{"uv":[1.90625, 5.9375, 1.75, 6.09375],"texture":"#0"},"west":{"uv":[2.0625, 5.9375, 1.90625, 6.09375],"texture":"#0"},"up":{"uv":[2.21875, 5.9375, 2.0625, 6.09375],"texture":"#0"},"down":{"uv":[2.21875, 5.9375, 2.0625, 6.09375],"texture":"#0"}}},{"from":[10, 3.6, 9.5],"to":[12.5, 6.1, 9.5],"rotation":{"angle":22.5,"axis":"y","origin":[11, 2.7, -3]},"faces":{"north":{"uv":[2.625, 6.3125, 2.46875, 6.46875],"texture":"#0"},"east":{"uv":[2.0625, 5.9375, 1.90625, 6.09375],"texture":"#0"},"south":{"uv":[2.46875, 6.3125, 2.625, 6.46875],"texture":"#0"},"west":{"uv":[2.0625, 5.9375, 1.90625, 6.09375],"texture":"#0"},"up":{"uv":[2.21875, 5.9375, 2.0625, 5.9375],"texture":"#0"},"down":{"uv":[2.21875, 5.9375, 2.0625, 6.09375],"texture":"#0"}}},{"from":[9.8, 4.5, 5.6],"to":[12.3, 7, 5.6],"rotation":{"angle":22.5,"axis":"z","origin":[11, 2.7, -3]},"faces":{"north":{"uv":[2.46875, 6.3125, 2.625, 6.46875],"texture":"#0"},"east":{"uv":[2.0625, 5.9375, 1.90625, 6.09375],"texture":"#0"},"south":{"uv":[2.625, 6.3125, 2.46875, 6.46875],"texture":"#0"},"west":{"uv":[2.0625, 5.9375, 1.90625, 6.09375],"texture":"#0"},"up":{"uv":[2.21875, 5.9375, 2.0625, 5.9375],"texture":"#0"},"down":{"uv":[2.21875, 5.9375, 2.0625, 6.09375],"texture":"#0"}}},{"from":[10.3, 2, 4.3],"to":[12.8, 4.5, 6.8],"rotation":{"angle":22.5,"axis":"z","origin":[11, 2.7, -3]},"faces":{"north":{"uv":[2.21875, 6.09375, 2.0625, 6.25],"texture":"#0"},"east":{"uv":[2.21875, 6.25, 2.0625, 6.40625],"texture":"#0"},"south":{"uv":[2.21875, 6.09375, 2.0625, 6.25],"texture":"#0"},"west":{"uv":[2.21875, 6.25, 2.0625, 6.40625],"texture":"#0"},"up":{"uv":[2.21875, 6.40625, 2.0625, 6.5625],"texture":"#0"},"down":{"uv":[2.21875, 6.40625, 2.0625, 6.5625],"texture":"#0"}}},{"from":[10.9, 3.8, 3],"to":[13.4, 6.3, 3],"rotation":{"angle":0,"axis":"y","origin":[11, 2.7, -3]},"faces":{"north":{"uv":[2.625, 6.3125, 2.46875, 6.46875],"texture":"#0"},"east":{"uv":[2.0625, 5.9375, 1.90625, 6.09375],"texture":"#0"},"south":{"uv":[2.46875, 6.3125, 2.625, 6.46875],"texture":"#0"},"west":{"uv":[2.0625, 5.9375, 1.90625, 6.09375],"texture":"#0"},"up":{"uv":[2.21875, 5.9375, 2.0625, 5.9375],"texture":"#0"},"down":{"uv":[2.21875, 5.9375, 2.0625, 6.09375],"texture":"#0"}}},{"from":[10.4, 1.3, 1.7],"to":[12.9, 3.8, 4.2],"rotation":{"angle":0,"axis":"y","origin":[11, 2.7, -3]},"faces":{"north":{"uv":[2.21875, 6.09375, 2.0625, 6.25],"texture":"#0"},"east":{"uv":[2.21875, 6.25, 2.0625, 6.40625],"texture":"#0"},"south":{"uv":[2.21875, 6.09375, 2.0625, 6.25],"texture":"#0"},"west":{"uv":[2.21875, 6.25, 2.0625, 6.40625],"texture":"#0"},"up":{"uv":[2.21875, 6.40625, 2.0625, 6.5625],"texture":"#0"},"down":{"uv":[2.21875, 6.40625, 2.0625, 6.5625],"texture":"#0"}}},{"from":[11.4, 1.3, 6.7],"to":[13.9, 3.8, 9.2],"rotation":{"angle":0,"axis":"y","origin":[11, 2.7, -3]},"faces":{"north":{"uv":[2.21875, 6.09375, 2.0625, 6.25],"texture":"#0"},"east":{"uv":[2.21875, 6.25, 2.0625, 6.40625],"texture":"#0"},"south":{"uv":[2.21875, 6.09375, 2.0625, 6.25],"texture":"#0"},"west":{"uv":[2.21875, 6.25, 2.0625, 6.40625],"texture":"#0"},"up":{"uv":[2.21875, 6.40625, 2.0625, 6.5625],"texture":"#0"},"down":{"uv":[2.21875, 6.40625, 2.0625, 6.5625],"texture":"#0"}}},{"from":[11.7, 0.1, -0.8],"to":[14.2, 2.6, 1.7],"rotation":{"angle":-22.5,"axis":"x","origin":[11, 2.7, -3]},"faces":{"north":{"uv":[1.90625, 5.9375, 1.75, 6.09375],"texture":"#0"},"east":{"uv":[2.0625, 5.9375, 1.90625, 6.09375],"texture":"#0"},"south":{"uv":[1.90625, 5.9375, 1.75, 6.09375],"texture":"#0"},"west":{"uv":[2.0625, 5.9375, 1.90625, 6.09375],"texture":"#0"},"up":{"uv":[2.21875, 5.9375, 2.0625, 6.09375],"texture":"#0"},"down":{"uv":[2.21875, 5.9375, 2.0625, 6.09375],"texture":"#0"}}},{"from":[14, 4.3, 3],"to":[16.5, 6.8, 3],"rotation":{"angle":0,"axis":"y","origin":[11, 2.7, -3]},"faces":{"north":{"uv":[2.625, 6.46875, 2.46875, 6.625],"texture":"#0"},"east":{"uv":[2.0625, 5.9375, 1.90625, 6.09375],"texture":"#0"},"south":{"uv":[2.625, 6.46875, 2.46875, 6.625],"texture":"#0"},"west":{"uv":[2.0625, 5.9375, 1.90625, 6.09375],"texture":"#0"},"up":{"uv":[2.21875, 5.9375, 2.0625, 5.9375],"texture":"#0"},"down":{"uv":[2.21875, 5.9375, 2.0625, 6.09375],"texture":"#0"}}},{"from":[10.9, 3.8, 8],"to":[13.4, 6.3, 8],"rotation":{"angle":0,"axis":"y","origin":[11, 2.7, -3]},"faces":{"north":{"uv":[2.46875, 6.46875, 2.625, 6.625],"texture":"#0"},"east":{"uv":[2.0625, 5.9375, 1.90625, 6.09375],"texture":"#0"},"south":{"uv":[2.625, 6.46875, 2.46875, 6.625],"texture":"#0"},"west":{"uv":[2.0625, 5.9375, 1.90625, 6.09375],"texture":"#0"},"up":{"uv":[2.21875, 5.9375, 2.0625, 5.9375],"texture":"#0"},"down":{"uv":[2.21875, 5.9375, 2.0625, 6.09375],"texture":"#0"}}},{"from":[2, -2.4, 5],"to":[4.5, 0.1, 5],"rotation":{"angle":-22.5,"axis":"z","origin":[10, 2.7, -3]},"faces":{"north":{"uv":[2.46875, 6.46875, 2.625, 6.625],"rotation":90,"texture":"#0"},"east":{"uv":[2.21875, 5.9375, 2.0625, 6.09375],"rotation":270,"texture":"#0"},"south":{"uv":[2.625, 6.46875, 2.46875, 6.625],"rotation":270,"texture":"#0"},"west":{"uv":[2.21875, 5.9375, 2.0625, 5.9375],"rotation":270,"texture":"#0"},"up":{"uv":[2.0625, 5.9375, 1.90625, 6.09375],"rotation":270,"texture":"#0"},"down":{"uv":[2.0625, 5.9375, 1.90625, 6.09375],"rotation":270,"texture":"#0"}}},{"from":[4.5, -1.9, 3.7],"to":[7, 0.6, 6.2],"rotation":{"angle":-22.5,"axis":"z","origin":[10, 2.7, -3]},"faces":{"north":{"uv":[2.21875, 6.09375, 2.0625, 6.25],"rotation":90,"texture":"#0"},"east":{"uv":[2.21875, 6.40625, 2.0625, 6.5625],"rotation":270,"texture":"#0"},"south":{"uv":[2.21875, 6.09375, 2.0625, 6.25],"rotation":270,"texture":"#0"},"west":{"uv":[2.21875, 6.40625, 2.0625, 6.5625],"rotation":270,"texture":"#0"},"up":{"uv":[2.21875, 6.25, 2.0625, 6.40625],"rotation":270,"texture":"#0"},"down":{"uv":[2.21875, 6.25, 2.0625, 6.40625],"rotation":270,"texture":"#0"}}},{"from":[16, 3.6, 0.5],"to":[18.5, 6.1, 0.5],"rotation":{"angle":0,"axis":"y","origin":[11, 2.7, -3]},"faces":{"north":{"uv":[2.625, 6.3125, 2.46875, 6.46875],"texture":"#0"},"east":{"uv":[2.0625, 5.9375, 1.90625, 6.09375],"texture":"#0"},"south":{"uv":[2.46875, 6.3125, 2.625, 6.46875],"texture":"#0"},"west":{"uv":[2.0625, 5.9375, 1.90625, 6.09375],"texture":"#0"},"up":{"uv":[2.21875, 5.9375, 2.0625, 5.9375],"texture":"#0"},"down":{"uv":[2.21875, 5.9375, 2.0625, 6.09375],"texture":"#0"}}},{"from":[15.5, 1.1, -0.8],"to":[18, 3.6, 1.7],"rotation":{"angle":0,"axis":"y","origin":[11, 2.7, -3]},"faces":{"north":{"uv":[1.90625, 5.9375, 1.75, 6.09375],"texture":"#0"},"east":{"uv":[2.0625, 5.9375, 1.90625, 6.09375],"texture":"#0"},"south":{"uv":[1.90625, 5.9375, 1.75, 6.09375],"texture":"#0"},"west":{"uv":[2.0625, 5.9375, 1.90625, 6.09375],"texture":"#0"},"up":{"uv":[2.21875, 5.9375, 2.0625, 6.09375],"texture":"#0"},"down":{"uv":[2.21875, 5.9375, 2.0625, 6.09375],"texture":"#0"}}},{"from":[4.5, 0, -0.8],"to":[7, 2.5, 1.7],"rotation":{"angle":22.5,"axis":"y","origin":[11, 2.7, -3]},"faces":{"north":{"uv":[1.90625, 5.9375, 1.75, 6.09375],"texture":"#0"},"east":{"uv":[2.0625, 5.9375, 1.90625, 6.09375],"texture":"#0"},"south":{"uv":[1.90625, 5.9375, 1.75, 6.09375],"texture":"#0"},"west":{"uv":[2.0625, 5.9375, 1.90625, 6.09375],"texture":"#0"},"up":{"uv":[2.21875, 5.9375, 2.0625, 6.09375],"texture":"#0"},"down":{"uv":[2.21875, 5.9375, 2.0625, 6.09375],"texture":"#0"}}},{"from":[5, 2.5, 0.5],"to":[7.5, 5, 0.5],"rotation":{"angle":22.5,"axis":"y","origin":[11, 2.7, -3]},"faces":{"north":{"uv":[2.625, 6.3125, 2.46875, 6.46875],"texture":"#0"},"east":{"uv":[2.0625, 5.9375, 1.90625, 6.09375],"texture":"#0"},"south":{"uv":[2.46875, 6.3125, 2.625, 6.46875],"texture":"#0"},"west":{"uv":[2.0625, 5.9375, 1.90625, 6.09375],"texture":"#0"},"up":{"uv":[2.21875, 5.9375, 2.0625, 5.9375],"texture":"#0"},"down":{"uv":[2.21875, 5.9375, 2.0625, 6.09375],"texture":"#0"}}},{"from":[12.2, 2.7, 0.4],"to":[14.7, 5.2, 0.4],"rotation":{"angle":-22.5,"axis":"x","origin":[11, 2.7, -3]},"faces":{"north":{"uv":[2.625, 6.46875, 2.46875, 6.625],"texture":"#0"},"east":{"uv":[2.0625, 5.9375, 1.90625, 6.09375],"texture":"#0"},"south":{"uv":[2.625, 6.46875, 2.46875, 6.625],"texture":"#0"},"west":{"uv":[2.0625, 5.9375, 1.90625, 6.09375],"texture":"#0"},"up":{"uv":[2.21875, 5.9375, 2.0625, 5.9375],"texture":"#0"},"down":{"uv":[2.21875, 5.9375, 2.0625, 6.09375],"texture":"#0"}}},{"from":[13.5, 1.8, 1.7],"to":[16, 4.3, 4.2],"rotation":{"angle":0,"axis":"y","origin":[11, 2.7, -3]},"faces":{"north":{"uv":[1.90625, 5.9375, 1.75, 6.09375],"texture":"#0"},"east":{"uv":[2.0625, 5.9375, 1.90625, 6.09375],"texture":"#0"},"south":{"uv":[1.90625, 5.9375, 1.75, 6.09375],"texture":"#0"},"west":{"uv":[2.0625, 5.9375, 1.90625, 6.09375],"texture":"#0"},"up":{"uv":[2.21875, 5.9375, 2.0625, 6.09375],"texture":"#0"},"down":{"uv":[2.21875, 5.9375, 2.0625, 6.09375],"texture":"#0"}}},{"from":[14.1, 6, 5.6],"to":[16.6, 8.5, 5.6],"rotation":{"angle":-22.5,"axis":"z","origin":[11, 2.7, -3]},"faces":{"north":{"uv":[2.46875, 6.46875, 2.625, 6.625],"texture":"#0"},"east":{"uv":[2.0625, 5.9375, 1.90625, 6.09375],"texture":"#0"},"south":{"uv":[2.625, 6.46875, 2.46875, 6.625],"texture":"#0"},"west":{"uv":[2.0625, 5.9375, 1.90625, 6.09375],"texture":"#0"},"up":{"uv":[2.21875, 5.9375, 2.0625, 5.9375],"texture":"#0"},"down":{"uv":[2.21875, 5.9375, 2.0625, 6.09375],"texture":"#0"}}},{"from":[14.6, 3.5, 4.3],"to":[17.1, 6, 6.8],"rotation":{"angle":-22.5,"axis":"z","origin":[11, 2.7, -3]},"faces":{"north":{"uv":[1.90625, 5.9375, 1.75, 6.09375],"texture":"#0"},"east":{"uv":[2.0625, 5.9375, 1.90625, 6.09375],"texture":"#0"},"south":{"uv":[1.90625, 5.9375, 1.75, 6.09375],"texture":"#0"},"west":{"uv":[2.0625, 5.9375, 1.90625, 6.09375],"texture":"#0"},"up":{"uv":[2.21875, 5.9375, 2.0625, 6.09375],"texture":"#0"},"down":{"uv":[2.21875, 5.9375, 2.0625, 6.09375],"texture":"#0"}}},{"from":[18, 0, -1.3],"to":[18.5, 3, 10.7],"rotation":{"angle":0,"axis":"y","origin":[-5, 2.7, -3]},"faces":{"north":{"uv":[2.3125, 5.6875, 2.34375, 5.875],"texture":"#0"},"east":{"uv":[1, 5.9375, 1.75, 6.125],"texture":"#0"},"south":{"uv":[2.3125, 5.6875, 2.34375, 5.875],"texture":"#0"},"west":{"uv":[1, 5.9375, 1.75, 6.125],"texture":"#0"},"up":{"uv":[2.34375, 5.6875, 2.375, 6.4375],"texture":"#0"},"down":{"uv":[2.34375, 5.6875, 2.375, 6.4375],"texture":"#0"}}},{"from":[18.5, 0.8, 2],"to":[18.5, 2.8, 6],"rotation":{"angle":22.5,"axis":"z","origin":[18.5, 2.8, 5]},"faces":{"north":{"uv":[1.8125, 5.5, 1.8125, 5.625],"texture":"#0"},"east":{"uv":[0.5, 5.75, 0.75, 5.875],"texture":"#0"},"south":{"uv":[1.8125, 5.5, 1.8125, 5.625],"texture":"#0"},"west":{"uv":[0.5, 5.75, 0.75, 5.875],"texture":"#0"},"up":{"uv":[1.84375, 5.5, 1.84375, 5.75],"texture":"#0"},"down":{"uv":[1.84375, 5.5, 1.84375, 5.75],"texture":"#0"}}},{"from":[9.5, 0.8, 2],"to":[9.5, 2.8, 6],"rotation":{"angle":-22.5,"axis":"z","origin":[9.5, 2.8, 5]},"faces":{"north":{"uv":[1.8125, 5.5, 1.8125, 5.625],"texture":"#0"},"east":{"uv":[0.75, 5.75, 0.5, 5.875],"texture":"#0"},"south":{"uv":[1.8125, 5.5, 1.8125, 5.625],"texture":"#0"},"west":{"uv":[0.75, 5.75, 0.5, 5.875],"texture":"#0"},"up":{"uv":[1.84375, 5.5, 1.84375, 5.75],"texture":"#0"},"down":{"uv":[1.84375, 5.5, 1.84375, 5.75],"texture":"#0"}}},{"from":[9.5, 0, -1.3],"to":[10, 3, 10.7],"rotation":{"angle":0,"axis":"y","origin":[11, 2.7, -3]},"faces":{"north":{"uv":[2.34375, 5.6875, 2.3125, 5.875],"texture":"#0"},"east":{"uv":[1.75, 5.9375, 1, 6.125],"texture":"#0"},"south":{"uv":[2.34375, 5.6875, 2.3125, 5.875],"texture":"#0"},"west":{"uv":[1.75, 5.9375, 1, 6.125],"texture":"#0"},"up":{"uv":[2.375, 5.6875, 2.34375, 6.4375],"texture":"#0"},"down":{"uv":[2.375, 5.6875, 2.34375, 6.4375],"texture":"#0"}}},{"from":[-6, 0, 5.7],"to":[2, 3, 6.2],"rotation":{"angle":45,"axis":"y","origin":[2.5, 2.8, 5]},"faces":{"north":{"uv":[0.5, 5.9375, 1, 6.125],"texture":"#0"},"east":{"uv":[1, 5.9375, 1.03125, 6.125],"texture":"#0"},"south":{"uv":[0.5, 5.9375, 1, 6.125],"texture":"#0"},"west":{"uv":[1, 5.9375, 1.03125, 6.125],"texture":"#0"},"up":{"uv":[0.5, 6.125, 1, 6.15625],"texture":"#0"},"down":{"uv":[0.5, 6.125, 1, 6.15625],"texture":"#0"}}},{"from":[12.4, 4, 14.4],"to":[16.4, 6.5, 18.4],"rotation":{"angle":-22.5,"axis":"y","origin":[17, 0, 0]},"faces":{"north":{"uv":[1.25, 6.125, 1, 6.28125],"texture":"#0"},"east":{"uv":[1.5, 6.125, 1.25, 6.28125],"texture":"#0"},"south":{"uv":[1.25, 6.125, 1, 6.28125],"texture":"#0"},"west":{"uv":[1.5, 6.125, 1.25, 6.28125],"texture":"#0"},"up":{"uv":[1.25, 6.28125, 1, 6.53125],"texture":"#0"},"down":{"uv":[1.25, 6.28125, 1, 6.53125],"texture":"#0"}}},{"from":[14, 6.5, 16],"to":[14.8, 7.5, 16.8],"rotation":{"angle":-22.5,"axis":"y","origin":[17, 0, 0]},"faces":{"north":{"uv":[1.20625, 5.8125, 1.15625, 5.875],"texture":"#0"},"east":{"uv":[1.20625, 5.8125, 1.15625, 5.875],"texture":"#0"},"south":{"uv":[1.20625, 5.8125, 1.15625, 5.875],"texture":"#0"},"west":{"uv":[1.20625, 5.8125, 1.15625, 5.875],"texture":"#0"},"up":{"uv":[1.26875, 5.8125, 1.21875, 5.8625],"texture":"#0"},"down":{"uv":[1.26875, 5.8125, 1.21875, 5.8625],"texture":"#0"}}},{"from":[2.6, 0.5, 9.9],"to":[3.4, 1.5, 10.7],"rotation":{"angle":-22.5,"axis":"x","origin":[17, 0, 0]},"faces":{"north":{"uv":[1.20625, 5.8125, 1.15625, 5.875],"texture":"#0"},"east":{"uv":[1.20625, 5.8125, 1.15625, 5.875],"texture":"#0"},"south":{"uv":[1.20625, 5.8125, 1.15625, 5.875],"texture":"#0"},"west":{"uv":[1.20625, 5.8125, 1.15625, 5.875],"texture":"#0"},"up":{"uv":[1.26875, 5.8125, 1.21875, 5.8625],"texture":"#0"},"down":{"uv":[1.26875, 5.8125, 1.21875, 5.8625],"texture":"#0"}}},{"from":[1, -2, 8.3],"to":[5, 0.5, 12.3],"rotation":{"angle":-22.5,"axis":"x","origin":[17, 0, 0]},"faces":{"north":{"uv":[1.25, 6.125, 1, 6.28125],"texture":"#0"},"east":{"uv":[1.5, 6.125, 1.25, 6.28125],"texture":"#0"},"south":{"uv":[1.25, 6.125, 1, 6.28125],"texture":"#0"},"west":{"uv":[1.5, 6.125, 1.25, 6.28125],"texture":"#0"},"up":{"uv":[1.25, 6.28125, 1, 6.53125],"texture":"#0"},"down":{"uv":[1.25, 6.28125, 1, 6.53125],"texture":"#0"}}},{"from":[-6.5, 0, 5.7],"to":[-6, 3, 17.7],"rotation":{"angle":45,"axis":"y","origin":[2.5, 2.8, 5]},"faces":{"north":{"uv":[2.34375, 5.6875, 2.3125, 5.875],"texture":"#0"},"east":{"uv":[1.75, 5.9375, 1, 6.125],"texture":"#0"},"south":{"uv":[2.34375, 5.6875, 2.3125, 5.875],"texture":"#0"},"west":{"uv":[1.75, 5.9375, 1, 6.125],"texture":"#0"},"up":{"uv":[2.375, 5.6875, 2.34375, 6.4375],"texture":"#0"},"down":{"uv":[2.375, 5.6875, 2.34375, 6.4375],"texture":"#0"}}},{"from":[-6.6, 0.8, 9],"to":[-6.6, 2.8, 13],"rotation":{"angle":45,"axis":"y","origin":[2.5, 2.8, 5]},"faces":{"north":{"uv":[1.8125, 5.5, 1.8125, 5.625],"texture":"#0"},"east":{"uv":[0.75, 5.75, 0.5, 5.875],"texture":"#0"},"south":{"uv":[1.8125, 5.5, 1.8125, 5.625],"texture":"#0"},"west":{"uv":[0.75, 5.75, 0.5, 5.875],"texture":"#0"},"up":{"uv":[1.84375, 5.5, 1.84375, 5.75],"texture":"#0"},"down":{"uv":[1.84375, 5.5, 1.84375, 5.75],"texture":"#0"}}},{"from":[2, 0, 5.7],"to":[2.5, 3, 17.7],"rotation":{"angle":45,"axis":"y","origin":[2.5, 2.8, 5]},"faces":{"north":{"uv":[2.3125, 5.6875, 2.34375, 5.875],"texture":"#0"},"east":{"uv":[1, 5.9375, 1.75, 6.125],"texture":"#0"},"south":{"uv":[2.3125, 5.6875, 2.34375, 5.875],"texture":"#0"},"west":{"uv":[1, 5.9375, 1.75, 6.125],"texture":"#0"},"up":{"uv":[2.34375, 5.6875, 2.375, 6.4375],"texture":"#0"},"down":{"uv":[2.34375, 5.6875, 2.375, 6.4375],"texture":"#0"}}},{"from":[2.5, 0.8, 9],"to":[2.5, 2.8, 13],"rotation":{"angle":45,"axis":"y","origin":[2.5, 2.8, 5]},"faces":{"north":{"uv":[1.8125, 5.5, 1.8125, 5.625],"texture":"#0"},"east":{"uv":[0.5, 5.75, 0.75, 5.875],"texture":"#0"},"south":{"uv":[1.8125, 5.5, 1.8125, 5.625],"texture":"#0"},"west":{"uv":[0.5, 5.75, 0.75, 5.875],"texture":"#0"},"up":{"uv":[1.84375, 5.5, 1.84375, 5.75],"texture":"#0"},"down":{"uv":[1.84375, 5.5, 1.84375, 5.75],"texture":"#0"}}},{"from":[-6, 0, 17.2],"to":[2, 3, 17.7],"rotation":{"angle":45,"axis":"y","origin":[2.5, 2.8, 5]},"faces":{"north":{"uv":[1, 5.9375, 0.5, 6.125],"texture":"#0"},"east":{"uv":[1.03125, 5.9375, 1, 6.125],"texture":"#0"},"south":{"uv":[1, 5.9375, 0.5, 6.125],"texture":"#0"},"west":{"uv":[1.03125, 5.9375, 1, 6.125],"texture":"#0"},"up":{"uv":[1, 6.125, 0.5, 6.15625],"texture":"#0"},"down":{"uv":[1, 6.125, 0.5, 6.15625],"texture":"#0"}}},{"from":[-2.8, 0, 1.3],"to":[1.7, 4, 5.8],"rotation":{"angle":45,"axis":"y","origin":[16, 0, -1]},"faces":{"north":{"uv":[2.0625, 6.125, 1.78125, 6.375],"texture":"#0"},"east":{"uv":[2.0625, 6.125, 1.78125, 6.375],"texture":"#0"},"south":{"uv":[2.0625, 6.125, 1.78125, 6.375],"texture":"#0"},"west":{"uv":[2.0625, 6.125, 1.78125, 6.375],"texture":"#0"},"up":{"uv":[1.8125, 6.375, 1.53125, 6.65625],"texture":"#0"},"down":{"uv":[1.8125, 6.375, 1.53125, 6.65625],"texture":"#0"}}},{"from":[-6, 0.1, 6.2],"to":[2, 0.1, 17.2],"rotation":{"angle":45,"axis":"y","origin":[2.5, 2.8, 5]},"faces":{"north":{"uv":[1, 5.9375, 0.5, 6.125],"texture":"#0"},"east":{"uv":[1.03125, 5.9375, 1, 6.125],"texture":"#0"},"south":{"uv":[1, 5.9375, 0.5, 6.125],"texture":"#0"},"west":{"uv":[1.03125, 5.9375, 1, 6.125],"texture":"#0"},"up":{"uv":[1, 6.15625, 0.5, 6.84375],"texture":"#0"},"down":{"uv":[1, 6.15625, 0.5, 6.84375],"texture":"#0"}}},{"from":[0.7, 0, 11.7],"to":[4.7, 3.5, 15.7],"rotation":{"angle":0,"axis":"y","origin":[16, 0, -1]},"faces":{"north":{"uv":[1.75, 6.125, 1.5, 6.34375],"texture":"#0"},"east":{"uv":[1.75, 6.125, 1.5, 6.34375],"texture":"#0"},"south":{"uv":[1.75, 6.125, 1.5, 6.34375],"texture":"#0"},"west":{"uv":[1.75, 6.125, 1.5, 6.34375],"texture":"#0"},"up":{"uv":[1.5, 6.28125, 1.25, 6.53125],"texture":"#0"},"down":{"uv":[1.5, 6.28125, 1.25, 6.53125],"texture":"#0"}}}],"display":{"thirdperson_righthand":{"rotation":[73.86, -34.43, 8.96],"translation":[-0.25, 3, 3.25],"scale":[0.41797, 0.41797, 0.41797]},"thirdperson_lefthand":{"rotation":[74.39, 40.02, 0.92],"translation":[-0.25, 3, 3.25],"scale":[0.41797, 0.41797, 0.41797]},"firstperson_righthand":{"rotation":[-180, 42.75, -180],"translation":[0, 3.25, 0],"scale":[0.4, 0.4, 0.4]},"firstperson_lefthand":{"rotation":[0, 50.5, 0],"translation":[0, 3.25, 0],"scale":[0.4, 0.4, 0.4]},"ground":{"translation":[0, 3.25, 0],"scale":[0.5, 0.5, 0.5]},"gui":{"rotation":[30, 135, 0],"translation":[1, 1.75, 0],"scale":[0.6, 0.6, 0.6]},"head":{"translation":[0, -30.75, 0],"scale":[0, 0, 0]},"fixed":{"rotation":[-90, 0, 0],"translation":[0, -1.75, -15.25],"scale":[1.9, 1.9, 1.9]}}}